{"logs":[{"id":"19843f60-0c1c-47f7-a5e3-a146d08d0d33","email":"emily.taylor@gmail.com","message":"successfully parsed message, but message temporarily enqueued while system restarts."},{"id":"f40edfcf-f60c-44a5-a3ba-ea663588e3b6","email":"noah.sanchez@me.com","message":"successfully handled skipped operation."},{"id":"08fe13c6-ce71-4070-9fff-a065252fda75","email":"alexis.brown@microsoft.com","message":"successfully processed after 5296 milliseconds."},{"id":"c58c4461-0b2d-420a-96a8-0d7689cebcee","email":"jackson.white@gmail.com","message":"successfully parsed message, but message temporarily enqueued while system restarts."},{"id":"790a5376-38b8-4d0b-af63-48b8d4ed8f68","email":"alexander.williams@gmail.com","message":"successfully handled skipped operation."},{"id":"4936bf0b-d7f1-4899-ac00-61f6362cbb0b","email":"michael.hall@dropbox.net","message":"successfully parsed message, but message temporarily enqueued while system restarts."},{"id":"e83f4f6a-d9e5-44fa-924a-5863cc47f1b1","email":"logan.clark@dropbox.net","message":"successfully processed after 1835 milliseconds."},{"id":"59e2568e-2e2d-4613-b798-2c53aae1d182","email":"abigail.smith@amerisave.com","message":"successfully processed after 4035 milliseconds."},{"id":"6d264f35-4734-494b-b740-baf6caa84d2a","email":"liam.gonzalez@me.com","message":"failed to process due to datastore timeout of 30 seconds.  operation took 73 seconds."},{"id":"56c38cd2-ef27-4554-9e74-831e5d1f2365","email":"daniel.rodriguez@amerisave.com","message":"successfully parsed message, but message temporarily enqueued while system restarts."},{"id":"71d82cf2-b2da-4c0b-b475-0caddf1d0156","email":"ryan.king@dropbox.net","message":"failed to process due to datastore timeout of 30 seconds.  operation took 111 seconds."},{"id":"e551c05b-736c-4ed3-a7b5-b910aebf84e9","email":"olivia.wright@gmail.com","message":"failed to process due to network exception."},{"id":"77a12aa9-35bc-4410-97b2-17752f7ced29","email":"ethan.hernandez@microsoft.com","message":"successfully handled skipped operation."},{"id":"9727f218-eb83-4320-b84c-e55c92e7adaa","email":"olivia.wright@gmail.com","message":"successfully handled skipped operation."},{"id":"b15b4acc-4ca5-42eb-8661-6cd0aeefd7c3","email":"aiden.johnson@microsoft.com","message":"successfully parsed message, but message temporarily enqueued while system restarts."},{"id":"a5746675-6589-4824-8def-02b20009bf3c","email":"ethan.hernandez@microsoft.com","message":"successfully processed after 4319 milliseconds."},{"id":"ab61a4c0-eb5a-42d2-9389-f0b6ca04e47f","email":"elizabeth.martinez@dropbox.net","message":"successfully handled skipped operation."},{"id":"9a9119e6-dcb7-4f92-9609-12bf55b9b07d","email":"jack.thompson@me.com","message":"successfully processed after 1198 milliseconds."},{"id":"67e06b55-6144-4723-af0d-c4d6ea083011","email":"sarah.green@amerisave.com","message":"successfully handled skipped operation."},{"id":"3cd26081-edba-4e65-95b3-813ef19adfd3","email":"daniel.rodriguez@amerisave.com","message":"failed to process due to network exception."},{"id":"2ab88523-4b69-4ca9-a2e9-3f21b5c3ac6e","email":"ethan.hernandez@microsoft.com","message":"failed to process due to datastore timeout of 30 seconds.  operation took 125 seconds."},{"id":"7af8d70c-4240-473e-b45b-f6a37e30eb03","email":"olivia.wright@gmail.com","message":"failed to process due to network exception."},{"id":"7bdd3541-471a-4dbd-b327-a48a411b7d0e","email":"emily.taylor@gmail.com","message":"successfully processed after 9444 milliseconds."},{"id":"cc74db7d-e9c7-46b8-8441-dd6c065a4abf","email":"ryan.king@dropbox.net","message":"successfully parsed message, but message temporarily enqueued while system restarts."},{"id":"d2d5711b-e29a-4b3a-b241-124a20fd2747","email":"alyssa.jones@amerisave.com","message":"successfully parsed message, but message temporarily enqueued while system restarts."},{"id":"c97ef1d6-f7c9-4d36-95a2-a0b3dac3960a","email":"abigail.smith@amerisave.com","message":"successfully parsed message, but message temporarily enqueued while system restarts."},{"id":"50271548-8cac-4618-8587-433d59d2e019","email":"samantha.scott@me.com","message":"failed to process due to network exception."},{"id":"12595825-67bc-4fe4-9c19-75a345a96b42","email":"madison.lewis@gmail.com","message":"successfully handled skipped operation."},{"id":"72cb04d7-c71e-46e5-af8b-e6aee06eacde","email":"olivia.wright@gmail.com","message":"successfully processed after 8581 milliseconds."},{"id":"eed5abda-f340-4b0c-88de-c0e1685b06bd","email":"isabella.jackson@amerisave.com","message":"failed to process due to datastore timeout of 30 seconds.  operation took 82 seconds."},{"id":"37c8ba77-4d09-4644-9e80-bdd520fc49a2","email":"hannah.martin@dropbox.net","message":"failed to process due to datastore timeout of 30 seconds.  operation took 40 seconds."},{"id":"8313bcb2-9088-4be3-bc34-0b9196b93f4e","email":"jackson.white@gmail.com","message":"successfully parsed message, but message temporarily enqueued while system restarts."},{"id":"3aa03993-35df-4a98-a40a-bd48325515a9","email":"emily.taylor@gmail.com","message":"successfully handled skipped operation."},{"id":"b9c95927-990c-44f6-8035-f4d4743614a3","email":"lily.harris@gmail.com","message":"successfully handled skipped operation."},{"id":"c78a4ad1-a997-4ddb-bdd4-6150de0c45a0","email":"sarah.green@amerisave.com","message":"successfully parsed message, but message temporarily enqueued while system restarts."},{"id":"538d3aeb-9282-4e61-968f-21aed2c41aa1","email":"noah.sanchez@me.com","message":"successfully processed after 442 milliseconds."},{"id":"25131c85-b093-4eeb-a72d-8dcee6a7c2e4","email":"andrew.miller@gmail.com","message":"successfully processed after 8423 milliseconds."},{"id":"80930a75-0fcf-40da-bf46-af20f01bd72e","email":"ella.anderson@dropbox.net","message":"failed to process due to network exception."},{"id":"2586fe76-b187-4e9c-9aaa-3c1b0259c340","email":"madison.lewis@gmail.com","message":"failed to process due to network exception."},{"id":"52c3e427-4137-49ac-9252-2b8b6a432a5e","email":"mason.robinson@amerisave.com","message":"successfully processed after 9349 milliseconds."},{"id":"5cf8103e-3843-4608-8314-dc906ef37dea","email":"tyler.nelson@microsoft.com","message":"successfully parsed message, but message temporarily enqueued while system restarts."},{"id":"77e0e013-8f5c-4ee4-a29b-6fa4ef752e39","email":"joshua.lee@gmail.com","message":"failed to process due to datastore timeout of 30 seconds.  operation took 38 seconds."},{"id":"c551559a-745d-4e2e-89bc-b91efc1fbe68","email":"jack.thompson@me.com","message":"failed to process due to datastore timeout of 30 seconds.  operation took 40 seconds."},{"id":"2a124ff1-57c8-4831-9ae7-c8748c49eff7","email":"jacob.lopez@dropbox.net","message":"failed to process due to datastore timeout of 30 seconds.  operation took 93 seconds."},{"id":"24bf7e2a-5248-48bc-a106-22c52433c943","email":"matthew.walker@amerisave.com","message":"failed to process due to datastore timeout of 30 seconds.  operation took 35 seconds."},{"id":"a0bb5429-1fb3-4f61-997e-945344c34e8a","email":"matthew.walker@amerisave.com","message":"failed to process due to network exception."},{"id":"681fc2ae-7b64-4ce4-bec3-1c7b43e04e1e","email":"daniel.rodriguez@amerisave.com","message":"failed to process due to datastore timeout of 30 seconds.  operation took 122 seconds."},{"id":"d3865301-c385-42cf-b0c6-6c3d3a1325d7","email":"emma.thomas@me.com","message":"successfully parsed message, but message temporarily enqueued while system restarts."},{"id":"404566c2-fff5-4055-9782-2abdc5a04960","email":"noah.sanchez@me.com","message":"successfully parsed message, but message temporarily enqueued while system restarts."},{"id":"2a287cc0-ea0b-499e-9c8b-0eafa675563d","email":"sarah.green@amerisave.com","message":"failed to process due to datastore timeout of 30 seconds.  operation took 47 seconds."},{"id":"60da1fb7-771e-4999-a2f5-c4c03929e88d","email":"matthew.walker@amerisave.com","message":"failed to process due to datastore timeout of 30 seconds.  operation took 65 seconds."},{"id":"48c848c5-0a73-46e4-b0ca-f6af7d31d958","email":"abigail.smith@amerisave.com","message":"successfully processed after 1107 milliseconds."},{"id":"926637da-6b27-4126-878c-a517121f8d33","email":"tyler.nelson@microsoft.com","message":"failed to process due to network exception."},{"id":"4227f9b2-8021-4df4-9a2a-9acd69c7afc4","email":"dylan.wilson@gmail.com","message":"failed to process due to datastore timeout of 30 seconds.  operation took 61 seconds."},{"id":"fe89fef2-a243-4db1-9589-2cc1f47b6436","email":"noah.sanchez@me.com","message":"successfully handled skipped operation."},{"id":"3df03c1f-8373-4cdc-a654-3cf27a3e9fa3","email":"hannah.martin@dropbox.net","message":"successfully parsed message, but message temporarily enqueued while system restarts."},{"id":"ac07f99b-b9df-4bc6-a544-e53b98f1c9cb","email":"aiden.johnson@microsoft.com","message":"successfully handled skipped operation."},{"id":"5b4c580c-40ac-4ae3-a928-2caf3ce5fbe9","email":"emma.thomas@me.com","message":"successfully parsed message, but message temporarily enqueued while system restarts."},{"id":"c8acf345-3181-4926-bc28-0e358c4ac72a","email":"jack.thompson@me.com","message":"successfully processed after 2641 milliseconds."},{"id":"c548d6fb-d913-4cfe-bbee-0da6197ab49a","email":"logan.clark@dropbox.net","message":"failed to process due to network exception."},{"id":"be09faad-3516-4ef6-87da-8f22537c3c3c","email":"alexander.williams@gmail.com","message":"successfully handled skipped operation."},{"id":"cda72560-bcc9-48c0-ad86-40cf36be3f2d","email":"matthew.walker@amerisave.com","message":"failed to process due to datastore timeout of 30 seconds.  operation took 86 seconds."},{"id":"bdcc7c14-51bb-48b3-8721-c9b0433129c7","email":"alexander.williams@gmail.com","message":"failed to process due to datastore timeout of 30 seconds.  operation took 118 seconds."},{"id":"45d72458-3aec-4af5-ac4b-0c5128f3f547","email":"samantha.scott@me.com","message":"successfully processed after 5124 milliseconds."},{"id":"a16e392d-47fc-4b5d-ac46-d937f464243a","email":"ava.davis@gmail.com","message":"failed to process due to network exception."},{"id":"403c9fa9-e015-432a-8bad-88e6c751f15d","email":"aiden.johnson@microsoft.com","message":"successfully parsed message, but message temporarily enqueued while system restarts."},{"id":"30338ec5-f1f1-4ffc-adfc-7953f5cb7944","email":"alexander.williams@gmail.com","message":"successfully parsed message, but message temporarily enqueued while system restarts."},{"id":"df58a826-792a-447d-8de1-f69b88fe353f","email":"tyler.nelson@microsoft.com","message":"failed to process due to network exception."},{"id":"a062ca22-2eef-424d-b889-2c27cc87ce94","email":"ethan.hernandez@microsoft.com","message":"successfully handled skipped operation."},{"id":"2ee81dfc-d7db-4e00-bd65-7c33b0f2b2bd","email":"taylor.adams@gmail.com","message":"failed to process due to network exception."},{"id":"3fae4ae3-13a4-43b1-a976-8bb79fa43da0","email":"nicholas.allen@microsoft.com","message":"failed to process due to network exception."},{"id":"0faac325-df0e-47df-aace-334a55fe1f33","email":"taylor.adams@gmail.com","message":"failed to process due to datastore timeout of 30 seconds.  operation took 92 seconds."},{"id":"de9e970b-21f9-4773-a708-3ccb107952c8","email":"michael.hall@dropbox.net","message":"failed to process due to network exception."},{"id":"5c675f0c-176f-43a3-91a0-11ab70ddffab","email":"isabella.jackson@amerisave.com","message":"successfully parsed message, but message temporarily enqueued while system restarts."},{"id":"5b814968-1f5f-448f-97b1-c26ab199a4d6","email":"emily.taylor@gmail.com","message":"successfully processed after 313 milliseconds."},{"id":"56c8ca13-7dd4-47af-bfd6-308befab5857","email":"emma.thomas@me.com","message":"successfully processed after 4732 milliseconds."},{"id":"2951c776-b041-4736-b73c-4ac66884a783","email":"ryan.king@dropbox.net","message":"successfully processed after 6612 milliseconds."},{"id":"43eda3ab-9ae4-4b94-a4cb-430e01c6b8dc","email":"abigail.smith@amerisave.com","message":"successfully processed after 2972 milliseconds."},{"id":"919babd8-b025-46e5-a4e8-41617bef623d","email":"mason.robinson@amerisave.com","message":"failed to process due to network exception."},{"id":"a4d585b8-d8c3-45d2-938d-f69bc911dedf","email":"sophia.baker@dropbox.net","message":"successfully handled skipped operation."},{"id":"c4e0d8db-31b6-4853-85b7-8b87d19a75f0","email":"alexander.williams@gmail.com","message":"failed to process due to datastore timeout of 30 seconds.  operation took 44 seconds."},{"id":"6e4c6f15-c123-42ef-8aa0-37dd49ad9a23","email":"hannah.martin@dropbox.net","message":"failed to process due to network exception."},{"id":"380b4813-0c54-4141-886b-977654a34609","email":"jacob.lopez@dropbox.net","message":"successfully processed after 2347 milliseconds."},{"id":"ba23e2a9-8afe-4c10-930b-856e19824da9","email":"noah.sanchez@me.com","message":"successfully parsed message, but message temporarily enqueued while system restarts."},{"id":"227b0914-0382-44ad-803a-378c205f9258","email":"alyssa.jones@amerisave.com","message":"failed to process due to datastore timeout of 30 seconds.  operation took 118 seconds."},{"id":"83ab29bd-e628-4fc9-a834-428b1429bdf5","email":"jack.thompson@me.com","message":"failed to process due to datastore timeout of 30 seconds.  operation took 76 seconds."},{"id":"b93df813-784d-4f52-9552-a20d49da43a2","email":"noah.sanchez@me.com","message":"failed to process due to datastore timeout of 30 seconds.  operation took 99 seconds."},{"id":"7fce39ec-dfbc-42b3-b1be-92025b9b59c5","email":"tyler.nelson@microsoft.com","message":"successfully processed after 4925 milliseconds."},{"id":"c75b9a69-b6c0-4e60-8472-b5da52ab4708","email":"chloe.garcia@dropbox.net","message":"successfully parsed message, but message temporarily enqueued while system restarts."},{"id":"e058a242-46c9-4cd7-a6b6-31ffd0a533d0","email":"jack.thompson@me.com","message":"failed to process due to network exception."},{"id":"4268fb47-0c15-4c61-a275-03a2c8dd1e29","email":"grace.moore@gmail.com","message":"failed to process due to datastore timeout of 30 seconds.  operation took 74 seconds."},{"id":"bf5a550e-f8c3-49c5-afaf-ad11cbe4362e","email":"jackson.white@gmail.com","message":"failed to process due to network exception."},{"id":"7fc8d177-fa27-43ff-9392-d36e2e7a5f40","email":"tyler.nelson@microsoft.com","message":"successfully parsed message, but message temporarily enqueued while system restarts."},{"id":"9211eaba-5bd8-411c-a30e-3690384ec4cf","email":"emma.thomas@me.com","message":"successfully parsed message, but message temporarily enqueued while system restarts."},{"id":"b6134471-cb13-40f4-8997-bb2b4aee7cf1","email":"alexis.brown@microsoft.com","message":"successfully handled skipped operation."},{"id":"0aa3e876-e303-40d9-9468-0c962fa9ad56","email":"hannah.martin@dropbox.net","message":"successfully handled skipped operation."},{"id":"7e2c8bb9-5d18-4df7-a186-5bc122204191","email":"mason.robinson@amerisave.com","message":"failed to process due to network exception."},{"id":"ca2cd397-189b-4f54-a25a-fef29a3fe032","email":"madison.lewis@gmail.com","message":"failed to process due to network exception."},{"id":"e3246373-ae04-4dd8-832a-71d8ee6978ae","email":"ava.davis@gmail.com","message":"successfully processed after 1294 milliseconds."},{"id":"5bacbfca-7ffa-4aa3-ae95-9fe84ff6a4b0","email":"olivia.wright@gmail.com","message":"failed to process due to network exception."},{"id":"2d38430e-9dd3-477f-ac68-57845282f146","email":"jack.thompson@me.com","message":"failed to process due to network exception."},{"id":"ecedab7e-9ad6-4e82-82ed-7c9dfc1dd2f4","email":"jack.thompson@me.com","message":"failed to process due to network exception."},{"id":"692992a0-2d2b-4596-ab7b-7ac09a1d9a1e","email":"alexander.williams@gmail.com","message":"successfully parsed message, but message temporarily enqueued while system restarts."},{"id":"cd6c7fc0-1891-4ca8-8ed7-194efc3cc161","email":"noah.sanchez@me.com","message":"successfully handled skipped operation."},{"id":"9819b0e1-1cb8-4b5d-ae8e-5e7a8c9e914f","email":"chloe.garcia@dropbox.net","message":"successfully parsed message, but message temporarily enqueued while system restarts."},{"id":"d54fe7d5-5aeb-4281-93c2-0066dc12e04b","email":"emma.thomas@me.com","message":"successfully handled skipped operation."},{"id":"813fe895-c42e-4b99-b6d1-ea1250548018","email":"alexis.brown@microsoft.com","message":"successfully processed after 5551 milliseconds."},{"id":"3c9ca8a5-fcc8-4c4f-beed-a3437b25168c","email":"alexis.brown@microsoft.com","message":"successfully handled skipped operation."},{"id":"1d7b2634-a03c-426f-8c8e-3e12d709f5bc","email":"chloe.garcia@dropbox.net","message":"successfully handled skipped operation."},{"id":"1a2db782-ee0f-4320-82c5-1fb324a71dda","email":"mason.robinson@amerisave.com","message":"failed to process due to datastore timeout of 30 seconds.  operation took 77 seconds."},{"id":"1385071b-31e5-49c0-a22c-05467620be5f","email":"sarah.green@amerisave.com","message":"successfully parsed message, but message temporarily enqueued while system restarts."},{"id":"ef744d21-de43-4aeb-a7d0-e5ea9680d13d","email":"dylan.wilson@gmail.com","message":"successfully parsed message, but message temporarily enqueued while system restarts."},{"id":"1eb9b617-81b9-491a-998c-b686bdc92bfe","email":"nathan.young@microsoft.com","message":"failed to process due to network exception."},{"id":"4055ebab-dc1e-4193-b789-bf67f477c13b","email":"tyler.nelson@microsoft.com","message":"successfully processed after 4254 milliseconds."},{"id":"c7cc39b6-1af3-4b58-a3a5-c588e280f8ec","email":"jack.thompson@me.com","message":"failed to process due to datastore timeout of 30 seconds.  operation took 64 seconds."},{"id":"66f12600-ce11-431a-afd4-714e12b9d813","email":"liam.gonzalez@me.com","message":"failed to process due to datastore timeout of 30 seconds.  operation took 113 seconds."},{"id":"70b3e641-33da-4ba6-aabe-6bf9be69bcbc","email":"emma.thomas@me.com","message":"successfully parsed message, but message temporarily enqueued while system restarts."},{"id":"89dd278b-e0d9-4247-9b85-3e2dc1b6365c","email":"madison.lewis@gmail.com","message":"successfully handled skipped operation."},{"id":"9ce7a273-e99c-47f6-b4e7-badea464e33f","email":"jack.thompson@me.com","message":"successfully handled skipped operation."},{"id":"55fdb8e4-aecc-4efa-a75a-26d07877f966","email":"joshua.lee@gmail.com","message":"successfully processed after 8948 milliseconds."},{"id":"32b831e7-5e69-40cc-a4f3-a7e074f87f95","email":"abigail.smith@amerisave.com","message":"successfully parsed message, but message temporarily enqueued while system restarts."},{"id":"cad1f455-3949-4152-931d-61f2be3496de","email":"mia.perez@me.com","message":"successfully processed after 8089 milliseconds."},{"id":"96feac42-10bb-4e4e-8c7d-81928d2e5a22","email":"aiden.johnson@microsoft.com","message":"failed to process due to network exception."},{"id":"cbd52044-f508-4108-b61c-003380d1de87","email":"aiden.johnson@microsoft.com","message":"failed to process due to datastore timeout of 30 seconds.  operation took 39 seconds."},{"id":"8ba9bce1-9ca2-4032-83f6-6eee376972ea","email":"dylan.wilson@gmail.com","message":"successfully handled skipped operation."},{"id":"a84aa618-3a3b-4345-b681-0e182536abe7","email":"daniel.rodriguez@amerisave.com","message":"successfully parsed message, but message temporarily enqueued while system restarts."},{"id":"27377cf3-7272-4466-936c-4cc20de8c9c5","email":"mia.perez@me.com","message":"successfully parsed message, but message temporarily enqueued while system restarts."},{"id":"e9915a7b-5458-4761-9755-d34b692db489","email":"olivia.wright@gmail.com","message":"failed to process due to network exception."},{"id":"db061b9e-36ff-4b0a-99a7-3fd2b99032c7","email":"dylan.wilson@gmail.com","message":"successfully handled skipped operation."},{"id":"acaf4c9d-b49c-4134-9f27-dc799399baad","email":"aiden.johnson@microsoft.com","message":"successfully parsed message, but message temporarily enqueued while system restarts."},{"id":"a3d5d442-decf-4410-9692-df49f36b0eac","email":"elizabeth.martinez@dropbox.net","message":"failed to process due to datastore timeout of 30 seconds.  operation took 52 seconds."},{"id":"8ef4465e-45fb-4148-b33d-05a23cd84969","email":"liam.gonzalez@me.com","message":"successfully handled skipped operation."},{"id":"edb90451-f4a5-496e-b24f-562127c637aa","email":"ella.anderson@dropbox.net","message":"failed to process due to datastore timeout of 30 seconds.  operation took 102 seconds."},{"id":"d3530be0-e569-476c-aff2-be6ada907b19","email":"samantha.scott@me.com","message":"successfully handled skipped operation."},{"id":"f900c17a-09a4-4ee7-813b-6efbabc2a500","email":"tyler.nelson@microsoft.com","message":"successfully handled skipped operation."},{"id":"2ab3040f-1346-4097-aaa4-0f988cba4515","email":"michael.hall@dropbox.net","message":"successfully processed after 7286 milliseconds."},{"id":"23ca53e7-dc50-485e-8b84-aafc33b7469c","email":"mia.perez@me.com","message":"failed to process due to network exception."},{"id":"727c9766-4f69-4b8a-b34c-971247ae8abd","email":"nathan.young@microsoft.com","message":"successfully handled skipped operation."},{"id":"d6086ac5-441a-4cb6-88f7-350b309718a2","email":"matthew.walker@amerisave.com","message":"failed to process due to network exception."},{"id":"639931c0-05da-47c7-bbbf-3bca5805139f","email":"taylor.adams@gmail.com","message":"failed to process due to datastore timeout of 30 seconds.  operation took 68 seconds."},{"id":"ea46b57d-97f6-490f-a6b9-66ab87e483a8","email":"olivia.wright@gmail.com","message":"failed to process due to datastore timeout of 30 seconds.  operation took 48 seconds."},{"id":"d0d120a1-9371-437b-b0d4-b0d359e06bd8","email":"elizabeth.martinez@dropbox.net","message":"successfully handled skipped operation."},{"id":"1f9fe5b1-b466-45bc-bf15-ebb7b7a2b145","email":"logan.clark@dropbox.net","message":"failed to process due to datastore timeout of 30 seconds.  operation took 89 seconds."},{"id":"a546f47e-7b7d-4dab-96b0-ac2b3f738419","email":"matthew.walker@amerisave.com","message":"successfully handled skipped operation."},{"id":"9a243e99-a51d-49bc-8372-883c78ac904b","email":"isabella.jackson@amerisave.com","message":"successfully handled skipped operation."},{"id":"9eeaa612-c920-4931-a3f0-b017b74e42a3","email":"sarah.green@amerisave.com","message":"failed to process due to datastore timeout of 30 seconds.  operation took 41 seconds."},{"id":"80549734-0663-46b7-834a-f455d271e633","email":"daniel.rodriguez@amerisave.com","message":"successfully handled skipped operation."},{"id":"402be17a-1637-4e84-b7d7-42a8ab02b5bb","email":"ethan.hernandez@microsoft.com","message":"successfully processed after 9811 milliseconds."},{"id":"cc836c9a-c742-448e-97c1-ced06dd5aa9d","email":"jack.thompson@me.com","message":"successfully parsed message, but message temporarily enqueued while system restarts."},{"id":"f41e7b52-3773-4246-a45f-5d0921b88622","email":"jacob.lopez@dropbox.net","message":"successfully handled skipped operation."},{"id":"e7348c27-02d5-4288-92a3-d56c14938641","email":"jacob.lopez@dropbox.net","message":"successfully processed after 2312 milliseconds."},{"id":"38fde76c-d5fc-43f8-9282-667df3f8d6dd","email":"mason.robinson@amerisave.com","message":"failed to process due to datastore timeout of 30 seconds.  operation took 89 seconds."},{"id":"7843cee1-a785-4089-9c31-f6a2e4ce3b39","email":"grace.moore@gmail.com","message":"failed to process due to network exception."},{"id":"edd94aed-e44f-49e8-b453-dbe4de847e01","email":"mason.robinson@amerisave.com","message":"failed to process due to datastore timeout of 30 seconds.  operation took 56 seconds."},{"id":"8a3bfd13-42be-4303-801c-a08109b2c40a","email":"joshua.lee@gmail.com","message":"failed to process due to datastore timeout of 30 seconds.  operation took 76 seconds."},{"id":"7f5657be-5c7b-4507-a7b3-1fec8f727dee","email":"jack.thompson@me.com","message":"failed to process due to network exception."},{"id":"75702999-8130-4afe-9110-0128101b9743","email":"sophia.baker@dropbox.net","message":"failed to process due to datastore timeout of 30 seconds.  operation took 129 seconds."},{"id":"c6ed6062-e70a-4dae-a6fa-2ff1dfab1632","email":"michael.hall@dropbox.net","message":"successfully parsed message, but message temporarily enqueued while system restarts."},{"id":"a7e44523-a6fc-4d7c-9a4b-405d8f93d9ba","email":"michael.hall@dropbox.net","message":"successfully parsed message, but message temporarily enqueued while system restarts."},{"id":"eae38c2d-3ef7-4a73-b3f4-a5cfccc1d247","email":"aiden.johnson@microsoft.com","message":"failed to process due to network exception."},{"id":"06237de3-0a33-40f9-9874-6a6751bd34a2","email":"abigail.smith@amerisave.com","message":"failed to process due to network exception."},{"id":"20c2db8e-84e7-4cca-a62a-0db207aaca08","email":"olivia.wright@gmail.com","message":"successfully handled skipped operation."},{"id":"3e296b99-b990-4221-8fd3-e449a6ac64fd","email":"sarah.green@amerisave.com","message":"successfully parsed message, but message temporarily enqueued while system restarts."},{"id":"64b572db-90f3-4b90-80d5-d715d413c3b8","email":"abigail.smith@amerisave.com","message":"failed to process due to datastore timeout of 30 seconds.  operation took 31 seconds."},{"id":"489ffd8f-ca5b-4ca9-a597-8c165c3cae7b","email":"nathan.young@microsoft.com","message":"successfully processed after 5941 milliseconds."},{"id":"ed60bca7-1306-4b6f-8f88-7c88628d237d","email":"isabella.jackson@amerisave.com","message":"failed to process due to network exception."},{"id":"f03e69e7-628e-4e6e-a560-68513506242e","email":"samantha.scott@me.com","message":"failed to process due to network exception."},{"id":"9c7281b5-a2f3-41a8-86e7-480292aaf820","email":"jackson.white@gmail.com","message":"failed to process due to network exception."},{"id":"279f9faf-8e8a-4e23-884c-d6fa5696752c","email":"jack.thompson@me.com","message":"successfully handled skipped operation."},{"id":"1b617ff6-c7d9-4a27-95a3-cc15ba053f5f","email":"ethan.hernandez@microsoft.com","message":"successfully handled skipped operation."},{"id":"49d68152-d061-447c-94c7-a7a0b955ae8c","email":"tyler.nelson@microsoft.com","message":"successfully handled skipped operation."},{"id":"6cf08545-29a6-4270-9587-40f7bbb27fa5","email":"abigail.smith@amerisave.com","message":"failed to process due to network exception."},{"id":"63098556-dcc3-4039-aa2f-26fcfd5cd4c7","email":"tyler.nelson@microsoft.com","message":"successfully processed after 4891 milliseconds."},{"id":"4283637d-0a9a-42ed-a601-e7bfe9b9381a","email":"chloe.garcia@dropbox.net","message":"successfully handled skipped operation."},{"id":"05fa6f96-7c88-40b5-9dfe-bf8dec1fc072","email":"emma.thomas@me.com","message":"successfully processed after 9366 milliseconds."},{"id":"75cf32f4-1e70-4825-8787-8cb510c235ca","email":"logan.clark@dropbox.net","message":"successfully processed after 2621 milliseconds."},{"id":"e4809292-a839-4ec1-af57-7ba5e648101f","email":"michael.hall@dropbox.net","message":"successfully processed after 2778 milliseconds."},{"id":"0256840d-3942-46cc-b1d6-e2b37376e80c","email":"ava.davis@gmail.com","message":"failed to process due to datastore timeout of 30 seconds.  operation took 89 seconds."},{"id":"61c6cd90-398e-4692-b8a1-9294354ed026","email":"joshua.lee@gmail.com","message":"failed to process due to datastore timeout of 30 seconds.  operation took 114 seconds."},{"id":"851cbb9b-1031-4953-a7cb-7a413189c333","email":"abigail.smith@amerisave.com","message":"failed to process due to datastore timeout of 30 seconds.  operation took 113 seconds."},{"id":"58f01718-29f9-445a-a440-7deceafc20cb","email":"logan.clark@dropbox.net","message":"successfully processed after 9590 milliseconds."},{"id":"be39a50c-c202-41ab-bf33-c64963722b63","email":"taylor.adams@gmail.com","message":"failed to process due to network exception."},{"id":"08727735-f0fb-4331-aaac-4ffcdd7b9c1e","email":"joshua.lee@gmail.com","message":"successfully parsed message, but message temporarily enqueued while system restarts."},{"id":"5103f03e-7fc2-48ae-bd70-7048d4e6e062","email":"jack.thompson@me.com","message":"successfully processed after 420 milliseconds."},{"id":"73c43c97-8403-4b77-9230-90b007c6eb04","email":"joshua.lee@gmail.com","message":"successfully handled skipped operation."},{"id":"515ecc40-3792-4022-bff2-426f19bb91d3","email":"liam.gonzalez@me.com","message":"failed to process due to network exception."},{"id":"edc04c9a-2dad-4b3d-89bd-083c747e8f72","email":"taylor.adams@gmail.com","message":"successfully processed after 3253 milliseconds."},{"id":"c70f9098-5a48-45f8-933d-90eb02d7fad4","email":"grace.moore@gmail.com","message":"failed to process due to datastore timeout of 30 seconds.  operation took 115 seconds."},{"id":"fe77cf31-6989-45ad-8600-c97de9dce284","email":"alyssa.jones@amerisave.com","message":"successfully handled skipped operation."},{"id":"61fac37b-e045-45e1-a35f-0e753dcadad7","email":"noah.sanchez@me.com","message":"successfully parsed message, but message temporarily enqueued while system restarts."},{"id":"453c3fb2-9f82-40b7-a230-9e594c3af082","email":"daniel.rodriguez@amerisave.com","message":"successfully parsed message, but message temporarily enqueued while system restarts."},{"id":"6ac3b4e1-7e72-416f-84fc-9c284c584e05","email":"chloe.garcia@dropbox.net","message":"successfully parsed message, but message temporarily enqueued while system restarts."},{"id":"07a81912-a52b-41d0-a8f9-f8b8aebf6362","email":"noah.sanchez@me.com","message":"successfully handled skipped operation."},{"id":"e566de89-945c-4d97-bda5-2d7513871399","email":"ryan.king@dropbox.net","message":"failed to process due to network exception."},{"id":"8109b0b3-54f5-4ec4-9939-af55807954d4","email":"alyssa.jones@amerisave.com","message":"successfully parsed message, but message temporarily enqueued while system restarts."},{"id":"07887c31-b326-48b9-99b0-8e3c105e6336","email":"nathan.young@microsoft.com","message":"successfully parsed message, but message temporarily enqueued while system restarts."},{"id":"ee4fe8c0-a3e5-495c-96a9-ab03f4c0925d","email":"jacob.lopez@dropbox.net","message":"successfully parsed message, but message temporarily enqueued while system restarts."},{"id":"ba1cccbc-345e-4209-a3ae-72e9bdb6b60c","email":"taylor.adams@gmail.com","message":"failed to process due to datastore timeout of 30 seconds.  operation took 97 seconds."},{"id":"bb6e3491-e92f-4f02-89de-935959b072fd","email":"alexis.brown@microsoft.com","message":"failed to process due to datastore timeout of 30 seconds.  operation took 128 seconds."},{"id":"e1ea6477-10a7-4bb5-85dc-739bde4e8bff","email":"sarah.green@amerisave.com","message":"successfully processed after 8766 milliseconds."},{"id":"9329820a-265e-4680-8977-42ee1d3f1e23","email":"madison.lewis@gmail.com","message":"successfully handled skipped operation."},{"id":"05a4241f-afd8-4118-98bc-293a3fd06af1","email":"olivia.wright@gmail.com","message":"successfully parsed message, but message temporarily enqueued while system restarts."},{"id":"d9f3a227-ffb5-4935-8de3-0edf8b7ee17f","email":"liam.gonzalez@me.com","message":"successfully parsed message, but message temporarily enqueued while system restarts."},{"id":"760ba5a1-9308-4281-b032-7ffeca507809","email":"jack.thompson@me.com","message":"successfully processed after 8670 milliseconds."},{"id":"80468e27-efef-4cdb-bafa-adabb5a530d0","email":"hannah.martin@dropbox.net","message":"failed to process due to network exception."},{"id":"e66803df-b6ce-477c-ab85-2a8e96b14695","email":"elizabeth.martinez@dropbox.net","message":"successfully parsed message, but message temporarily enqueued while system restarts."},{"id":"b699e967-e062-4ba3-8640-10a0c00f622b","email":"ava.davis@gmail.com","message":"successfully handled skipped operation."},{"id":"c427447c-cd22-44c7-b97b-985cb4e43607","email":"madison.lewis@gmail.com","message":"failed to process due to network exception."},{"id":"84db443f-f45f-4ea9-94c9-2911c98e6dea","email":"chloe.garcia@dropbox.net","message":"successfully parsed message, but message temporarily enqueued while system restarts."},{"id":"071311f2-04c0-4728-be71-7ce8cd94b50a","email":"olivia.wright@gmail.com","message":"failed to process due to datastore timeout of 30 seconds.  operation took 60 seconds."},{"id":"6a6770d8-93b4-4e40-9225-dac025e29509","email":"nicholas.allen@microsoft.com","message":"failed to process due to datastore timeout of 30 seconds.  operation took 34 seconds."},{"id":"616a1da7-65ea-41ee-905a-1112ba06ff58","email":"matthew.walker@amerisave.com","message":"successfully processed after 2501 milliseconds."},{"id":"a3357662-73cd-4f5e-9792-5274befff4b6","email":"mason.robinson@amerisave.com","message":"successfully parsed message, but message temporarily enqueued while system restarts."},{"id":"67be62f8-a643-40cc-9c37-cbc5f3b4cc6c","email":"sarah.green@amerisave.com","message":"failed to process due to network exception."},{"id":"bcb3e84a-4fc9-4c52-8e7b-3a2eeaa54360","email":"michael.hall@dropbox.net","message":"failed to process due to datastore timeout of 30 seconds.  operation took 43 seconds."},{"id":"fda249d8-16bf-48d7-b29b-84b43e2be911","email":"nicholas.allen@microsoft.com","message":"successfully parsed message, but message temporarily enqueued while system restarts."},{"id":"3a16e5b4-2730-4b70-b115-6512f40e7fe0","email":"jacob.lopez@dropbox.net","message":"successfully processed after 4499 milliseconds."},{"id":"94df6269-435a-4aa7-95be-27a56a7b0e5e","email":"jackson.white@gmail.com","message":"successfully handled skipped operation."},{"id":"516a2240-5218-4e29-a056-44945afc1e1d","email":"noah.sanchez@me.com","message":"successfully parsed message, but message temporarily enqueued while system restarts."},{"id":"3feca3c1-1ad3-495e-95bd-d6befc6713c7","email":"hannah.martin@dropbox.net","message":"successfully handled skipped operation."},{"id":"db7566a9-c276-4ff3-8deb-d17e6d919a37","email":"nicholas.allen@microsoft.com","message":"successfully processed after 6577 milliseconds."},{"id":"d8024edc-1353-499c-8b99-87902bc70398","email":"tyler.nelson@microsoft.com","message":"failed to process due to datastore timeout of 30 seconds.  operation took 102 seconds."},{"id":"7a27543e-0b03-40b0-a8b3-6a5376ff3ea8","email":"tyler.nelson@microsoft.com","message":"successfully parsed message, but message temporarily enqueued while system restarts."},{"id":"6631af7d-ae7f-4cdb-955f-171d5bfc4cb7","email":"alyssa.jones@amerisave.com","message":"successfully handled skipped operation."},{"id":"3a9b0d4a-bb64-476f-b6c2-bade1cd2ad14","email":"mia.perez@me.com","message":"failed to process due to datastore timeout of 30 seconds.  operation took 112 seconds."},{"id":"da902c31-de13-419b-89ca-4b84dc3de2a4","email":"liam.gonzalez@me.com","message":"failed to process due to network exception."},{"id":"562148fc-ad06-4e81-8834-7f5233728a21","email":"noah.sanchez@me.com","message":"failed to process due to network exception."},{"id":"79bca91a-85a5-487b-b6bf-ca5a4890fab1","email":"emily.taylor@gmail.com","message":"successfully handled skipped operation."},{"id":"d3427776-f3b3-4bdd-a46d-af36d486bd8c","email":"dylan.wilson@gmail.com","message":"successfully processed after 7718 milliseconds."},{"id":"ded1b07b-ab47-473a-90a0-b3a77ef34bea","email":"olivia.wright@gmail.com","message":"failed to process due to datastore timeout of 30 seconds.  operation took 103 seconds."},{"id":"6e80012b-2ca8-44c1-b325-91781ad8df70","email":"isabella.jackson@amerisave.com","message":"successfully processed after 285 milliseconds."},{"id":"cc77f15d-c846-40f2-8aee-c4a0cac6afd6","email":"noah.sanchez@me.com","message":"successfully parsed message, but message temporarily enqueued while system restarts."},{"id":"5e26b438-2b6a-479e-8780-fb719ec60552","email":"hannah.martin@dropbox.net","message":"successfully handled skipped operation."},{"id":"8d0572ac-d676-4f67-ade9-dd504c429893","email":"olivia.wright@gmail.com","message":"successfully parsed message, but message temporarily enqueued while system restarts."},{"id":"73fc5051-3b08-43ec-9462-53c9ee51db8d","email":"daniel.rodriguez@amerisave.com","message":"successfully processed after 2981 milliseconds."},{"id":"a445fda9-5672-4cfe-8f94-3eba5f4b16db","email":"samantha.scott@me.com","message":"successfully handled skipped operation."},{"id":"51a871e7-3c73-45fb-89c2-4f3e29ae555d","email":"tyler.nelson@microsoft.com","message":"successfully parsed message, but message temporarily enqueued while system restarts."},{"id":"f9b2c5a9-08c2-44ff-b1de-a18f598eabc6","email":"andrew.miller@gmail.com","message":"successfully processed after 3400 milliseconds."},{"id":"36b4fa3f-f848-467c-90c9-76c2b4e15a94","email":"joshua.lee@gmail.com","message":"successfully processed after 5297 milliseconds."},{"id":"b80fda96-b2c0-44bd-9c91-4eff5f211bcb","email":"sophia.baker@dropbox.net","message":"failed to process due to network exception."},{"id":"34c477d2-d103-496c-a3cc-a55bbd80892a","email":"emily.taylor@gmail.com","message":"failed to process due to datastore timeout of 30 seconds.  operation took 115 seconds."},{"id":"1f6b368b-f482-4763-a724-ae85c10d9abf","email":"logan.clark@dropbox.net","message":"failed to process due to network exception."},{"id":"8ec685fd-0fec-48f9-886d-260d911276ff","email":"ryan.king@dropbox.net","message":"failed to process due to network exception."},{"id":"09c54a56-d4ac-458d-8da5-8b6ad5d6346f","email":"mason.robinson@amerisave.com","message":"successfully processed after 5584 milliseconds."},{"id":"96efc67f-f5e2-4993-a243-9bc32f85a330","email":"hannah.martin@dropbox.net","message":"successfully processed after 278 milliseconds."},{"id":"b8518b6e-ed80-4d4b-9d4d-033d1a69a48c","email":"ella.anderson@dropbox.net","message":"successfully parsed message, but message temporarily enqueued while system restarts."},{"id":"611ea3cb-9a89-4d71-a47b-38b66df52249","email":"logan.clark@dropbox.net","message":"failed to process due to datastore timeout of 30 seconds.  operation took 35 seconds."},{"id":"b9e03167-ed3d-491b-8883-3f783a79ae53","email":"isabella.jackson@amerisave.com","message":"successfully handled skipped operation."},{"id":"d1e935a0-7bd9-4532-afcb-5f8dc2ea1a90","email":"noah.sanchez@me.com","message":"successfully handled skipped operation."},{"id":"a8acd027-509a-43f7-b2a9-d6c215367e80","email":"noah.sanchez@me.com","message":"successfully parsed message, but message temporarily enqueued while system restarts."},{"id":"8307d656-b791-4a22-a07f-613e9e4bab62","email":"alexis.brown@microsoft.com","message":"successfully processed after 4911 milliseconds."},{"id":"c88e3121-96e4-497f-9ad6-b856dcd47c96","email":"jackson.white@gmail.com","message":"successfully processed after 9142 milliseconds."},{"id":"4c38a1d2-5b9c-44d1-9dc2-ccad4142c6c7","email":"isabella.jackson@amerisave.com","message":"successfully handled skipped operation."},{"id":"8164b57c-c98d-4e16-a24a-d63db63c6df6","email":"michael.hall@dropbox.net","message":"successfully parsed message, but message temporarily enqueued while system restarts."},{"id":"97ac3afe-61c6-49e8-abb4-6e36dbe6ccf8","email":"emily.taylor@gmail.com","message":"failed to process due to network exception."},{"id":"930ae279-c4ac-436c-a454-f43d74c59bf3","email":"alexander.williams@gmail.com","message":"successfully parsed message, but message temporarily enqueued while system restarts."},{"id":"28f936bf-0671-446a-8b29-8e025e866f63","email":"mason.robinson@amerisave.com","message":"successfully handled skipped operation."},{"id":"d561ca3f-7c18-470b-81de-fa9fc17d4a1a","email":"mason.robinson@amerisave.com","message":"successfully parsed message, but message temporarily enqueued while system restarts."},{"id":"e7fc1258-921f-45c5-8d5b-de25ce81d861","email":"ella.anderson@dropbox.net","message":"successfully parsed message, but message temporarily enqueued while system restarts."},{"id":"c69162c1-537a-4c12-8b06-7de8cb67f1e0","email":"olivia.wright@gmail.com","message":"failed to process due to datastore timeout of 30 seconds.  operation took 122 seconds."},{"id":"74111c98-dd43-4775-832d-ae6691b33119","email":"dylan.wilson@gmail.com","message":"successfully parsed message, but message temporarily enqueued while system restarts."},{"id":"45c69891-4f3c-442f-abbb-0d8788d68b91","email":"emma.thomas@me.com","message":"successfully processed after 1001 milliseconds."},{"id":"941bcc12-041c-4cb0-a901-141ad9021a64","email":"andrew.miller@gmail.com","message":"failed to process due to network exception."},{"id":"5d19247a-b845-42dc-9f46-5e390b97bcdf","email":"nicholas.allen@microsoft.com","message":"failed to process due to network exception."},{"id":"77f2f3cb-dbae-4279-bf6c-912a8185deec","email":"elizabeth.martinez@dropbox.net","message":"failed to process due to network exception."},{"id":"b8505c54-98fb-4d33-9e58-9892b72fb90c","email":"ethan.hernandez@microsoft.com","message":"successfully handled skipped operation."},{"id":"24af12f1-5f7c-46ee-abc4-0cd19c358141","email":"jacob.lopez@dropbox.net","message":"successfully processed after 7038 milliseconds."},{"id":"15c37f6f-01df-464a-b07a-32170140cfd7","email":"samantha.scott@me.com","message":"successfully parsed message, but message temporarily enqueued while system restarts."},{"id":"3275fe4c-3d49-4290-bbac-78cc682b5bd8","email":"emily.taylor@gmail.com","message":"successfully processed after 4856 milliseconds."},{"id":"cb832675-56d7-4291-8b08-d1af11d05e77","email":"logan.clark@dropbox.net","message":"successfully processed after 4421 milliseconds."},{"id":"99734dec-ab36-40db-ae45-04037c8c0bbe","email":"jack.thompson@me.com","message":"failed to process due to network exception."},{"id":"03cc46bb-660c-48e7-8426-cb18bf49405b","email":"elizabeth.martinez@dropbox.net","message":"successfully processed after 7049 milliseconds."},{"id":"838de446-6877-43ca-9172-ea520675b397","email":"nathan.young@microsoft.com","message":"successfully parsed message, but message temporarily enqueued while system restarts."},{"id":"84cdeca0-4d1f-4ec0-bf14-6255ad14d1a5","email":"mia.perez@me.com","message":"failed to process due to datastore timeout of 30 seconds.  operation took 36 seconds."},{"id":"88413ae1-bdba-40c8-8193-7d2c0b5f5b2d","email":"michael.hall@dropbox.net","message":"failed to process due to network exception."},{"id":"4eef2f41-e2fd-4007-afb8-825756b05650","email":"lily.harris@gmail.com","message":"successfully handled skipped operation."},{"id":"fbf656ab-7d7b-4a91-aeb3-ff96e75a1ef2","email":"dylan.wilson@gmail.com","message":"successfully handled skipped operation."},{"id":"d90c9470-b6ee-40f0-b8e7-256e8f1eb000","email":"ethan.hernandez@microsoft.com","message":"failed to process due to network exception."},{"id":"f21a5bd4-5b0a-48c6-aafc-a79687c414ae","email":"hannah.martin@dropbox.net","message":"failed to process due to network exception."},{"id":"20a568ca-e776-4b2c-a14c-d148396e3c91","email":"olivia.wright@gmail.com","message":"successfully handled skipped operation."},{"id":"13cd6560-66bf-4d13-a3e6-cfbac5843472","email":"logan.clark@dropbox.net","message":"failed to process due to datastore timeout of 30 seconds.  operation took 48 seconds."},{"id":"a553d0f5-8f48-40c3-9da9-df1c11c16e0f","email":"ethan.hernandez@microsoft.com","message":"failed to process due to network exception."},{"id":"28f4004e-e7c8-461f-9f5d-1b263779d9d8","email":"tyler.nelson@microsoft.com","message":"successfully processed after 1272 milliseconds."},{"id":"2a4b6410-7c98-42f1-b5f8-cf780bd8828b","email":"ryan.king@dropbox.net","message":"successfully processed after 2922 milliseconds."},{"id":"7e337126-4977-4755-9a37-2fea6251d9e2","email":"chloe.garcia@dropbox.net","message":"failed to process due to network exception."},{"id":"81f72719-f5f4-4dfc-a52a-f0e8026f98ae","email":"jack.thompson@me.com","message":"successfully processed after 3641 milliseconds."},{"id":"e4049fce-c84d-4efd-9b73-21ab90d221cc","email":"lily.harris@gmail.com","message":"successfully parsed message, but message temporarily enqueued while system restarts."},{"id":"ab0e0938-209d-44d9-8427-420cf7c3f01d","email":"liam.gonzalez@me.com","message":"successfully parsed message, but message temporarily enqueued while system restarts."},{"id":"f1c529e8-69e0-4add-a987-ec2a0e03e564","email":"sarah.green@amerisave.com","message":"failed to process due to network exception."},{"id":"b5e53e88-910a-477f-803a-2e217198d87b","email":"abigail.smith@amerisave.com","message":"failed to process due to datastore timeout of 30 seconds.  operation took 48 seconds."},{"id":"f722b25e-c7db-4f97-8c6c-f6139f73c29f","email":"abigail.smith@amerisave.com","message":"failed to process due to datastore timeout of 30 seconds.  operation took 41 seconds."},{"id":"7f84801e-4503-47b0-81be-78cb880b078a","email":"nathan.young@microsoft.com","message":"failed to process due to datastore timeout of 30 seconds.  operation took 130 seconds."},{"id":"dd3033b0-5e89-4f6d-8e33-11ffdfc7fb6b","email":"mia.perez@me.com","message":"successfully processed after 7799 milliseconds."},{"id":"9a357968-22c9-4762-9f5e-c87bed9d51c8","email":"ella.anderson@dropbox.net","message":"failed to process due to network exception."},{"id":"9092a1e3-0ce1-445c-a6bf-c4ee9233d99e","email":"jack.thompson@me.com","message":"successfully processed after 8010 milliseconds."},{"id":"109ec953-c306-4ae7-a015-5acb48d48f08","email":"ava.davis@gmail.com","message":"failed to process due to network exception."},{"id":"43ece280-568f-423b-8749-a9017400d21a","email":"alyssa.jones@amerisave.com","message":"successfully parsed message, but message temporarily enqueued while system restarts."},{"id":"7ca8f127-5df4-4c27-8f4f-d354779c7428","email":"tyler.nelson@microsoft.com","message":"successfully parsed message, but message temporarily enqueued while system restarts."},{"id":"f5f92298-9a94-4fca-8bbb-04144048a952","email":"ava.davis@gmail.com","message":"failed to process due to network exception."},{"id":"3f222314-c6fa-469d-94f8-876f281bd627","email":"lily.harris@gmail.com","message":"failed to process due to datastore timeout of 30 seconds.  operation took 101 seconds."},{"id":"9711be58-1ae1-43af-939e-c58e36570dee","email":"jackson.white@gmail.com","message":"successfully handled skipped operation."},{"id":"54f49265-087a-43ef-a979-ffeefd47496e","email":"andrew.miller@gmail.com","message":"successfully handled skipped operation."},{"id":"0c05cf3f-3cc1-4bc7-a2f2-26c6b1ce6d1c","email":"mason.robinson@amerisave.com","message":"successfully processed after 1065 milliseconds."},{"id":"8ec8882b-5284-402d-a1fc-534728006b6a","email":"alexander.williams@gmail.com","message":"failed to process due to datastore timeout of 30 seconds.  operation took 66 seconds."},{"id":"c8d725ea-5510-4dd1-8ce9-997f26ee17b4","email":"chloe.garcia@dropbox.net","message":"failed to process due to network exception."},{"id":"abaacba1-034b-4667-9eb0-b648afe21560","email":"isabella.jackson@amerisave.com","message":"successfully handled skipped operation."},{"id":"6b81e308-4f03-4f67-a08f-747a661ad81f","email":"lily.harris@gmail.com","message":"failed to process due to datastore timeout of 30 seconds.  operation took 110 seconds."},{"id":"e2f72f75-583a-4359-819c-ce7148775014","email":"emily.taylor@gmail.com","message":"successfully handled skipped operation."},{"id":"4bf2c971-acc1-48ce-8157-11a91bd765c4","email":"mason.robinson@amerisave.com","message":"failed to process due to datastore timeout of 30 seconds.  operation took 40 seconds."},{"id":"bd4b23d0-f542-4ed0-aacf-e2b2ddb01793","email":"olivia.wright@gmail.com","message":"failed to process due to network exception."},{"id":"97c6573a-a0db-4102-bd6c-4d90ce5efcda","email":"jackson.white@gmail.com","message":"successfully handled skipped operation."},{"id":"c3a779dd-64b9-475a-8093-45da638fd037","email":"matthew.walker@amerisave.com","message":"successfully processed after 4896 milliseconds."},{"id":"f0bf5b95-8491-474e-b583-675e8dd212b9","email":"ella.anderson@dropbox.net","message":"successfully processed after 7932 milliseconds."},{"id":"a4fb0460-c629-46d0-b134-c59daa380dff","email":"olivia.wright@gmail.com","message":"successfully parsed message, but message temporarily enqueued while system restarts."},{"id":"b0f73bb8-1014-47cf-a432-5fa64f360515","email":"emma.thomas@me.com","message":"successfully processed after 9367 milliseconds."},{"id":"6248c19e-75a9-40d2-b902-d9c73f33cfb3","email":"elizabeth.martinez@dropbox.net","message":"failed to process due to network exception."},{"id":"55735a1b-e134-4852-bf0d-d6544c40c273","email":"jackson.white@gmail.com","message":"successfully processed after 7810 milliseconds."},{"id":"89aa4372-9b92-4ebf-9ab3-fefe4a6e3cb3","email":"daniel.rodriguez@amerisave.com","message":"failed to process due to network exception."},{"id":"4173c86c-ab3f-43ac-ba85-c4050367d3eb","email":"madison.lewis@gmail.com","message":"failed to process due to network exception."},{"id":"067d5afb-cc32-4e49-90f0-701b9ac895ed","email":"jacob.lopez@dropbox.net","message":"failed to process due to network exception."},{"id":"e97354f5-ed16-4979-b32c-ab72a01ff357","email":"tyler.nelson@microsoft.com","message":"successfully parsed message, but message temporarily enqueued while system restarts."},{"id":"23fcc813-8285-4dc7-9fa4-68b88fdfcfd1","email":"jack.thompson@me.com","message":"successfully parsed message, but message temporarily enqueued while system restarts."},{"id":"d1c0a984-1ae1-4c84-8c73-2be854592c47","email":"tyler.nelson@microsoft.com","message":"successfully parsed message, but message temporarily enqueued while system restarts."},{"id":"fe84a1e1-9f02-4bbf-ace6-2fa78d4bff41","email":"sarah.green@amerisave.com","message":"successfully processed after 3347 milliseconds."},{"id":"a70cd241-d60b-43e2-8c9a-fde3baf7284c","email":"grace.moore@gmail.com","message":"successfully handled skipped operation."},{"id":"cc9bccdb-1114-40f6-a3cc-b0757ab3fb24","email":"matthew.walker@amerisave.com","message":"successfully handled skipped operation."},{"id":"765397b2-b3bf-4350-8088-ac989bf7b05e","email":"michael.hall@dropbox.net","message":"successfully parsed message, but message temporarily enqueued while system restarts."},{"id":"4d8b9615-a41f-402b-8726-b73e2548b845","email":"ava.davis@gmail.com","message":"successfully handled skipped operation."},{"id":"bda9c6d3-847c-4f38-bd79-2373ef3b5888","email":"emily.taylor@gmail.com","message":"failed to process due to datastore timeout of 30 seconds.  operation took 53 seconds."},{"id":"e7d2a1c3-9db5-4c15-87ca-1fe91e8fc476","email":"emily.taylor@gmail.com","message":"failed to process due to datastore timeout of 30 seconds.  operation took 38 seconds."},{"id":"34adb3dc-97c2-427e-9b8f-0f7a5c396937","email":"ethan.hernandez@microsoft.com","message":"successfully processed after 4528 milliseconds."},{"id":"36e510b7-d3e0-4b93-b524-447ba9c27299","email":"emma.thomas@me.com","message":"successfully parsed message, but message temporarily enqueued while system restarts."},{"id":"1ba5dc88-5417-4b80-9106-1eae8d602323","email":"alyssa.jones@amerisave.com","message":"successfully handled skipped operation."},{"id":"82dc4745-e0fd-40b7-81bb-fcfa75eaf611","email":"liam.gonzalez@me.com","message":"failed to process due to datastore timeout of 30 seconds.  operation took 77 seconds."},{"id":"fe29ae01-90ed-4b70-a2c6-5ad3542d809c","email":"mason.robinson@amerisave.com","message":"successfully handled skipped operation."},{"id":"a41bb926-f438-4e35-8ff3-9d39ead4b8a3","email":"mia.perez@me.com","message":"successfully handled skipped operation."},{"id":"9a7a5f6f-af8a-4cae-b1bd-1e55a5e191f3","email":"noah.sanchez@me.com","message":"successfully parsed message, but message temporarily enqueued while system restarts."},{"id":"ab881387-1aee-443b-b663-94b14895eb3e","email":"ethan.hernandez@microsoft.com","message":"successfully processed after 3108 milliseconds."},{"id":"9b253ef6-0ce3-443f-ae34-a88dc665d80a","email":"michael.hall@dropbox.net","message":"successfully handled skipped operation."},{"id":"5de244cc-953d-4eba-95cc-a50e63894056","email":"ryan.king@dropbox.net","message":"failed to process due to network exception."},{"id":"478be70d-f9be-41b3-8392-6688ef6cb2ff","email":"nicholas.allen@microsoft.com","message":"successfully handled skipped operation."},{"id":"1d39fd5e-42e4-44f6-9cff-7d49e711f280","email":"abigail.smith@amerisave.com","message":"successfully parsed message, but message temporarily enqueued while system restarts."},{"id":"bc277cc8-e721-4edf-a19d-ab110327f3fd","email":"abigail.smith@amerisave.com","message":"successfully handled skipped operation."},{"id":"bb4811b7-128a-41c1-a4f9-a8cac3707609","email":"mia.perez@me.com","message":"successfully parsed message, but message temporarily enqueued while system restarts."},{"id":"49e487da-24f0-44e0-b1bf-64ccac79662c","email":"grace.moore@gmail.com","message":"failed to process due to datastore timeout of 30 seconds.  operation took 109 seconds."},{"id":"f58e856a-814d-4417-a8fe-8fa2f006d269","email":"elizabeth.martinez@dropbox.net","message":"successfully parsed message, but message temporarily enqueued while system restarts."},{"id":"5734434e-2e07-4d24-a559-9b67280916f1","email":"liam.gonzalez@me.com","message":"successfully handled skipped operation."},{"id":"6cc183f0-374a-497f-b958-275f439c411d","email":"mia.perez@me.com","message":"successfully parsed message, but message temporarily enqueued while system restarts."},{"id":"404a17cc-f017-49c4-9a03-16cd5e7e3714","email":"chloe.garcia@dropbox.net","message":"failed to process due to datastore timeout of 30 seconds.  operation took 86 seconds."},{"id":"f44a1d93-a171-4ceb-b854-0e9e720f807f","email":"sophia.baker@dropbox.net","message":"successfully handled skipped operation."},{"id":"3bb147e7-6a29-4df9-8347-34e2c5ee6039","email":"nicholas.allen@microsoft.com","message":"failed to process due to datastore timeout of 30 seconds.  operation took 85 seconds."},{"id":"ca2e5839-5987-4727-9d95-f621de06defd","email":"alexis.brown@microsoft.com","message":"successfully parsed message, but message temporarily enqueued while system restarts."},{"id":"e3aa5e19-4713-4b93-b32c-ab6ca00967d3","email":"elizabeth.martinez@dropbox.net","message":"successfully handled skipped operation."},{"id":"57b3f9c5-071f-4a76-a1c7-f719dceec06b","email":"jackson.white@gmail.com","message":"successfully handled skipped operation."},{"id":"c4054326-0da4-42d4-b4e8-14dfdb629e71","email":"grace.moore@gmail.com","message":"successfully handled skipped operation."},{"id":"4a8f8b13-ed72-48b9-ad13-8c9ad3f1e29b","email":"matthew.walker@amerisave.com","message":"successfully processed after 944 milliseconds."},{"id":"55c969b9-2bd6-40f3-9c8d-32057ed602ef","email":"samantha.scott@me.com","message":"successfully parsed message, but message temporarily enqueued while system restarts."},{"id":"d5d0b085-d33f-40f2-b21e-ff607fb23449","email":"liam.gonzalez@me.com","message":"failed to process due to network exception."},{"id":"f0aa3ddb-1a21-470a-bf7c-1d24a4c60f31","email":"ethan.hernandez@microsoft.com","message":"failed to process due to datastore timeout of 30 seconds.  operation took 108 seconds."},{"id":"d7f625ea-1c07-4260-a144-79527043e188","email":"andrew.miller@gmail.com","message":"failed to process due to network exception."},{"id":"17866571-3048-4c47-9a1e-21aed4e3dd19","email":"andrew.miller@gmail.com","message":"failed to process due to datastore timeout of 30 seconds.  operation took 117 seconds."},{"id":"84f77d47-567e-4e92-80b0-7fcbc7a8994f","email":"sophia.baker@dropbox.net","message":"successfully processed after 7040 milliseconds."},{"id":"9143194d-2afd-4677-96df-ea34ed060ce0","email":"liam.gonzalez@me.com","message":"failed to process due to network exception."},{"id":"2490df15-1509-4209-8589-07ee795c7258","email":"ethan.hernandez@microsoft.com","message":"successfully processed after 1752 milliseconds."},{"id":"cd53c676-a6bb-461b-b7eb-b834da4dbe6f","email":"sarah.green@amerisave.com","message":"successfully processed after 1207 milliseconds."},{"id":"a18a85e5-7764-4a03-a9b1-be3809ec821e","email":"ella.anderson@dropbox.net","message":"successfully handled skipped operation."},{"id":"91709fdc-f5b9-4f22-a470-62ffb7060243","email":"ethan.hernandez@microsoft.com","message":"failed to process due to datastore timeout of 30 seconds.  operation took 103 seconds."},{"id":"19483419-4300-43be-b210-66a976656aa4","email":"alexis.brown@microsoft.com","message":"successfully processed after 3009 milliseconds."},{"id":"2cfde5e5-8e8e-4d02-82a7-84ea7f928bef","email":"taylor.adams@gmail.com","message":"failed to process due to datastore timeout of 30 seconds.  operation took 56 seconds."},{"id":"af6dde32-87c0-4343-b9e4-238e91f25602","email":"emma.thomas@me.com","message":"successfully processed after 3041 milliseconds."},{"id":"a7e2aaf6-4280-40a7-9136-356be8470975","email":"andrew.miller@gmail.com","message":"successfully processed after 3823 milliseconds."},{"id":"e6c75a2d-d981-4952-8ff5-897098c75a77","email":"chloe.garcia@dropbox.net","message":"successfully handled skipped operation."},{"id":"a9a88194-bd17-4081-84b4-a8c75ebb7e68","email":"taylor.adams@gmail.com","message":"failed to process due to datastore timeout of 30 seconds.  operation took 97 seconds."},{"id":"d5c5eada-385b-46b4-ba66-9a04a976e8cd","email":"isabella.jackson@amerisave.com","message":"successfully handled skipped operation."},{"id":"6a272d46-6e6d-4a0a-a465-f6a1f128205c","email":"alexander.williams@gmail.com","message":"successfully parsed message, but message temporarily enqueued while system restarts."},{"id":"aaed12bf-38b2-4406-9dd0-9c2d7a27b2ca","email":"emily.taylor@gmail.com","message":"successfully handled skipped operation."},{"id":"20ee358d-b426-40a7-b1c7-81bbd1499ef0","email":"samantha.scott@me.com","message":"successfully processed after 673 milliseconds."},{"id":"48c2cfa3-b6cc-4088-805c-1f7003b82279","email":"ava.davis@gmail.com","message":"successfully processed after 6567 milliseconds."},{"id":"0b3767d0-3312-460e-a455-03a2f1afe8b3","email":"tyler.nelson@microsoft.com","message":"failed to process due to network exception."},{"id":"03d4572d-7c1b-4ba6-9ad0-647a342bfd3c","email":"ethan.hernandez@microsoft.com","message":"failed to process due to datastore timeout of 30 seconds.  operation took 45 seconds."},{"id":"199ccefb-b509-42f7-a4c0-5a99c61b73fe","email":"michael.hall@dropbox.net","message":"successfully handled skipped operation."},{"id":"4774687f-981c-43b3-ad57-986e2ebb86c3","email":"madison.lewis@gmail.com","message":"failed to process due to datastore timeout of 30 seconds.  operation took 61 seconds."},{"id":"71cf9bea-d71a-4fed-b2ed-190074a33d9f","email":"jack.thompson@me.com","message":"successfully processed after 7439 milliseconds."},{"id":"2ca60c4d-f1f4-4883-9e3e-45cfc5652284","email":"chloe.garcia@dropbox.net","message":"successfully parsed message, but message temporarily enqueued while system restarts."},{"id":"4de914d1-6844-4e06-a453-f08099e05f70","email":"mason.robinson@amerisave.com","message":"successfully processed after 6377 milliseconds."},{"id":"efe0cbcc-aa5a-4647-a9ef-ac813f3a4f3f","email":"grace.moore@gmail.com","message":"successfully handled skipped operation."},{"id":"a4ae8256-de0c-4646-8686-0793e4e67afd","email":"matthew.walker@amerisave.com","message":"successfully parsed message, but message temporarily enqueued while system restarts."},{"id":"609f4b0d-e9d7-4eb0-80e1-1dbf41e3e795","email":"isabella.jackson@amerisave.com","message":"successfully parsed message, but message temporarily enqueued while system restarts."},{"id":"aba4f42c-138b-48ff-bb9e-05b10435c57d","email":"grace.moore@gmail.com","message":"failed to process due to network exception."},{"id":"8962d1f6-bc0e-4efd-97a6-d3a6ba51e724","email":"grace.moore@gmail.com","message":"failed to process due to datastore timeout of 30 seconds.  operation took 112 seconds."},{"id":"65f026d4-f2e1-4117-9ddc-75c456c142a3","email":"samantha.scott@me.com","message":"successfully parsed message, but message temporarily enqueued while system restarts."},{"id":"03ff963a-d76e-471a-bb67-d1994c37cb80","email":"emily.taylor@gmail.com","message":"successfully handled skipped operation."},{"id":"216024ad-9052-400a-9dcd-741a875ef40b","email":"elizabeth.martinez@dropbox.net","message":"failed to process due to datastore timeout of 30 seconds.  operation took 46 seconds."},{"id":"24501ee1-3b69-4d40-9186-ff2dbaf1a9a0","email":"jacob.lopez@dropbox.net","message":"failed to process due to datastore timeout of 30 seconds.  operation took 91 seconds."},{"id":"733bee09-f230-413d-80aa-834768cf99fa","email":"mia.perez@me.com","message":"successfully processed after 346 milliseconds."},{"id":"fea4aa86-e140-4581-9c86-63311ab64281","email":"logan.clark@dropbox.net","message":"successfully handled skipped operation."},{"id":"dd7064d8-749a-4ffa-ba5b-703c1a65dfe5","email":"sophia.baker@dropbox.net","message":"failed to process due to network exception."},{"id":"90bb7f15-8bd2-438b-86c2-66a541d1709b","email":"mia.perez@me.com","message":"successfully parsed message, but message temporarily enqueued while system restarts."},{"id":"ee9ec18d-be5f-437d-bd38-4ce30a0ba4ee","email":"nathan.young@microsoft.com","message":"successfully handled skipped operation."},{"id":"0688f474-e01e-469d-964f-32eefc888918","email":"nathan.young@microsoft.com","message":"failed to process due to network exception."},{"id":"cd559e07-9f29-4020-85a6-53956ee128b8","email":"isabella.jackson@amerisave.com","message":"successfully handled skipped operation."},{"id":"320278ab-80a1-49c6-9b56-019f5ddc03e5","email":"alyssa.jones@amerisave.com","message":"successfully handled skipped operation."},{"id":"f2e80010-52d0-4099-b3e9-7253ee9ee96c","email":"joshua.lee@gmail.com","message":"successfully processed after 8672 milliseconds."},{"id":"3a8162b0-f354-4e39-b1f5-faadb9a2d970","email":"alyssa.jones@amerisave.com","message":"failed to process due to datastore timeout of 30 seconds.  operation took 47 seconds."},{"id":"f7a2cc44-c6ed-4625-9566-68fffc95cdb0","email":"tyler.nelson@microsoft.com","message":"successfully handled skipped operation."},{"id":"76bf0913-0493-42c1-a846-70d76abbd91d","email":"tyler.nelson@microsoft.com","message":"successfully handled skipped operation."},{"id":"f7bcd8ef-80ca-4035-a0ea-501db4bb2992","email":"aiden.johnson@microsoft.com","message":"failed to process due to network exception."},{"id":"4dea4183-281a-4815-9e12-b5b8cbe86156","email":"nicholas.allen@microsoft.com","message":"successfully processed after 6459 milliseconds."},{"id":"023b5c1b-116e-4dfd-ad93-bfeb45c33a1a","email":"isabella.jackson@amerisave.com","message":"successfully handled skipped operation."},{"id":"5ad84744-adfe-46db-a2e2-843a7a88b4bf","email":"ethan.hernandez@microsoft.com","message":"successfully parsed message, but message temporarily enqueued while system restarts."}],"id":"7709957f-4c00-4eeb-80e7-e4f9b9989ddf"}