{"logs":[{"id":"45c49277-1c6f-4bad-992e-6bd04d9f53d2","email":"isabella.jackson@amerisave.com","message":"failed to process due to network exception."},{"id":"0fbad68e-e361-44e3-92fe-a28480c99c27","email":"logan.clark@dropbox.net","message":"successfully handled skipped operation."},{"id":"797c302c-3183-483d-a84c-87c8a4239bbf","email":"ava.davis@gmail.com","message":"successfully handled skipped operation."},{"id":"2b3cb0ad-270e-473e-8863-f4de6da522e6","email":"joshua.lee@gmail.com","message":"successfully processed after 5453 milliseconds."},{"id":"08c410e3-b3d8-4986-8c1e-5a38e4198df4","email":"chloe.garcia@dropbox.net","message":"successfully processed after 8015 milliseconds."},{"id":"6b3a2416-bc01-4cda-8a3b-adc87fce70fe","email":"samantha.scott@me.com","message":"successfully handled skipped operation."},{"id":"a61718a0-5a02-4684-8f67-2c8dd05d96e2","email":"chloe.garcia@dropbox.net","message":"failed to process due to datastore timeout of 30 seconds.  operation took 83 seconds."},{"id":"6ee30b08-b53f-42c5-ba91-11f2c25d626f","email":"elizabeth.martinez@dropbox.net","message":"successfully processed after 6832 milliseconds."},{"id":"c355228c-95fd-423b-aeed-deea070cf7b5","email":"olivia.wright@gmail.com","message":"failed to process due to network exception."},{"id":"ce8bd6cf-8332-41d6-afa4-c541eefdf1ea","email":"isabella.jackson@amerisave.com","message":"failed to process due to datastore timeout of 30 seconds.  operation took 128 seconds."},{"id":"c0d27315-d84e-48d4-b3a3-9601beb1957c","email":"samantha.scott@me.com","message":"successfully processed after 8263 milliseconds."},{"id":"6dc13e0e-01d8-4831-92cc-f2f580be2469","email":"matthew.walker@amerisave.com","message":"successfully parsed message, but message temporarily enqueued while system restarts."},{"id":"9d9050b6-1c65-4c01-85f5-573e1d9ea7de","email":"michael.hall@dropbox.net","message":"successfully handled skipped operation."},{"id":"246bf0e5-2aad-4330-a8a2-ff70ba692afb","email":"jacob.lopez@dropbox.net","message":"successfully parsed message, but message temporarily enqueued while system restarts."},{"id":"1cb9f25a-27d5-4fbf-908f-4bf65e8c071f","email":"alexis.brown@microsoft.com","message":"successfully parsed message, but message temporarily enqueued while system restarts."},{"id":"1b5acfa2-0798-4d58-b422-879cdf3f52e3","email":"aiden.johnson@microsoft.com","message":"failed to process due to datastore timeout of 30 seconds.  operation took 59 seconds."},{"id":"e9d23090-87dc-4f2e-91f1-bcb3a15e61c7","email":"jacob.lopez@dropbox.net","message":"failed to process due to datastore timeout of 30 seconds.  operation took 112 seconds."},{"id":"8425f83c-7cd7-4b67-86f4-92b3e767862d","email":"lily.harris@gmail.com","message":"successfully parsed message, but message temporarily enqueued while system restarts."},{"id":"8c834b3a-e399-4328-be68-9bc88de5212a","email":"alexander.williams@gmail.com","message":"successfully handled skipped operation."},{"id":"cf73edcd-31e1-43f7-ae8e-99f3c25a27be","email":"logan.clark@dropbox.net","message":"failed to process due to datastore timeout of 30 seconds.  operation took 96 seconds."},{"id":"15c2ee09-0f2f-4950-b669-88a711f921ea","email":"alexis.brown@microsoft.com","message":"successfully parsed message, but message temporarily enqueued while system restarts."},{"id":"fd72103c-6d07-4bf6-9745-f56d8d00b93c","email":"matthew.walker@amerisave.com","message":"failed to process due to network exception."},{"id":"f4c12bd4-eb44-41ee-868e-10aeb234281f","email":"dylan.wilson@gmail.com","message":"failed to process due to network exception."},{"id":"2ebf57cd-e5e6-462c-af12-ff1c52b3b12a","email":"grace.moore@gmail.com","message":"successfully handled skipped operation."},{"id":"c528f769-75a2-449f-bb7c-7ee81fdba7fd","email":"liam.gonzalez@me.com","message":"failed to process due to datastore timeout of 30 seconds.  operation took 70 seconds."},{"id":"bda85864-e061-4725-8066-0033d5c20f66","email":"logan.clark@dropbox.net","message":"successfully handled skipped operation."},{"id":"81a69188-6b16-4da4-87e9-3d77994ec1fb","email":"nathan.young@microsoft.com","message":"failed to process due to network exception."},{"id":"423fa6ae-3577-4b0d-9570-f8da23f8e9dc","email":"andrew.miller@gmail.com","message":"successfully parsed message, but message temporarily enqueued while system restarts."},{"id":"638a865a-168f-45b3-a09d-6fae71617518","email":"joshua.lee@gmail.com","message":"successfully processed after 3156 milliseconds."},{"id":"2af59138-fde6-427f-83fa-e683d9c61669","email":"alexander.williams@gmail.com","message":"successfully parsed message, but message temporarily enqueued while system restarts."},{"id":"16f8120b-638f-4685-ba77-1a74f9ee520d","email":"nicholas.allen@microsoft.com","message":"successfully processed after 9455 milliseconds."},{"id":"2a62bf33-540c-4e38-8bf3-77c418b46576","email":"madison.lewis@gmail.com","message":"successfully parsed message, but message temporarily enqueued while system restarts."},{"id":"ebe6840f-fd61-4e3b-af8d-49df9e14e5ec","email":"emma.thomas@me.com","message":"failed to process due to datastore timeout of 30 seconds.  operation took 86 seconds."},{"id":"9e58a9fe-e630-4ef4-85b6-f591c2ccb795","email":"jacob.lopez@dropbox.net","message":"failed to process due to datastore timeout of 30 seconds.  operation took 124 seconds."},{"id":"bb41c82d-3bd5-45b7-9647-a428c6dfef59","email":"andrew.miller@gmail.com","message":"failed to process due to datastore timeout of 30 seconds.  operation took 124 seconds."},{"id":"5f13209c-0ca3-48c1-acbf-703d5440dac0","email":"samantha.scott@me.com","message":"successfully parsed message, but message temporarily enqueued while system restarts."},{"id":"b2d76668-9bb1-45a7-89d5-681aa18168b6","email":"nathan.young@microsoft.com","message":"successfully processed after 4569 milliseconds."},{"id":"e18e0ce5-82a0-4360-b8cc-668b8ccc9613","email":"mason.robinson@amerisave.com","message":"failed to process due to network exception."},{"id":"6b31cfc8-20c5-446f-a162-b060cc291804","email":"ryan.king@dropbox.net","message":"failed to process due to network exception."},{"id":"027c8ce6-f098-4084-bf3c-f7f87972c0f8","email":"jackson.white@gmail.com","message":"successfully handled skipped operation."},{"id":"38a9f08c-73ff-42a5-86ed-fd6e74f597bf","email":"dylan.wilson@gmail.com","message":"successfully parsed message, but message temporarily enqueued while system restarts."},{"id":"9f1d6114-12e7-4d59-9c62-7b6f169fb6d8","email":"mia.perez@me.com","message":"successfully parsed message, but message temporarily enqueued while system restarts."},{"id":"26f7a266-4914-4a0a-a93a-c9949575d88f","email":"mia.perez@me.com","message":"failed to process due to network exception."},{"id":"f51ee408-381c-46aa-ac39-17c045fa287f","email":"elizabeth.martinez@dropbox.net","message":"successfully processed after 4515 milliseconds."},{"id":"ba842ca3-d6f9-4372-95a1-cae1e41c07d6","email":"logan.clark@dropbox.net","message":"failed to process due to datastore timeout of 30 seconds.  operation took 43 seconds."},{"id":"75e7429a-5dcd-4c25-8d3b-efab4445faf4","email":"madison.lewis@gmail.com","message":"failed to process due to network exception."},{"id":"ebb439a5-ac98-4efa-bf4c-17c2b05bd28e","email":"jackson.white@gmail.com","message":"successfully handled skipped operation."},{"id":"c4f42490-2dec-4d6d-bff1-7eac1d458c14","email":"taylor.adams@gmail.com","message":"successfully parsed message, but message temporarily enqueued while system restarts."},{"id":"c9593074-999c-49b2-a52f-8d3096339760","email":"grace.moore@gmail.com","message":"successfully parsed message, but message temporarily enqueued while system restarts."},{"id":"9f442f35-77c6-4d80-895f-3905f0c76966","email":"matthew.walker@amerisave.com","message":"successfully handled skipped operation."},{"id":"dbab359e-1d4d-47fa-b4bb-c6c24a565a0a","email":"ava.davis@gmail.com","message":"successfully handled skipped operation."},{"id":"eebb72a9-eb29-4346-b833-0825614b61fd","email":"samantha.scott@me.com","message":"successfully handled skipped operation."},{"id":"b56c9d8a-1bd6-440c-baa2-2ac83d39bbf8","email":"elizabeth.martinez@dropbox.net","message":"successfully handled skipped operation."},{"id":"1fdc9307-03a3-4f74-b367-32935485c536","email":"hannah.martin@dropbox.net","message":"successfully processed after 844 milliseconds."},{"id":"9b97fb2b-00bb-4b3b-be4d-3da29aafa435","email":"jackson.white@gmail.com","message":"successfully processed after 571 milliseconds."},{"id":"61076602-eba3-4e93-ada3-c842f078896d","email":"jackson.white@gmail.com","message":"successfully parsed message, but message temporarily enqueued while system restarts."},{"id":"92764236-6ac6-4140-b58c-40001d5e749f","email":"jacob.lopez@dropbox.net","message":"failed to process due to datastore timeout of 30 seconds.  operation took 129 seconds."},{"id":"857cda23-e6e7-4f33-b966-e5b94424e7f4","email":"isabella.jackson@amerisave.com","message":"successfully processed after 5524 milliseconds."},{"id":"adc49a16-ca35-4980-bc99-cef20ef43bdb","email":"isabella.jackson@amerisave.com","message":"failed to process due to network exception."},{"id":"cba2a2f0-3269-426f-9465-2d35dccdcd83","email":"hannah.martin@dropbox.net","message":"successfully processed after 8537 milliseconds."},{"id":"18643a39-56ac-4336-abf7-0df1646177f9","email":"logan.clark@dropbox.net","message":"successfully handled skipped operation."},{"id":"72d17d58-6cd7-4b6e-af4e-4d83cb216a72","email":"jacob.lopez@dropbox.net","message":"failed to process due to network exception."},{"id":"2fcbf494-cb6e-4c4f-bae1-3877c0ec479a","email":"mia.perez@me.com","message":"successfully handled skipped operation."},{"id":"be623ae9-72fa-4bc5-91f0-cbc30411e097","email":"michael.hall@dropbox.net","message":"failed to process due to network exception."},{"id":"94f3457f-3436-40a8-abb0-81c2575a8c86","email":"chloe.garcia@dropbox.net","message":"successfully handled skipped operation."},{"id":"2f5d5c08-d187-4b82-a208-c62acece763f","email":"michael.hall@dropbox.net","message":"failed to process due to datastore timeout of 30 seconds.  operation took 62 seconds."},{"id":"4ccd64f1-5b19-4d67-9252-008a49bf82a5","email":"ella.anderson@dropbox.net","message":"successfully handled skipped operation."},{"id":"d0b6a453-4b8c-4d75-9a1b-a39970cd3e9b","email":"chloe.garcia@dropbox.net","message":"successfully handled skipped operation."},{"id":"889fa412-68e6-4e2e-830a-5cff333720eb","email":"olivia.wright@gmail.com","message":"successfully parsed message, but message temporarily enqueued while system restarts."},{"id":"8b0ac90d-2407-427b-a573-66ba7de67cb2","email":"ava.davis@gmail.com","message":"failed to process due to network exception."},{"id":"ccbfde06-f307-4368-a950-a99a25c067f9","email":"sarah.green@amerisave.com","message":"successfully handled skipped operation."},{"id":"741202b4-6f85-45a0-9666-d0139e686c49","email":"ethan.hernandez@microsoft.com","message":"failed to process due to datastore timeout of 30 seconds.  operation took 115 seconds."},{"id":"fdce8e70-ac99-4792-9147-92b09828bd35","email":"isabella.jackson@amerisave.com","message":"failed to process due to network exception."},{"id":"08fc2f66-822b-41fd-aaa0-b1c9136b4432","email":"elizabeth.martinez@dropbox.net","message":"successfully parsed message, but message temporarily enqueued while system restarts."},{"id":"dc3a23f5-5877-4792-9859-ed1c443f9c5f","email":"sophia.baker@dropbox.net","message":"failed to process due to network exception."},{"id":"a247c746-8214-490d-8605-8b11c2fc8e12","email":"madison.lewis@gmail.com","message":"successfully processed after 5391 milliseconds."},{"id":"b865a477-aef7-4f8a-abbd-2b3aea388b62","email":"taylor.adams@gmail.com","message":"successfully processed after 7888 milliseconds."},{"id":"4083e999-5f3d-4ec7-b93d-49bde63ab47d","email":"liam.gonzalez@me.com","message":"failed to process due to network exception."},{"id":"c0202aaa-bde8-497b-b193-8f38b73b0f7c","email":"dylan.wilson@gmail.com","message":"successfully handled skipped operation."},{"id":"e0f108a6-26f9-49ac-88be-f084eca52206","email":"aiden.johnson@microsoft.com","message":"successfully handled skipped operation."},{"id":"0541beec-97cb-43dc-84ba-93ebf0413712","email":"ryan.king@dropbox.net","message":"successfully parsed message, but message temporarily enqueued while system restarts."},{"id":"bb1502f3-b3c5-4b19-86b1-1340d38885cd","email":"hannah.martin@dropbox.net","message":"failed to process due to datastore timeout of 30 seconds.  operation took 40 seconds."},{"id":"0553f97e-e991-4cc9-9cdd-70b41111368c","email":"sophia.baker@dropbox.net","message":"failed to process due to network exception."},{"id":"566f502f-c42e-4f1c-902e-1e0f8510cb1a","email":"isabella.jackson@amerisave.com","message":"failed to process due to datastore timeout of 30 seconds.  operation took 37 seconds."},{"id":"0e9bd986-7097-4f8e-9c66-8b7ca915f13e","email":"noah.sanchez@me.com","message":"successfully handled skipped operation."},{"id":"ebf9cf42-3165-4d4a-b7cd-a4faa8f26fea","email":"alexis.brown@microsoft.com","message":"successfully processed after 536 milliseconds."},{"id":"9be0c907-71cd-4f71-b535-54e588527884","email":"sophia.baker@dropbox.net","message":"failed to process due to network exception."},{"id":"af3f96ef-b4a6-4e64-bb25-aa271b399771","email":"andrew.miller@gmail.com","message":"successfully parsed message, but message temporarily enqueued while system restarts."},{"id":"c10785af-6edb-4b24-be89-d6474eb80eca","email":"alyssa.jones@amerisave.com","message":"failed to process due to datastore timeout of 30 seconds.  operation took 110 seconds."},{"id":"93c92430-c988-45d8-81e8-e557cd93a631","email":"mia.perez@me.com","message":"failed to process due to datastore timeout of 30 seconds.  operation took 36 seconds."},{"id":"7f133c5e-6c3c-4144-8a63-242e99e41123","email":"andrew.miller@gmail.com","message":"successfully parsed message, but message temporarily enqueued while system restarts."},{"id":"6989e7bb-6596-47f9-b014-8b1c3a447ace","email":"matthew.walker@amerisave.com","message":"successfully processed after 3007 milliseconds."},{"id":"9c700e2f-b644-458f-a0ed-7aa9bbacee39","email":"chloe.garcia@dropbox.net","message":"failed to process due to network exception."},{"id":"ba8b07aa-b7d9-4abd-9ad1-6a152883f232","email":"noah.sanchez@me.com","message":"failed to process due to network exception."},{"id":"b9c8815a-486b-4f45-b8c7-17cc387880c7","email":"dylan.wilson@gmail.com","message":"failed to process due to network exception."},{"id":"af817c1e-13cc-49c0-8aad-b1a5d89754f7","email":"noah.sanchez@me.com","message":"failed to process due to network exception."},{"id":"77f88795-641b-47dd-9799-8ab5e54cdb30","email":"ella.anderson@dropbox.net","message":"failed to process due to datastore timeout of 30 seconds.  operation took 80 seconds."},{"id":"a0b120a4-e23c-49cc-8298-806b266b60a4","email":"olivia.wright@gmail.com","message":"successfully processed after 9113 milliseconds."},{"id":"dca7c7cd-5b54-46fd-9057-55835c6e6fcd","email":"jack.thompson@me.com","message":"successfully parsed message, but message temporarily enqueued while system restarts."},{"id":"4aa183f1-92df-4ce2-b48c-72862180900f","email":"jack.thompson@me.com","message":"successfully processed after 7328 milliseconds."},{"id":"0f6f2e02-bd61-4d88-9c4f-1eb594f38cae","email":"isabella.jackson@amerisave.com","message":"successfully processed after 3743 milliseconds."},{"id":"7f28a260-96c5-45b1-a359-f518d49d931a","email":"elizabeth.martinez@dropbox.net","message":"failed to process due to network exception."},{"id":"87cc10a2-5c6a-43a5-a192-bbe8dc7d35e4","email":"logan.clark@dropbox.net","message":"failed to process due to network exception."},{"id":"bb298fbe-33c2-451d-ae09-596dd5a15d0b","email":"alexander.williams@gmail.com","message":"successfully parsed message, but message temporarily enqueued while system restarts."},{"id":"b9836ffc-e2c9-4420-8cd9-25c445dfae68","email":"matthew.walker@amerisave.com","message":"successfully parsed message, but message temporarily enqueued while system restarts."},{"id":"4c38a600-2a04-491f-bdfb-47e3d87d89ab","email":"taylor.adams@gmail.com","message":"successfully parsed message, but message temporarily enqueued while system restarts."},{"id":"87724ef7-abc8-4578-a3c2-f2881c9607a7","email":"alexis.brown@microsoft.com","message":"failed to process due to network exception."},{"id":"97e15185-3a7f-45fc-b3fb-08fbcea6e1f2","email":"alyssa.jones@amerisave.com","message":"failed to process due to datastore timeout of 30 seconds.  operation took 97 seconds."},{"id":"cf48fd4d-b0fd-4f13-a64a-7dabb06e73dd","email":"alyssa.jones@amerisave.com","message":"failed to process due to datastore timeout of 30 seconds.  operation took 85 seconds."},{"id":"a6069d3a-26fc-4ad3-96ae-a8868fb19f8c","email":"ella.anderson@dropbox.net","message":"failed to process due to datastore timeout of 30 seconds.  operation took 77 seconds."},{"id":"ec20bc29-a5f4-4b3a-8002-ad2e54ff94ae","email":"nathan.young@microsoft.com","message":"successfully handled skipped operation."},{"id":"c61958f8-84de-4f56-9ef5-ccf6185f17cd","email":"taylor.adams@gmail.com","message":"failed to process due to network exception."},{"id":"8f5b475c-776f-455f-81fd-ca4978b3d372","email":"grace.moore@gmail.com","message":"successfully parsed message, but message temporarily enqueued while system restarts."},{"id":"97d93ab3-48d8-4b25-b9df-15d2a9cb1532","email":"emma.thomas@me.com","message":"failed to process due to datastore timeout of 30 seconds.  operation took 73 seconds."},{"id":"51e5c38c-54a3-4516-a944-d7f7f5221c00","email":"emily.taylor@gmail.com","message":"successfully processed after 4753 milliseconds."},{"id":"219afefd-b6c7-43d6-a2ed-0ab55fc50c22","email":"grace.moore@gmail.com","message":"successfully parsed message, but message temporarily enqueued while system restarts."},{"id":"16823741-6d84-4eeb-8f51-8a9c8f1ce180","email":"madison.lewis@gmail.com","message":"failed to process due to datastore timeout of 30 seconds.  operation took 40 seconds."},{"id":"15114f2c-5e12-469a-9b86-8487512c24ed","email":"nathan.young@microsoft.com","message":"successfully handled skipped operation."},{"id":"56dbb12e-dcd8-4c54-a3a7-cc914d2e94ea","email":"noah.sanchez@me.com","message":"failed to process due to datastore timeout of 30 seconds.  operation took 64 seconds."},{"id":"6112eae6-6949-49f4-9065-8b503bdb2eaf","email":"sarah.green@amerisave.com","message":"successfully parsed message, but message temporarily enqueued while system restarts."},{"id":"115bf43e-91c8-42c2-8678-71e666a75ee5","email":"grace.moore@gmail.com","message":"failed to process due to network exception."},{"id":"fedb972d-0395-4640-9bcc-f139f1056b46","email":"jack.thompson@me.com","message":"successfully handled skipped operation."},{"id":"7fc2f139-1bcb-4deb-a507-32b725a1ee9f","email":"elizabeth.martinez@dropbox.net","message":"failed to process due to datastore timeout of 30 seconds.  operation took 56 seconds."},{"id":"75c665ff-665b-48f3-a08a-1a711cd27830","email":"ethan.hernandez@microsoft.com","message":"failed to process due to network exception."},{"id":"da45fa29-d8fc-4895-aaf8-283056fd1166","email":"jacob.lopez@dropbox.net","message":"successfully parsed message, but message temporarily enqueued while system restarts."},{"id":"f9ad6419-a4d5-4061-99f1-ab99abbde297","email":"alexis.brown@microsoft.com","message":"successfully parsed message, but message temporarily enqueued while system restarts."},{"id":"2e47e9a8-dddf-47cf-9ce6-44544b04dc3f","email":"mia.perez@me.com","message":"successfully parsed message, but message temporarily enqueued while system restarts."},{"id":"ea9d7db3-195e-424a-b92e-f9851ef40021","email":"andrew.miller@gmail.com","message":"successfully processed after 4120 milliseconds."},{"id":"3499f932-ab56-42c3-a842-f4a0b39a9cdc","email":"nicholas.allen@microsoft.com","message":"successfully processed after 5200 milliseconds."},{"id":"ffaabd4c-a95e-49ff-a6a8-ffe0d724764e","email":"jackson.white@gmail.com","message":"successfully parsed message, but message temporarily enqueued while system restarts."},{"id":"5298fd98-50d3-4416-8bcf-f320afad0fd2","email":"grace.moore@gmail.com","message":"successfully handled skipped operation."},{"id":"06c44444-4f71-4b34-9062-e52193c8c53b","email":"ethan.hernandez@microsoft.com","message":"successfully parsed message, but message temporarily enqueued while system restarts."},{"id":"3fdcaef5-99b3-4f0f-a7a6-b3d20d29d35c","email":"elizabeth.martinez@dropbox.net","message":"successfully handled skipped operation."},{"id":"ce1351df-0ace-4e59-80f5-41cf26687f25","email":"ethan.hernandez@microsoft.com","message":"failed to process due to network exception."},{"id":"63af83c9-3373-4191-a609-6d6de077fd47","email":"lily.harris@gmail.com","message":"successfully parsed message, but message temporarily enqueued while system restarts."},{"id":"5c890ac2-f8e2-43d9-a2c2-1e2180f268f8","email":"nathan.young@microsoft.com","message":"failed to process due to network exception."},{"id":"2a9bfa40-285a-4a16-afcc-affaf3c75aa9","email":"daniel.rodriguez@amerisave.com","message":"failed to process due to datastore timeout of 30 seconds.  operation took 87 seconds."},{"id":"e01ad042-47cb-4471-a21b-3f3c75f9c099","email":"mia.perez@me.com","message":"successfully parsed message, but message temporarily enqueued while system restarts."},{"id":"e436fdbb-0e90-4cc2-b608-22cd0e53e398","email":"jackson.white@gmail.com","message":"successfully parsed message, but message temporarily enqueued while system restarts."},{"id":"56fc970b-1a06-4540-a165-baee8ef64b60","email":"mia.perez@me.com","message":"failed to process due to network exception."},{"id":"3421035d-fdfe-4992-894a-d05704fd81ac","email":"jack.thompson@me.com","message":"successfully processed after 9870 milliseconds."},{"id":"4fc2c855-8269-4e50-b634-dea570e52cf7","email":"mia.perez@me.com","message":"successfully handled skipped operation."},{"id":"89fa4ba8-614e-4db3-a1c2-3832185f2d39","email":"ethan.hernandez@microsoft.com","message":"failed to process due to network exception."},{"id":"2ad42a67-f428-429b-8389-5afe6b471225","email":"matthew.walker@amerisave.com","message":"successfully handled skipped operation."},{"id":"7c48537b-5cdc-4da3-bbd2-e1efe6f9db50","email":"ryan.king@dropbox.net","message":"successfully parsed message, but message temporarily enqueued while system restarts."},{"id":"1165f9ad-a1d6-41d8-b5b5-6abe58be698d","email":"abigail.smith@amerisave.com","message":"failed to process due to datastore timeout of 30 seconds.  operation took 64 seconds."},{"id":"0808f668-9fbf-4387-b258-8d72ff53b216","email":"lily.harris@gmail.com","message":"successfully handled skipped operation."},{"id":"c55fe16b-5ca8-4265-b077-123c59d8a410","email":"matthew.walker@amerisave.com","message":"failed to process due to network exception."},{"id":"854073ff-ccc1-4be7-9e6b-ff297db8ea5c","email":"mason.robinson@amerisave.com","message":"failed to process due to network exception."},{"id":"aded57b0-44da-4e95-a8b4-a61919afbffc","email":"jackson.white@gmail.com","message":"failed to process due to network exception."},{"id":"9c20d86e-02a9-49d0-9236-2060ded16fe4","email":"logan.clark@dropbox.net","message":"successfully processed after 4361 milliseconds."},{"id":"e0be4600-78d8-42b9-99e0-37371857366d","email":"michael.hall@dropbox.net","message":"failed to process due to datastore timeout of 30 seconds.  operation took 120 seconds."},{"id":"7eb336f3-b93e-47c7-9af4-88d5aeefd88e","email":"mason.robinson@amerisave.com","message":"failed to process due to datastore timeout of 30 seconds.  operation took 94 seconds."},{"id":"d89fb6fa-0298-4288-92b8-01e75f53564e","email":"sarah.green@amerisave.com","message":"successfully parsed message, but message temporarily enqueued while system restarts."},{"id":"28904ae1-7390-4bc4-a512-08ad800e4a77","email":"taylor.adams@gmail.com","message":"failed to process due to network exception."},{"id":"ebdfb3f8-12ec-40b1-9fd3-0c8d67aad801","email":"noah.sanchez@me.com","message":"successfully handled skipped operation."},{"id":"f55a254c-418c-47ee-9f6d-7fd2cc0add87","email":"lily.harris@gmail.com","message":"successfully parsed message, but message temporarily enqueued while system restarts."},{"id":"76b61b09-cce7-495f-a542-22f309d12a17","email":"isabella.jackson@amerisave.com","message":"failed to process due to network exception."},{"id":"de148262-82cd-4464-b93a-d2f0ab8f8fa6","email":"alexis.brown@microsoft.com","message":"successfully handled skipped operation."},{"id":"54d0065e-ecc0-4f42-9836-4212d063e4b9","email":"jack.thompson@me.com","message":"failed to process due to datastore timeout of 30 seconds.  operation took 78 seconds."},{"id":"fde383aa-1991-4cb7-af20-1f38ca388b83","email":"mason.robinson@amerisave.com","message":"successfully parsed message, but message temporarily enqueued while system restarts."},{"id":"bdab71a3-c17b-46c2-9a34-1008c687382e","email":"daniel.rodriguez@amerisave.com","message":"successfully parsed message, but message temporarily enqueued while system restarts."},{"id":"fd471daf-27e6-4fde-a558-13a497ca5dc2","email":"mason.robinson@amerisave.com","message":"successfully processed after 4032 milliseconds."},{"id":"fd2f7f89-195e-4305-bd2d-b8faa9b4e80f","email":"sophia.baker@dropbox.net","message":"successfully handled skipped operation."},{"id":"809a7156-6793-4933-a680-e3fe8907434a","email":"madison.lewis@gmail.com","message":"successfully parsed message, but message temporarily enqueued while system restarts."},{"id":"96aba5bd-6a4f-4972-a10f-4a9ad09ebf7d","email":"jack.thompson@me.com","message":"successfully parsed message, but message temporarily enqueued while system restarts."},{"id":"d9b44e2d-4ae8-4768-a243-7638d7682fe2","email":"jackson.white@gmail.com","message":"successfully parsed message, but message temporarily enqueued while system restarts."},{"id":"e5e7c60e-9293-4fa6-8634-0a030dacdaf6","email":"alexis.brown@microsoft.com","message":"successfully parsed message, but message temporarily enqueued while system restarts."},{"id":"136dd3a7-86e8-47a6-9a0e-5ded26c9fcfd","email":"nathan.young@microsoft.com","message":"failed to process due to network exception."},{"id":"d689c969-743e-41cf-a157-961eb0664a96","email":"joshua.lee@gmail.com","message":"failed to process due to network exception."},{"id":"fac20583-1358-4ce8-a359-0d1a081bb49f","email":"joshua.lee@gmail.com","message":"successfully parsed message, but message temporarily enqueued while system restarts."},{"id":"b4aa7762-66e0-4bec-81e8-49cc83605e5e","email":"ryan.king@dropbox.net","message":"failed to process due to datastore timeout of 30 seconds.  operation took 125 seconds."},{"id":"06692dfe-3f29-4190-b05c-6b2d2497e640","email":"alexander.williams@gmail.com","message":"successfully handled skipped operation."},{"id":"017d0d0a-5b69-4893-8a0b-a6691e6236b8","email":"grace.moore@gmail.com","message":"successfully processed after 9453 milliseconds."},{"id":"c572676c-e793-4b7b-b916-2b1b607f0221","email":"alexander.williams@gmail.com","message":"successfully parsed message, but message temporarily enqueued while system restarts."},{"id":"f8b10fa2-4313-4b11-affc-d8f37d85f022","email":"chloe.garcia@dropbox.net","message":"successfully processed after 669 milliseconds."},{"id":"5be9f6eb-77d4-4d38-9467-a5975ef9a4fa","email":"andrew.miller@gmail.com","message":"failed to process due to datastore timeout of 30 seconds.  operation took 83 seconds."},{"id":"7f7e485e-13e7-416b-bfaa-04b4fd03bc66","email":"joshua.lee@gmail.com","message":"successfully parsed message, but message temporarily enqueued while system restarts."},{"id":"8e1b4ea4-c9db-4684-8f58-9c9e2c9945f0","email":"olivia.wright@gmail.com","message":"successfully parsed message, but message temporarily enqueued while system restarts."},{"id":"0c9b408b-cbfd-4258-9ba0-17947a810a47","email":"emma.thomas@me.com","message":"failed to process due to datastore timeout of 30 seconds.  operation took 92 seconds."},{"id":"5f7d60c7-6a8b-40ef-89cb-1d1cfc546785","email":"nathan.young@microsoft.com","message":"successfully processed after 2737 milliseconds."},{"id":"4033c188-5855-4832-a233-aec7ee0393b4","email":"michael.hall@dropbox.net","message":"successfully parsed message, but message temporarily enqueued while system restarts."},{"id":"260e116d-c93f-4ee4-8be5-debdf64593f9","email":"madison.lewis@gmail.com","message":"successfully handled skipped operation."},{"id":"4568c036-bc2a-4e45-b766-817cae6cf76a","email":"ethan.hernandez@microsoft.com","message":"failed to process due to network exception."},{"id":"1a709503-656c-4436-953b-1250dc29b43f","email":"alyssa.jones@amerisave.com","message":"successfully handled skipped operation."},{"id":"812224be-74f9-4511-a519-a75a023372a1","email":"taylor.adams@gmail.com","message":"failed to process due to network exception."},{"id":"78417137-3797-4de6-aa21-e33769c47ceb","email":"grace.moore@gmail.com","message":"successfully handled skipped operation."},{"id":"8ee9d5e8-193b-4b58-943c-d984295ae10c","email":"matthew.walker@amerisave.com","message":"failed to process due to network exception."},{"id":"78fd6db4-183c-470e-8607-a55b56ed346e","email":"daniel.rodriguez@amerisave.com","message":"successfully processed after 3406 milliseconds."},{"id":"d201e31f-c7ab-482c-9028-8c508defe18b","email":"ella.anderson@dropbox.net","message":"failed to process due to network exception."},{"id":"fdd5c9d5-2611-44ed-a1b5-215ba6cb9984","email":"nathan.young@microsoft.com","message":"failed to process due to network exception."},{"id":"27eb43dc-0361-47db-9db0-bc7c645b0644","email":"abigail.smith@amerisave.com","message":"successfully handled skipped operation."},{"id":"2a9a5265-5351-4778-a7a8-f498c3524e04","email":"noah.sanchez@me.com","message":"failed to process due to network exception."},{"id":"a7c61d85-b976-483f-9d2a-d7766def8e0e","email":"ella.anderson@dropbox.net","message":"successfully handled skipped operation."},{"id":"5895af53-778c-4803-86b4-54eb85e0c511","email":"madison.lewis@gmail.com","message":"failed to process due to datastore timeout of 30 seconds.  operation took 86 seconds."},{"id":"e238eef9-f3bf-4e93-9b5b-cc2329011a31","email":"sarah.green@amerisave.com","message":"successfully handled skipped operation."},{"id":"b6a5dd25-6297-4359-85c2-4af1bc6b2c51","email":"ethan.hernandez@microsoft.com","message":"successfully handled skipped operation."},{"id":"1e866e24-32a0-45fb-98bc-781c488b9a01","email":"mia.perez@me.com","message":"successfully processed after 6716 milliseconds."},{"id":"7c12fbfc-7408-403c-8a78-b0e2b3b00344","email":"olivia.wright@gmail.com","message":"failed to process due to datastore timeout of 30 seconds.  operation took 67 seconds."},{"id":"d32460b1-1ccf-40b2-9328-f99ea79cc5db","email":"sarah.green@amerisave.com","message":"failed to process due to datastore timeout of 30 seconds.  operation took 34 seconds."},{"id":"1e6e3b92-666b-49e5-a02b-210de45438d5","email":"ethan.hernandez@microsoft.com","message":"successfully parsed message, but message temporarily enqueued while system restarts."},{"id":"dc31a500-6afd-4fc3-90c7-9deed98035d9","email":"alexis.brown@microsoft.com","message":"successfully parsed message, but message temporarily enqueued while system restarts."},{"id":"5fdb4f3a-09a5-49c4-9087-efecfe083e49","email":"alexis.brown@microsoft.com","message":"failed to process due to datastore timeout of 30 seconds.  operation took 44 seconds."},{"id":"a26378a7-b3cb-4c80-a452-a8240e8ec61b","email":"sophia.baker@dropbox.net","message":"successfully handled skipped operation."},{"id":"1ac8a87a-f400-49ab-bac3-1b2e642c840a","email":"sarah.green@amerisave.com","message":"failed to process due to network exception."},{"id":"9a48efcc-7eae-443e-9b91-44c6c07777cd","email":"emily.taylor@gmail.com","message":"successfully processed after 3208 milliseconds."},{"id":"604f2c0d-3349-472e-acfb-0c84bab401e6","email":"noah.sanchez@me.com","message":"failed to process due to datastore timeout of 30 seconds.  operation took 63 seconds."},{"id":"2f2adddf-7e7b-47f9-a2ff-96db28134f47","email":"jackson.white@gmail.com","message":"successfully parsed message, but message temporarily enqueued while system restarts."},{"id":"e932aea5-1c60-4a11-9d4b-be2a8676163b","email":"madison.lewis@gmail.com","message":"successfully processed after 6914 milliseconds."},{"id":"9c1b68e9-6efe-423b-8877-664eac697882","email":"ella.anderson@dropbox.net","message":"successfully processed after 3487 milliseconds."},{"id":"2c5afa3f-2e44-4810-a778-1973698c2a40","email":"sarah.green@amerisave.com","message":"successfully processed after 5794 milliseconds."},{"id":"46cd5bdf-b021-4731-b768-18287aac29a2","email":"alexis.brown@microsoft.com","message":"successfully parsed message, but message temporarily enqueued while system restarts."},{"id":"303ec647-597f-469b-aa5b-a6d122a544c2","email":"sarah.green@amerisave.com","message":"failed to process due to network exception."},{"id":"e4d3c27d-2c83-4e75-a1ba-2ee52530cda0","email":"olivia.wright@gmail.com","message":"failed to process due to network exception."},{"id":"652f32f0-64d1-4947-9edf-bf6e2f144718","email":"dylan.wilson@gmail.com","message":"failed to process due to network exception."},{"id":"5b60141e-68e4-41e0-a43a-cd9861401c94","email":"abigail.smith@amerisave.com","message":"failed to process due to datastore timeout of 30 seconds.  operation took 108 seconds."},{"id":"af9b27a0-c2a6-48c3-bc18-bbb6e1c6b2a3","email":"mason.robinson@amerisave.com","message":"successfully processed after 9448 milliseconds."},{"id":"665bda9b-91a0-4bf0-8f13-1d2aae8e3a8f","email":"grace.moore@gmail.com","message":"failed to process due to network exception."},{"id":"f06a76a6-46b6-4fb2-aacb-7a26bb639b2b","email":"nathan.young@microsoft.com","message":"successfully processed after 3289 milliseconds."},{"id":"9a044293-6d21-4cca-8839-2d743a0a7fee","email":"alexis.brown@microsoft.com","message":"successfully processed after 2364 milliseconds."},{"id":"56db1468-d458-4d06-8b4a-d557e17bfedb","email":"grace.moore@gmail.com","message":"successfully parsed message, but message temporarily enqueued while system restarts."},{"id":"6c0f63c3-2ef6-4f41-950a-a4beee4b6ddd","email":"dylan.wilson@gmail.com","message":"successfully processed after 7629 milliseconds."},{"id":"5a7aad16-a97b-4292-b838-f0d82a54dff8","email":"emily.taylor@gmail.com","message":"successfully handled skipped operation."},{"id":"0af45926-ac3c-45ae-a536-dd06f58d9f05","email":"jackson.white@gmail.com","message":"successfully handled skipped operation."},{"id":"40430f91-29d9-47c4-af4c-c4e2336d244d","email":"samantha.scott@me.com","message":"successfully handled skipped operation."},{"id":"ed0a5d75-bfd8-41c3-8bb1-4d56d57ec368","email":"nathan.young@microsoft.com","message":"successfully parsed message, but message temporarily enqueued while system restarts."},{"id":"e3adbc93-2bf5-42e3-aee0-fe313ba701a1","email":"jack.thompson@me.com","message":"successfully handled skipped operation."},{"id":"279aa9eb-1752-4585-9953-86f4e924050a","email":"taylor.adams@gmail.com","message":"successfully processed after 4133 milliseconds."},{"id":"b5b81519-9dcc-4a8b-939a-855d789e06b4","email":"abigail.smith@amerisave.com","message":"successfully parsed message, but message temporarily enqueued while system restarts."},{"id":"e5944c62-0058-4b0a-aa41-8b3de6d783d8","email":"ella.anderson@dropbox.net","message":"failed to process due to datastore timeout of 30 seconds.  operation took 97 seconds."},{"id":"b30da0f6-8ef6-443d-a199-43b4cd4ec22b","email":"emma.thomas@me.com","message":"failed to process due to network exception."},{"id":"f524ac1e-fe9c-462d-a34a-08754b9ac332","email":"michael.hall@dropbox.net","message":"successfully processed after 6526 milliseconds."},{"id":"0e7ca921-93fa-4141-ab4e-f7d37cd57634","email":"matthew.walker@amerisave.com","message":"successfully handled skipped operation."},{"id":"4e06b5c9-268c-4359-b3c1-b1bb360528bd","email":"jack.thompson@me.com","message":"successfully processed after 8435 milliseconds."},{"id":"52761aab-de61-427c-b196-31c9f095a280","email":"abigail.smith@amerisave.com","message":"successfully parsed message, but message temporarily enqueued while system restarts."},{"id":"c4a0903a-63b5-4cc0-9a7d-84c4d5d6168e","email":"emma.thomas@me.com","message":"successfully parsed message, but message temporarily enqueued while system restarts."},{"id":"17b315bc-baf5-4733-b5c5-f2d819bc7d81","email":"hannah.martin@dropbox.net","message":"failed to process due to datastore timeout of 30 seconds.  operation took 56 seconds."},{"id":"72f8567b-f576-4e4d-beb9-f7b38bd44d1d","email":"nathan.young@microsoft.com","message":"failed to process due to datastore timeout of 30 seconds.  operation took 35 seconds."},{"id":"3da64581-f40e-4599-8693-a9cb7a167828","email":"jack.thompson@me.com","message":"successfully parsed message, but message temporarily enqueued while system restarts."},{"id":"f42a073a-b025-4858-aae4-c64767a00cc1","email":"andrew.miller@gmail.com","message":"failed to process due to datastore timeout of 30 seconds.  operation took 96 seconds."},{"id":"489e0ef0-7fbd-447c-ba3b-943b19fab5c7","email":"hannah.martin@dropbox.net","message":"successfully parsed message, but message temporarily enqueued while system restarts."},{"id":"8a0d6aaa-b794-4778-91f8-5cc328d691ac","email":"nicholas.allen@microsoft.com","message":"failed to process due to datastore timeout of 30 seconds.  operation took 106 seconds."},{"id":"d2d9a535-b72f-49f7-8905-6ee39688a496","email":"tyler.nelson@microsoft.com","message":"successfully parsed message, but message temporarily enqueued while system restarts."},{"id":"18f0b5e5-ce2f-4e74-9e82-a4f4db7d804a","email":"joshua.lee@gmail.com","message":"successfully processed after 7302 milliseconds."},{"id":"ffb04584-80e1-4369-8386-d9264b1c1a6a","email":"jack.thompson@me.com","message":"failed to process due to network exception."},{"id":"9f02e968-c84e-4535-b156-5fc333d2bd72","email":"aiden.johnson@microsoft.com","message":"successfully handled skipped operation."},{"id":"b0fb540f-33b3-482f-a356-e27d45c6e765","email":"andrew.miller@gmail.com","message":"failed to process due to network exception."},{"id":"400d2fa5-d561-454e-8948-6f511b110ca1","email":"dylan.wilson@gmail.com","message":"failed to process due to datastore timeout of 30 seconds.  operation took 98 seconds."},{"id":"ea5d2d47-3bdf-4bb1-a163-c42f64d2244a","email":"sophia.baker@dropbox.net","message":"failed to process due to network exception."},{"id":"6269dbea-c7a6-458b-8073-bd0892bb7d6f","email":"andrew.miller@gmail.com","message":"failed to process due to network exception."},{"id":"1bc3d9a1-e91a-48f6-9656-f52c9509aec0","email":"noah.sanchez@me.com","message":"failed to process due to datastore timeout of 30 seconds.  operation took 94 seconds."},{"id":"f989057e-2e67-4c12-850a-716b600d7d58","email":"alexis.brown@microsoft.com","message":"failed to process due to network exception."},{"id":"86074564-71a8-488a-8715-f6938d5628da","email":"emma.thomas@me.com","message":"failed to process due to datastore timeout of 30 seconds.  operation took 80 seconds."},{"id":"a3b3914b-080f-494f-bc7b-0f6eb0f97d06","email":"aiden.johnson@microsoft.com","message":"successfully handled skipped operation."},{"id":"9c1e67a2-2e5a-4621-a43d-3772161bbd80","email":"isabella.jackson@amerisave.com","message":"failed to process due to network exception."},{"id":"94c7936f-29a9-482c-a5f0-5ca36907f23b","email":"jacob.lopez@dropbox.net","message":"successfully processed after 4964 milliseconds."},{"id":"b0ed1a6e-b87f-4c13-8ac2-8306081fa9fd","email":"alyssa.jones@amerisave.com","message":"successfully parsed message, but message temporarily enqueued while system restarts."},{"id":"a863776a-6d8f-4621-860f-f00811bd0bff","email":"ethan.hernandez@microsoft.com","message":"successfully handled skipped operation."},{"id":"4cea6541-38de-458c-96de-91c1813bc5f0","email":"logan.clark@dropbox.net","message":"failed to process due to network exception."},{"id":"fda9d1fc-518a-4c3c-8df7-923a827f1982","email":"dylan.wilson@gmail.com","message":"failed to process due to network exception."},{"id":"70b9617a-7505-4dcf-b13c-d3dbe8668a9b","email":"michael.hall@dropbox.net","message":"failed to process due to network exception."},{"id":"ba3b58c7-b195-4e5b-be05-f2870fbe223f","email":"alexander.williams@gmail.com","message":"failed to process due to network exception."},{"id":"c0f38350-a61f-48bc-9f07-fe0ac857d54c","email":"nicholas.allen@microsoft.com","message":"successfully processed after 40 milliseconds."},{"id":"e5feabb5-fcc5-4963-9b35-cbaabdfe679a","email":"joshua.lee@gmail.com","message":"successfully parsed message, but message temporarily enqueued while system restarts."},{"id":"ebc699c5-e415-44fe-b3d6-bae684de496d","email":"nicholas.allen@microsoft.com","message":"failed to process due to network exception."},{"id":"8dce53a4-0263-481f-ba14-3a4ce8bb7a86","email":"michael.hall@dropbox.net","message":"successfully parsed message, but message temporarily enqueued while system restarts."},{"id":"f80c8576-f271-43ca-8c4f-2fe20fae997c","email":"olivia.wright@gmail.com","message":"successfully processed after 6972 milliseconds."},{"id":"80d68718-f62c-4c7a-8d9d-bb1f9dee3146","email":"abigail.smith@amerisave.com","message":"successfully processed after 3649 milliseconds."},{"id":"e3bf70c8-1c7c-432f-8f1b-3b4c27473933","email":"isabella.jackson@amerisave.com","message":"successfully processed after 8230 milliseconds."},{"id":"1eec1bef-da94-4105-b189-b5755c239928","email":"nicholas.allen@microsoft.com","message":"successfully handled skipped operation."},{"id":"8e136c2f-17ee-42c4-abc9-3927cd39b275","email":"alyssa.jones@amerisave.com","message":"successfully handled skipped operation."},{"id":"3f741bf4-fdb4-48f4-a1be-28d82050f9d0","email":"grace.moore@gmail.com","message":"failed to process due to datastore timeout of 30 seconds.  operation took 127 seconds."},{"id":"7a860672-8432-40e5-8e1d-85dc0bdea315","email":"olivia.wright@gmail.com","message":"failed to process due to datastore timeout of 30 seconds.  operation took 46 seconds."},{"id":"f1581a64-5310-40cc-bc7e-acb4908abc4f","email":"mia.perez@me.com","message":"successfully handled skipped operation."},{"id":"2ee232fb-7488-4e29-864b-cdc5190dd78a","email":"tyler.nelson@microsoft.com","message":"failed to process due to datastore timeout of 30 seconds.  operation took 122 seconds."},{"id":"cf243e3d-307a-4b29-99a4-7baa5f19e053","email":"mia.perez@me.com","message":"successfully parsed message, but message temporarily enqueued while system restarts."},{"id":"f6aeb436-191f-4612-a905-15545bfcca6c","email":"nathan.young@microsoft.com","message":"successfully handled skipped operation."},{"id":"77c06ea7-fb56-4dec-87cb-82b991edd118","email":"grace.moore@gmail.com","message":"failed to process due to network exception."},{"id":"7ada5e7d-dc4d-4995-8066-2a4ea3a15f1c","email":"ava.davis@gmail.com","message":"successfully parsed message, but message temporarily enqueued while system restarts."},{"id":"46583778-4008-45ca-ad40-ac7310b269fc","email":"sophia.baker@dropbox.net","message":"successfully parsed message, but message temporarily enqueued while system restarts."},{"id":"c48f3aa3-f0ff-458c-b170-ea971e62b0b1","email":"taylor.adams@gmail.com","message":"successfully processed after 1143 milliseconds."},{"id":"ed84d008-4fac-4a47-9779-c26544e5c73c","email":"emily.taylor@gmail.com","message":"successfully processed after 8991 milliseconds."},{"id":"9ca4298c-3aa6-4539-be67-aa2dc089144f","email":"mason.robinson@amerisave.com","message":"successfully parsed message, but message temporarily enqueued while system restarts."},{"id":"d254a812-2506-4ae8-8b1c-613b01d48701","email":"michael.hall@dropbox.net","message":"successfully processed after 8529 milliseconds."},{"id":"af1c7419-48ab-4c70-acf1-65c16002e020","email":"lily.harris@gmail.com","message":"failed to process due to datastore timeout of 30 seconds.  operation took 96 seconds."},{"id":"ca8ddcca-f818-4581-afeb-a872b554735e","email":"abigail.smith@amerisave.com","message":"successfully handled skipped operation."},{"id":"9f111c7b-0aff-4979-9518-e14e5b21e7da","email":"alyssa.jones@amerisave.com","message":"successfully processed after 1031 milliseconds."},{"id":"8d634827-01c8-48a6-82ed-bbf04928e2ef","email":"ella.anderson@dropbox.net","message":"successfully processed after 4377 milliseconds."},{"id":"ed9c0abf-be1c-4971-9934-38dff5036224","email":"matthew.walker@amerisave.com","message":"successfully processed after 2528 milliseconds."},{"id":"b2538121-84ae-4925-9206-32d46efa7e46","email":"alexander.williams@gmail.com","message":"successfully parsed message, but message temporarily enqueued while system restarts."},{"id":"d9608534-5154-4b0c-96b3-abdb54e0030d","email":"tyler.nelson@microsoft.com","message":"successfully processed after 8482 milliseconds."},{"id":"f0914e71-5adf-4d0f-89a6-91f5e39c8f67","email":"sophia.baker@dropbox.net","message":"failed to process due to datastore timeout of 30 seconds.  operation took 93 seconds."},{"id":"8c9d5356-0746-4539-bdb9-780d74b38800","email":"logan.clark@dropbox.net","message":"successfully handled skipped operation."},{"id":"b6ae3f71-872d-4fc6-a252-54b369be464a","email":"michael.hall@dropbox.net","message":"failed to process due to datastore timeout of 30 seconds.  operation took 121 seconds."},{"id":"821df2da-4ce9-439c-92f0-f105f1168e07","email":"ella.anderson@dropbox.net","message":"failed to process due to datastore timeout of 30 seconds.  operation took 31 seconds."},{"id":"6f407652-aa1b-4cd3-b153-2b27c7fd1409","email":"dylan.wilson@gmail.com","message":"successfully processed after 6103 milliseconds."},{"id":"f04894fc-ceb6-4f2a-9c0f-6b7e24e79ce9","email":"taylor.adams@gmail.com","message":"failed to process due to datastore timeout of 30 seconds.  operation took 79 seconds."},{"id":"51af7e63-1aca-480b-9127-e698286f1f66","email":"jackson.white@gmail.com","message":"successfully handled skipped operation."},{"id":"beb8c24c-8623-4f6a-be34-b2c87b41ca9d","email":"mason.robinson@amerisave.com","message":"failed to process due to network exception."},{"id":"93f70224-c779-491a-8f52-0e79fdbaaaea","email":"elizabeth.martinez@dropbox.net","message":"successfully handled skipped operation."},{"id":"f38bfcbf-383d-4417-bb93-0c4df857abc6","email":"isabella.jackson@amerisave.com","message":"successfully handled skipped operation."},{"id":"0a27b1c5-778a-446c-bc0a-ff07a83864c7","email":"michael.hall@dropbox.net","message":"successfully handled skipped operation."},{"id":"ad883ead-6202-4ea2-84e5-c4f124ed8b81","email":"aiden.johnson@microsoft.com","message":"successfully processed after 6277 milliseconds."},{"id":"8b2892db-6ca0-4a89-a67a-f35c8093aa6c","email":"noah.sanchez@me.com","message":"failed to process due to datastore timeout of 30 seconds.  operation took 57 seconds."},{"id":"dfc2e3cb-bf4c-4ef8-adaf-4af78f74cee4","email":"lily.harris@gmail.com","message":"successfully parsed message, but message temporarily enqueued while system restarts."},{"id":"9813e0e5-5806-4774-811e-396856edfe4d","email":"emily.taylor@gmail.com","message":"successfully handled skipped operation."},{"id":"5a494e47-7c97-46f5-b365-a89b9ba9929c","email":"alyssa.jones@amerisave.com","message":"failed to process due to network exception."},{"id":"70a95e0f-9cfe-4e01-b24a-72627a1cc0b8","email":"joshua.lee@gmail.com","message":"successfully processed after 7856 milliseconds."},{"id":"040392c5-d043-4709-868d-2fe034acdcba","email":"mia.perez@me.com","message":"successfully processed after 5919 milliseconds."},{"id":"103bf42f-b423-41d9-996f-465d14c5453f","email":"elizabeth.martinez@dropbox.net","message":"failed to process due to datastore timeout of 30 seconds.  operation took 87 seconds."},{"id":"840dc5c9-9fed-49ef-8bd0-56e37564a39d","email":"madison.lewis@gmail.com","message":"failed to process due to network exception."},{"id":"98d16cfc-a051-4f02-b964-c75a7e3c7048","email":"ella.anderson@dropbox.net","message":"successfully parsed message, but message temporarily enqueued while system restarts."},{"id":"ec77d5d4-6579-4a7b-a1b6-d785aa777f11","email":"ella.anderson@dropbox.net","message":"failed to process due to datastore timeout of 30 seconds.  operation took 44 seconds."},{"id":"fe714303-cf09-4ba4-8659-0f637c43d49a","email":"samantha.scott@me.com","message":"successfully parsed message, but message temporarily enqueued while system restarts."},{"id":"490356bc-b9f3-4e47-b505-3ce969a9c402","email":"hannah.martin@dropbox.net","message":"failed to process due to datastore timeout of 30 seconds.  operation took 96 seconds."},{"id":"fc6e6575-12f2-49a2-91e6-6c4599d233ed","email":"abigail.smith@amerisave.com","message":"successfully processed after 5534 milliseconds."},{"id":"5544da8b-ab69-4e01-9158-6b13f69070cb","email":"emma.thomas@me.com","message":"successfully processed after 2790 milliseconds."},{"id":"aee2af61-9ce7-4058-ba77-d8c01e88f9a7","email":"isabella.jackson@amerisave.com","message":"successfully parsed message, but message temporarily enqueued while system restarts."},{"id":"78018efa-0134-43eb-9ef9-fc0776145dbe","email":"samantha.scott@me.com","message":"successfully processed after 2122 milliseconds."},{"id":"2283f105-334a-4ab9-9076-11ceb12dcb97","email":"tyler.nelson@microsoft.com","message":"failed to process due to datastore timeout of 30 seconds.  operation took 40 seconds."},{"id":"21d4bb13-cf70-4e1a-b6ca-fd4df790d087","email":"samantha.scott@me.com","message":"failed to process due to datastore timeout of 30 seconds.  operation took 112 seconds."},{"id":"c4c0d7a0-18d2-4195-8896-612dffd3066f","email":"emma.thomas@me.com","message":"failed to process due to datastore timeout of 30 seconds.  operation took 70 seconds."},{"id":"4622f11a-b843-4ee1-8e84-277835fd7c81","email":"jackson.white@gmail.com","message":"failed to process due to datastore timeout of 30 seconds.  operation took 40 seconds."},{"id":"00856392-5e2f-459d-85b2-ed2fbc295c8e","email":"isabella.jackson@amerisave.com","message":"failed to process due to datastore timeout of 30 seconds.  operation took 118 seconds."},{"id":"87ae9465-cfba-4c80-86f1-a68a551a912c","email":"joshua.lee@gmail.com","message":"failed to process due to datastore timeout of 30 seconds.  operation took 101 seconds."},{"id":"4ddf34e3-cdfa-46d9-9162-3f88f1b914ce","email":"samantha.scott@me.com","message":"failed to process due to network exception."},{"id":"ce2b8fd6-8599-4545-a71e-d488ef3cbe74","email":"mason.robinson@amerisave.com","message":"successfully processed after 3643 milliseconds."},{"id":"1e4aeabe-8874-471c-96cb-0fc7cd511038","email":"sarah.green@amerisave.com","message":"successfully handled skipped operation."},{"id":"85bab204-dd9a-47dc-9f4e-a3200cd38ced","email":"alexis.brown@microsoft.com","message":"successfully handled skipped operation."},{"id":"10d50700-dd38-4dd8-9b4f-fe28c9eebaed","email":"sophia.baker@dropbox.net","message":"successfully parsed message, but message temporarily enqueued while system restarts."},{"id":"97d2fa00-d089-4a33-b1c2-b38b24d5dd7b","email":"alexis.brown@microsoft.com","message":"successfully parsed message, but message temporarily enqueued while system restarts."},{"id":"9faff0f0-67f1-4dc4-8a11-c21d8f767e14","email":"ella.anderson@dropbox.net","message":"successfully parsed message, but message temporarily enqueued while system restarts."},{"id":"b62e01d1-f612-4826-a294-50dfbe32c08c","email":"michael.hall@dropbox.net","message":"successfully processed after 5017 milliseconds."},{"id":"6328baf8-cff6-4b95-95fe-df23356e121d","email":"olivia.wright@gmail.com","message":"failed to process due to network exception."},{"id":"5455f661-a7b1-4563-ae4c-4a7963ae8843","email":"ava.davis@gmail.com","message":"failed to process due to datastore timeout of 30 seconds.  operation took 72 seconds."},{"id":"dd7c9443-9b0f-45c3-8f07-9b7caa4d966d","email":"nathan.young@microsoft.com","message":"failed to process due to network exception."},{"id":"77c7c465-ce11-4f70-b01e-0edcc55e0428","email":"lily.harris@gmail.com","message":"successfully parsed message, but message temporarily enqueued while system restarts."},{"id":"b4ca8717-471d-4435-96e7-b949fa3fc257","email":"dylan.wilson@gmail.com","message":"failed to process due to network exception."},{"id":"49ea17f8-4aff-4d51-b063-de6f98fa7b73","email":"ava.davis@gmail.com","message":"failed to process due to datastore timeout of 30 seconds.  operation took 63 seconds."},{"id":"005dbf2b-8fbe-44f9-beca-06f9d3c6981b","email":"dylan.wilson@gmail.com","message":"successfully handled skipped operation."},{"id":"e0a9b94e-790f-45b6-9867-587cfc180640","email":"mia.perez@me.com","message":"successfully parsed message, but message temporarily enqueued while system restarts."},{"id":"65a7983e-1db7-404e-a1ad-e56083749ff1","email":"jacob.lopez@dropbox.net","message":"failed to process due to datastore timeout of 30 seconds.  operation took 94 seconds."},{"id":"ecdd7532-4c42-4d73-a521-b460cd11e931","email":"liam.gonzalez@me.com","message":"failed to process due to network exception."},{"id":"f9327d74-ab2a-4809-b855-82ad00a784ad","email":"dylan.wilson@gmail.com","message":"failed to process due to datastore timeout of 30 seconds.  operation took 120 seconds."},{"id":"d8fa0bf3-a57c-42fd-a59e-42aa8230f5bf","email":"tyler.nelson@microsoft.com","message":"successfully handled skipped operation."},{"id":"50cf68c5-3770-4d45-9598-b967cd6fad5d","email":"nathan.young@microsoft.com","message":"failed to process due to network exception."},{"id":"881d5a46-b81f-4b59-b7d0-0dcea4c83c75","email":"jackson.white@gmail.com","message":"successfully handled skipped operation."},{"id":"a9dc72a7-3eba-45cb-8f79-a184b671e573","email":"tyler.nelson@microsoft.com","message":"failed to process due to network exception."},{"id":"afb02cff-13cb-4e85-b125-3d3e24124d0f","email":"aiden.johnson@microsoft.com","message":"successfully handled skipped operation."},{"id":"3dfcde43-1c57-4232-8095-966b798c8ee9","email":"nicholas.allen@microsoft.com","message":"failed to process due to datastore timeout of 30 seconds.  operation took 77 seconds."},{"id":"253aa1dc-f151-4435-98b3-dc1c29960d75","email":"matthew.walker@amerisave.com","message":"failed to process due to network exception."},{"id":"59a32439-fee7-48ae-ad7d-7ad9ef70b685","email":"alexis.brown@microsoft.com","message":"failed to process due to network exception."},{"id":"d6e275eb-7682-4f26-99c0-b29edf10a5c6","email":"sophia.baker@dropbox.net","message":"successfully processed after 6877 milliseconds."},{"id":"ff277ebf-4786-4574-9a1c-251e74facc11","email":"grace.moore@gmail.com","message":"successfully processed after 7652 milliseconds."},{"id":"b8f1e62f-eaf6-4626-97e0-8aec4dca799f","email":"sophia.baker@dropbox.net","message":"failed to process due to datastore timeout of 30 seconds.  operation took 78 seconds."},{"id":"b2d18b33-2ef6-4bb4-b199-e3765757e4eb","email":"elizabeth.martinez@dropbox.net","message":"failed to process due to datastore timeout of 30 seconds.  operation took 44 seconds."},{"id":"97cea717-63f1-46f6-be33-80f871e624e3","email":"jackson.white@gmail.com","message":"successfully handled skipped operation."},{"id":"462c25cb-5198-4bef-a4a3-26d944f69740","email":"emma.thomas@me.com","message":"failed to process due to network exception."},{"id":"eb55b8b8-5774-4d91-b648-e6e2cdada6d7","email":"nathan.young@microsoft.com","message":"successfully parsed message, but message temporarily enqueued while system restarts."},{"id":"0835464a-92ea-4373-b4d5-4e4ebefc9245","email":"jack.thompson@me.com","message":"successfully parsed message, but message temporarily enqueued while system restarts."},{"id":"3d95a712-20af-493c-9031-d76147077446","email":"alyssa.jones@amerisave.com","message":"successfully handled skipped operation."},{"id":"a7a89600-35d0-494a-9870-7c2708eb1e13","email":"matthew.walker@amerisave.com","message":"failed to process due to network exception."},{"id":"1ae6603a-61f1-4f1c-8610-bf8812610826","email":"samantha.scott@me.com","message":"successfully handled skipped operation."},{"id":"52f9f093-5320-4ad6-81b7-64552a925220","email":"ethan.hernandez@microsoft.com","message":"failed to process due to datastore timeout of 30 seconds.  operation took 82 seconds."},{"id":"f011ccc3-97a7-4344-a48c-87e8fca8d0a6","email":"noah.sanchez@me.com","message":"failed to process due to datastore timeout of 30 seconds.  operation took 35 seconds."},{"id":"76e631ec-d313-4422-98ed-02135ec9dc8e","email":"ava.davis@gmail.com","message":"successfully processed after 2323 milliseconds."},{"id":"cf607aaf-ce8c-4dbd-a38b-192c9d22efc8","email":"isabella.jackson@amerisave.com","message":"failed to process due to network exception."},{"id":"ac8a49e7-14cf-4152-9024-d7b35c60f8d1","email":"grace.moore@gmail.com","message":"successfully parsed message, but message temporarily enqueued while system restarts."},{"id":"6b568588-6764-4144-8a86-72f8457a43c9","email":"noah.sanchez@me.com","message":"failed to process due to datastore timeout of 30 seconds.  operation took 66 seconds."},{"id":"3378d354-c972-424b-97a5-8378aa27b5ae","email":"sarah.green@amerisave.com","message":"successfully parsed message, but message temporarily enqueued while system restarts."},{"id":"b67f597d-6557-4dbb-8bed-3dee87252144","email":"ethan.hernandez@microsoft.com","message":"successfully handled skipped operation."},{"id":"9e913232-fab8-4afb-81de-be2d78d3d4e1","email":"joshua.lee@gmail.com","message":"successfully handled skipped operation."},{"id":"6dacab4a-7261-48b0-8230-205f2d28e2a9","email":"emily.taylor@gmail.com","message":"failed to process due to datastore timeout of 30 seconds.  operation took 97 seconds."},{"id":"2503910c-20d2-4df4-a38a-55edcbc54396","email":"noah.sanchez@me.com","message":"successfully parsed message, but message temporarily enqueued while system restarts."},{"id":"b3b64423-f32e-4e30-85d9-7035fdc526d3","email":"isabella.jackson@amerisave.com","message":"failed to process due to network exception."},{"id":"2c59f9e1-f3cc-4702-80e2-18cde3484726","email":"nathan.young@microsoft.com","message":"failed to process due to network exception."},{"id":"88e023d8-0dad-4601-a350-cccda5292d67","email":"ryan.king@dropbox.net","message":"failed to process due to datastore timeout of 30 seconds.  operation took 61 seconds."},{"id":"72763821-d99a-4bc8-b315-4e987af44caf","email":"ethan.hernandez@microsoft.com","message":"successfully handled skipped operation."},{"id":"d4feeeec-e993-426d-b57e-a1607b6ce1aa","email":"isabella.jackson@amerisave.com","message":"failed to process due to datastore timeout of 30 seconds.  operation took 108 seconds."},{"id":"a901b101-c1f4-41ef-ab7c-a6cb99563d5c","email":"emma.thomas@me.com","message":"failed to process due to network exception."},{"id":"47daa281-81f7-4b66-9193-a032d0a6143e","email":"ella.anderson@dropbox.net","message":"failed to process due to datastore timeout of 30 seconds.  operation took 52 seconds."},{"id":"321a6fc9-18d9-4a62-9405-fd271262dd5d","email":"alexis.brown@microsoft.com","message":"successfully processed after 9833 milliseconds."},{"id":"be4d4e2c-4526-4702-857f-eb31cdad2588","email":"taylor.adams@gmail.com","message":"successfully handled skipped operation."},{"id":"7ecd51ef-b7e2-4077-b71d-9ee0843a8f98","email":"isabella.jackson@amerisave.com","message":"successfully processed after 1729 milliseconds."},{"id":"d8a3613d-c9d5-442f-bab4-30e7fc609f86","email":"samantha.scott@me.com","message":"successfully handled skipped operation."},{"id":"0639f6ec-ae07-4b1a-b21a-6ec0cd0852c4","email":"daniel.rodriguez@amerisave.com","message":"failed to process due to datastore timeout of 30 seconds.  operation took 109 seconds."},{"id":"4abedbdd-e982-4829-9c78-1bd1496ee7fa","email":"matthew.walker@amerisave.com","message":"successfully parsed message, but message temporarily enqueued while system restarts."},{"id":"df516cec-fa1b-467d-b2e1-f427f77379e2","email":"jacob.lopez@dropbox.net","message":"successfully parsed message, but message temporarily enqueued while system restarts."},{"id":"79b45b2d-7069-42b7-a24d-02b3f226651a","email":"isabella.jackson@amerisave.com","message":"failed to process due to datastore timeout of 30 seconds.  operation took 106 seconds."},{"id":"db48fbee-828c-4899-9e91-adda483c7b2b","email":"mason.robinson@amerisave.com","message":"failed to process due to datastore timeout of 30 seconds.  operation took 127 seconds."},{"id":"dfbf9493-dfd9-4810-8833-6a2ccec184e7","email":"jackson.white@gmail.com","message":"failed to process due to network exception."},{"id":"36c7c53d-f3d2-4c96-8a07-f3c971057feb","email":"ryan.king@dropbox.net","message":"failed to process due to network exception."},{"id":"bdac057b-d808-4906-933c-58e1d3cec669","email":"taylor.adams@gmail.com","message":"successfully handled skipped operation."},{"id":"5e4a6fc8-b381-4a74-aa86-9ecc4dabdd0a","email":"isabella.jackson@amerisave.com","message":"successfully processed after 2132 milliseconds."},{"id":"c54cb19d-bcfc-4f97-b92a-878238b69aac","email":"alexander.williams@gmail.com","message":"successfully handled skipped operation."}],"id":"ba18719d-c769-43ff-af1a-0dc36d35fd4d"}