{"logs":[{"id":"f25cc857-7c97-479f-8cce-6da17076a3e6","email":"sophia.baker@dropbox.net","message":"successfully parsed message, but message temporarily enqueued while system restarts."},{"id":"7e0f73d5-a55b-4eaf-a223-1f244d5156b9","email":"grace.moore@gmail.com","message":"failed to process due to datastore timeout of 30 seconds.  operation took 81 seconds."},{"id":"890336be-bcda-4146-ba2b-4685aa520851","email":"alexis.brown@microsoft.com","message":"successfully handled skipped operation."},{"id":"043d988d-89b3-463d-8d60-bed3ddc37e2b","email":"tyler.nelson@microsoft.com","message":"failed to process due to datastore timeout of 30 seconds.  operation took 32 seconds."},{"id":"4dfabccd-4832-4805-a28c-83abbad08ec2","email":"andrew.miller@gmail.com","message":"failed to process due to datastore timeout of 30 seconds.  operation took 40 seconds."},{"id":"822fdf51-00f2-4f15-b192-730f86c98e3d","email":"jacob.lopez@dropbox.net","message":"failed to process due to network exception."},{"id":"1373fa86-e334-445e-af7c-edbdbeb041d6","email":"samantha.scott@me.com","message":"failed to process due to network exception."},{"id":"daf52eb2-6ac4-461b-9c08-2a8dcf2eda8f","email":"madison.lewis@gmail.com","message":"successfully parsed message, but message temporarily enqueued while system restarts."},{"id":"daa3017c-f5a6-4fd2-8c6a-862344cff941","email":"liam.gonzalez@me.com","message":"successfully processed after 1974 milliseconds."},{"id":"ef58964f-36f0-4141-bd92-f0435c9cd12d","email":"isabella.jackson@amerisave.com","message":"failed to process due to datastore timeout of 30 seconds.  operation took 32 seconds."},{"id":"d0da7068-7874-4156-a9a7-a05f56966c59","email":"ava.davis@gmail.com","message":"successfully parsed message, but message temporarily enqueued while system restarts."},{"id":"053fed7e-9581-4de1-af24-71566284f479","email":"matthew.walker@amerisave.com","message":"successfully parsed message, but message temporarily enqueued while system restarts."},{"id":"94a3c99f-f1bc-46bf-9942-6258a5ecb00f","email":"lily.harris@gmail.com","message":"failed to process due to datastore timeout of 30 seconds.  operation took 45 seconds."},{"id":"6aa450d0-a16b-4f20-b2cd-9f786f0c77dc","email":"isabella.jackson@amerisave.com","message":"successfully handled skipped operation."},{"id":"0ac53c77-3c8f-418c-9d49-b8cf68a2077e","email":"emily.taylor@gmail.com","message":"successfully parsed message, but message temporarily enqueued while system restarts."},{"id":"4a460300-6b8b-4adf-9de8-14e347dd53ca","email":"sarah.green@amerisave.com","message":"failed to process due to network exception."},{"id":"04f23a14-4409-4258-9751-b772f7c73e99","email":"liam.gonzalez@me.com","message":"successfully handled skipped operation."},{"id":"88d7528a-8fca-4f2c-86e9-b9cfb31ec5e5","email":"sophia.baker@dropbox.net","message":"successfully handled skipped operation."},{"id":"7d143779-e4e6-4001-839b-439d16e901ab","email":"jack.thompson@me.com","message":"successfully parsed message, but message temporarily enqueued while system restarts."},{"id":"704c34cc-651f-47d4-85ac-2d0e3e288ed0","email":"andrew.miller@gmail.com","message":"successfully handled skipped operation."},{"id":"2c865413-4329-43f9-8ab1-42a8fe24d550","email":"emily.taylor@gmail.com","message":"failed to process due to datastore timeout of 30 seconds.  operation took 59 seconds."},{"id":"96f2c56e-9ee4-4498-acf6-3ff731076b87","email":"sophia.baker@dropbox.net","message":"successfully processed after 9315 milliseconds."},{"id":"2c0dcf29-61e4-4014-83bc-f0490f8ed217","email":"alyssa.jones@amerisave.com","message":"successfully handled skipped operation."},{"id":"b2d7435e-8643-45ba-a412-45817174c108","email":"alyssa.jones@amerisave.com","message":"successfully parsed message, but message temporarily enqueued while system restarts."},{"id":"060ab984-d7eb-4484-b8df-ab2b2e931a03","email":"noah.sanchez@me.com","message":"successfully parsed message, but message temporarily enqueued while system restarts."},{"id":"05719cc9-15e8-4f28-bf8e-43e3b4a57dcb","email":"taylor.adams@gmail.com","message":"failed to process due to datastore timeout of 30 seconds.  operation took 59 seconds."},{"id":"e1406e8c-c58f-4541-a52c-9213591d169b","email":"grace.moore@gmail.com","message":"failed to process due to network exception."},{"id":"75923058-02a1-4f71-b974-16990c406df7","email":"tyler.nelson@microsoft.com","message":"successfully processed after 9819 milliseconds."},{"id":"85a9db2c-2fc4-4f08-b431-1eaa6f588f75","email":"ava.davis@gmail.com","message":"successfully handled skipped operation."},{"id":"8c7dd0b9-a78a-47eb-b4d7-0baacd785292","email":"alyssa.jones@amerisave.com","message":"successfully processed after 2766 milliseconds."},{"id":"0815bf33-f51d-493f-8dda-f138dca7b2ec","email":"madison.lewis@gmail.com","message":"failed to process due to network exception."},{"id":"17f3a37c-9ce0-4f59-bb75-507102101bc5","email":"emily.taylor@gmail.com","message":"successfully handled skipped operation."},{"id":"5fc91afa-81b7-4613-9278-7b37e7b2e6b8","email":"olivia.wright@gmail.com","message":"failed to process due to datastore timeout of 30 seconds.  operation took 32 seconds."},{"id":"21b6d66c-9814-4297-adf9-88d09a1bd63f","email":"andrew.miller@gmail.com","message":"failed to process due to datastore timeout of 30 seconds.  operation took 120 seconds."},{"id":"d7037a7e-5600-44de-b98c-e49eaf70784f","email":"logan.clark@dropbox.net","message":"successfully handled skipped operation."},{"id":"4049e12b-5e67-48f9-bddd-ef06672bdfb1","email":"olivia.wright@gmail.com","message":"successfully processed after 3309 milliseconds."},{"id":"d31247a0-41bc-4954-8e66-d011045f5500","email":"jacob.lopez@dropbox.net","message":"successfully handled skipped operation."},{"id":"d5f37a00-697c-4c0d-8e6a-9658bfe75d23","email":"grace.moore@gmail.com","message":"successfully handled skipped operation."},{"id":"c1d40cfb-6c2b-41e4-9eda-eb48d8081588","email":"sarah.green@amerisave.com","message":"successfully parsed message, but message temporarily enqueued while system restarts."},{"id":"6bfc728d-6970-4247-bb1a-8113442efa23","email":"olivia.wright@gmail.com","message":"successfully processed after 9349 milliseconds."},{"id":"99291407-a59d-4af9-b52e-726a4b4fcd57","email":"olivia.wright@gmail.com","message":"successfully processed after 7692 milliseconds."},{"id":"52a4fc01-5b20-4947-bc60-4b09e613b043","email":"isabella.jackson@amerisave.com","message":"successfully handled skipped operation."},{"id":"1def9c29-ca40-4f06-b41d-7d968037b14c","email":"nicholas.allen@microsoft.com","message":"failed to process due to network exception."},{"id":"6fe23001-a5c2-4543-9eb3-e84559c02c65","email":"alexander.williams@gmail.com","message":"successfully processed after 6245 milliseconds."},{"id":"12c2a64c-a0df-4b15-a123-159f9ea46bb8","email":"nathan.young@microsoft.com","message":"successfully handled skipped operation."},{"id":"cca3fd4e-7934-4552-b9bb-c4154b33bc1c","email":"mia.perez@me.com","message":"successfully parsed message, but message temporarily enqueued while system restarts."},{"id":"8abde2af-cfb0-4cd9-8c42-906a87531f0d","email":"jacob.lopez@dropbox.net","message":"successfully handled skipped operation."},{"id":"50328015-29aa-493e-9dac-f7f6b08c3a42","email":"ava.davis@gmail.com","message":"successfully handled skipped operation."},{"id":"79c71136-43c3-4ee9-ac57-ef71d03c315b","email":"nicholas.allen@microsoft.com","message":"successfully processed after 4214 milliseconds."},{"id":"c76dd4f1-8387-4fa7-8d7a-360f4658ffcb","email":"lily.harris@gmail.com","message":"failed to process due to datastore timeout of 30 seconds.  operation took 36 seconds."},{"id":"7b6e9199-8ddc-4266-8041-3a688a7d22dc","email":"aiden.johnson@microsoft.com","message":"successfully handled skipped operation."},{"id":"8e591579-ce4f-4937-974f-bf48987b854f","email":"mia.perez@me.com","message":"successfully processed after 6767 milliseconds."},{"id":"26c6bd1b-7cb2-42dd-8487-2f8f286d2dbd","email":"daniel.rodriguez@amerisave.com","message":"successfully processed after 8115 milliseconds."},{"id":"c2aeb51c-92e5-4222-83fe-f199427e4949","email":"liam.gonzalez@me.com","message":"failed to process due to datastore timeout of 30 seconds.  operation took 55 seconds."},{"id":"8cf10e22-f4cf-49d9-80f0-b7609934b7e5","email":"lily.harris@gmail.com","message":"successfully handled skipped operation."},{"id":"5d0c6b06-9902-43d1-9426-2c0817b8582f","email":"daniel.rodriguez@amerisave.com","message":"failed to process due to network exception."},{"id":"e7ba9181-b578-4631-9f72-52298f3794d1","email":"chloe.garcia@dropbox.net","message":"successfully processed after 9234 milliseconds."},{"id":"e1d5c057-5b05-4346-9d5b-4811485d688f","email":"ava.davis@gmail.com","message":"successfully processed after 2373 milliseconds."},{"id":"02937e1a-895c-47e8-877e-5cf6946d512c","email":"olivia.wright@gmail.com","message":"successfully parsed message, but message temporarily enqueued while system restarts."},{"id":"ada92d50-3859-4630-8c80-37d730d0e063","email":"nathan.young@microsoft.com","message":"failed to process due to datastore timeout of 30 seconds.  operation took 125 seconds."},{"id":"6386ed48-638a-44d9-aa68-859aa6656979","email":"jacob.lopez@dropbox.net","message":"successfully parsed message, but message temporarily enqueued while system restarts."},{"id":"f7f246f7-c75f-4fda-9121-d1b75392e339","email":"alyssa.jones@amerisave.com","message":"successfully handled skipped operation."},{"id":"26c4a12a-119e-42de-bdab-e8b002dcda9f","email":"joshua.lee@gmail.com","message":"successfully parsed message, but message temporarily enqueued while system restarts."},{"id":"51c2db8e-44b9-42a6-817d-5848c30eab69","email":"ryan.king@dropbox.net","message":"failed to process due to network exception."},{"id":"cc4bf55f-ccc5-4122-b48e-b16e4542416c","email":"olivia.wright@gmail.com","message":"failed to process due to network exception."},{"id":"484cd060-ee72-4768-ac9a-43362675e437","email":"abigail.smith@amerisave.com","message":"successfully parsed message, but message temporarily enqueued while system restarts."},{"id":"1db9a62a-eff0-46d9-8772-aa55a44c556e","email":"matthew.walker@amerisave.com","message":"failed to process due to datastore timeout of 30 seconds.  operation took 34 seconds."},{"id":"aa74606b-71a0-4225-a7c3-dbf3d0925968","email":"aiden.johnson@microsoft.com","message":"failed to process due to network exception."},{"id":"f471615f-0d63-41ba-8b07-c775f2e907b4","email":"tyler.nelson@microsoft.com","message":"successfully handled skipped operation."},{"id":"b001a625-2574-42c7-9ace-5bfe6abcce35","email":"joshua.lee@gmail.com","message":"successfully parsed message, but message temporarily enqueued while system restarts."},{"id":"86789c2a-2df4-4111-b08f-fc48c7a395cd","email":"alexis.brown@microsoft.com","message":"successfully handled skipped operation."},{"id":"f8441b64-8a7f-4ceb-9184-b498efbedeec","email":"noah.sanchez@me.com","message":"successfully parsed message, but message temporarily enqueued while system restarts."},{"id":"0e42b870-a1a1-4f9d-b6b5-4d7070dd008b","email":"ella.anderson@dropbox.net","message":"successfully handled skipped operation."},{"id":"4508b492-09a5-4051-b70f-e1ae1b298ae4","email":"sarah.green@amerisave.com","message":"failed to process due to datastore timeout of 30 seconds.  operation took 110 seconds."},{"id":"b029172c-0531-4696-a7a2-6d2da24962ee","email":"olivia.wright@gmail.com","message":"failed to process due to network exception."},{"id":"a084a76e-42a4-416a-ab95-54067bb9bfd6","email":"sarah.green@amerisave.com","message":"successfully parsed message, but message temporarily enqueued while system restarts."},{"id":"154805ab-a20e-49fb-9a06-62ba4a98eecb","email":"ava.davis@gmail.com","message":"failed to process due to network exception."},{"id":"7224d782-6797-4ae6-aa93-d30a7fff6e49","email":"matthew.walker@amerisave.com","message":"failed to process due to network exception."},{"id":"c054b42e-fc44-48f5-8d33-d8068f2fa410","email":"emma.thomas@me.com","message":"failed to process due to datastore timeout of 30 seconds.  operation took 33 seconds."},{"id":"bd96933f-7ac3-4ec2-972b-d26ca7051407","email":"sarah.green@amerisave.com","message":"successfully processed after 8680 milliseconds."},{"id":"76392592-bf58-41c3-a66e-ef14b1f7947f","email":"ethan.hernandez@microsoft.com","message":"successfully processed after 1729 milliseconds."},{"id":"53e29197-231b-4c76-ad22-0dffcf4189a1","email":"aiden.johnson@microsoft.com","message":"successfully parsed message, but message temporarily enqueued while system restarts."},{"id":"9ecd1cf1-911c-4f77-9d4b-5faf0e97446c","email":"ryan.king@dropbox.net","message":"successfully handled skipped operation."},{"id":"b584e607-e7d1-45ef-8382-e68a790f318d","email":"logan.clark@dropbox.net","message":"successfully handled skipped operation."},{"id":"fe31c185-08ed-4f41-ad6c-e4bddac8dcdc","email":"dylan.wilson@gmail.com","message":"successfully handled skipped operation."},{"id":"e2c6a938-607b-44a8-84a2-1570cc3d7939","email":"alexis.brown@microsoft.com","message":"successfully processed after 2428 milliseconds."},{"id":"c1747ff7-88f4-4215-b975-24b04e6b3258","email":"emma.thomas@me.com","message":"successfully parsed message, but message temporarily enqueued while system restarts."},{"id":"ea3db507-7763-4f9b-b76e-537864a6fe17","email":"chloe.garcia@dropbox.net","message":"failed to process due to datastore timeout of 30 seconds.  operation took 124 seconds."},{"id":"102480e5-a083-4c13-b445-f42e8c38f433","email":"alyssa.jones@amerisave.com","message":"successfully handled skipped operation."},{"id":"9548ab56-afdf-4a1b-84f8-8810e825b4a7","email":"michael.hall@dropbox.net","message":"successfully handled skipped operation."},{"id":"97d61984-95bc-426b-99fe-492d34a61051","email":"liam.gonzalez@me.com","message":"successfully parsed message, but message temporarily enqueued while system restarts."},{"id":"ee7eefa7-589b-4806-af38-24c276d18c3a","email":"joshua.lee@gmail.com","message":"failed to process due to datastore timeout of 30 seconds.  operation took 122 seconds."},{"id":"210992cd-db54-4e6b-b6ae-fed8ce3767d0","email":"jackson.white@gmail.com","message":"failed to process due to datastore timeout of 30 seconds.  operation took 34 seconds."},{"id":"28c268d3-9a6f-49d3-8520-2d0c38ff224b","email":"lily.harris@gmail.com","message":"successfully handled skipped operation."},{"id":"19a9f3c8-e562-4637-bcb7-cb3eecca5413","email":"emily.taylor@gmail.com","message":"successfully parsed message, but message temporarily enqueued while system restarts."},{"id":"4afb34e2-67d5-4d9b-8d8e-bc7dc58323a3","email":"olivia.wright@gmail.com","message":"successfully parsed message, but message temporarily enqueued while system restarts."},{"id":"b562a679-d5d8-4eda-91f7-e9d19e5e7c86","email":"ethan.hernandez@microsoft.com","message":"failed to process due to network exception."},{"id":"f432430f-e135-4564-a330-7f3949e776ec","email":"joshua.lee@gmail.com","message":"failed to process due to network exception."},{"id":"c88db308-49da-4ffc-9eba-fc5178ffbe10","email":"tyler.nelson@microsoft.com","message":"successfully handled skipped operation."},{"id":"cebcda76-2968-4063-a770-19b2ecf5f696","email":"emily.taylor@gmail.com","message":"failed to process due to network exception."},{"id":"b01a1a7e-9de1-4c16-bbac-6e9cd2fe8089","email":"abigail.smith@amerisave.com","message":"successfully processed after 6398 milliseconds."},{"id":"90188f5c-f9e3-499c-b6ce-9e1b02d977c1","email":"lily.harris@gmail.com","message":"failed to process due to datastore timeout of 30 seconds.  operation took 58 seconds."},{"id":"af0a0976-dbff-4592-995a-d7b203c30dfe","email":"logan.clark@dropbox.net","message":"successfully handled skipped operation."},{"id":"d1968c1f-a279-4fc6-9fd5-916ff472bdf1","email":"abigail.smith@amerisave.com","message":"failed to process due to network exception."},{"id":"165d89ba-d47e-4966-8b3c-6b54e2a4b386","email":"jacob.lopez@dropbox.net","message":"failed to process due to datastore timeout of 30 seconds.  operation took 56 seconds."},{"id":"d2b40b90-90b2-4531-9727-38f6b31583e1","email":"alyssa.jones@amerisave.com","message":"successfully parsed message, but message temporarily enqueued while system restarts."},{"id":"1cfedf58-399d-4198-a58e-26ae0ae7a80f","email":"hannah.martin@dropbox.net","message":"successfully parsed message, but message temporarily enqueued while system restarts."},{"id":"d1a53458-42d0-4784-ae51-78001919e2e8","email":"nicholas.allen@microsoft.com","message":"failed to process due to datastore timeout of 30 seconds.  operation took 115 seconds."},{"id":"fe252b20-5a89-45c8-906e-e3c44f080394","email":"madison.lewis@gmail.com","message":"failed to process due to network exception."},{"id":"e7009d6b-8dac-4431-a92c-4e7d05063e2e","email":"liam.gonzalez@me.com","message":"failed to process due to network exception."},{"id":"2a648397-19ec-4b64-83a2-d3fe78fd32d3","email":"liam.gonzalez@me.com","message":"failed to process due to network exception."},{"id":"990464ba-9bee-45da-bd52-ee858b60b01a","email":"jack.thompson@me.com","message":"failed to process due to datastore timeout of 30 seconds.  operation took 106 seconds."},{"id":"4c99bf97-6bdf-4739-aebd-1e6573cc51ae","email":"daniel.rodriguez@amerisave.com","message":"successfully parsed message, but message temporarily enqueued while system restarts."},{"id":"d47b8ab7-43b9-449a-9755-e5ba7e5a526c","email":"mia.perez@me.com","message":"failed to process due to datastore timeout of 30 seconds.  operation took 61 seconds."},{"id":"2a0bf954-556b-449c-affd-33fa9379fc66","email":"jackson.white@gmail.com","message":"failed to process due to network exception."},{"id":"d553bad2-aff1-4872-b4c6-fccb7da874d2","email":"daniel.rodriguez@amerisave.com","message":"failed to process due to datastore timeout of 30 seconds.  operation took 77 seconds."},{"id":"f37fcee8-74bd-40ca-a515-bd96a1e8a66c","email":"abigail.smith@amerisave.com","message":"failed to process due to network exception."},{"id":"7d589109-3031-4000-bac3-4516bd9cece5","email":"noah.sanchez@me.com","message":"successfully parsed message, but message temporarily enqueued while system restarts."},{"id":"fe9cb8c4-d9d5-4e66-90e2-ec06223fca9b","email":"jack.thompson@me.com","message":"failed to process due to datastore timeout of 30 seconds.  operation took 107 seconds."},{"id":"3b80529b-ce61-427a-b4d5-f9bf2f79df3a","email":"matthew.walker@amerisave.com","message":"successfully parsed message, but message temporarily enqueued while system restarts."}],"id":"6f9c1733-837e-40bc-86be-d3a1779c06f7"}