{"logs":[{"id":"945ea8af-4770-473d-a432-5a59130b217b","email":"nathan.young@microsoft.com","message":"successfully parsed message, but message temporarily enqueued while system restarts."},{"id":"a5d63d0e-1fb8-4734-add9-a766fbe8f256","email":"mason.robinson@amerisave.com","message":"successfully processed after 272 milliseconds."},{"id":"9bc29a59-cd4c-4f26-b92b-165ffdc112ee","email":"ryan.king@dropbox.net","message":"successfully handled skipped operation."},{"id":"01b8afc9-dbf7-4e26-a23e-c49ed22ea250","email":"aiden.johnson@microsoft.com","message":"failed to process due to datastore timeout of 30 seconds.  operation took 34 seconds."},{"id":"25865209-0950-433d-8d96-fae2eacc1ef5","email":"ethan.hernandez@microsoft.com","message":"successfully handled skipped operation."},{"id":"f350f526-d890-4709-8f31-19d514498ea3","email":"taylor.adams@gmail.com","message":"failed to process due to datastore timeout of 30 seconds.  operation took 99 seconds."},{"id":"c875ef24-f734-48cb-a951-b8ca3acc416e","email":"lily.harris@gmail.com","message":"failed to process due to network exception."},{"id":"359fd2a1-6aab-4d17-9d2c-d1e66f0f5248","email":"madison.lewis@gmail.com","message":"successfully parsed message, but message temporarily enqueued while system restarts."},{"id":"d11b2606-a770-4bc7-a39b-ba8aebe0e4a0","email":"emily.taylor@gmail.com","message":"successfully parsed message, but message temporarily enqueued while system restarts."},{"id":"acc04fe5-4295-4ceb-ad8e-f23f75e26bc7","email":"jack.thompson@me.com","message":"successfully processed after 2976 milliseconds."},{"id":"73b11dc7-7059-4722-ae4d-7cdeb1fa8759","email":"ava.davis@gmail.com","message":"successfully handled skipped operation."},{"id":"663e8116-7599-4df3-9561-99d51b263b82","email":"abigail.smith@amerisave.com","message":"successfully processed after 4104 milliseconds."},{"id":"66d9cf8c-8e10-4537-82f4-fbbb67aa3f28","email":"alyssa.jones@amerisave.com","message":"successfully processed after 8209 milliseconds."},{"id":"bedf8b5b-7126-47e4-a16e-1c779f7c35ba","email":"andrew.miller@gmail.com","message":"successfully parsed message, but message temporarily enqueued while system restarts."},{"id":"a4e4dbf9-889e-4962-bde2-15434411bb04","email":"madison.lewis@gmail.com","message":"successfully processed after 19 milliseconds."},{"id":"cd5b20e5-74aa-4c4d-b2fe-35d49a22d58c","email":"aiden.johnson@microsoft.com","message":"failed to process due to datastore timeout of 30 seconds.  operation took 105 seconds."},{"id":"43376c93-13ad-4fd6-ae6d-e9a81fb346ed","email":"samantha.scott@me.com","message":"successfully processed after 9010 milliseconds."},{"id":"cc9d4084-ab73-4ff3-8730-8033e7601809","email":"madison.lewis@gmail.com","message":"failed to process due to network exception."},{"id":"0d007852-dfa4-40e5-ab75-f811a3c5ed98","email":"lily.harris@gmail.com","message":"successfully parsed message, but message temporarily enqueued while system restarts."},{"id":"44ce0f42-70a9-4620-84b5-2b5daffffa7d","email":"mia.perez@me.com","message":"failed to process due to datastore timeout of 30 seconds.  operation took 44 seconds."},{"id":"78c8ca20-fa52-4a73-aab4-f5230689dec9","email":"lily.harris@gmail.com","message":"successfully parsed message, but message temporarily enqueued while system restarts."},{"id":"2e92aeae-d007-488d-8f55-15b803c285fe","email":"grace.moore@gmail.com","message":"successfully parsed message, but message temporarily enqueued while system restarts."},{"id":"e7d11204-543d-42f8-a4dc-5e72da27c776","email":"madison.lewis@gmail.com","message":"successfully parsed message, but message temporarily enqueued while system restarts."},{"id":"4c272eed-b085-4b42-8fb1-8ea249d0e229","email":"liam.gonzalez@me.com","message":"successfully handled skipped operation."},{"id":"00fb16b9-eb0a-4d0b-9f23-c18843922876","email":"samantha.scott@me.com","message":"successfully processed after 5263 milliseconds."},{"id":"d256f904-b812-4fdc-9807-286cddc0a966","email":"hannah.martin@dropbox.net","message":"successfully parsed message, but message temporarily enqueued while system restarts."},{"id":"267da96c-a866-41dc-89e1-568a685315a8","email":"andrew.miller@gmail.com","message":"failed to process due to network exception."},{"id":"13cba99c-f014-4546-84ba-18268d45fb27","email":"nathan.young@microsoft.com","message":"successfully processed after 4883 milliseconds."},{"id":"01342878-6958-46cb-8102-c131d4f6a7e1","email":"logan.clark@dropbox.net","message":"successfully processed after 2040 milliseconds."},{"id":"6c6e77ad-6b7c-485d-85f7-4e78ef3459a6","email":"jack.thompson@me.com","message":"successfully parsed message, but message temporarily enqueued while system restarts."},{"id":"cd6784fc-bd64-46e6-942a-291278f33322","email":"jacob.lopez@dropbox.net","message":"successfully parsed message, but message temporarily enqueued while system restarts."},{"id":"cd3c0590-0fa6-4c71-ba2a-3dac816e4d18","email":"jack.thompson@me.com","message":"successfully parsed message, but message temporarily enqueued while system restarts."},{"id":"e28b4ac6-4d76-4a06-9c47-06d07f8b672b","email":"madison.lewis@gmail.com","message":"failed to process due to datastore timeout of 30 seconds.  operation took 125 seconds."},{"id":"cf9a414d-bf70-4a2e-a5fa-b2a02a2f6786","email":"isabella.jackson@amerisave.com","message":"successfully processed after 9704 milliseconds."},{"id":"02eaeec9-4de8-4a1f-98f7-02ad3cde2fa8","email":"emma.thomas@me.com","message":"successfully parsed message, but message temporarily enqueued while system restarts."},{"id":"163c5101-2394-4d69-be41-68f96b1f5b8d","email":"ava.davis@gmail.com","message":"failed to process due to network exception."},{"id":"a5946aef-95fc-4eb6-acbc-fb2ce566bf7d","email":"mia.perez@me.com","message":"failed to process due to network exception."},{"id":"a4a14dc7-8802-4a68-af9b-fbd83592a8e5","email":"nicholas.allen@microsoft.com","message":"failed to process due to datastore timeout of 30 seconds.  operation took 120 seconds."},{"id":"24910d3e-40a8-4160-86aa-3d079304f336","email":"daniel.rodriguez@amerisave.com","message":"failed to process due to datastore timeout of 30 seconds.  operation took 52 seconds."},{"id":"10620c98-ba0d-4591-a771-ed8054fbc289","email":"abigail.smith@amerisave.com","message":"successfully processed after 6981 milliseconds."},{"id":"da4c513c-ab8e-49ac-80df-001c681a6000","email":"michael.hall@dropbox.net","message":"successfully parsed message, but message temporarily enqueued while system restarts."},{"id":"920cfa04-740e-49cf-978d-b8b189fc8568","email":"jacob.lopez@dropbox.net","message":"failed to process due to datastore timeout of 30 seconds.  operation took 34 seconds."},{"id":"c1dfd386-4e0f-4180-a2ca-33ff4aab0b03","email":"olivia.wright@gmail.com","message":"failed to process due to datastore timeout of 30 seconds.  operation took 48 seconds."},{"id":"8239e9ce-2e22-4cf7-8371-78f21e54d20a","email":"jack.thompson@me.com","message":"successfully processed after 7616 milliseconds."},{"id":"9f80b29a-ce7a-446d-baba-682196dc7a9f","email":"alexis.brown@microsoft.com","message":"failed to process due to datastore timeout of 30 seconds.  operation took 31 seconds."},{"id":"86da22cf-e92a-43e5-a7f5-818c0ae60d4b","email":"sophia.baker@dropbox.net","message":"successfully handled skipped operation."},{"id":"20e65bbe-e66e-44b1-87b1-646f25b5ffe1","email":"jack.thompson@me.com","message":"successfully handled skipped operation."},{"id":"2f28a1a8-fd58-4410-b5fa-c7adb2faaa8c","email":"alyssa.jones@amerisave.com","message":"successfully handled skipped operation."},{"id":"4c652f67-7758-42a1-9b93-19d7707d7bdb","email":"andrew.miller@gmail.com","message":"failed to process due to datastore timeout of 30 seconds.  operation took 55 seconds."},{"id":"663d4eb8-6e23-4c50-91c2-d89b3632bbfa","email":"mason.robinson@amerisave.com","message":"failed to process due to datastore timeout of 30 seconds.  operation took 101 seconds."},{"id":"a1685a16-7e20-42e6-8567-28cadd292dd6","email":"grace.moore@gmail.com","message":"successfully processed after 4665 milliseconds."},{"id":"16b1b568-17ac-4e20-b901-897b03a92663","email":"ryan.king@dropbox.net","message":"failed to process due to network exception."},{"id":"52609fcf-6ac9-466b-88ec-b3d6d464f401","email":"tyler.nelson@microsoft.com","message":"successfully parsed message, but message temporarily enqueued while system restarts."},{"id":"91063e46-9f1a-4ba5-b2ac-9f38f61661c0","email":"samantha.scott@me.com","message":"failed to process due to datastore timeout of 30 seconds.  operation took 106 seconds."},{"id":"201b3202-21c3-4a4b-b3aa-7b85a4a108a9","email":"ella.anderson@dropbox.net","message":"failed to process due to datastore timeout of 30 seconds.  operation took 94 seconds."},{"id":"28984025-2ac1-4f61-a2ae-4bf6642d8932","email":"mia.perez@me.com","message":"successfully processed after 7138 milliseconds."},{"id":"f05b9336-8672-4201-90ae-8bde17abafc9","email":"ava.davis@gmail.com","message":"failed to process due to datastore timeout of 30 seconds.  operation took 75 seconds."},{"id":"8e9b7b61-d21b-427e-8b3d-cb078e6af0b7","email":"ava.davis@gmail.com","message":"failed to process due to datastore timeout of 30 seconds.  operation took 72 seconds."},{"id":"584603dd-7e59-4662-a009-46b7cc7671e6","email":"jack.thompson@me.com","message":"successfully handled skipped operation."},{"id":"81bdd71c-fef8-42ac-ac10-233461aadca1","email":"michael.hall@dropbox.net","message":"successfully parsed message, but message temporarily enqueued while system restarts."},{"id":"3a26c5ea-08ba-4010-bcb6-e34732dbeaff","email":"madison.lewis@gmail.com","message":"failed to process due to datastore timeout of 30 seconds.  operation took 69 seconds."},{"id":"2e08504f-5a49-41ea-ae84-daf8509f34e9","email":"grace.moore@gmail.com","message":"failed to process due to network exception."},{"id":"cacf64c2-9caa-4e52-bfae-46596e0a286d","email":"aiden.johnson@microsoft.com","message":"failed to process due to network exception."},{"id":"130d5d98-584d-4159-ab80-bb2222373f39","email":"emma.thomas@me.com","message":"successfully processed after 6659 milliseconds."},{"id":"eddc6ef4-83ed-42e7-91dc-6a09cc385850","email":"ethan.hernandez@microsoft.com","message":"failed to process due to network exception."},{"id":"951dc8fc-ee6b-4a20-ab90-3ec91bf43857","email":"jack.thompson@me.com","message":"successfully processed after 1559 milliseconds."},{"id":"df04ecac-77a9-48c3-b592-cab613ac6b71","email":"jackson.white@gmail.com","message":"successfully handled skipped operation."},{"id":"67254bda-35ec-4bca-a58a-41027b8bb0ab","email":"samantha.scott@me.com","message":"successfully parsed message, but message temporarily enqueued while system restarts."},{"id":"1b0825ad-4dcd-49cc-859d-2da79a419da4","email":"mason.robinson@amerisave.com","message":"successfully parsed message, but message temporarily enqueued while system restarts."},{"id":"3635df38-0345-41fa-9d2e-25c783d8c2a7","email":"tyler.nelson@microsoft.com","message":"failed to process due to datastore timeout of 30 seconds.  operation took 43 seconds."},{"id":"7a91c8d5-4eb0-48fc-aedd-6e9c554f67e6","email":"ava.davis@gmail.com","message":"failed to process due to network exception."},{"id":"213b7511-aeef-4a42-ba0e-6a4ef3cb10ba","email":"liam.gonzalez@me.com","message":"successfully handled skipped operation."},{"id":"c4e8b853-b7a5-41f6-957a-339a39af84f7","email":"liam.gonzalez@me.com","message":"failed to process due to network exception."},{"id":"0e49c0d7-bc45-4ff7-a2c1-81adac53eced","email":"mason.robinson@amerisave.com","message":"failed to process due to datastore timeout of 30 seconds.  operation took 119 seconds."},{"id":"56071325-4e34-400e-a0c4-8970faf32431","email":"sophia.baker@dropbox.net","message":"failed to process due to network exception."},{"id":"6824e805-9dec-4f55-b992-64f6d88a0f3b","email":"logan.clark@dropbox.net","message":"successfully processed after 5431 milliseconds."},{"id":"92eab886-c75b-4e46-b75c-16aff09eaac8","email":"noah.sanchez@me.com","message":"successfully processed after 1570 milliseconds."},{"id":"68b9e977-aa18-42c8-8177-2792037de759","email":"aiden.johnson@microsoft.com","message":"successfully processed after 5092 milliseconds."},{"id":"1e362bb6-c0a6-443a-94d9-e30095fceaeb","email":"chloe.garcia@dropbox.net","message":"failed to process due to network exception."},{"id":"097b59e3-b1b1-42d2-8c8c-6f92b73c58e4","email":"emma.thomas@me.com","message":"failed to process due to datastore timeout of 30 seconds.  operation took 105 seconds."},{"id":"c3bb4144-a71d-4853-9bba-74fcf6b6ee6b","email":"emma.thomas@me.com","message":"failed to process due to network exception."},{"id":"cb779334-0703-49c6-af4f-7b207b074f74","email":"nicholas.allen@microsoft.com","message":"failed to process due to datastore timeout of 30 seconds.  operation took 47 seconds."},{"id":"22d9334b-e547-4469-89ce-9bca7d212afc","email":"ethan.hernandez@microsoft.com","message":"successfully handled skipped operation."},{"id":"e126e171-fa35-4ce5-9af4-2898ea35b158","email":"elizabeth.martinez@dropbox.net","message":"failed to process due to datastore timeout of 30 seconds.  operation took 111 seconds."},{"id":"2cd28f80-7d70-4af1-aa2e-b5490a6a2f10","email":"logan.clark@dropbox.net","message":"successfully processed after 6185 milliseconds."},{"id":"87d14212-0840-4e5c-b8c8-9b45e8e8f231","email":"logan.clark@dropbox.net","message":"successfully handled skipped operation."},{"id":"5e3ac3e8-cdd0-429e-95c8-ff50750d4847","email":"madison.lewis@gmail.com","message":"successfully processed after 1366 milliseconds."},{"id":"53d0a999-7ce4-4646-9cd3-5ad98b7ea79a","email":"jack.thompson@me.com","message":"successfully handled skipped operation."},{"id":"77991082-c611-4270-be76-a61566d87eff","email":"emma.thomas@me.com","message":"successfully handled skipped operation."},{"id":"5940ecf1-0c64-48b9-8189-0cc07c3f6ff9","email":"joshua.lee@gmail.com","message":"successfully processed after 6683 milliseconds."},{"id":"0fc34d31-1219-41ac-a765-5336cfef852d","email":"ava.davis@gmail.com","message":"successfully handled skipped operation."},{"id":"3b03bf53-ac3b-483d-b1f0-5a990130ddb4","email":"nicholas.allen@microsoft.com","message":"successfully processed after 3800 milliseconds."},{"id":"0fca02fe-fa72-4525-8c98-e1f2cf8201ae","email":"chloe.garcia@dropbox.net","message":"failed to process due to network exception."},{"id":"d1d40284-c643-4859-829d-7083c7838f5e","email":"jackson.white@gmail.com","message":"successfully parsed message, but message temporarily enqueued while system restarts."},{"id":"d9459401-68cf-4062-86a9-faf8731e5a2c","email":"chloe.garcia@dropbox.net","message":"successfully processed after 347 milliseconds."},{"id":"acfcaaf9-52ab-43a8-92b5-4ec63aedb9a5","email":"ella.anderson@dropbox.net","message":"successfully parsed message, but message temporarily enqueued while system restarts."},{"id":"713af83a-b9cb-45cb-b2dc-27dc10d2fe89","email":"grace.moore@gmail.com","message":"failed to process due to network exception."},{"id":"3074f8fb-d463-4cb5-af1d-06676a4684b4","email":"tyler.nelson@microsoft.com","message":"successfully handled skipped operation."},{"id":"c3183289-946b-4ca7-8117-c23e1dfc58bd","email":"jackson.white@gmail.com","message":"failed to process due to network exception."},{"id":"5c60c93e-999e-4a6a-ab29-acd4b1c8ddfe","email":"alexander.williams@gmail.com","message":"successfully handled skipped operation."},{"id":"0663aba5-d042-4d01-8359-4eb9d0b5192e","email":"michael.hall@dropbox.net","message":"successfully processed after 5764 milliseconds."},{"id":"a2804d4a-f061-41eb-81a2-64ea3a5228d3","email":"noah.sanchez@me.com","message":"failed to process due to datastore timeout of 30 seconds.  operation took 98 seconds."},{"id":"30d4f22b-77d5-4254-84ff-f535ef41f48f","email":"abigail.smith@amerisave.com","message":"successfully processed after 6970 milliseconds."},{"id":"a642eaa2-29f1-451d-9b1c-cf6ee6edca2b","email":"ryan.king@dropbox.net","message":"successfully handled skipped operation."},{"id":"4b2dbd12-2517-43e2-84fa-901e2158a4e0","email":"nathan.young@microsoft.com","message":"successfully handled skipped operation."},{"id":"ebba4a37-82ba-4ded-9272-fa6c8da87dd4","email":"mason.robinson@amerisave.com","message":"failed to process due to network exception."},{"id":"c106a135-7d81-44ba-a34e-8720ff04857c","email":"isabella.jackson@amerisave.com","message":"successfully handled skipped operation."},{"id":"8f0445b1-2517-43d7-a587-fd0e933140b5","email":"daniel.rodriguez@amerisave.com","message":"failed to process due to datastore timeout of 30 seconds.  operation took 89 seconds."},{"id":"feb08760-34af-4972-812f-f7b0622e5867","email":"elizabeth.martinez@dropbox.net","message":"successfully parsed message, but message temporarily enqueued while system restarts."},{"id":"cb7a5c97-68ef-4580-bbee-4e9ed2a212c2","email":"alyssa.jones@amerisave.com","message":"failed to process due to datastore timeout of 30 seconds.  operation took 38 seconds."},{"id":"a4805f6a-e6f8-4c51-aa7f-925b493ee7f5","email":"ethan.hernandez@microsoft.com","message":"successfully handled skipped operation."},{"id":"e3d3adc5-a68a-40bd-acc5-ba626b450828","email":"liam.gonzalez@me.com","message":"successfully handled skipped operation."},{"id":"a027b7a4-83f5-40e2-9c0f-ce27ee6a5155","email":"madison.lewis@gmail.com","message":"successfully parsed message, but message temporarily enqueued while system restarts."},{"id":"245f5710-ceac-47f8-beeb-c5826d8d3e1a","email":"grace.moore@gmail.com","message":"successfully parsed message, but message temporarily enqueued while system restarts."},{"id":"8bcb600d-4e10-4c94-b266-d50b7bd75406","email":"jackson.white@gmail.com","message":"successfully processed after 8021 milliseconds."},{"id":"32f3c1ac-f5bf-4e6f-ba52-7f8fe0bf604c","email":"andrew.miller@gmail.com","message":"failed to process due to datastore timeout of 30 seconds.  operation took 48 seconds."},{"id":"f039a707-0bd9-459d-8ae9-39102c2d204a","email":"jack.thompson@me.com","message":"successfully handled skipped operation."},{"id":"653f8a43-e529-4186-a461-0bfabb508766","email":"isabella.jackson@amerisave.com","message":"successfully handled skipped operation."},{"id":"41caa148-ea47-4ba6-b61e-6a6e346c3dc8","email":"nathan.young@microsoft.com","message":"failed to process due to network exception."},{"id":"287dbc5e-7b8a-4241-85a5-aedd007fbffa","email":"grace.moore@gmail.com","message":"failed to process due to network exception."},{"id":"813d4370-d41c-444b-8323-6ff6ea654c27","email":"matthew.walker@amerisave.com","message":"successfully processed after 7774 milliseconds."},{"id":"10c9bdc5-dcaa-4e2b-b7a7-871e51d17da9","email":"alexander.williams@gmail.com","message":"failed to process due to network exception."},{"id":"18b9c983-04d3-4ece-bab3-c27c8796ffbe","email":"samantha.scott@me.com","message":"successfully parsed message, but message temporarily enqueued while system restarts."},{"id":"5261eefe-0e15-4311-8b78-0b583e74d12c","email":"sarah.green@amerisave.com","message":"failed to process due to network exception."},{"id":"928ed118-619e-435a-a5ea-5bf320a573f5","email":"lily.harris@gmail.com","message":"failed to process due to datastore timeout of 30 seconds.  operation took 127 seconds."},{"id":"3e354dbf-bf6a-49fa-8575-619b6d167ba9","email":"isabella.jackson@amerisave.com","message":"successfully handled skipped operation."},{"id":"36119193-64df-4de1-9e49-a2183f37ee71","email":"aiden.johnson@microsoft.com","message":"successfully parsed message, but message temporarily enqueued while system restarts."},{"id":"fb787312-c911-47b3-b3a1-31cd4fc0b93a","email":"joshua.lee@gmail.com","message":"failed to process due to network exception."},{"id":"bb825199-f7d2-482d-8324-56a8b2295a5f","email":"samantha.scott@me.com","message":"failed to process due to network exception."},{"id":"91cd68ac-3f08-4c02-be22-efdc9518d201","email":"jacob.lopez@dropbox.net","message":"successfully processed after 1816 milliseconds."},{"id":"89781506-ff40-4aaf-829d-da9422547ba4","email":"emma.thomas@me.com","message":"successfully processed after 8241 milliseconds."},{"id":"0598a260-711f-44f2-be7f-abb19ed632a1","email":"liam.gonzalez@me.com","message":"successfully handled skipped operation."},{"id":"af490a97-0aac-454b-b6da-c404a572758c","email":"andrew.miller@gmail.com","message":"successfully parsed message, but message temporarily enqueued while system restarts."},{"id":"9943f568-8cf8-450c-848e-722d513eac75","email":"mia.perez@me.com","message":"failed to process due to datastore timeout of 30 seconds.  operation took 77 seconds."},{"id":"d3b99f82-4fcb-4d39-9084-2b8c29595481","email":"jack.thompson@me.com","message":"successfully processed after 9003 milliseconds."},{"id":"70506ef5-cc95-4823-9a41-7b53bb09baff","email":"lily.harris@gmail.com","message":"successfully processed after 4628 milliseconds."},{"id":"e0700464-f0db-4fbd-8b66-90cd916804be","email":"chloe.garcia@dropbox.net","message":"successfully parsed message, but message temporarily enqueued while system restarts."},{"id":"2c59b3db-216a-4f4a-86ae-e0bb4e8df3a4","email":"elizabeth.martinez@dropbox.net","message":"successfully parsed message, but message temporarily enqueued while system restarts."},{"id":"c820c624-9340-4fbd-b005-ca849f0bf5f6","email":"andrew.miller@gmail.com","message":"successfully processed after 442 milliseconds."},{"id":"08bedda8-daec-4a06-a4d8-2111ba9c296c","email":"samantha.scott@me.com","message":"failed to process due to network exception."},{"id":"2c9ec813-b9ca-4490-b95f-4e12724ba580","email":"chloe.garcia@dropbox.net","message":"failed to process due to network exception."},{"id":"6e04c0db-553a-4cb4-a79d-c94000181a7a","email":"michael.hall@dropbox.net","message":"successfully parsed message, but message temporarily enqueued while system restarts."},{"id":"57170154-e7ef-4b43-b91f-1204fd0583d9","email":"olivia.wright@gmail.com","message":"failed to process due to datastore timeout of 30 seconds.  operation took 129 seconds."},{"id":"16f5299d-d3dd-4e12-9c6f-2b4ef0d7a39a","email":"andrew.miller@gmail.com","message":"failed to process due to datastore timeout of 30 seconds.  operation took 79 seconds."},{"id":"d922a1b6-1d2a-4da8-a200-49082fd50f2a","email":"joshua.lee@gmail.com","message":"successfully processed after 1233 milliseconds."},{"id":"66ef197c-61a8-4c5b-a499-374be65d70d1","email":"emily.taylor@gmail.com","message":"failed to process due to datastore timeout of 30 seconds.  operation took 64 seconds."},{"id":"acb43231-2468-4c9c-810a-01bf7629416d","email":"logan.clark@dropbox.net","message":"failed to process due to datastore timeout of 30 seconds.  operation took 44 seconds."},{"id":"0276c676-1b7c-498b-a150-f8a3a99e2f07","email":"emily.taylor@gmail.com","message":"successfully handled skipped operation."},{"id":"19d1e955-de2b-40a9-86cc-9955d8299186","email":"ryan.king@dropbox.net","message":"successfully handled skipped operation."},{"id":"00d476ff-da22-4f53-8198-dfdd6c7d1ce5","email":"jack.thompson@me.com","message":"successfully handled skipped operation."},{"id":"b985b9e0-8afe-4363-bca2-80283f226e6b","email":"ava.davis@gmail.com","message":"failed to process due to network exception."},{"id":"6234ccab-d7a3-45af-87ac-3e5af1012d24","email":"logan.clark@dropbox.net","message":"failed to process due to datastore timeout of 30 seconds.  operation took 41 seconds."},{"id":"db35dc41-7f6a-43c2-8fd7-fe5f8e1d995b","email":"dylan.wilson@gmail.com","message":"successfully parsed message, but message temporarily enqueued while system restarts."},{"id":"57258695-380b-4b4b-badc-473b78f0af02","email":"mason.robinson@amerisave.com","message":"failed to process due to datastore timeout of 30 seconds.  operation took 91 seconds."},{"id":"95bd5d3d-04fb-438c-8d0b-4b4be01d3cab","email":"emma.thomas@me.com","message":"failed to process due to datastore timeout of 30 seconds.  operation took 115 seconds."},{"id":"9dc73987-ee26-4ab9-a15a-d6eb4c25642a","email":"logan.clark@dropbox.net","message":"failed to process due to network exception."},{"id":"46328056-29c1-4661-83f4-0df74909f0bd","email":"elizabeth.martinez@dropbox.net","message":"failed to process due to network exception."},{"id":"a20297c7-f913-4a78-9826-dbc8bfb52e33","email":"ella.anderson@dropbox.net","message":"successfully parsed message, but message temporarily enqueued while system restarts."},{"id":"b788ab36-197f-426d-a45a-6cdb1e802cb9","email":"mason.robinson@amerisave.com","message":"successfully parsed message, but message temporarily enqueued while system restarts."},{"id":"a91b56c3-5c8b-4ea3-8649-586241dc021d","email":"dylan.wilson@gmail.com","message":"successfully handled skipped operation."},{"id":"bcff5e72-3f7f-45ba-90c9-bbdece4c94bc","email":"sarah.green@amerisave.com","message":"successfully parsed message, but message temporarily enqueued while system restarts."},{"id":"f482c8e0-c1b1-40ef-9215-dfe3ca6b857c","email":"logan.clark@dropbox.net","message":"successfully processed after 9057 milliseconds."},{"id":"df8e37bd-030d-4bc9-877b-d826e6d960e6","email":"daniel.rodriguez@amerisave.com","message":"successfully processed after 3189 milliseconds."},{"id":"e41a27ac-4215-4614-b169-63daa9782fe1","email":"ethan.hernandez@microsoft.com","message":"failed to process due to datastore timeout of 30 seconds.  operation took 113 seconds."},{"id":"6078eaa0-8619-4233-a7dc-0f1521d46409","email":"joshua.lee@gmail.com","message":"failed to process due to datastore timeout of 30 seconds.  operation took 66 seconds."},{"id":"ebd55c90-aa1e-4a8c-a8cf-1c3c09b311c7","email":"madison.lewis@gmail.com","message":"successfully parsed message, but message temporarily enqueued while system restarts."},{"id":"e30dd0ba-e744-49f9-be90-3f6cb9971910","email":"noah.sanchez@me.com","message":"successfully parsed message, but message temporarily enqueued while system restarts."},{"id":"3a452194-2c16-4d72-95ff-8375272e6179","email":"emma.thomas@me.com","message":"failed to process due to datastore timeout of 30 seconds.  operation took 108 seconds."},{"id":"06589dac-4e03-4a01-8440-652d9780d953","email":"matthew.walker@amerisave.com","message":"failed to process due to network exception."},{"id":"9fdd97bf-50c1-4072-807d-f43d04036de3","email":"chloe.garcia@dropbox.net","message":"successfully handled skipped operation."},{"id":"0062fd8b-78f7-4b30-8f5a-8168494d1f4f","email":"isabella.jackson@amerisave.com","message":"successfully processed after 834 milliseconds."},{"id":"590b3eeb-93c8-4732-b31a-b084cda3e906","email":"olivia.wright@gmail.com","message":"failed to process due to network exception."},{"id":"742ef776-fedb-4b7b-9d10-5b8b360b9469","email":"alexis.brown@microsoft.com","message":"successfully parsed message, but message temporarily enqueued while system restarts."},{"id":"e1fb6fe1-01d0-4bb7-b1f6-a2c1e6be766c","email":"lily.harris@gmail.com","message":"successfully handled skipped operation."},{"id":"8f436cdd-2f90-4ed4-9ed9-99a73dcce65e","email":"chloe.garcia@dropbox.net","message":"successfully processed after 5661 milliseconds."},{"id":"c36d2b55-3317-4145-a767-8e27382b6f7d","email":"emma.thomas@me.com","message":"successfully processed after 139 milliseconds."},{"id":"600e4ebc-19b0-46b7-a3d2-5c32a0556bf0","email":"joshua.lee@gmail.com","message":"successfully handled skipped operation."},{"id":"1d85a8c6-1753-47af-978f-640d526cd115","email":"aiden.johnson@microsoft.com","message":"successfully processed after 8422 milliseconds."},{"id":"e67179e9-b0a1-405b-9457-b49975e21857","email":"alyssa.jones@amerisave.com","message":"failed to process due to datastore timeout of 30 seconds.  operation took 70 seconds."},{"id":"4cd8ceb2-0a61-411d-ba8c-49e22a30fe69","email":"chloe.garcia@dropbox.net","message":"failed to process due to datastore timeout of 30 seconds.  operation took 42 seconds."},{"id":"127c1f48-a8e0-4277-b400-e0d1dd3a7267","email":"madison.lewis@gmail.com","message":"successfully processed after 897 milliseconds."},{"id":"c7664853-11c8-434c-b81f-8554a4a56443","email":"jacob.lopez@dropbox.net","message":"successfully parsed message, but message temporarily enqueued while system restarts."},{"id":"886ee515-f957-4f72-8c22-ba4686b77414","email":"noah.sanchez@me.com","message":"failed to process due to network exception."},{"id":"33acf984-bf84-4be9-9beb-c41cb1680b0f","email":"alexis.brown@microsoft.com","message":"failed to process due to datastore timeout of 30 seconds.  operation took 105 seconds."},{"id":"5d5801bd-1e0b-4767-aa8f-453852c439f5","email":"mason.robinson@amerisave.com","message":"failed to process due to datastore timeout of 30 seconds.  operation took 87 seconds."},{"id":"9d52450c-9a72-4b3f-b18c-8b0bd7417d29","email":"jackson.white@gmail.com","message":"successfully processed after 7882 milliseconds."},{"id":"d6195d04-d7b2-4b02-aef2-db88ce0ee3b9","email":"jackson.white@gmail.com","message":"successfully processed after 9147 milliseconds."},{"id":"c2b939a5-b1b7-432a-8890-f8aba0846d1b","email":"ethan.hernandez@microsoft.com","message":"successfully handled skipped operation."},{"id":"7320e4c8-a5b3-445e-8f6c-80fb356b0914","email":"grace.moore@gmail.com","message":"successfully parsed message, but message temporarily enqueued while system restarts."},{"id":"3a101f7a-ead9-4da9-aae6-91ced09af764","email":"michael.hall@dropbox.net","message":"failed to process due to network exception."},{"id":"6eccb634-ffc9-42d2-a3d1-2606280433af","email":"ryan.king@dropbox.net","message":"failed to process due to datastore timeout of 30 seconds.  operation took 70 seconds."},{"id":"cd135dab-156b-47b4-bb92-9c2885877707","email":"mia.perez@me.com","message":"failed to process due to network exception."},{"id":"8c421a9b-f457-4b54-ae91-c3a80ce12396","email":"alexis.brown@microsoft.com","message":"failed to process due to network exception."},{"id":"7ec37f67-bbf0-4902-b779-5a2cc3e1fc0d","email":"alexis.brown@microsoft.com","message":"failed to process due to network exception."},{"id":"c60a00b8-dd21-43a5-8cd0-aa75df1b564c","email":"isabella.jackson@amerisave.com","message":"successfully parsed message, but message temporarily enqueued while system restarts."},{"id":"ea492f88-f99f-407f-a2bc-14995b171090","email":"ava.davis@gmail.com","message":"failed to process due to network exception."},{"id":"3de497f0-3fe7-4bed-a911-b48500b465fa","email":"hannah.martin@dropbox.net","message":"failed to process due to datastore timeout of 30 seconds.  operation took 102 seconds."},{"id":"44e0339c-d3d9-455f-aa40-c99d7ccc2868","email":"joshua.lee@gmail.com","message":"successfully parsed message, but message temporarily enqueued while system restarts."},{"id":"8d86c6e9-add0-4267-8daf-286a79a5e6e4","email":"grace.moore@gmail.com","message":"failed to process due to datastore timeout of 30 seconds.  operation took 85 seconds."},{"id":"e930ff98-caca-47e2-ba46-d75471144bff","email":"emma.thomas@me.com","message":"failed to process due to network exception."},{"id":"1a2d0439-98f7-4a5c-8f47-01b8d2f3643b","email":"mia.perez@me.com","message":"successfully handled skipped operation."},{"id":"69406bf8-88c3-4376-8a5c-2a73f665e3ac","email":"sophia.baker@dropbox.net","message":"failed to process due to network exception."},{"id":"e7622e41-8301-4abb-84ae-d827592b4b94","email":"lily.harris@gmail.com","message":"failed to process due to network exception."},{"id":"95492832-f230-467f-ac2c-3c5d7e9eaa08","email":"chloe.garcia@dropbox.net","message":"successfully parsed message, but message temporarily enqueued while system restarts."},{"id":"c627425a-e401-4825-b25a-49b5e413835d","email":"hannah.martin@dropbox.net","message":"failed to process due to datastore timeout of 30 seconds.  operation took 90 seconds."},{"id":"c3ac56eb-f0dd-4de6-bd1f-eccd27ceb51c","email":"emma.thomas@me.com","message":"successfully handled skipped operation."},{"id":"a48ed7a3-76fa-43ba-bbd6-f19fcb20da08","email":"ava.davis@gmail.com","message":"successfully parsed message, but message temporarily enqueued while system restarts."},{"id":"6fdfcd6a-d81c-4bcc-b69a-7c325e9f8cb5","email":"daniel.rodriguez@amerisave.com","message":"successfully handled skipped operation."},{"id":"3d995399-1328-489b-8367-909db7035c02","email":"alexander.williams@gmail.com","message":"failed to process due to network exception."},{"id":"0cf21deb-94f2-4849-bf08-80621c3fd82a","email":"madison.lewis@gmail.com","message":"successfully processed after 6608 milliseconds."},{"id":"bbb7b88b-04f1-40c6-bec8-cdd5f238ae04","email":"chloe.garcia@dropbox.net","message":"failed to process due to datastore timeout of 30 seconds.  operation took 56 seconds."},{"id":"22f34174-59d7-4a80-bb9e-77012eb5397d","email":"jack.thompson@me.com","message":"failed to process due to datastore timeout of 30 seconds.  operation took 104 seconds."},{"id":"e36c48e4-6a86-4483-8418-6014ec4199db","email":"mia.perez@me.com","message":"successfully processed after 9294 milliseconds."},{"id":"65ea34a6-0f3e-43a5-9824-eb11ad239c66","email":"logan.clark@dropbox.net","message":"failed to process due to network exception."},{"id":"26e3f18c-cb03-4162-baf1-b7d52cb1f559","email":"taylor.adams@gmail.com","message":"successfully processed after 3655 milliseconds."},{"id":"a1887176-865b-43c9-8f9e-9c984e640ae7","email":"alexis.brown@microsoft.com","message":"successfully handled skipped operation."},{"id":"a94cadb5-3c6c-4b73-8833-b1cb2d4563b1","email":"grace.moore@gmail.com","message":"successfully processed after 3433 milliseconds."},{"id":"3509113c-2a91-4362-a7db-555576fd6857","email":"michael.hall@dropbox.net","message":"successfully parsed message, but message temporarily enqueued while system restarts."},{"id":"c0502ccd-35f2-430c-98f4-1a3db8fa012c","email":"madison.lewis@gmail.com","message":"failed to process due to network exception."},{"id":"fb6b94d4-efab-41c0-884b-4c4ba4d045bc","email":"liam.gonzalez@me.com","message":"failed to process due to datastore timeout of 30 seconds.  operation took 105 seconds."},{"id":"77d03f6a-5442-42eb-ac31-84d91ce3112f","email":"emma.thomas@me.com","message":"successfully handled skipped operation."},{"id":"8244745b-6b58-43b5-b67c-6394f79920f7","email":"alyssa.jones@amerisave.com","message":"successfully handled skipped operation."},{"id":"3959e3c0-0a24-4fad-98a1-c18cafd092bd","email":"jack.thompson@me.com","message":"successfully processed after 659 milliseconds."},{"id":"ac39a99a-2acd-4d35-9479-cb9ac4cff112","email":"abigail.smith@amerisave.com","message":"failed to process due to datastore timeout of 30 seconds.  operation took 32 seconds."},{"id":"d3c23f0a-6bc4-4969-be35-b62aca75dfdc","email":"matthew.walker@amerisave.com","message":"successfully parsed message, but message temporarily enqueued while system restarts."},{"id":"60149249-03cd-4408-8032-e21be68d4141","email":"ava.davis@gmail.com","message":"failed to process due to datastore timeout of 30 seconds.  operation took 129 seconds."},{"id":"3fede381-73bb-4f16-8771-f802cedfc9a1","email":"andrew.miller@gmail.com","message":"failed to process due to network exception."},{"id":"41793af2-44d8-44e0-af27-dcfead37d662","email":"ava.davis@gmail.com","message":"successfully handled skipped operation."},{"id":"3881528c-320f-4f8d-b82d-407b460f9d7f","email":"sarah.green@amerisave.com","message":"successfully parsed message, but message temporarily enqueued while system restarts."},{"id":"2be618f8-61ec-45eb-9a61-fd38ed914031","email":"hannah.martin@dropbox.net","message":"successfully handled skipped operation."},{"id":"0ffe01f9-a81f-4789-aea8-32492f9c912a","email":"emily.taylor@gmail.com","message":"successfully processed after 5827 milliseconds."},{"id":"694e22db-0740-4c67-b73e-d16eeaa89148","email":"samantha.scott@me.com","message":"successfully parsed message, but message temporarily enqueued while system restarts."},{"id":"9e48a539-ad3b-4bec-9a8f-f95efa392972","email":"ryan.king@dropbox.net","message":"failed to process due to network exception."},{"id":"803ba4da-8d7d-44f1-8c26-2c9ab2a70557","email":"alexis.brown@microsoft.com","message":"successfully processed after 6369 milliseconds."},{"id":"205e7392-01b7-4bcc-95f0-c7fa9c9be99e","email":"ryan.king@dropbox.net","message":"failed to process due to datastore timeout of 30 seconds.  operation took 45 seconds."},{"id":"0ad597f4-b72e-4032-8449-f64432727299","email":"isabella.jackson@amerisave.com","message":"successfully parsed message, but message temporarily enqueued while system restarts."},{"id":"6c6cf031-f618-4037-bd1c-cf2cd3bdef52","email":"hannah.martin@dropbox.net","message":"failed to process due to network exception."},{"id":"37c653f6-65cf-49c4-90d9-cb983a5a8631","email":"chloe.garcia@dropbox.net","message":"successfully parsed message, but message temporarily enqueued while system restarts."},{"id":"6f8aad5e-b07f-48d8-978a-b0d45e20fdda","email":"jackson.white@gmail.com","message":"failed to process due to datastore timeout of 30 seconds.  operation took 121 seconds."},{"id":"25f61c4c-ad44-458e-966f-b740b4d268bf","email":"joshua.lee@gmail.com","message":"failed to process due to datastore timeout of 30 seconds.  operation took 65 seconds."},{"id":"1381e402-e58b-47ff-87a8-c885205c2f9b","email":"ava.davis@gmail.com","message":"failed to process due to datastore timeout of 30 seconds.  operation took 58 seconds."},{"id":"cf23d435-a132-442b-95ad-b86538c45b12","email":"liam.gonzalez@me.com","message":"successfully handled skipped operation."},{"id":"0a38c5fb-b98c-458c-b42e-29b0b3906e40","email":"tyler.nelson@microsoft.com","message":"successfully processed after 8207 milliseconds."},{"id":"8142c308-f45f-452c-9e83-08de4c02c9de","email":"alexis.brown@microsoft.com","message":"successfully handled skipped operation."},{"id":"fa686fb3-1198-470a-81a9-50087063feb6","email":"madison.lewis@gmail.com","message":"successfully parsed message, but message temporarily enqueued while system restarts."},{"id":"543721ef-5c9a-4769-a3aa-326cf428edbe","email":"alyssa.jones@amerisave.com","message":"successfully processed after 3445 milliseconds."},{"id":"10d15cc6-6cde-4631-a683-791a9ee50650","email":"noah.sanchez@me.com","message":"successfully processed after 9658 milliseconds."},{"id":"6f59597d-afb6-4c15-92ff-b312628d6a10","email":"jackson.white@gmail.com","message":"successfully processed after 3409 milliseconds."},{"id":"ef077b74-834f-4cad-abf9-8093c37f2d34","email":"mason.robinson@amerisave.com","message":"successfully parsed message, but message temporarily enqueued while system restarts."},{"id":"4409d2e4-99af-4bf5-aa05-de8d2c412ee1","email":"sophia.baker@dropbox.net","message":"failed to process due to network exception."},{"id":"b83c497e-7bb3-4c50-a884-a9f4a8b99ae0","email":"jackson.white@gmail.com","message":"successfully parsed message, but message temporarily enqueued while system restarts."},{"id":"aba038fe-34ad-47ce-bdf2-15987420cef0","email":"samantha.scott@me.com","message":"failed to process due to datastore timeout of 30 seconds.  operation took 104 seconds."},{"id":"6b34b72a-4d4a-41b3-9915-962a9db16178","email":"olivia.wright@gmail.com","message":"successfully processed after 2096 milliseconds."},{"id":"7590b0f0-dd24-4d78-839a-d53f3b9d06a8","email":"andrew.miller@gmail.com","message":"successfully handled skipped operation."},{"id":"6e6e51c5-c3bc-4d5f-a468-5663ef16a134","email":"sarah.green@amerisave.com","message":"failed to process due to datastore timeout of 30 seconds.  operation took 124 seconds."},{"id":"8124737f-edc3-4ea1-b3c2-9f9baad66ad5","email":"ryan.king@dropbox.net","message":"successfully processed after 1171 milliseconds."},{"id":"86221a91-9c0c-413a-bcc9-c5d04d240f28","email":"samantha.scott@me.com","message":"failed to process due to datastore timeout of 30 seconds.  operation took 116 seconds."},{"id":"70c966af-3cc3-4f0a-b580-84b54da99887","email":"jackson.white@gmail.com","message":"failed to process due to datastore timeout of 30 seconds.  operation took 127 seconds."},{"id":"3ac9367f-aee3-46f7-b33a-5b39fe88450b","email":"mia.perez@me.com","message":"successfully parsed message, but message temporarily enqueued while system restarts."},{"id":"1d25cb3b-9328-4d88-a14f-903188bd7381","email":"sophia.baker@dropbox.net","message":"failed to process due to datastore timeout of 30 seconds.  operation took 122 seconds."},{"id":"65067508-cc66-4b04-bcb0-8c7aeb0f7e46","email":"elizabeth.martinez@dropbox.net","message":"failed to process due to network exception."},{"id":"fc46a6ba-a168-4794-97aa-e171e9257de6","email":"daniel.rodriguez@amerisave.com","message":"successfully parsed message, but message temporarily enqueued while system restarts."},{"id":"ce9fa4fd-dc4b-4061-a8d5-581807b866f2","email":"noah.sanchez@me.com","message":"failed to process due to datastore timeout of 30 seconds.  operation took 51 seconds."},{"id":"d63e5d27-2e62-4256-84d2-80843ed4fe15","email":"alexander.williams@gmail.com","message":"failed to process due to datastore timeout of 30 seconds.  operation took 54 seconds."},{"id":"fef0dbaf-4f54-4a5d-995f-d4554c834126","email":"daniel.rodriguez@amerisave.com","message":"successfully handled skipped operation."},{"id":"ab216de4-2457-4c81-9046-f618c3263e30","email":"emma.thomas@me.com","message":"successfully handled skipped operation."},{"id":"dcd50d55-c3dd-4d67-9b5c-7463ee364dc3","email":"jackson.white@gmail.com","message":"failed to process due to datastore timeout of 30 seconds.  operation took 79 seconds."},{"id":"b4c2c0cd-657c-4978-8625-88a23c0bed58","email":"tyler.nelson@microsoft.com","message":"successfully parsed message, but message temporarily enqueued while system restarts."},{"id":"3252bbc3-1ef4-43c2-bf11-584c85391ca8","email":"hannah.martin@dropbox.net","message":"successfully parsed message, but message temporarily enqueued while system restarts."},{"id":"d9ec26e4-442a-421c-a4b5-174a55504763","email":"nicholas.allen@microsoft.com","message":"failed to process due to network exception."},{"id":"b3b518ae-0ff2-4bff-b731-847ea4d02a68","email":"olivia.wright@gmail.com","message":"failed to process due to network exception."},{"id":"bba420dd-3426-49cb-af79-4795964bb67e","email":"daniel.rodriguez@amerisave.com","message":"successfully handled skipped operation."},{"id":"6a99862c-0fed-4467-a064-ed04e7c3cd5a","email":"hannah.martin@dropbox.net","message":"failed to process due to datastore timeout of 30 seconds.  operation took 33 seconds."},{"id":"553838d1-1ec7-4554-b22b-20be8785686a","email":"nicholas.allen@microsoft.com","message":"successfully parsed message, but message temporarily enqueued while system restarts."},{"id":"ae904553-d13c-4ee2-a9d3-4fe864fb2925","email":"sarah.green@amerisave.com","message":"successfully parsed message, but message temporarily enqueued while system restarts."},{"id":"b89dbd7c-18f2-4914-aaa5-95f079e37e57","email":"sophia.baker@dropbox.net","message":"failed to process due to network exception."},{"id":"4d25c640-1573-412e-83e2-ed2e37b1afc9","email":"michael.hall@dropbox.net","message":"successfully parsed message, but message temporarily enqueued while system restarts."},{"id":"be66e347-3a45-4c3f-becd-3e1f79604646","email":"liam.gonzalez@me.com","message":"successfully parsed message, but message temporarily enqueued while system restarts."},{"id":"12bbe7a5-1c22-411a-b27b-c0376c64c494","email":"jacob.lopez@dropbox.net","message":"successfully handled skipped operation."},{"id":"f1538d81-07c1-45ae-a297-50c1d0311031","email":"alexis.brown@microsoft.com","message":"successfully parsed message, but message temporarily enqueued while system restarts."},{"id":"fada6360-a51c-4ba2-b048-35bdabf41611","email":"hannah.martin@dropbox.net","message":"failed to process due to network exception."},{"id":"d53f3396-5be2-4e68-97d9-fe289503ce9c","email":"mason.robinson@amerisave.com","message":"failed to process due to datastore timeout of 30 seconds.  operation took 128 seconds."},{"id":"d9622ea3-69fe-4e78-bd35-9b4247c1d74a","email":"logan.clark@dropbox.net","message":"successfully parsed message, but message temporarily enqueued while system restarts."},{"id":"e01eaec8-a076-44f7-a8ed-c22f09d11c93","email":"nicholas.allen@microsoft.com","message":"successfully parsed message, but message temporarily enqueued while system restarts."},{"id":"0914a61a-02db-4d3f-a226-b6b0c3fc63bb","email":"grace.moore@gmail.com","message":"failed to process due to network exception."},{"id":"66fe849d-bbe8-42f1-a9d9-ffde93b36b9f","email":"liam.gonzalez@me.com","message":"successfully handled skipped operation."},{"id":"2ad71736-c019-4073-9734-81a72ac63252","email":"ryan.king@dropbox.net","message":"successfully processed after 8256 milliseconds."},{"id":"c48d8881-652f-45d8-8c4c-86126de9840c","email":"taylor.adams@gmail.com","message":"failed to process due to datastore timeout of 30 seconds.  operation took 52 seconds."},{"id":"81392a5b-c6e9-4829-9fe1-d73a5adcd39e","email":"daniel.rodriguez@amerisave.com","message":"successfully parsed message, but message temporarily enqueued while system restarts."},{"id":"c005f58c-b6b8-42a6-9e07-0a65273bdc1a","email":"emily.taylor@gmail.com","message":"successfully processed after 3132 milliseconds."},{"id":"6a1d63cf-e70b-418f-bc0c-d57990338a7d","email":"mason.robinson@amerisave.com","message":"successfully handled skipped operation."},{"id":"cfb20e5a-8ed3-4cd1-899a-c04fcf3fd960","email":"liam.gonzalez@me.com","message":"failed to process due to network exception."},{"id":"c0c12e39-8817-4353-b020-d7afa34151b5","email":"joshua.lee@gmail.com","message":"failed to process due to datastore timeout of 30 seconds.  operation took 78 seconds."},{"id":"89a241f6-1b83-431e-a965-167ad616510c","email":"tyler.nelson@microsoft.com","message":"failed to process due to datastore timeout of 30 seconds.  operation took 96 seconds."},{"id":"27cddc0e-113a-4230-84e5-09e571be7d30","email":"emily.taylor@gmail.com","message":"failed to process due to network exception."},{"id":"6e9f8bd9-feed-4e33-9630-66677ffe8a4a","email":"madison.lewis@gmail.com","message":"failed to process due to network exception."},{"id":"4cabb39c-8744-4708-9a4e-23cff47eadc7","email":"daniel.rodriguez@amerisave.com","message":"successfully processed after 6445 milliseconds."},{"id":"5a83fd09-f50f-4077-b584-0c939714dea7","email":"grace.moore@gmail.com","message":"failed to process due to datastore timeout of 30 seconds.  operation took 98 seconds."},{"id":"34d7fe26-d7f6-4eae-8cff-d6f74f5a25c8","email":"alexis.brown@microsoft.com","message":"failed to process due to datastore timeout of 30 seconds.  operation took 43 seconds."},{"id":"3771cba0-aaed-45be-b2ba-6f4cc8491b25","email":"tyler.nelson@microsoft.com","message":"successfully processed after 479 milliseconds."},{"id":"347147c2-c16f-49fa-b53c-ce235befcd4d","email":"hannah.martin@dropbox.net","message":"successfully processed after 407 milliseconds."},{"id":"5312edb2-dc1c-4f49-841c-657ed97c2ef8","email":"nicholas.allen@microsoft.com","message":"successfully processed after 1610 milliseconds."},{"id":"645d5c93-d529-470f-ab36-973c91dfc515","email":"alexander.williams@gmail.com","message":"failed to process due to network exception."},{"id":"cb4d478c-0d60-4e2e-84ad-30a45f00042c","email":"hannah.martin@dropbox.net","message":"successfully handled skipped operation."},{"id":"30a2327a-7e26-4ed8-bf08-b8983611d0df","email":"isabella.jackson@amerisave.com","message":"failed to process due to datastore timeout of 30 seconds.  operation took 59 seconds."},{"id":"7ab36076-fe13-400d-8dd3-375a06be6087","email":"emma.thomas@me.com","message":"successfully processed after 1859 milliseconds."},{"id":"834ca24d-4cfe-4ca3-8da0-75e2bc1f1fd2","email":"alyssa.jones@amerisave.com","message":"failed to process due to datastore timeout of 30 seconds.  operation took 120 seconds."},{"id":"6d7e1f9a-0495-47a3-b735-2d12fe27aae5","email":"chloe.garcia@dropbox.net","message":"successfully handled skipped operation."},{"id":"11504afc-799a-4d6c-9196-7bdf2dcf9bbe","email":"sarah.green@amerisave.com","message":"successfully handled skipped operation."},{"id":"2e332459-287b-4bf5-b23c-44f0f9fb50d2","email":"matthew.walker@amerisave.com","message":"failed to process due to network exception."},{"id":"533019f2-f2b9-4f54-beca-a0f449200bf3","email":"nathan.young@microsoft.com","message":"successfully parsed message, but message temporarily enqueued while system restarts."},{"id":"a6c31db6-5fb0-4c5d-8ea2-796d3d11c4f2","email":"andrew.miller@gmail.com","message":"successfully processed after 4437 milliseconds."},{"id":"a3784fec-d5ce-4783-95bf-93bd31b3c475","email":"jacob.lopez@dropbox.net","message":"successfully parsed message, but message temporarily enqueued while system restarts."},{"id":"407a960f-49fa-4707-8e8a-b071daf3adbc","email":"hannah.martin@dropbox.net","message":"successfully processed after 9234 milliseconds."},{"id":"3e3e132c-1131-4bb4-98c9-e2fe35183efe","email":"alyssa.jones@amerisave.com","message":"successfully handled skipped operation."},{"id":"a20042b0-1ee2-4c0d-8e19-f8a7c8aa420c","email":"isabella.jackson@amerisave.com","message":"successfully processed after 6477 milliseconds."},{"id":"64511f20-eacc-47eb-b4a1-3a39a9d658ab","email":"aiden.johnson@microsoft.com","message":"successfully parsed message, but message temporarily enqueued while system restarts."},{"id":"98d6b08e-ac36-4dd6-a7d4-1e51d67c7c42","email":"emily.taylor@gmail.com","message":"failed to process due to datastore timeout of 30 seconds.  operation took 45 seconds."},{"id":"8248c455-ae53-4aeb-8d03-ae8116139402","email":"samantha.scott@me.com","message":"successfully handled skipped operation."},{"id":"99f1b9aa-5bae-423b-b4cc-22d240861a8a","email":"olivia.wright@gmail.com","message":"successfully processed after 232 milliseconds."},{"id":"6caeab27-7dc7-404b-b88c-bf60d4bba890","email":"emily.taylor@gmail.com","message":"successfully handled skipped operation."},{"id":"01c0ed87-b49f-4dfc-b17f-54be9fc316c5","email":"ethan.hernandez@microsoft.com","message":"successfully processed after 3539 milliseconds."},{"id":"4da6c8fa-5ec4-42c4-8772-5c200484a5c9","email":"ethan.hernandez@microsoft.com","message":"failed to process due to network exception."},{"id":"0f4710e7-6168-4d07-a741-8b9f56bec627","email":"jack.thompson@me.com","message":"successfully processed after 6140 milliseconds."},{"id":"84bd126d-760d-47fc-989c-164aa368d7b8","email":"logan.clark@dropbox.net","message":"failed to process due to datastore timeout of 30 seconds.  operation took 91 seconds."},{"id":"9f8b5b49-d12c-4aae-af26-a177a599018d","email":"isabella.jackson@amerisave.com","message":"successfully parsed message, but message temporarily enqueued while system restarts."},{"id":"ee44ffb2-36d4-4ac4-8cd2-5a41989fdea9","email":"olivia.wright@gmail.com","message":"successfully parsed message, but message temporarily enqueued while system restarts."},{"id":"3dce4096-bef3-4149-b5cd-3e215b3d8ee6","email":"ava.davis@gmail.com","message":"successfully handled skipped operation."},{"id":"e1bdf956-d66f-4d6d-8f48-75fcc31bf779","email":"noah.sanchez@me.com","message":"failed to process due to datastore timeout of 30 seconds.  operation took 100 seconds."},{"id":"0acda3db-53e8-4901-a4d1-ef871489e8a1","email":"jackson.white@gmail.com","message":"successfully parsed message, but message temporarily enqueued while system restarts."},{"id":"b4067842-179f-4993-a48d-b9a44d91cd36","email":"abigail.smith@amerisave.com","message":"successfully parsed message, but message temporarily enqueued while system restarts."},{"id":"b29781ff-2e1b-4016-8869-82228393c7b4","email":"logan.clark@dropbox.net","message":"failed to process due to network exception."},{"id":"0db84c1c-05b8-4afe-89fe-6745b1c7d28c","email":"mia.perez@me.com","message":"failed to process due to network exception."},{"id":"9eaa705b-13f6-4b0e-98d0-49030335fcce","email":"sarah.green@amerisave.com","message":"failed to process due to network exception."},{"id":"a1911d66-5721-420c-97fa-597170c65d97","email":"ryan.king@dropbox.net","message":"successfully handled skipped operation."},{"id":"3471aa9c-2219-46b4-8c17-1b666a86955b","email":"emma.thomas@me.com","message":"successfully processed after 9157 milliseconds."},{"id":"d4d2957a-cbcd-4dee-9074-0ccf74e8292a","email":"sophia.baker@dropbox.net","message":"successfully processed after 4888 milliseconds."},{"id":"c5035080-8e88-4558-ac28-1552013e2d1e","email":"jack.thompson@me.com","message":"successfully handled skipped operation."},{"id":"0365daec-8127-48e6-b2bf-670f86dc3795","email":"hannah.martin@dropbox.net","message":"failed to process due to network exception."},{"id":"8fdc2cb3-ee72-4cbb-b070-2e4955de083c","email":"ava.davis@gmail.com","message":"failed to process due to datastore timeout of 30 seconds.  operation took 118 seconds."},{"id":"2450f0a1-3694-44ce-9a56-06ca0077cc74","email":"samantha.scott@me.com","message":"successfully parsed message, but message temporarily enqueued while system restarts."},{"id":"97d21315-e0a8-4b2f-8390-a22d64cffd2e","email":"olivia.wright@gmail.com","message":"failed to process due to network exception."},{"id":"2b0ad84d-4cee-459e-9e7e-54918b3f02e8","email":"ava.davis@gmail.com","message":"successfully parsed message, but message temporarily enqueued while system restarts."},{"id":"4e6ca9a4-bb40-4f57-a98b-7dc8947ebdd9","email":"tyler.nelson@microsoft.com","message":"successfully handled skipped operation."},{"id":"0e60f113-f72a-4177-8784-b7deb9247a32","email":"michael.hall@dropbox.net","message":"successfully processed after 3466 milliseconds."},{"id":"94fffd2f-d152-40f0-aa01-17f903600cae","email":"taylor.adams@gmail.com","message":"failed to process due to network exception."},{"id":"5346aba9-c9ea-4afe-8df0-4e33830daa6b","email":"daniel.rodriguez@amerisave.com","message":"successfully processed after 4663 milliseconds."},{"id":"6f8281f2-7a78-4a01-ba97-536edac56109","email":"chloe.garcia@dropbox.net","message":"failed to process due to network exception."},{"id":"ca1f02ad-aa06-4c22-8c92-8f02dd347155","email":"emma.thomas@me.com","message":"successfully handled skipped operation."},{"id":"0b1c70a6-d38d-456b-85dd-59e7388cc60d","email":"andrew.miller@gmail.com","message":"successfully handled skipped operation."},{"id":"ba6d5ffc-1a24-447d-b836-608469979e64","email":"sarah.green@amerisave.com","message":"successfully parsed message, but message temporarily enqueued while system restarts."},{"id":"bf0d3e99-7735-44dc-a5f0-d12702d0329e","email":"andrew.miller@gmail.com","message":"successfully parsed message, but message temporarily enqueued while system restarts."},{"id":"a03f3c6a-dc8f-40d9-98c7-92dffbb243f5","email":"logan.clark@dropbox.net","message":"successfully handled skipped operation."},{"id":"0c46f154-1905-4ed6-93fe-7d14b012b9f6","email":"nathan.young@microsoft.com","message":"failed to process due to datastore timeout of 30 seconds.  operation took 62 seconds."},{"id":"c375ce17-b6d5-4a1f-86e3-cf2307dd7766","email":"nicholas.allen@microsoft.com","message":"failed to process due to network exception."},{"id":"d712526a-dbd6-46ed-a785-f911d6fa5a95","email":"ethan.hernandez@microsoft.com","message":"failed to process due to datastore timeout of 30 seconds.  operation took 117 seconds."},{"id":"64e74008-9ce9-4fe3-a508-3614a2301193","email":"nathan.young@microsoft.com","message":"successfully handled skipped operation."},{"id":"e78e1ec6-eec3-4c0b-a3cf-6388c9e2ee76","email":"mia.perez@me.com","message":"successfully parsed message, but message temporarily enqueued while system restarts."},{"id":"633396b8-89bb-489a-808d-285170d28f83","email":"sophia.baker@dropbox.net","message":"successfully parsed message, but message temporarily enqueued while system restarts."},{"id":"5775aacf-6636-4028-9bf1-9a49682781cf","email":"samantha.scott@me.com","message":"successfully handled skipped operation."},{"id":"2aaa2960-07d3-4220-92b1-90144015d401","email":"isabella.jackson@amerisave.com","message":"successfully parsed message, but message temporarily enqueued while system restarts."},{"id":"51f78cc1-1079-41a4-b105-1b8f2a87cdea","email":"elizabeth.martinez@dropbox.net","message":"successfully processed after 6138 milliseconds."},{"id":"5109639a-cddc-4786-a25d-7b746d44ac33","email":"ethan.hernandez@microsoft.com","message":"failed to process due to network exception."},{"id":"68185431-2bfe-4e8f-92af-f1d707a86e94","email":"aiden.johnson@microsoft.com","message":"failed to process due to datastore timeout of 30 seconds.  operation took 44 seconds."},{"id":"1733ae00-28df-4c5f-bcab-7078e78225f9","email":"tyler.nelson@microsoft.com","message":"successfully handled skipped operation."},{"id":"4bb06eb5-486e-4f88-8842-679b4598b41b","email":"alyssa.jones@amerisave.com","message":"failed to process due to datastore timeout of 30 seconds.  operation took 34 seconds."},{"id":"b6a85882-a835-4ad6-bf6b-c02c1e4adc94","email":"jackson.white@gmail.com","message":"successfully processed after 9137 milliseconds."},{"id":"27cc37d0-5c50-438c-9de9-becb6d32b852","email":"madison.lewis@gmail.com","message":"successfully parsed message, but message temporarily enqueued while system restarts."},{"id":"e45b2c69-f9ac-4f98-bb49-90c5ddb6faa6","email":"daniel.rodriguez@amerisave.com","message":"failed to process due to network exception."},{"id":"9c7243a4-c8b9-4597-bb61-603ff1bbd182","email":"samantha.scott@me.com","message":"failed to process due to network exception."},{"id":"f3cd0ffc-29f9-4903-9c57-d167a2caeada","email":"michael.hall@dropbox.net","message":"successfully parsed message, but message temporarily enqueued while system restarts."},{"id":"526459d0-8d3f-4b21-88a1-a054a7102337","email":"ava.davis@gmail.com","message":"failed to process due to datastore timeout of 30 seconds.  operation took 111 seconds."},{"id":"eb845de5-ba1c-4711-99b3-8dc9da89c95a","email":"emma.thomas@me.com","message":"failed to process due to network exception."},{"id":"08f5c421-e3ab-4dec-b80a-d2724f7e2aff","email":"michael.hall@dropbox.net","message":"failed to process due to datastore timeout of 30 seconds.  operation took 100 seconds."},{"id":"caeaa0c3-120a-401a-9684-15573fa4f02f","email":"madison.lewis@gmail.com","message":"failed to process due to network exception."},{"id":"174dbb22-9ec6-478d-8156-9e497e65fe95","email":"samantha.scott@me.com","message":"failed to process due to datastore timeout of 30 seconds.  operation took 88 seconds."},{"id":"ee2c2ea9-7d07-4146-94f3-6c4e88d60ca4","email":"emma.thomas@me.com","message":"successfully parsed message, but message temporarily enqueued while system restarts."},{"id":"2a57caf8-f7cf-4dcc-99fe-ff996a1d9040","email":"olivia.wright@gmail.com","message":"successfully processed after 3243 milliseconds."},{"id":"6f8ff4a2-ac57-41e4-ba73-b9ac76f370c2","email":"emily.taylor@gmail.com","message":"failed to process due to datastore timeout of 30 seconds.  operation took 53 seconds."},{"id":"415f3c00-e0e0-46a3-82bb-4f2a3d289789","email":"tyler.nelson@microsoft.com","message":"successfully processed after 3320 milliseconds."},{"id":"b7c8005b-4123-4369-b8d9-3af171508ac4","email":"aiden.johnson@microsoft.com","message":"successfully handled skipped operation."},{"id":"95171729-2682-482b-aa1b-c886a60a6029","email":"sarah.green@amerisave.com","message":"successfully processed after 6351 milliseconds."},{"id":"24dd0cf4-0109-4ff9-960a-ba9f7afccea8","email":"sarah.green@amerisave.com","message":"successfully handled skipped operation."},{"id":"5ba9cf8a-9e62-416b-bc40-3794ddc07154","email":"logan.clark@dropbox.net","message":"successfully parsed message, but message temporarily enqueued while system restarts."},{"id":"ca78e74b-0acf-4992-b4dc-436184e98bf9","email":"matthew.walker@amerisave.com","message":"successfully handled skipped operation."},{"id":"1e11dcda-b636-4414-ad9f-3f73bae2e02a","email":"matthew.walker@amerisave.com","message":"successfully handled skipped operation."},{"id":"c9cd1a59-b5fd-44f6-9d15-c0a61839a73c","email":"ava.davis@gmail.com","message":"successfully parsed message, but message temporarily enqueued while system restarts."},{"id":"f91c5890-e33f-4311-8cd2-309e0c196eb0","email":"chloe.garcia@dropbox.net","message":"failed to process due to network exception."},{"id":"75fc9586-38e8-434e-8fd4-2cef92fa5812","email":"noah.sanchez@me.com","message":"successfully processed after 4051 milliseconds."},{"id":"a0a60e01-2832-49ff-8b96-6d3e7d84293d","email":"jacob.lopez@dropbox.net","message":"failed to process due to datastore timeout of 30 seconds.  operation took 62 seconds."},{"id":"9c1af818-aa5c-4b87-97f4-4837dc1cc3a2","email":"alexander.williams@gmail.com","message":"successfully handled skipped operation."},{"id":"6c7dbdf5-77c8-41da-bd9d-684f7c289631","email":"nathan.young@microsoft.com","message":"successfully parsed message, but message temporarily enqueued while system restarts."},{"id":"94c510b6-f4b2-4597-96d1-02e68928a1b7","email":"jacob.lopez@dropbox.net","message":"successfully processed after 1446 milliseconds."},{"id":"5958bf98-1d2d-4e10-adaf-3139074e2a5c","email":"andrew.miller@gmail.com","message":"failed to process due to network exception."},{"id":"dcf1fe31-1e3f-4c12-aa89-89cc3b929908","email":"emily.taylor@gmail.com","message":"successfully processed after 5411 milliseconds."},{"id":"c3f8f317-a557-4287-a3e9-c3ab61a0fa63","email":"ella.anderson@dropbox.net","message":"successfully handled skipped operation."},{"id":"d457287c-2f63-4a10-96b2-1b3cedd832a8","email":"elizabeth.martinez@dropbox.net","message":"successfully parsed message, but message temporarily enqueued while system restarts."},{"id":"c5036b6e-054c-4276-bb10-3357216c74ba","email":"alyssa.jones@amerisave.com","message":"successfully processed after 2490 milliseconds."},{"id":"a5b78408-360e-48a3-90f1-75ccd60b82c1","email":"nicholas.allen@microsoft.com","message":"failed to process due to network exception."},{"id":"c78727e5-442a-4894-99b6-0b9b669dab2e","email":"jacob.lopez@dropbox.net","message":"successfully handled skipped operation."},{"id":"d7c8137d-a9e9-406c-adb2-2961c7541c6a","email":"ella.anderson@dropbox.net","message":"failed to process due to network exception."},{"id":"feafddc8-8809-41da-8eff-58efbe3c4d0e","email":"olivia.wright@gmail.com","message":"successfully processed after 3645 milliseconds."},{"id":"d4e122d5-3c37-418c-8b62-2fb6aa638943","email":"liam.gonzalez@me.com","message":"successfully handled skipped operation."},{"id":"1eefab53-6651-4bd7-8524-93b56a20d9d2","email":"grace.moore@gmail.com","message":"failed to process due to network exception."},{"id":"1efef083-8c7a-4ffb-8d05-389cebece36f","email":"liam.gonzalez@me.com","message":"successfully handled skipped operation."},{"id":"374c6483-af9b-4cd4-82bc-c155d765b37d","email":"nathan.young@microsoft.com","message":"failed to process due to datastore timeout of 30 seconds.  operation took 102 seconds."},{"id":"c8630129-9b17-4733-aeed-eeefc16c873e","email":"liam.gonzalez@me.com","message":"successfully parsed message, but message temporarily enqueued while system restarts."},{"id":"70501615-4da9-47a6-8f51-8c3816709a3a","email":"joshua.lee@gmail.com","message":"successfully processed after 8574 milliseconds."},{"id":"b0166126-14fa-464c-977d-513d3375c6a5","email":"daniel.rodriguez@amerisave.com","message":"failed to process due to datastore timeout of 30 seconds.  operation took 63 seconds."},{"id":"a5014af5-3ef7-4568-aaf4-3b867f0a3bab","email":"lily.harris@gmail.com","message":"successfully parsed message, but message temporarily enqueued while system restarts."},{"id":"107b9713-071d-4d20-a599-f83ff8464936","email":"lily.harris@gmail.com","message":"failed to process due to datastore timeout of 30 seconds.  operation took 130 seconds."},{"id":"b1df076b-1e0e-49e5-86cb-da1d99772d3a","email":"abigail.smith@amerisave.com","message":"successfully handled skipped operation."},{"id":"16066bd3-d630-4eee-a1d3-1db8c7d5221e","email":"grace.moore@gmail.com","message":"failed to process due to datastore timeout of 30 seconds.  operation took 104 seconds."},{"id":"90e04e37-4547-4709-a91c-703087819526","email":"taylor.adams@gmail.com","message":"failed to process due to network exception."},{"id":"ec0d85eb-c51f-4a8e-82e6-7b8a3f6bcefa","email":"alyssa.jones@amerisave.com","message":"failed to process due to network exception."},{"id":"2bc901b1-a518-4ae6-a672-2b6ff745b51e","email":"chloe.garcia@dropbox.net","message":"failed to process due to network exception."},{"id":"d55626e9-8998-43bb-ba0c-a652c3b90c53","email":"daniel.rodriguez@amerisave.com","message":"failed to process due to datastore timeout of 30 seconds.  operation took 40 seconds."},{"id":"2de725cf-4c7d-499b-b216-b0be963c6e26","email":"grace.moore@gmail.com","message":"failed to process due to datastore timeout of 30 seconds.  operation took 69 seconds."},{"id":"ce78abd8-a118-4103-9774-dbfc38577bad","email":"olivia.wright@gmail.com","message":"failed to process due to network exception."},{"id":"89d42eed-6e2b-405a-a243-eeec1a4068bc","email":"liam.gonzalez@me.com","message":"successfully handled skipped operation."},{"id":"e4745812-462f-4be5-839b-87e0b6097998","email":"alexis.brown@microsoft.com","message":"failed to process due to network exception."},{"id":"ba70754f-c47f-4b52-b766-32278c7136cf","email":"ryan.king@dropbox.net","message":"failed to process due to network exception."},{"id":"b83561b5-6961-4a0a-ab0f-bbeccb65fecf","email":"jacob.lopez@dropbox.net","message":"failed to process due to network exception."},{"id":"37770caf-4a7e-4f1a-9071-751a4dc2a422","email":"taylor.adams@gmail.com","message":"successfully parsed message, but message temporarily enqueued while system restarts."},{"id":"b00f7994-c42a-4d0c-8d5d-a341eade6674","email":"daniel.rodriguez@amerisave.com","message":"successfully processed after 2709 milliseconds."},{"id":"4a90a1b6-85c2-4842-a5b1-fa1b72af3a9e","email":"mason.robinson@amerisave.com","message":"failed to process due to network exception."},{"id":"4788ddea-10ee-45fd-8d37-cb915fc710e3","email":"sophia.baker@dropbox.net","message":"successfully handled skipped operation."},{"id":"0f49d437-e454-4b7b-b88e-ca18fea988d0","email":"emily.taylor@gmail.com","message":"failed to process due to network exception."},{"id":"4d1ad73b-7cf4-47fd-bc6b-be867bd59538","email":"ella.anderson@dropbox.net","message":"successfully parsed message, but message temporarily enqueued while system restarts."},{"id":"2365271c-e792-457f-a7ca-d8b39909482e","email":"samantha.scott@me.com","message":"failed to process due to datastore timeout of 30 seconds.  operation took 54 seconds."},{"id":"86b0bcfd-37f7-4810-8471-ae8b5c7370ff","email":"aiden.johnson@microsoft.com","message":"successfully parsed message, but message temporarily enqueued while system restarts."},{"id":"dd64e9b5-5c18-4775-a1e2-6af7b52217dc","email":"ava.davis@gmail.com","message":"successfully parsed message, but message temporarily enqueued while system restarts."},{"id":"6d2182bb-b01b-4d11-b418-eba14eaa57c0","email":"olivia.wright@gmail.com","message":"failed to process due to network exception."},{"id":"1a9a32da-a3fa-4a05-9274-a6335d5a3f7d","email":"liam.gonzalez@me.com","message":"failed to process due to datastore timeout of 30 seconds.  operation took 113 seconds."},{"id":"5aa5548e-ca34-4ef0-8b22-d4153171b084","email":"dylan.wilson@gmail.com","message":"successfully parsed message, but message temporarily enqueued while system restarts."},{"id":"d4325a8e-313c-48d1-baca-2e685a8ae11c","email":"sarah.green@amerisave.com","message":"failed to process due to network exception."},{"id":"6779bc23-3967-43d5-85f3-255e666c1ee0","email":"noah.sanchez@me.com","message":"successfully processed after 8495 milliseconds."},{"id":"8ad89f37-aa02-47e2-8b5c-8f71b3e64ed9","email":"elizabeth.martinez@dropbox.net","message":"successfully processed after 4384 milliseconds."},{"id":"9a290042-cc75-490f-8270-54ece634c50b","email":"tyler.nelson@microsoft.com","message":"successfully processed after 7275 milliseconds."},{"id":"44bd35ea-7558-4b70-88a0-62eb569f522b","email":"alyssa.jones@amerisave.com","message":"failed to process due to network exception."},{"id":"e0ec0b56-eb22-4855-a136-b5144c49bb52","email":"joshua.lee@gmail.com","message":"successfully processed after 5458 milliseconds."},{"id":"7d3f7398-7182-48ba-aa4a-228a6359655d","email":"daniel.rodriguez@amerisave.com","message":"failed to process due to datastore timeout of 30 seconds.  operation took 62 seconds."},{"id":"2e2ad513-ec63-4a3a-9c36-f77054a5c3bc","email":"lily.harris@gmail.com","message":"successfully parsed message, but message temporarily enqueued while system restarts."},{"id":"b2e2ad03-6c8b-48ce-80aa-3cec6391fb14","email":"mason.robinson@amerisave.com","message":"successfully handled skipped operation."},{"id":"5a66e5ac-69dc-4116-b9be-e13a039c201c","email":"mia.perez@me.com","message":"failed to process due to datastore timeout of 30 seconds.  operation took 41 seconds."},{"id":"0753d7a3-9ace-45b7-a8c2-04c64d18b47c","email":"grace.moore@gmail.com","message":"failed to process due to datastore timeout of 30 seconds.  operation took 79 seconds."},{"id":"f30ae01c-ac3a-435f-9d34-10f14d406a10","email":"nicholas.allen@microsoft.com","message":"successfully processed after 9564 milliseconds."},{"id":"6e53bac4-a3f3-4052-a30f-2da317724747","email":"ryan.king@dropbox.net","message":"successfully processed after 3101 milliseconds."},{"id":"9b1c2f17-f8e1-43d0-b130-313d8b006c1c","email":"olivia.wright@gmail.com","message":"failed to process due to datastore timeout of 30 seconds.  operation took 79 seconds."},{"id":"c705a6cf-6caf-44b8-baa6-e7c948517ddf","email":"nicholas.allen@microsoft.com","message":"successfully parsed message, but message temporarily enqueued while system restarts."},{"id":"8af09dc1-ea6b-4a5c-b701-82de37bb93ce","email":"alexander.williams@gmail.com","message":"successfully processed after 2317 milliseconds."},{"id":"d74f8d18-577d-4bce-842e-91d7e5e384e0","email":"madison.lewis@gmail.com","message":"successfully processed after 4717 milliseconds."},{"id":"f4a08c3b-19bd-46fb-8e9a-b823d485167e","email":"samantha.scott@me.com","message":"successfully processed after 2944 milliseconds."},{"id":"77ec71e9-4a03-4822-8e76-bbe8aa33b833","email":"emily.taylor@gmail.com","message":"successfully handled skipped operation."},{"id":"52130e22-0769-487e-b9c6-6ded9fa9b2de","email":"elizabeth.martinez@dropbox.net","message":"successfully parsed message, but message temporarily enqueued while system restarts."},{"id":"959712ee-00f3-45ba-b274-60b53e1d7523","email":"andrew.miller@gmail.com","message":"successfully handled skipped operation."},{"id":"d3f69957-d22c-4367-957f-7cb2d550006e","email":"alexis.brown@microsoft.com","message":"successfully handled skipped operation."},{"id":"d812b614-7b31-47fe-8955-51d76d4050ab","email":"mia.perez@me.com","message":"successfully handled skipped operation."},{"id":"dca1a144-a1d7-4c2e-a33d-33cd93900184","email":"olivia.wright@gmail.com","message":"successfully handled skipped operation."},{"id":"7d57f18a-702d-4f1d-ae0e-3b8145f85366","email":"logan.clark@dropbox.net","message":"failed to process due to network exception."},{"id":"fc5c363d-884c-41f4-b73a-78d2ab2cbc8d","email":"michael.hall@dropbox.net","message":"successfully processed after 6296 milliseconds."},{"id":"748f5ad3-d5e7-461f-833b-582690ee0a83","email":"mia.perez@me.com","message":"failed to process due to datastore timeout of 30 seconds.  operation took 80 seconds."},{"id":"198b9663-608d-4e20-beb7-da8b1c39c3fc","email":"jack.thompson@me.com","message":"successfully parsed message, but message temporarily enqueued while system restarts."},{"id":"0f454821-c482-4f77-9450-b34229851dc1","email":"olivia.wright@gmail.com","message":"failed to process due to datastore timeout of 30 seconds.  operation took 77 seconds."}],"id":"788d5f8b-61c1-4d20-aa97-f37393c2de9d"}