{"logs":[{"id":"ec0df0cd-aa4d-414c-9d0a-e79443572a17","email":"lily.harris@gmail.com","message":"successfully processed after 6927 milliseconds."},{"id":"17a3f96b-a8b3-455d-b8c3-b5f7518bc777","email":"olivia.wright@gmail.com","message":"successfully parsed message, but message temporarily enqueued while system restarts."},{"id":"f0187aa2-7f6e-46b1-bf83-d7f679193de5","email":"daniel.rodriguez@amerisave.com","message":"failed to process due to network exception."},{"id":"6c8287bc-fbb3-4fa2-925d-514dbaac009d","email":"daniel.rodriguez@amerisave.com","message":"failed to process due to datastore timeout of 30 seconds.  operation took 98 seconds."},{"id":"858125fd-aa6d-4ebe-971a-d5f27736e692","email":"madison.lewis@gmail.com","message":"successfully parsed message, but message temporarily enqueued while system restarts."},{"id":"47570f31-52f3-41a0-ad74-229651412254","email":"mason.robinson@amerisave.com","message":"successfully parsed message, but message temporarily enqueued while system restarts."},{"id":"1d115ee6-d2b5-4bf5-97cd-c4412647c03d","email":"jacob.lopez@dropbox.net","message":"successfully handled skipped operation."},{"id":"e1e5626d-b35e-40c8-adcf-f4fb8912873d","email":"liam.gonzalez@me.com","message":"successfully parsed message, but message temporarily enqueued while system restarts."},{"id":"609b64fc-16eb-4911-89ed-2f18fad4144b","email":"liam.gonzalez@me.com","message":"failed to process due to datastore timeout of 30 seconds.  operation took 119 seconds."},{"id":"44473f19-cee6-4496-8654-30949a242b47","email":"chloe.garcia@dropbox.net","message":"successfully processed after 5103 milliseconds."},{"id":"6c60c807-cc49-4ef0-a0d2-bbcb83f7a129","email":"hannah.martin@dropbox.net","message":"failed to process due to network exception."},{"id":"d90c1b06-f791-4430-9646-84936a8be5f4","email":"hannah.martin@dropbox.net","message":"failed to process due to datastore timeout of 30 seconds.  operation took 51 seconds."},{"id":"e74adcab-10ba-48a2-8ea6-c491894b0f33","email":"ethan.hernandez@microsoft.com","message":"failed to process due to datastore timeout of 30 seconds.  operation took 74 seconds."},{"id":"41b298bb-45fe-4731-ba93-c3e4ac023ff2","email":"noah.sanchez@me.com","message":"successfully processed after 4895 milliseconds."},{"id":"9c79c456-47ca-4be7-8a8b-d4cb5ffbd119","email":"isabella.jackson@amerisave.com","message":"failed to process due to datastore timeout of 30 seconds.  operation took 37 seconds."},{"id":"ea1c96f8-4d7e-4755-9015-12196941111a","email":"michael.hall@dropbox.net","message":"failed to process due to datastore timeout of 30 seconds.  operation took 129 seconds."},{"id":"30151911-b504-4613-ac46-a17bca9e5990","email":"daniel.rodriguez@amerisave.com","message":"successfully handled skipped operation."},{"id":"171af72e-d15d-46be-9a25-c49beda04592","email":"ava.davis@gmail.com","message":"successfully handled skipped operation."},{"id":"beac085e-707b-43c4-a2f2-e7de2c2dc7c2","email":"dylan.wilson@gmail.com","message":"successfully parsed message, but message temporarily enqueued while system restarts."},{"id":"fd316248-fff2-4b19-bbbd-80fe075f8cb5","email":"mason.robinson@amerisave.com","message":"failed to process due to network exception."},{"id":"5765b009-ba11-4156-9647-26b3bacce268","email":"matthew.walker@amerisave.com","message":"failed to process due to network exception."},{"id":"05c5d5bf-6620-4561-9b58-3a348440c967","email":"daniel.rodriguez@amerisave.com","message":"failed to process due to datastore timeout of 30 seconds.  operation took 126 seconds."},{"id":"4775439a-d31d-408f-9e39-52a334701c82","email":"daniel.rodriguez@amerisave.com","message":"failed to process due to datastore timeout of 30 seconds.  operation took 43 seconds."},{"id":"27f70772-0e75-4404-a29e-ead8dcc0c8ff","email":"matthew.walker@amerisave.com","message":"failed to process due to datastore timeout of 30 seconds.  operation took 112 seconds."},{"id":"14f5a1ab-a041-4de2-82e0-a5328aa28315","email":"chloe.garcia@dropbox.net","message":"successfully handled skipped operation."},{"id":"c661b295-71a2-4cc8-b533-90b5d846fb3a","email":"hannah.martin@dropbox.net","message":"failed to process due to datastore timeout of 30 seconds.  operation took 83 seconds."},{"id":"46da92f3-e0c1-4d5f-be1a-2f8deb7dbd15","email":"jackson.white@gmail.com","message":"successfully parsed message, but message temporarily enqueued while system restarts."},{"id":"256d55b0-e969-469a-91ef-b63122c5ebb6","email":"sophia.baker@dropbox.net","message":"successfully processed after 5236 milliseconds."},{"id":"d5a1338f-37ed-4f69-9d4c-92067dcd4b16","email":"hannah.martin@dropbox.net","message":"failed to process due to datastore timeout of 30 seconds.  operation took 55 seconds."},{"id":"b9f554c5-d6e8-4d54-bb48-2e98cc203f51","email":"taylor.adams@gmail.com","message":"failed to process due to datastore timeout of 30 seconds.  operation took 91 seconds."},{"id":"da100371-c9c9-4d2f-b5cf-801034cf4df6","email":"logan.clark@dropbox.net","message":"successfully parsed message, but message temporarily enqueued while system restarts."},{"id":"24867a98-ce18-49d6-9ab8-6aaa6eb7b5ed","email":"taylor.adams@gmail.com","message":"successfully parsed message, but message temporarily enqueued while system restarts."},{"id":"81c987ce-15ed-4aac-9b53-7d7849ca6024","email":"emma.thomas@me.com","message":"successfully handled skipped operation."},{"id":"31724534-78f9-4d95-b4c2-20c5a8f8468b","email":"liam.gonzalez@me.com","message":"failed to process due to network exception."},{"id":"032866aa-bd22-44ab-8e4b-51c9b3762850","email":"taylor.adams@gmail.com","message":"successfully handled skipped operation."},{"id":"f14576dd-4e88-4b1f-bfc2-67a63e3ccd92","email":"elizabeth.martinez@dropbox.net","message":"successfully processed after 6459 milliseconds."},{"id":"07c96357-3047-4791-ad6d-f9b7a0d79ed7","email":"hannah.martin@dropbox.net","message":"successfully handled skipped operation."},{"id":"541de913-fb65-4570-b2a3-22ec8fba04f6","email":"aiden.johnson@microsoft.com","message":"failed to process due to network exception."},{"id":"40eb423c-b71c-4d0d-a3cf-c0158db7a918","email":"mason.robinson@amerisave.com","message":"successfully processed after 2892 milliseconds."},{"id":"12bfce45-5a88-488f-b146-630ac670d8a1","email":"emma.thomas@me.com","message":"successfully processed after 2177 milliseconds."},{"id":"143dfa7a-3661-4295-a0e3-7f31f390cd75","email":"elizabeth.martinez@dropbox.net","message":"failed to process due to network exception."},{"id":"e4a823f0-be39-444e-9d27-5df507ce6a4a","email":"grace.moore@gmail.com","message":"failed to process due to network exception."},{"id":"b3fe1237-64f1-4916-b90c-9697695c625c","email":"olivia.wright@gmail.com","message":"successfully parsed message, but message temporarily enqueued while system restarts."},{"id":"35428d46-86d8-4704-a1de-a47b3fabf780","email":"nathan.young@microsoft.com","message":"failed to process due to datastore timeout of 30 seconds.  operation took 80 seconds."},{"id":"8f2d6cbd-8403-4a53-800d-f4f97f1351bc","email":"lily.harris@gmail.com","message":"successfully handled skipped operation."},{"id":"61467be8-2e9e-429e-b9f0-3e8b85f427f4","email":"joshua.lee@gmail.com","message":"successfully parsed message, but message temporarily enqueued while system restarts."},{"id":"654a2e5a-02df-4062-b40a-cbbc3c63f8a6","email":"mia.perez@me.com","message":"successfully processed after 1397 milliseconds."},{"id":"a1fa57a1-be2a-4fe8-898d-328f328f5b4c","email":"hannah.martin@dropbox.net","message":"failed to process due to datastore timeout of 30 seconds.  operation took 43 seconds."},{"id":"38468d01-33c3-42df-898e-c7a0d4f690e5","email":"madison.lewis@gmail.com","message":"successfully handled skipped operation."},{"id":"f227b9d7-9d9f-4f12-ad49-555ead5972e9","email":"emma.thomas@me.com","message":"failed to process due to network exception."},{"id":"42c817af-70d3-4f12-a32e-b086461750f1","email":"ava.davis@gmail.com","message":"successfully processed after 8106 milliseconds."},{"id":"50bd42fc-397c-4670-b48e-c71eff419cf7","email":"noah.sanchez@me.com","message":"successfully handled skipped operation."},{"id":"ed48ee24-af23-4c8a-9c94-05dd5682b01e","email":"michael.hall@dropbox.net","message":"successfully handled skipped operation."},{"id":"5c4d2df0-5587-4fa3-98ec-85936861a0ff","email":"dylan.wilson@gmail.com","message":"successfully handled skipped operation."},{"id":"9532e563-a3ff-4864-b67b-3aadda05b41c","email":"sarah.green@amerisave.com","message":"successfully handled skipped operation."},{"id":"4958a566-d579-42d0-a6f1-465e45db70b7","email":"elizabeth.martinez@dropbox.net","message":"failed to process due to network exception."},{"id":"e8a78df4-77c5-4b91-922e-be1fe306499d","email":"ethan.hernandez@microsoft.com","message":"successfully handled skipped operation."},{"id":"cf566d97-6965-47a8-bc7d-b3b56e05a454","email":"alyssa.jones@amerisave.com","message":"successfully processed after 5216 milliseconds."},{"id":"11335f2d-7201-4104-8260-0221fb09cd2e","email":"taylor.adams@gmail.com","message":"successfully parsed message, but message temporarily enqueued while system restarts."},{"id":"711736a6-f980-458f-a5a1-c3eca05e8d51","email":"andrew.miller@gmail.com","message":"failed to process due to datastore timeout of 30 seconds.  operation took 73 seconds."},{"id":"f2619e1c-8892-4f0b-b50b-4ed010810453","email":"madison.lewis@gmail.com","message":"successfully handled skipped operation."},{"id":"69715a9b-9235-48a9-b09e-7ada2bdec5f2","email":"alyssa.jones@amerisave.com","message":"successfully processed after 5774 milliseconds."},{"id":"321ca7b4-523c-4ea6-8121-35ef33793436","email":"ella.anderson@dropbox.net","message":"failed to process due to network exception."},{"id":"dea77d72-133c-4be3-9fab-c4f63da74a94","email":"isabella.jackson@amerisave.com","message":"failed to process due to network exception."},{"id":"55e8ff5c-4377-4138-9d05-fda4a74b0582","email":"noah.sanchez@me.com","message":"successfully parsed message, but message temporarily enqueued while system restarts."},{"id":"f981fbda-06ee-4fc5-b48e-1cf3271b337c","email":"aiden.johnson@microsoft.com","message":"successfully parsed message, but message temporarily enqueued while system restarts."},{"id":"76059d2d-9ee6-4cf6-bd6f-cf87afe084fd","email":"jacob.lopez@dropbox.net","message":"successfully handled skipped operation."},{"id":"fda4f396-bd9f-49aa-b32c-d3f5b43050a8","email":"samantha.scott@me.com","message":"successfully parsed message, but message temporarily enqueued while system restarts."},{"id":"63caccd1-de15-4c98-b801-e727a30ca8c9","email":"joshua.lee@gmail.com","message":"successfully processed after 6404 milliseconds."},{"id":"d8356f3a-5340-448e-a987-4e99c0c6e6c8","email":"mia.perez@me.com","message":"failed to process due to datastore timeout of 30 seconds.  operation took 41 seconds."},{"id":"d81c8cce-b73b-4f71-8825-0eb5c0a52799","email":"jackson.white@gmail.com","message":"successfully processed after 6044 milliseconds."},{"id":"6d22fc49-a9b7-46d2-bf11-4ea09f2476c6","email":"emily.taylor@gmail.com","message":"failed to process due to datastore timeout of 30 seconds.  operation took 56 seconds."},{"id":"4a50dab5-0201-444c-91eb-efa7d5cb0e40","email":"aiden.johnson@microsoft.com","message":"successfully processed after 7110 milliseconds."},{"id":"fd736200-6c32-4ec1-901e-c390c06ea974","email":"matthew.walker@amerisave.com","message":"successfully processed after 4848 milliseconds."},{"id":"9a66d5c4-c18b-4c21-9b71-d4e41f151b93","email":"nathan.young@microsoft.com","message":"failed to process due to network exception."},{"id":"1712c0dc-ec3b-4a7c-81a4-fdccf42b5f46","email":"elizabeth.martinez@dropbox.net","message":"successfully handled skipped operation."},{"id":"4f313fcf-0ca3-457f-bb0e-a715f8e497f6","email":"liam.gonzalez@me.com","message":"successfully parsed message, but message temporarily enqueued while system restarts."},{"id":"1ed51acd-3e2c-4318-a50c-9b4553f3eebc","email":"logan.clark@dropbox.net","message":"successfully processed after 7520 milliseconds."},{"id":"629aeca8-3312-43ed-8d60-fba0eba8f7d3","email":"sophia.baker@dropbox.net","message":"failed to process due to datastore timeout of 30 seconds.  operation took 75 seconds."},{"id":"4e7c5e19-9f52-4a9a-963d-909b78680119","email":"lily.harris@gmail.com","message":"successfully processed after 1479 milliseconds."},{"id":"f8dddee4-5c92-4967-a94e-3bea12ef5aac","email":"chloe.garcia@dropbox.net","message":"successfully parsed message, but message temporarily enqueued while system restarts."},{"id":"2883900b-50a0-4ca3-8942-ff2f8497334f","email":"dylan.wilson@gmail.com","message":"failed to process due to datastore timeout of 30 seconds.  operation took 88 seconds."},{"id":"ab24081d-7f16-48b0-a4aa-c15cdfb7c3c8","email":"alexis.brown@microsoft.com","message":"successfully parsed message, but message temporarily enqueued while system restarts."},{"id":"0f4f926f-367d-40e1-96ec-e6819fd92065","email":"noah.sanchez@me.com","message":"successfully parsed message, but message temporarily enqueued while system restarts."},{"id":"0a021ca7-1b5b-4e63-8a3f-5463b693d172","email":"ella.anderson@dropbox.net","message":"successfully handled skipped operation."},{"id":"38536235-0fe9-44f9-97e0-bafedf704c6f","email":"lily.harris@gmail.com","message":"failed to process due to network exception."},{"id":"1a54cf75-b181-4a22-9bc5-f6eba05ec03d","email":"noah.sanchez@me.com","message":"successfully parsed message, but message temporarily enqueued while system restarts."},{"id":"e023943f-8fcd-44ca-a776-86b75680967c","email":"hannah.martin@dropbox.net","message":"successfully handled skipped operation."},{"id":"1b1597ff-85db-4b1f-9415-0a3c257cf920","email":"emma.thomas@me.com","message":"failed to process due to network exception."},{"id":"4389848c-9b49-49a9-8930-eeb266746f11","email":"jacob.lopez@dropbox.net","message":"successfully processed after 422 milliseconds."},{"id":"c11acb68-28a0-458b-a4c3-d80df80936ba","email":"nicholas.allen@microsoft.com","message":"failed to process due to network exception."},{"id":"cd584055-fb5c-4304-adad-dd069b561a93","email":"jacob.lopez@dropbox.net","message":"successfully processed after 3338 milliseconds."},{"id":"592ecbcf-0050-4e35-a72d-40ece5d811b5","email":"abigail.smith@amerisave.com","message":"failed to process due to datastore timeout of 30 seconds.  operation took 37 seconds."},{"id":"8b2a8a3f-2096-4235-9a81-dd2e70af978e","email":"alexis.brown@microsoft.com","message":"successfully parsed message, but message temporarily enqueued while system restarts."},{"id":"83c8aa79-b733-4000-98dd-7b2fab6929a0","email":"hannah.martin@dropbox.net","message":"failed to process due to datastore timeout of 30 seconds.  operation took 93 seconds."},{"id":"fa3005a6-befb-4c03-8d6f-8dce13a960b6","email":"dylan.wilson@gmail.com","message":"successfully processed after 3574 milliseconds."},{"id":"a7dd23a6-01d3-4d29-b47e-c36f88192c88","email":"grace.moore@gmail.com","message":"successfully handled skipped operation."},{"id":"d36901b5-3bb2-4ae6-889b-d77217c391ec","email":"liam.gonzalez@me.com","message":"successfully processed after 3515 milliseconds."},{"id":"d903ddd2-e77b-448a-ae12-a6210f04eecf","email":"alexander.williams@gmail.com","message":"successfully handled skipped operation."},{"id":"88271a41-b5f9-4b24-b709-d5d0ab9145cf","email":"lily.harris@gmail.com","message":"failed to process due to network exception."},{"id":"901bb3a7-b945-4996-8a2c-d44997e681dc","email":"logan.clark@dropbox.net","message":"successfully parsed message, but message temporarily enqueued while system restarts."},{"id":"28e5ee5b-b732-4c94-87f8-aa55b4947a78","email":"daniel.rodriguez@amerisave.com","message":"successfully handled skipped operation."},{"id":"2a61b384-ba83-4727-896e-54bc3fbf49c1","email":"alexis.brown@microsoft.com","message":"failed to process due to datastore timeout of 30 seconds.  operation took 76 seconds."},{"id":"f416fddf-7334-48d5-a114-c7c70affb3b2","email":"ethan.hernandez@microsoft.com","message":"failed to process due to network exception."},{"id":"4a68b9f0-36fe-4436-9264-ca15346be568","email":"lily.harris@gmail.com","message":"successfully parsed message, but message temporarily enqueued while system restarts."},{"id":"9642e46b-238f-421d-ad71-4509bc20498e","email":"jackson.white@gmail.com","message":"successfully parsed message, but message temporarily enqueued while system restarts."},{"id":"eaddfb76-4ca0-4904-998a-b033032375ff","email":"joshua.lee@gmail.com","message":"successfully handled skipped operation."},{"id":"d7afdbdd-edcc-40a0-b76c-530e4a5eeea9","email":"sophia.baker@dropbox.net","message":"failed to process due to network exception."},{"id":"bbb907a8-8d7d-474a-a180-0a4b4a0d3596","email":"ava.davis@gmail.com","message":"failed to process due to datastore timeout of 30 seconds.  operation took 129 seconds."},{"id":"a98dff29-b3c6-4aba-96af-995fc19e52eb","email":"aiden.johnson@microsoft.com","message":"successfully parsed message, but message temporarily enqueued while system restarts."},{"id":"429e4d81-fb36-4167-af84-291f99e36177","email":"samantha.scott@me.com","message":"successfully handled skipped operation."},{"id":"df4c080d-f63a-45db-85c4-9a703606dbbe","email":"alyssa.jones@amerisave.com","message":"successfully parsed message, but message temporarily enqueued while system restarts."},{"id":"0dc669cd-c10d-477b-9291-7c8cb82642df","email":"nathan.young@microsoft.com","message":"failed to process due to network exception."},{"id":"5a0fb134-7402-4c19-8a64-8becf1ca6b27","email":"sophia.baker@dropbox.net","message":"failed to process due to network exception."},{"id":"1d1e9245-ec70-4e07-a80d-9a0d50557356","email":"alexander.williams@gmail.com","message":"successfully handled skipped operation."},{"id":"8c5602e0-ac78-43a9-8997-cd60b5f735dd","email":"elizabeth.martinez@dropbox.net","message":"successfully handled skipped operation."},{"id":"515ffded-0999-4699-8e83-0a132b8e9a32","email":"andrew.miller@gmail.com","message":"failed to process due to datastore timeout of 30 seconds.  operation took 96 seconds."},{"id":"2aeb1ba8-73f4-4bde-8e7f-26ddaad3db35","email":"ava.davis@gmail.com","message":"successfully parsed message, but message temporarily enqueued while system restarts."},{"id":"aee26073-4862-4cb1-9422-cfb17f760ccc","email":"emma.thomas@me.com","message":"successfully parsed message, but message temporarily enqueued while system restarts."},{"id":"e7b27d12-f187-48fa-9169-939b447dfb6c","email":"emma.thomas@me.com","message":"failed to process due to datastore timeout of 30 seconds.  operation took 42 seconds."},{"id":"14ffa28f-aa44-4323-ba67-e89be50ad677","email":"isabella.jackson@amerisave.com","message":"failed to process due to datastore timeout of 30 seconds.  operation took 121 seconds."},{"id":"b3d9434e-7183-4dad-8770-2a77837dd19d","email":"emily.taylor@gmail.com","message":"failed to process due to network exception."},{"id":"2107c37e-ffa3-46c5-b2bc-f2f73d8c1b1d","email":"emma.thomas@me.com","message":"successfully parsed message, but message temporarily enqueued while system restarts."},{"id":"6ed796c4-209a-4880-ac3a-aef42eb0ecdc","email":"andrew.miller@gmail.com","message":"failed to process due to network exception."},{"id":"21f0e452-09c8-47e5-a3b9-7538e653cde0","email":"mia.perez@me.com","message":"successfully processed after 6182 milliseconds."},{"id":"02fecbea-71d8-4ffe-8977-f4a1d65c8a26","email":"ethan.hernandez@microsoft.com","message":"successfully parsed message, but message temporarily enqueued while system restarts."},{"id":"0a7d2f41-13d6-4a11-b03e-fe6828f27893","email":"daniel.rodriguez@amerisave.com","message":"successfully parsed message, but message temporarily enqueued while system restarts."},{"id":"b7d518cc-1499-401c-8fa9-c35e0a29bc14","email":"ethan.hernandez@microsoft.com","message":"failed to process due to network exception."},{"id":"2d5878ff-3077-4f09-a8d0-53e12901b1ff","email":"taylor.adams@gmail.com","message":"successfully handled skipped operation."},{"id":"48a8d7a0-cfdc-47fc-8b81-83965ba081fa","email":"ryan.king@dropbox.net","message":"failed to process due to datastore timeout of 30 seconds.  operation took 125 seconds."},{"id":"7719635e-fc6e-4a85-a674-c70ff4ab1954","email":"ella.anderson@dropbox.net","message":"successfully parsed message, but message temporarily enqueued while system restarts."},{"id":"c8b28a83-7b58-4ee6-9899-31e03e4aca04","email":"chloe.garcia@dropbox.net","message":"failed to process due to network exception."},{"id":"e2d2c025-12a9-4668-8ce1-c1028b5d2d8c","email":"chloe.garcia@dropbox.net","message":"failed to process due to datastore timeout of 30 seconds.  operation took 79 seconds."},{"id":"9cf79327-ab29-4c7d-b152-d302779099e3","email":"sophia.baker@dropbox.net","message":"successfully handled skipped operation."},{"id":"cd1bdb13-803d-467f-b49e-71cc5c4ba09a","email":"mason.robinson@amerisave.com","message":"successfully processed after 7285 milliseconds."},{"id":"a0908af8-7874-4d7b-89ea-88cfcb854483","email":"samantha.scott@me.com","message":"failed to process due to datastore timeout of 30 seconds.  operation took 31 seconds."},{"id":"a8be8433-0958-4995-9025-f63d7f71986e","email":"isabella.jackson@amerisave.com","message":"successfully processed after 9606 milliseconds."},{"id":"f5e55732-df68-4157-8437-9a7c1e591baa","email":"madison.lewis@gmail.com","message":"successfully handled skipped operation."},{"id":"c08a01d2-50c5-4f04-8053-bb1c8560a0b7","email":"andrew.miller@gmail.com","message":"successfully parsed message, but message temporarily enqueued while system restarts."},{"id":"a3f46a6f-132e-4f93-8238-7a18738468f8","email":"mason.robinson@amerisave.com","message":"successfully processed after 5513 milliseconds."},{"id":"3327739a-bd47-4f5e-8ae3-538bf92d4483","email":"noah.sanchez@me.com","message":"successfully parsed message, but message temporarily enqueued while system restarts."},{"id":"e1f8cd5f-7c17-4c26-a78d-5854ac5d867f","email":"taylor.adams@gmail.com","message":"failed to process due to datastore timeout of 30 seconds.  operation took 42 seconds."},{"id":"7a702bdb-048b-4000-91b8-4183b4274635","email":"michael.hall@dropbox.net","message":"successfully processed after 3139 milliseconds."},{"id":"b3e3661c-a7d8-425e-8a28-033abc47fa70","email":"taylor.adams@gmail.com","message":"successfully handled skipped operation."},{"id":"709e28c2-f607-4bc2-b7a3-84728e11c95a","email":"hannah.martin@dropbox.net","message":"failed to process due to datastore timeout of 30 seconds.  operation took 39 seconds."},{"id":"5382e126-a4a5-4bd1-966a-3912a283fcc5","email":"nathan.young@microsoft.com","message":"successfully parsed message, but message temporarily enqueued while system restarts."},{"id":"4cb81469-8a7c-4d2d-aab4-8221a445e348","email":"alexander.williams@gmail.com","message":"successfully processed after 5103 milliseconds."},{"id":"02857bc8-2d2b-4301-b0b0-956c635e7d88","email":"ella.anderson@dropbox.net","message":"successfully handled skipped operation."},{"id":"7a6b87de-d3d8-4bf3-8c1e-c07fcd94b9d2","email":"jackson.white@gmail.com","message":"successfully handled skipped operation."},{"id":"a74927a6-b261-486a-a64b-27afac1ba1c5","email":"mia.perez@me.com","message":"failed to process due to datastore timeout of 30 seconds.  operation took 76 seconds."},{"id":"b011af85-8603-4176-818b-06fc71a45dac","email":"nathan.young@microsoft.com","message":"failed to process due to network exception."},{"id":"042dfada-2bce-49ef-99cb-33c0981ec665","email":"elizabeth.martinez@dropbox.net","message":"successfully handled skipped operation."},{"id":"20b11012-a474-466c-bd67-dc244e803159","email":"ryan.king@dropbox.net","message":"successfully handled skipped operation."},{"id":"c00d005f-7edb-44c2-8b81-6a01c9a44964","email":"elizabeth.martinez@dropbox.net","message":"successfully parsed message, but message temporarily enqueued while system restarts."},{"id":"75479b77-b682-4722-864e-64d2f4c67548","email":"taylor.adams@gmail.com","message":"successfully parsed message, but message temporarily enqueued while system restarts."},{"id":"0dd4f2df-aab2-4aa3-ada4-7bb9f65b2e13","email":"alexander.williams@gmail.com","message":"successfully handled skipped operation."},{"id":"8a42e9ad-dca2-4e12-8789-d195bd1f8fa8","email":"isabella.jackson@amerisave.com","message":"successfully parsed message, but message temporarily enqueued while system restarts."},{"id":"5a15813c-9e89-47c0-945a-30a4e2745c31","email":"samantha.scott@me.com","message":"failed to process due to network exception."},{"id":"c96c4c5a-e5fc-4115-9c2c-7ac600ca4814","email":"joshua.lee@gmail.com","message":"failed to process due to network exception."},{"id":"dfc04763-eded-442b-bb9a-6901d1befab6","email":"nicholas.allen@microsoft.com","message":"successfully parsed message, but message temporarily enqueued while system restarts."},{"id":"2505f9ae-97f1-44b0-9850-76098185312e","email":"logan.clark@dropbox.net","message":"successfully handled skipped operation."},{"id":"8186a8a9-6549-4ac1-9997-76be086c2d34","email":"madison.lewis@gmail.com","message":"failed to process due to datastore timeout of 30 seconds.  operation took 34 seconds."},{"id":"117d529e-08fc-4112-9602-9753ca24f70d","email":"madison.lewis@gmail.com","message":"failed to process due to datastore timeout of 30 seconds.  operation took 85 seconds."},{"id":"82c0b266-7378-4977-a78d-575b75bbe757","email":"nathan.young@microsoft.com","message":"failed to process due to network exception."},{"id":"188d5310-2c69-4fde-9381-5e0fbcc55006","email":"jacob.lopez@dropbox.net","message":"failed to process due to network exception."},{"id":"d4343624-8ec4-499b-bafc-fa8162656dce","email":"sophia.baker@dropbox.net","message":"successfully parsed message, but message temporarily enqueued while system restarts."},{"id":"18752cfb-5127-4949-96ea-af493b04d09e","email":"emma.thomas@me.com","message":"successfully parsed message, but message temporarily enqueued while system restarts."},{"id":"0fdb0e10-a957-4829-b04e-b31d8f586e82","email":"mia.perez@me.com","message":"failed to process due to network exception."},{"id":"2b9ac28e-31c4-40c3-a031-4ebadfd6bff5","email":"grace.moore@gmail.com","message":"successfully processed after 9615 milliseconds."},{"id":"f00fcbd5-cc51-480b-addc-3ef1c1a168a8","email":"emily.taylor@gmail.com","message":"successfully handled skipped operation."},{"id":"3b3eb637-295e-4250-81d6-2c00eb48d354","email":"olivia.wright@gmail.com","message":"failed to process due to datastore timeout of 30 seconds.  operation took 53 seconds."},{"id":"415965cc-bdf5-47cd-b5b9-d2ad71d6e846","email":"sarah.green@amerisave.com","message":"successfully parsed message, but message temporarily enqueued while system restarts."},{"id":"641d389f-e487-45c9-99d4-81fd63f64ef8","email":"mason.robinson@amerisave.com","message":"successfully processed after 7201 milliseconds."},{"id":"04b20e5a-a0df-464d-8af1-95350879cf3e","email":"olivia.wright@gmail.com","message":"successfully processed after 2143 milliseconds."},{"id":"7373bc9c-43b3-4a06-a026-af41b829548f","email":"ryan.king@dropbox.net","message":"successfully handled skipped operation."},{"id":"6ccf9c74-2e86-46ae-ad96-5e995108cae2","email":"grace.moore@gmail.com","message":"successfully parsed message, but message temporarily enqueued while system restarts."},{"id":"c779b9b3-2610-49db-a477-d4c765f2da6c","email":"michael.hall@dropbox.net","message":"successfully processed after 6565 milliseconds."},{"id":"c2e83605-1be4-4b34-b805-f08a33e42a30","email":"jacob.lopez@dropbox.net","message":"failed to process due to network exception."},{"id":"452e4a52-4e10-4bfb-a8dc-029466388b3c","email":"liam.gonzalez@me.com","message":"successfully parsed message, but message temporarily enqueued while system restarts."},{"id":"242a13b0-389b-49ed-ac93-a0fa0fc16f22","email":"samantha.scott@me.com","message":"successfully handled skipped operation."},{"id":"a5447eb6-117e-4690-99b3-dfdba5a58a5d","email":"taylor.adams@gmail.com","message":"failed to process due to datastore timeout of 30 seconds.  operation took 75 seconds."},{"id":"2ac856f6-431f-4d2c-9685-51bb1a367935","email":"daniel.rodriguez@amerisave.com","message":"failed to process due to datastore timeout of 30 seconds.  operation took 130 seconds."},{"id":"de749457-f28c-415e-b773-5a449ca7276b","email":"daniel.rodriguez@amerisave.com","message":"successfully handled skipped operation."},{"id":"265aa462-3aa4-4d2d-a7c8-11e5efefac74","email":"chloe.garcia@dropbox.net","message":"successfully parsed message, but message temporarily enqueued while system restarts."},{"id":"b3ffbc06-4b2c-4a0d-a58f-04f1d2b62ba2","email":"elizabeth.martinez@dropbox.net","message":"successfully parsed message, but message temporarily enqueued while system restarts."},{"id":"b03529a5-0481-4ced-8b2c-1fa779ad3197","email":"nicholas.allen@microsoft.com","message":"successfully processed after 5260 milliseconds."},{"id":"d3458d46-e7f2-4a03-89d8-526994db5301","email":"sophia.baker@dropbox.net","message":"successfully handled skipped operation."},{"id":"46e18c2a-acb9-44e7-977b-ac931eb1ae3c","email":"joshua.lee@gmail.com","message":"successfully handled skipped operation."},{"id":"d473e848-ae8b-4b02-9ca5-33a9d0703b9a","email":"olivia.wright@gmail.com","message":"failed to process due to network exception."},{"id":"e168b072-9bb2-4fa0-8aa4-bc12ef1c1b5a","email":"dylan.wilson@gmail.com","message":"successfully handled skipped operation."},{"id":"72b75aaa-2995-4203-901b-51a7b7694124","email":"grace.moore@gmail.com","message":"successfully handled skipped operation."},{"id":"4211ac58-4b5c-45ad-8c2d-704300d761c4","email":"tyler.nelson@microsoft.com","message":"failed to process due to network exception."},{"id":"85b7c002-3d08-4e9d-b31d-5487eb734179","email":"lily.harris@gmail.com","message":"successfully handled skipped operation."},{"id":"0691da09-f0fe-4ede-9339-a0e1a5c53267","email":"tyler.nelson@microsoft.com","message":"successfully handled skipped operation."},{"id":"9b2ce7eb-4f84-4f58-bb9e-5a81abcd6f18","email":"mia.perez@me.com","message":"failed to process due to datastore timeout of 30 seconds.  operation took 100 seconds."},{"id":"2f2a8b84-14a0-47bb-b4da-1747537a5543","email":"sophia.baker@dropbox.net","message":"successfully parsed message, but message temporarily enqueued while system restarts."},{"id":"31513813-e2c4-4106-90de-f2a0b9593ae8","email":"isabella.jackson@amerisave.com","message":"successfully handled skipped operation."},{"id":"a0c22e61-85a4-42c5-856d-4369726a1edf","email":"mason.robinson@amerisave.com","message":"failed to process due to network exception."},{"id":"3cf1a8e4-2bc1-49eb-8d48-bd7c3f99f22d","email":"liam.gonzalez@me.com","message":"successfully processed after 4772 milliseconds."},{"id":"bc62989e-bfdb-41fb-a4b3-f09b8185ae9b","email":"grace.moore@gmail.com","message":"successfully processed after 8689 milliseconds."},{"id":"de24a692-9823-4dbf-9c4d-63315695402a","email":"sarah.green@amerisave.com","message":"successfully parsed message, but message temporarily enqueued while system restarts."},{"id":"134e10f3-ba65-4560-a27c-90ce9ad5a169","email":"michael.hall@dropbox.net","message":"successfully processed after 4609 milliseconds."},{"id":"9e9a7d29-f7a6-4f23-9608-28b95d2e1fee","email":"elizabeth.martinez@dropbox.net","message":"successfully processed after 5986 milliseconds."},{"id":"55384d61-28d5-4438-ade6-6abf68765bea","email":"isabella.jackson@amerisave.com","message":"failed to process due to datastore timeout of 30 seconds.  operation took 42 seconds."},{"id":"fbe26bac-28d9-44e0-ba74-cb41df8b5cc2","email":"abigail.smith@amerisave.com","message":"successfully processed after 8746 milliseconds."},{"id":"3ec82448-440d-460b-810c-b9a10dc47af4","email":"mason.robinson@amerisave.com","message":"successfully handled skipped operation."},{"id":"9e8f3f88-24bb-42ef-8788-f40ffa84fd70","email":"nathan.young@microsoft.com","message":"failed to process due to datastore timeout of 30 seconds.  operation took 128 seconds."},{"id":"99e2a1ed-2540-41f3-a188-800e43049797","email":"emily.taylor@gmail.com","message":"failed to process due to network exception."},{"id":"cdacde23-deba-4cd2-b1c6-d8b3e9179787","email":"abigail.smith@amerisave.com","message":"failed to process due to datastore timeout of 30 seconds.  operation took 111 seconds."},{"id":"0bf0716f-849c-4d48-8f12-40bdc4cc5f24","email":"matthew.walker@amerisave.com","message":"failed to process due to datastore timeout of 30 seconds.  operation took 109 seconds."},{"id":"5844f566-b9e2-459b-bdb1-0c4e436eb6dd","email":"abigail.smith@amerisave.com","message":"successfully processed after 8940 milliseconds."},{"id":"57c2e0c3-bda8-4ecb-af4e-c4d1f0cde256","email":"aiden.johnson@microsoft.com","message":"successfully parsed message, but message temporarily enqueued while system restarts."},{"id":"365fa05f-565a-4d2a-92bb-41eb1cc12658","email":"matthew.walker@amerisave.com","message":"successfully parsed message, but message temporarily enqueued while system restarts."},{"id":"9236ab01-eea3-4a1f-a39f-5d10cbe81381","email":"elizabeth.martinez@dropbox.net","message":"failed to process due to datastore timeout of 30 seconds.  operation took 119 seconds."},{"id":"54551d40-e7d7-4e30-b1e6-640514cba326","email":"mason.robinson@amerisave.com","message":"successfully handled skipped operation."},{"id":"2130ee33-7e67-452e-9180-828cdaec097d","email":"hannah.martin@dropbox.net","message":"failed to process due to datastore timeout of 30 seconds.  operation took 88 seconds."},{"id":"f17bbbfb-bc2d-493b-b6d6-53e254d8b3ab","email":"noah.sanchez@me.com","message":"successfully handled skipped operation."},{"id":"4cf15b8a-84f3-4e07-a382-439f68a4ea7a","email":"andrew.miller@gmail.com","message":"successfully parsed message, but message temporarily enqueued while system restarts."},{"id":"3bd9a784-a0f7-498e-997d-473c22a0438f","email":"jackson.white@gmail.com","message":"failed to process due to network exception."},{"id":"0f5acd2d-e4c7-4d15-989e-efc4ea932d3c","email":"elizabeth.martinez@dropbox.net","message":"failed to process due to datastore timeout of 30 seconds.  operation took 99 seconds."},{"id":"753733f3-a91d-4466-b64f-adb4458a143a","email":"ethan.hernandez@microsoft.com","message":"successfully parsed message, but message temporarily enqueued while system restarts."},{"id":"ad82efc8-e612-45c1-8228-5a41c50d3fe6","email":"ava.davis@gmail.com","message":"failed to process due to datastore timeout of 30 seconds.  operation took 53 seconds."},{"id":"0191c6b6-f42f-40ec-847f-d2b342b743b9","email":"olivia.wright@gmail.com","message":"failed to process due to datastore timeout of 30 seconds.  operation took 79 seconds."},{"id":"1d44a4f1-1de1-4306-a279-d7e80892aaab","email":"grace.moore@gmail.com","message":"successfully parsed message, but message temporarily enqueued while system restarts."},{"id":"17a1ca52-d4e4-4352-87d3-fbf4c5fbe787","email":"ava.davis@gmail.com","message":"successfully handled skipped operation."},{"id":"e4ab3df9-7983-4ef9-9fb7-492a0616674d","email":"jacob.lopez@dropbox.net","message":"failed to process due to datastore timeout of 30 seconds.  operation took 69 seconds."},{"id":"36c083d8-315c-4278-b537-d65624d723c5","email":"mason.robinson@amerisave.com","message":"failed to process due to network exception."},{"id":"75b1c9c1-d9c1-4ed8-afc9-a0179d936465","email":"sophia.baker@dropbox.net","message":"failed to process due to network exception."},{"id":"f2508ca8-60f1-462d-862a-c59ea4e28d2b","email":"jacob.lopez@dropbox.net","message":"failed to process due to network exception."},{"id":"e1243b17-a39e-4495-b212-35815a2a36af","email":"nathan.young@microsoft.com","message":"failed to process due to network exception."},{"id":"1b4d1bd3-44fe-4c47-b5f4-4f0720ab1245","email":"daniel.rodriguez@amerisave.com","message":"successfully parsed message, but message temporarily enqueued while system restarts."},{"id":"aecd4d77-5324-4935-9aab-525a8262a612","email":"liam.gonzalez@me.com","message":"successfully handled skipped operation."},{"id":"6ad0d497-3506-4ff4-ab72-6dd7877f6691","email":"grace.moore@gmail.com","message":"successfully processed after 2011 milliseconds."},{"id":"d6474fa4-3a1e-49aa-9a26-9b7c0dfe3fd0","email":"emma.thomas@me.com","message":"successfully parsed message, but message temporarily enqueued while system restarts."},{"id":"4d0ca8e6-84c9-4ccc-8e17-64517b1422e8","email":"joshua.lee@gmail.com","message":"successfully parsed message, but message temporarily enqueued while system restarts."},{"id":"386792ef-3982-4bd4-895a-660ebaf81974","email":"logan.clark@dropbox.net","message":"failed to process due to network exception."},{"id":"4d12f2de-47eb-45f6-b5e0-5d827cc47d09","email":"daniel.rodriguez@amerisave.com","message":"successfully parsed message, but message temporarily enqueued while system restarts."},{"id":"e739b02b-c3cc-460b-bd99-3d21c83a1156","email":"isabella.jackson@amerisave.com","message":"successfully processed after 1446 milliseconds."},{"id":"32b24420-ecda-473a-9590-60931801d7c8","email":"ella.anderson@dropbox.net","message":"successfully processed after 6712 milliseconds."},{"id":"82b73c6f-6c11-43bb-a3e1-c418a93c3c40","email":"daniel.rodriguez@amerisave.com","message":"failed to process due to network exception."},{"id":"338ca4e1-4058-4658-b1a3-8a0ab8826032","email":"joshua.lee@gmail.com","message":"failed to process due to datastore timeout of 30 seconds.  operation took 79 seconds."},{"id":"4c432065-942b-4e0c-beb0-15048e4334e2","email":"mia.perez@me.com","message":"successfully handled skipped operation."},{"id":"38e5ece9-d0bd-4fd4-be68-296f9db05572","email":"emma.thomas@me.com","message":"successfully processed after 1827 milliseconds."},{"id":"f225330e-05f8-4b80-8d59-d06774ec1c2d","email":"michael.hall@dropbox.net","message":"successfully parsed message, but message temporarily enqueued while system restarts."},{"id":"13943b36-7fda-4db8-9d34-0a658640ece0","email":"joshua.lee@gmail.com","message":"failed to process due to datastore timeout of 30 seconds.  operation took 76 seconds."},{"id":"992d578f-d81d-48a8-aa71-13c56626e90b","email":"samantha.scott@me.com","message":"successfully handled skipped operation."},{"id":"24fce1af-b9c6-4dd5-85d8-8cd0f0f93edb","email":"emma.thomas@me.com","message":"failed to process due to datastore timeout of 30 seconds.  operation took 49 seconds."},{"id":"a46a5f48-c476-461f-885d-71649a7c4292","email":"ethan.hernandez@microsoft.com","message":"successfully processed after 1863 milliseconds."},{"id":"db975228-7311-45a7-80ee-68aef6400103","email":"samantha.scott@me.com","message":"failed to process due to network exception."},{"id":"ccc85ba9-59a2-4eeb-a95d-8d372c50a761","email":"ryan.king@dropbox.net","message":"successfully parsed message, but message temporarily enqueued while system restarts."},{"id":"4c938214-a2f8-4402-a3c1-d950d59c0317","email":"aiden.johnson@microsoft.com","message":"failed to process due to network exception."},{"id":"a1bddb2b-6656-45c2-b150-190e7ea55fca","email":"mia.perez@me.com","message":"successfully handled skipped operation."},{"id":"a9c9aa68-d04e-4c6d-9ec5-91df8883c5b1","email":"michael.hall@dropbox.net","message":"successfully parsed message, but message temporarily enqueued while system restarts."},{"id":"ab24b67c-a085-40ae-b63a-7d8cfbae5b0b","email":"joshua.lee@gmail.com","message":"successfully handled skipped operation."},{"id":"cad9efd9-5cc6-4d3f-9cd3-c25a9756b168","email":"ryan.king@dropbox.net","message":"successfully handled skipped operation."},{"id":"1290ece6-a7ad-4f93-b251-88b423720fc6","email":"emma.thomas@me.com","message":"successfully parsed message, but message temporarily enqueued while system restarts."},{"id":"2f445697-2206-4739-aa19-c471ae7a76c4","email":"olivia.wright@gmail.com","message":"successfully processed after 825 milliseconds."},{"id":"f8508082-6266-4e16-bd3f-b0455c166aab","email":"nicholas.allen@microsoft.com","message":"successfully parsed message, but message temporarily enqueued while system restarts."},{"id":"62fd21e0-d68b-4519-beef-08c65eb80d29","email":"madison.lewis@gmail.com","message":"successfully handled skipped operation."},{"id":"5108dfd4-08f1-4b16-8367-bef855563168","email":"sarah.green@amerisave.com","message":"failed to process due to datastore timeout of 30 seconds.  operation took 127 seconds."},{"id":"c791c6dc-3706-4220-9805-8eaa49380d93","email":"matthew.walker@amerisave.com","message":"successfully parsed message, but message temporarily enqueued while system restarts."},{"id":"cef29b59-387e-464a-92e8-0ba352d1e832","email":"mason.robinson@amerisave.com","message":"failed to process due to datastore timeout of 30 seconds.  operation took 95 seconds."},{"id":"7888203e-54e8-4512-b3cd-9ff35f0d3a55","email":"daniel.rodriguez@amerisave.com","message":"successfully handled skipped operation."},{"id":"b695b512-1546-4a4f-8bed-7f21b9cbae59","email":"madison.lewis@gmail.com","message":"successfully processed after 5397 milliseconds."},{"id":"00bfb38d-4fb3-41d0-bdbc-f5a844bd0176","email":"sarah.green@amerisave.com","message":"failed to process due to network exception."},{"id":"d49d6718-d342-4497-9ae5-f7645fb60f0f","email":"madison.lewis@gmail.com","message":"successfully parsed message, but message temporarily enqueued while system restarts."},{"id":"dea00610-e323-461e-a569-b412158b3b16","email":"andrew.miller@gmail.com","message":"successfully handled skipped operation."},{"id":"fde3252c-ca81-40b9-bfc2-40d9f106a3ca","email":"daniel.rodriguez@amerisave.com","message":"successfully handled skipped operation."},{"id":"3aa8abf1-8e7e-4421-8f9c-db3674068caa","email":"mason.robinson@amerisave.com","message":"successfully handled skipped operation."},{"id":"fa51352c-72dd-4344-8018-a39744798e4a","email":"mia.perez@me.com","message":"successfully parsed message, but message temporarily enqueued while system restarts."},{"id":"00e8307a-fda7-4f0d-8962-9ab93eee4675","email":"sarah.green@amerisave.com","message":"successfully parsed message, but message temporarily enqueued while system restarts."},{"id":"e1082650-3754-4ba8-bd2c-b5ad11e458f1","email":"jacob.lopez@dropbox.net","message":"successfully parsed message, but message temporarily enqueued while system restarts."},{"id":"dec5a132-3734-4779-8407-656670255282","email":"nicholas.allen@microsoft.com","message":"successfully parsed message, but message temporarily enqueued while system restarts."},{"id":"61ab975d-0b68-4b83-b769-044639587129","email":"noah.sanchez@me.com","message":"successfully processed after 2097 milliseconds."},{"id":"eced172d-fa2d-470b-8d45-f69815e7bf09","email":"grace.moore@gmail.com","message":"successfully processed after 9774 milliseconds."},{"id":"0ed3aed2-ce19-4734-a8df-b399b5d38b65","email":"chloe.garcia@dropbox.net","message":"successfully processed after 5864 milliseconds."},{"id":"e5844d03-e524-467a-aed0-8a6bd6536231","email":"nicholas.allen@microsoft.com","message":"successfully processed after 8109 milliseconds."},{"id":"91a7c0f1-165c-45f1-8a9f-ca88bbd1aa3d","email":"alexis.brown@microsoft.com","message":"successfully parsed message, but message temporarily enqueued while system restarts."},{"id":"99eb0feb-e044-4dd9-b469-880b1e1d8561","email":"logan.clark@dropbox.net","message":"successfully handled skipped operation."},{"id":"8ed50d49-7a55-4526-84c6-df5e84351b2d","email":"taylor.adams@gmail.com","message":"failed to process due to datastore timeout of 30 seconds.  operation took 34 seconds."},{"id":"bdcd14ab-8021-4f53-a84e-99ffc2fa146d","email":"sophia.baker@dropbox.net","message":"failed to process due to datastore timeout of 30 seconds.  operation took 53 seconds."},{"id":"abdb7dc9-85a4-4d04-8c28-2b480929b08e","email":"alyssa.jones@amerisave.com","message":"failed to process due to network exception."},{"id":"e160c937-556a-4939-8cfe-855c68af56f1","email":"joshua.lee@gmail.com","message":"failed to process due to network exception."},{"id":"fb421899-d6ee-4df8-81c4-aca0d949e3d7","email":"elizabeth.martinez@dropbox.net","message":"failed to process due to datastore timeout of 30 seconds.  operation took 61 seconds."},{"id":"7dc4fad9-7dcd-4b83-9c2c-57dfdd430b6d","email":"chloe.garcia@dropbox.net","message":"successfully processed after 4488 milliseconds."},{"id":"52f0c797-0627-476f-847c-2f5292f73f3a","email":"sarah.green@amerisave.com","message":"failed to process due to network exception."},{"id":"7137fc66-74ca-4309-94ae-74d5d916d54b","email":"olivia.wright@gmail.com","message":"successfully parsed message, but message temporarily enqueued while system restarts."},{"id":"f47b7dbd-88d0-46eb-943e-40b32e90ec4a","email":"nathan.young@microsoft.com","message":"successfully processed after 1565 milliseconds."}],"id":"0acf3e52-aea6-40fc-b79c-98bc6809ce27"}