{"logs":[{"id":"aa328fd2-3e83-4327-863e-02a95f4d202f","email":"noah.sanchez@me.com","message":"failed to process due to datastore timeout of 30 seconds.  operation took 55 seconds."},{"id":"74c62368-343e-4466-aff9-4c1c64b6e22c","email":"olivia.wright@gmail.com","message":"successfully parsed message, but message temporarily enqueued while system restarts."},{"id":"8600725e-d933-42ac-b624-008d5ab346a9","email":"sarah.green@amerisave.com","message":"failed to process due to datastore timeout of 30 seconds.  operation took 86 seconds."},{"id":"f8648b2f-37ee-4530-afbc-d0dbba337708","email":"alexis.brown@microsoft.com","message":"successfully parsed message, but message temporarily enqueued while system restarts."},{"id":"46ee9d7a-4ccc-4dc1-8619-563d885c9068","email":"dylan.wilson@gmail.com","message":"successfully parsed message, but message temporarily enqueued while system restarts."},{"id":"a8c0b445-3797-4f73-ab3f-357ab8b71c3f","email":"jack.thompson@me.com","message":"successfully handled skipped operation."},{"id":"a1ee13b2-e00d-45f9-b7c3-4c62f77fb55e","email":"nathan.young@microsoft.com","message":"successfully processed after 3426 milliseconds."},{"id":"d66c9e73-8fec-4c93-a804-611bb46a80df","email":"emily.taylor@gmail.com","message":"successfully parsed message, but message temporarily enqueued while system restarts."},{"id":"2a036eff-bded-4a4c-a786-d0ff7a03c3f9","email":"alyssa.jones@amerisave.com","message":"successfully parsed message, but message temporarily enqueued while system restarts."},{"id":"80b62216-2235-4a69-88fe-55878090d327","email":"dylan.wilson@gmail.com","message":"successfully handled skipped operation."},{"id":"2efbd76e-85d2-478e-9d3b-30ba6fb9ba48","email":"alexis.brown@microsoft.com","message":"successfully handled skipped operation."},{"id":"13510825-5281-4946-a8bf-574c5bfb8ecb","email":"noah.sanchez@me.com","message":"failed to process due to network exception."},{"id":"94d615ca-8d49-4d65-90f2-958621995d32","email":"jack.thompson@me.com","message":"successfully processed after 7233 milliseconds."},{"id":"662b537c-28db-4223-9071-6e1bbb6904e1","email":"sarah.green@amerisave.com","message":"successfully processed after 2634 milliseconds."},{"id":"a788cec4-8169-4c94-a78e-c0ec0c08be3e","email":"olivia.wright@gmail.com","message":"failed to process due to network exception."},{"id":"be6aa963-6676-4b32-9b43-2a76a5383fc4","email":"tyler.nelson@microsoft.com","message":"successfully parsed message, but message temporarily enqueued while system restarts."},{"id":"fff54f97-be91-46f2-bf88-468d4456d50a","email":"ethan.hernandez@microsoft.com","message":"successfully parsed message, but message temporarily enqueued while system restarts."},{"id":"1385594a-4de4-413b-9840-8cfb76c95299","email":"mia.perez@me.com","message":"failed to process due to network exception."},{"id":"7863603b-58fd-4531-9be0-77e375794822","email":"ava.davis@gmail.com","message":"successfully parsed message, but message temporarily enqueued while system restarts."},{"id":"e39bde79-b312-4326-92ac-0de435054d09","email":"andrew.miller@gmail.com","message":"successfully parsed message, but message temporarily enqueued while system restarts."},{"id":"e0621361-1d8b-40f4-8d11-a514ad29726a","email":"elizabeth.martinez@dropbox.net","message":"failed to process due to datastore timeout of 30 seconds.  operation took 75 seconds."},{"id":"cfb6199d-2262-4746-ac81-bf1d4103e773","email":"mason.robinson@amerisave.com","message":"failed to process due to datastore timeout of 30 seconds.  operation took 45 seconds."},{"id":"c3627f59-9e14-436d-928a-fec9b152b1c0","email":"taylor.adams@gmail.com","message":"successfully handled skipped operation."},{"id":"7897282a-e5ca-4ce4-9b6a-ff09e375952a","email":"matthew.walker@amerisave.com","message":"successfully parsed message, but message temporarily enqueued while system restarts."},{"id":"eeb1bae1-24a6-4cb8-ab2c-6faaf8183d8e","email":"samantha.scott@me.com","message":"successfully processed after 9003 milliseconds."},{"id":"74072efc-1bcf-4cad-8f45-2439ce2f55b9","email":"emily.taylor@gmail.com","message":"successfully handled skipped operation."},{"id":"19d32957-177a-4f3e-8d96-4788e2b553fc","email":"taylor.adams@gmail.com","message":"successfully parsed message, but message temporarily enqueued while system restarts."},{"id":"817080fb-421c-4c8e-aef7-a623cae43196","email":"mason.robinson@amerisave.com","message":"successfully handled skipped operation."},{"id":"23b422c8-a670-499d-9dc9-00a4cbf55b12","email":"emily.taylor@gmail.com","message":"successfully handled skipped operation."},{"id":"1d14b5b0-0128-40fb-8a6c-168bba8303de","email":"tyler.nelson@microsoft.com","message":"successfully handled skipped operation."},{"id":"da85df60-eb34-471f-89a6-a8ce183e3605","email":"samantha.scott@me.com","message":"failed to process due to network exception."},{"id":"dc5f501a-1d50-4d70-b47d-2184170f3e1a","email":"aiden.johnson@microsoft.com","message":"successfully parsed message, but message temporarily enqueued while system restarts."},{"id":"4f24820c-06d7-460f-9e65-3bccc3952ba7","email":"alyssa.jones@amerisave.com","message":"successfully processed after 207 milliseconds."},{"id":"72ece66d-4210-43fa-a278-8a55cfafa250","email":"nathan.young@microsoft.com","message":"successfully processed after 195 milliseconds."},{"id":"ad9d50bb-adf4-4157-a5cb-80518c88bb93","email":"samantha.scott@me.com","message":"successfully parsed message, but message temporarily enqueued while system restarts."},{"id":"a78452af-48e0-4ceb-9593-a587124c0851","email":"alyssa.jones@amerisave.com","message":"failed to process due to datastore timeout of 30 seconds.  operation took 107 seconds."},{"id":"1d26fb24-9714-4c8d-af9c-424b19382ce8","email":"nicholas.allen@microsoft.com","message":"successfully processed after 3534 milliseconds."},{"id":"543a8df0-0517-4ea6-98c6-a843b6a0b0e5","email":"olivia.wright@gmail.com","message":"successfully processed after 4801 milliseconds."},{"id":"d1e75f63-dcb8-4f70-876c-741e08c51dde","email":"matthew.walker@amerisave.com","message":"failed to process due to network exception."},{"id":"a3c1ddee-37c3-450f-b7bf-ce8fdf69745f","email":"alexander.williams@gmail.com","message":"failed to process due to datastore timeout of 30 seconds.  operation took 65 seconds."},{"id":"526512fe-bf54-41b0-b3de-062cbc7d1ce8","email":"emily.taylor@gmail.com","message":"successfully processed after 9278 milliseconds."},{"id":"7b4fbca3-f431-47bd-a942-13fa26f5234f","email":"emily.taylor@gmail.com","message":"successfully handled skipped operation."},{"id":"4d8a27af-4794-488c-8a17-c5cc06addb08","email":"ava.davis@gmail.com","message":"successfully processed after 4062 milliseconds."},{"id":"5f502b5b-e1db-4cfc-84db-7af63f15e883","email":"lily.harris@gmail.com","message":"successfully processed after 631 milliseconds."},{"id":"84747bc4-8015-49a1-874f-7ec9f88cfc3d","email":"ava.davis@gmail.com","message":"successfully handled skipped operation."},{"id":"0ff223b0-14a6-4a88-96e3-46e1fb09f576","email":"taylor.adams@gmail.com","message":"successfully processed after 9004 milliseconds."},{"id":"e25222fb-d281-4d0a-a1ec-8f4e99f9aff6","email":"noah.sanchez@me.com","message":"successfully handled skipped operation."},{"id":"8147b354-5e5d-4922-a804-02797590dcf4","email":"ethan.hernandez@microsoft.com","message":"failed to process due to network exception."},{"id":"98d5b9dd-1aed-492b-ae3d-d6c64e36b947","email":"hannah.martin@dropbox.net","message":"failed to process due to network exception."},{"id":"41fca2fc-abf4-486b-ac32-67a52ff8b418","email":"tyler.nelson@microsoft.com","message":"successfully processed after 1067 milliseconds."},{"id":"a74c25f5-311d-4e60-b421-a7baa6d6bee7","email":"logan.clark@dropbox.net","message":"successfully parsed message, but message temporarily enqueued while system restarts."},{"id":"7701f428-cab2-4458-881d-3900b8957a18","email":"mia.perez@me.com","message":"failed to process due to datastore timeout of 30 seconds.  operation took 103 seconds."},{"id":"fa50593d-b7c7-4da9-be20-53139e292843","email":"emma.thomas@me.com","message":"successfully parsed message, but message temporarily enqueued while system restarts."},{"id":"2d4a3c20-2c95-4f1d-ae40-f625374af708","email":"alyssa.jones@amerisave.com","message":"successfully processed after 6446 milliseconds."},{"id":"dee902a1-f072-444f-b142-fc3165f2b61a","email":"jacob.lopez@dropbox.net","message":"successfully handled skipped operation."},{"id":"4aee356b-5a39-4dfc-9ce3-55a4c3e6f740","email":"nicholas.allen@microsoft.com","message":"successfully processed after 2606 milliseconds."},{"id":"81d7a979-a099-4402-9ef9-42cb62807719","email":"emma.thomas@me.com","message":"successfully handled skipped operation."},{"id":"1ab49a87-b4fc-4f93-b714-2c6dd71a7ad8","email":"samantha.scott@me.com","message":"successfully processed after 9674 milliseconds."},{"id":"eca88596-6ac0-4f59-a074-88b95242504f","email":"tyler.nelson@microsoft.com","message":"failed to process due to datastore timeout of 30 seconds.  operation took 87 seconds."},{"id":"1c878ad8-ad94-488c-b2f5-578f5bcd246a","email":"sophia.baker@dropbox.net","message":"failed to process due to datastore timeout of 30 seconds.  operation took 95 seconds."},{"id":"c8b2b2b7-b812-464d-89f9-6ef2d609ff82","email":"jacob.lopez@dropbox.net","message":"failed to process due to network exception."},{"id":"04458b71-9cf6-44d4-8b89-7029382fcde8","email":"taylor.adams@gmail.com","message":"failed to process due to datastore timeout of 30 seconds.  operation took 89 seconds."},{"id":"800ad203-b6fd-4944-b89c-3c687b02cb8c","email":"nathan.young@microsoft.com","message":"failed to process due to network exception."},{"id":"18ec76df-4793-4c25-bb00-70dc073ca613","email":"ethan.hernandez@microsoft.com","message":"failed to process due to datastore timeout of 30 seconds.  operation took 62 seconds."},{"id":"08c358c7-d6f3-42b9-b9d1-6ef2037e4fe2","email":"olivia.wright@gmail.com","message":"successfully handled skipped operation."},{"id":"50b0c351-473c-47c7-9b8f-0f51ca18dd01","email":"dylan.wilson@gmail.com","message":"successfully processed after 1758 milliseconds."},{"id":"d70ac713-c51f-49cb-8e83-d3d2dafba028","email":"lily.harris@gmail.com","message":"failed to process due to network exception."},{"id":"b3159794-b5b8-4d81-b6ae-6aa650d4f3c3","email":"nicholas.allen@microsoft.com","message":"successfully processed after 5008 milliseconds."},{"id":"88c8f087-a9eb-40c6-883e-714f9dc02de1","email":"abigail.smith@amerisave.com","message":"successfully handled skipped operation."},{"id":"4a190f87-fc23-4571-babf-ed9550758626","email":"matthew.walker@amerisave.com","message":"failed to process due to network exception."},{"id":"a90a4ba0-935c-4259-88cb-472522b7f798","email":"joshua.lee@gmail.com","message":"failed to process due to datastore timeout of 30 seconds.  operation took 121 seconds."},{"id":"f9571ed8-c5a0-4a22-8568-e55ed8a28049","email":"nicholas.allen@microsoft.com","message":"successfully handled skipped operation."},{"id":"bdd3fc70-fce8-4465-ab07-ffe2a2df0f97","email":"daniel.rodriguez@amerisave.com","message":"failed to process due to datastore timeout of 30 seconds.  operation took 101 seconds."},{"id":"f22bc725-b57c-4ca6-b6e6-bcaf3e9609aa","email":"tyler.nelson@microsoft.com","message":"successfully handled skipped operation."},{"id":"9f7e5c33-dcb5-472a-930a-660ce81332d3","email":"emily.taylor@gmail.com","message":"successfully parsed message, but message temporarily enqueued while system restarts."},{"id":"ad3d5375-da3c-47b5-b58f-d84c6cc2b40a","email":"alyssa.jones@amerisave.com","message":"failed to process due to network exception."},{"id":"f32a3e63-7124-4d08-bde0-ac91e8be580a","email":"elizabeth.martinez@dropbox.net","message":"successfully handled skipped operation."},{"id":"9e1c1951-b320-4373-8116-7230a7bb7c63","email":"dylan.wilson@gmail.com","message":"failed to process due to network exception."},{"id":"2cf7af87-5e7f-43cc-8116-f0eef0d8061d","email":"chloe.garcia@dropbox.net","message":"failed to process due to datastore timeout of 30 seconds.  operation took 114 seconds."},{"id":"d54cead2-1aa9-4609-ba66-0d8294ca1cf9","email":"alexander.williams@gmail.com","message":"failed to process due to datastore timeout of 30 seconds.  operation took 78 seconds."},{"id":"6a386bb7-a280-4332-b271-3c3a0d1ef985","email":"ava.davis@gmail.com","message":"failed to process due to datastore timeout of 30 seconds.  operation took 119 seconds."},{"id":"e8789db5-006e-44bb-94cf-93df72ee3a1f","email":"isabella.jackson@amerisave.com","message":"successfully processed after 7973 milliseconds."},{"id":"24ef7355-0bf4-4f9b-a3fd-7c4faa254f7b","email":"sophia.baker@dropbox.net","message":"successfully processed after 3103 milliseconds."},{"id":"bd575bc6-425b-4550-9cb4-3843005c9389","email":"ryan.king@dropbox.net","message":"failed to process due to network exception."},{"id":"ca679144-902d-48d7-9c88-07e45cd7cf56","email":"olivia.wright@gmail.com","message":"failed to process due to datastore timeout of 30 seconds.  operation took 34 seconds."},{"id":"e00e811d-7ff6-4d69-bd79-e3f4c02f06e9","email":"dylan.wilson@gmail.com","message":"failed to process due to network exception."},{"id":"54be0603-4608-4027-992d-866d270a5ef9","email":"alyssa.jones@amerisave.com","message":"successfully handled skipped operation."},{"id":"898a4886-ee62-413a-a6cf-cb918f76f950","email":"abigail.smith@amerisave.com","message":"successfully processed after 9708 milliseconds."},{"id":"a95707e5-77f1-4391-a11a-8714f39c12bf","email":"elizabeth.martinez@dropbox.net","message":"failed to process due to network exception."},{"id":"961f7299-1390-4c18-bd89-98792422458e","email":"ava.davis@gmail.com","message":"failed to process due to network exception."},{"id":"b343b632-2521-4598-bafd-761cac7189a6","email":"elizabeth.martinez@dropbox.net","message":"successfully parsed message, but message temporarily enqueued while system restarts."},{"id":"bc513700-490a-4914-84b7-6e0f2efa0ecc","email":"michael.hall@dropbox.net","message":"successfully handled skipped operation."},{"id":"668de151-2213-4f6f-ae66-7b6934c60cdf","email":"chloe.garcia@dropbox.net","message":"successfully processed after 9618 milliseconds."},{"id":"22ecbc89-4cb4-422d-bdbc-242e094d8838","email":"hannah.martin@dropbox.net","message":"successfully parsed message, but message temporarily enqueued while system restarts."},{"id":"0b4e813f-3107-4af6-bf76-6fdbe3ec29eb","email":"grace.moore@gmail.com","message":"successfully processed after 7496 milliseconds."},{"id":"a2421b73-8a0a-4f99-8a05-bd530e2bc531","email":"taylor.adams@gmail.com","message":"successfully handled skipped operation."},{"id":"cd86eea9-9fbc-4521-8c7d-f9c4146aaa67","email":"aiden.johnson@microsoft.com","message":"failed to process due to network exception."},{"id":"a11db0aa-d8e9-4714-97fb-f10ff4741949","email":"dylan.wilson@gmail.com","message":"successfully handled skipped operation."},{"id":"07ab4195-374c-4967-8290-edcd3203e30b","email":"grace.moore@gmail.com","message":"failed to process due to network exception."},{"id":"35f4bbe4-5dc0-45b8-b3fd-6d86e0c3a627","email":"ella.anderson@dropbox.net","message":"successfully parsed message, but message temporarily enqueued while system restarts."},{"id":"d54c803b-e409-4d04-bc26-b65c9827b190","email":"hannah.martin@dropbox.net","message":"successfully processed after 7141 milliseconds."},{"id":"4b6fea96-37c5-4e38-bce4-3adf475cc59f","email":"noah.sanchez@me.com","message":"failed to process due to network exception."},{"id":"cc145cd5-69b4-4eb4-9996-7861ec18ffdc","email":"jacob.lopez@dropbox.net","message":"successfully handled skipped operation."},{"id":"5971ada9-1812-43c8-93b8-4a2adb366974","email":"matthew.walker@amerisave.com","message":"successfully parsed message, but message temporarily enqueued while system restarts."},{"id":"b15d452c-ba96-4813-9e26-ece8971d17e7","email":"andrew.miller@gmail.com","message":"failed to process due to datastore timeout of 30 seconds.  operation took 77 seconds."},{"id":"3c6ccef0-425c-4891-8006-000cbf0b5434","email":"tyler.nelson@microsoft.com","message":"successfully parsed message, but message temporarily enqueued while system restarts."},{"id":"2ab82190-eee4-4f8a-92a5-07201072f481","email":"emily.taylor@gmail.com","message":"failed to process due to datastore timeout of 30 seconds.  operation took 109 seconds."},{"id":"b92addb4-6145-45dc-bf0e-24f05538f56c","email":"matthew.walker@amerisave.com","message":"successfully processed after 6849 milliseconds."},{"id":"2004bfcd-704d-4939-89bf-9072222ad44b","email":"olivia.wright@gmail.com","message":"successfully processed after 1897 milliseconds."},{"id":"295720da-06b4-4200-8bae-0b807b20e650","email":"emily.taylor@gmail.com","message":"successfully parsed message, but message temporarily enqueued while system restarts."},{"id":"848623a6-051b-40d6-b1d2-d51f9feaa644","email":"grace.moore@gmail.com","message":"successfully parsed message, but message temporarily enqueued while system restarts."},{"id":"dde64e2a-b9ce-4fd0-a9d8-6000f5c35d09","email":"grace.moore@gmail.com","message":"successfully processed after 4154 milliseconds."},{"id":"219679b8-86b5-4c19-abb3-d3265cef6ec0","email":"andrew.miller@gmail.com","message":"successfully handled skipped operation."},{"id":"46f56845-bf10-43ce-b909-c19a99eeb529","email":"tyler.nelson@microsoft.com","message":"failed to process due to network exception."},{"id":"5546b76e-e59b-493d-be84-bca67c253498","email":"jackson.white@gmail.com","message":"failed to process due to datastore timeout of 30 seconds.  operation took 43 seconds."},{"id":"ebdcb229-34b9-48f2-a324-d4139e76ac43","email":"joshua.lee@gmail.com","message":"successfully handled skipped operation."},{"id":"ad258c10-10fe-44d2-9fd8-60a8cd3bfb05","email":"sophia.baker@dropbox.net","message":"successfully processed after 9970 milliseconds."},{"id":"a65e628d-d4f9-4dbe-9e00-4dac14b921bd","email":"matthew.walker@amerisave.com","message":"successfully processed after 1359 milliseconds."},{"id":"eba11a5b-7fa8-4e48-ac2e-ff182bb1388d","email":"abigail.smith@amerisave.com","message":"failed to process due to datastore timeout of 30 seconds.  operation took 64 seconds."},{"id":"b15048fb-f2da-4bb2-a7e7-c6e79b74aa8c","email":"sophia.baker@dropbox.net","message":"successfully handled skipped operation."},{"id":"49e8a9a1-a12d-41d8-a816-61f30b600b7e","email":"elizabeth.martinez@dropbox.net","message":"successfully handled skipped operation."},{"id":"40cb355f-e047-4ee7-952d-fcfdda616417","email":"matthew.walker@amerisave.com","message":"successfully processed after 7371 milliseconds."},{"id":"43f87daa-1c6b-486a-84f1-cdab3dc9fb8b","email":"hannah.martin@dropbox.net","message":"successfully handled skipped operation."},{"id":"37465b96-a27a-4ae1-9c7f-5497bf5cfaf3","email":"emma.thomas@me.com","message":"successfully processed after 5475 milliseconds."},{"id":"b94b76fa-5f0e-4afb-869c-98df3ed0cee9","email":"ava.davis@gmail.com","message":"failed to process due to network exception."},{"id":"78446d28-c054-4c42-ac59-893c2c74a4a4","email":"ella.anderson@dropbox.net","message":"failed to process due to network exception."},{"id":"5d30394c-3df6-4731-8f46-b9aa3a6bebc6","email":"grace.moore@gmail.com","message":"successfully parsed message, but message temporarily enqueued while system restarts."},{"id":"01aa4034-c36c-4c54-a8ab-2facd5e66082","email":"mia.perez@me.com","message":"successfully parsed message, but message temporarily enqueued while system restarts."},{"id":"df3603cc-82e3-48ff-9589-8f408bec2349","email":"sophia.baker@dropbox.net","message":"failed to process due to datastore timeout of 30 seconds.  operation took 35 seconds."},{"id":"4b54722c-a7df-4260-b103-19d672a21cfd","email":"noah.sanchez@me.com","message":"successfully processed after 1229 milliseconds."},{"id":"deb23ed5-1073-4499-b587-c5253085da97","email":"chloe.garcia@dropbox.net","message":"successfully parsed message, but message temporarily enqueued while system restarts."},{"id":"490d308a-3e60-4a6a-928c-99014cb0ab18","email":"ryan.king@dropbox.net","message":"failed to process due to network exception."},{"id":"4cfaf37a-7bdd-44a5-afd7-d8328c72a198","email":"alexander.williams@gmail.com","message":"successfully parsed message, but message temporarily enqueued while system restarts."},{"id":"869751be-1ba1-4bdd-907a-7c94a3898869","email":"ava.davis@gmail.com","message":"failed to process due to datastore timeout of 30 seconds.  operation took 54 seconds."}],"id":"179b01d9-7f37-4bca-b74e-979dbfb54ed2"}