{"logs":[{"id":"54815db1-cd58-45e1-8a38-3fbb778df565","email":"noah.sanchez@me.com","message":"failed to process due to datastore timeout of 30 seconds.  operation took 57 seconds."},{"id":"9e58a9c5-ed9b-4c40-9ee2-115cdfbbc8f4","email":"abigail.smith@amerisave.com","message":"successfully handled skipped operation."},{"id":"c93a3094-7023-497c-b119-f469a634d187","email":"jackson.white@gmail.com","message":"successfully processed after 5884 milliseconds."},{"id":"d619aa47-a553-4062-84af-ce97f9725858","email":"logan.clark@dropbox.net","message":"successfully processed after 5192 milliseconds."},{"id":"117c8f1f-d82d-4c0e-a8a1-6680181efee9","email":"matthew.walker@amerisave.com","message":"successfully parsed message, but message temporarily enqueued while system restarts."},{"id":"f36f304d-b6fd-4b8f-9ef0-cf5abc23993f","email":"madison.lewis@gmail.com","message":"failed to process due to network exception."},{"id":"6a8d412a-6eb8-4ee6-b9a6-28a939b0a0a9","email":"nathan.young@microsoft.com","message":"successfully parsed message, but message temporarily enqueued while system restarts."},{"id":"5b2ea993-563b-4065-b463-968b61c4e6c3","email":"dylan.wilson@gmail.com","message":"failed to process due to network exception."},{"id":"8c1ee9a2-b76f-4178-8143-db61a06190be","email":"andrew.miller@gmail.com","message":"failed to process due to datastore timeout of 30 seconds.  operation took 40 seconds."},{"id":"ab6cdf50-f31f-4773-b559-e2417bc50798","email":"alexis.brown@microsoft.com","message":"failed to process due to datastore timeout of 30 seconds.  operation took 54 seconds."},{"id":"a9d67a80-5b6f-43b9-93b2-aa9649600fc9","email":"joshua.lee@gmail.com","message":"successfully handled skipped operation."},{"id":"8f873938-ef67-420e-8793-47afdd0eb739","email":"emily.taylor@gmail.com","message":"successfully parsed message, but message temporarily enqueued while system restarts."},{"id":"716505f1-54ea-41ec-839a-8a126e6d1355","email":"hannah.martin@dropbox.net","message":"successfully processed after 6672 milliseconds."},{"id":"618e3e38-1dd5-42d5-8aac-1548bc0732f2","email":"taylor.adams@gmail.com","message":"failed to process due to network exception."},{"id":"b23cc7b3-7543-43b2-8aad-22d825ebc2b6","email":"isabella.jackson@amerisave.com","message":"successfully handled skipped operation."},{"id":"1512ed8b-2240-493d-9c2e-1c8019156fd3","email":"dylan.wilson@gmail.com","message":"successfully processed after 3930 milliseconds."},{"id":"7c844a49-ac16-48e5-bd31-e5672e29b411","email":"matthew.walker@amerisave.com","message":"failed to process due to network exception."},{"id":"4df2dd94-768f-482b-b3ca-d3827639a272","email":"andrew.miller@gmail.com","message":"successfully handled skipped operation."},{"id":"db551234-2617-4301-9459-81c8f76f6770","email":"sophia.baker@dropbox.net","message":"successfully handled skipped operation."},{"id":"a07a7fc3-ea6d-4ac2-9475-44dc68290134","email":"chloe.garcia@dropbox.net","message":"failed to process due to network exception."},{"id":"7320732a-ef11-4f6f-a964-0e3cc0247a59","email":"michael.hall@dropbox.net","message":"failed to process due to network exception."},{"id":"f9fc7317-3053-4409-96e7-afb8eedb9c31","email":"emma.thomas@me.com","message":"failed to process due to network exception."},{"id":"0f27bfb2-b2d7-46f6-be3e-f0e02e8b40c6","email":"grace.moore@gmail.com","message":"failed to process due to datastore timeout of 30 seconds.  operation took 68 seconds."},{"id":"6cb3f0fa-41a5-4108-9975-7048ed9cf992","email":"hannah.martin@dropbox.net","message":"failed to process due to datastore timeout of 30 seconds.  operation took 53 seconds."},{"id":"a58ceacd-9af6-46ff-986a-c00cb531c90f","email":"emma.thomas@me.com","message":"failed to process due to network exception."},{"id":"1b6cc97d-a6a0-4842-8cda-f4db649479ad","email":"isabella.jackson@amerisave.com","message":"failed to process due to datastore timeout of 30 seconds.  operation took 42 seconds."},{"id":"2c8614a9-e410-4017-be43-0646ffd41718","email":"alexander.williams@gmail.com","message":"successfully processed after 2993 milliseconds."},{"id":"27fef54f-aa93-4746-be6c-86fc06b32e21","email":"abigail.smith@amerisave.com","message":"failed to process due to network exception."},{"id":"399be78a-08c9-48a9-80a5-e276d4abfaa0","email":"michael.hall@dropbox.net","message":"failed to process due to network exception."},{"id":"67bb5cad-673f-401a-8d2d-7244e0e713c1","email":"sarah.green@amerisave.com","message":"failed to process due to network exception."},{"id":"c2c4c1a5-4ab6-4fcc-b7f1-eec7460be33f","email":"ava.davis@gmail.com","message":"successfully processed after 3978 milliseconds."},{"id":"0e191016-b646-4b82-a945-a261dd8de4b9","email":"ryan.king@dropbox.net","message":"failed to process due to datastore timeout of 30 seconds.  operation took 74 seconds."},{"id":"68a02d48-714c-42b5-a8aa-d6676b50b01c","email":"hannah.martin@dropbox.net","message":"successfully parsed message, but message temporarily enqueued while system restarts."},{"id":"b1f136f3-44cd-476f-8577-bc269e2a1258","email":"matthew.walker@amerisave.com","message":"successfully processed after 1774 milliseconds."},{"id":"16a2289f-d089-484a-acd5-6a2dd37becda","email":"daniel.rodriguez@amerisave.com","message":"failed to process due to datastore timeout of 30 seconds.  operation took 115 seconds."},{"id":"57144640-6aa8-4cf2-9e1d-f28934abc97b","email":"madison.lewis@gmail.com","message":"successfully parsed message, but message temporarily enqueued while system restarts."},{"id":"1087ef48-9bb0-444b-a2f7-5ea58492959c","email":"chloe.garcia@dropbox.net","message":"successfully handled skipped operation."},{"id":"6e97cd9c-2e9b-48f6-8b84-cccf689beb68","email":"andrew.miller@gmail.com","message":"successfully processed after 7069 milliseconds."},{"id":"db15608c-e796-409b-84ce-0638b131a208","email":"nathan.young@microsoft.com","message":"successfully processed after 7782 milliseconds."},{"id":"c2facf29-9857-4e65-9986-5ef9c1e393a8","email":"madison.lewis@gmail.com","message":"failed to process due to network exception."},{"id":"d56f0b37-7494-4530-a89e-c17bfbb1862e","email":"ethan.hernandez@microsoft.com","message":"successfully processed after 3592 milliseconds."},{"id":"8b2d4cfc-3afc-42ac-a16a-a66db13ef1e6","email":"abigail.smith@amerisave.com","message":"successfully handled skipped operation."},{"id":"c614e66e-4805-46e9-8e99-4a01c522121d","email":"jack.thompson@me.com","message":"failed to process due to datastore timeout of 30 seconds.  operation took 122 seconds."},{"id":"e7c9caf8-0710-4df8-bdc6-5aee86cf1b93","email":"tyler.nelson@microsoft.com","message":"failed to process due to datastore timeout of 30 seconds.  operation took 67 seconds."},{"id":"8fac5938-1c5d-49b9-94e8-b339382d0241","email":"dylan.wilson@gmail.com","message":"failed to process due to datastore timeout of 30 seconds.  operation took 110 seconds."},{"id":"05f436e8-575f-4a28-8b83-cc123bc1a128","email":"liam.gonzalez@me.com","message":"successfully handled skipped operation."},{"id":"063bf863-9f8c-4c42-85f5-70a0593bfa0d","email":"noah.sanchez@me.com","message":"failed to process due to datastore timeout of 30 seconds.  operation took 106 seconds."},{"id":"67b80374-ffe8-4cc3-bd29-ea7a68e33e5a","email":"ethan.hernandez@microsoft.com","message":"successfully processed after 8884 milliseconds."},{"id":"c07f314f-0608-4eaf-a912-826c86f2e450","email":"jacob.lopez@dropbox.net","message":"successfully parsed message, but message temporarily enqueued while system restarts."},{"id":"f90c4729-69b2-498b-bcd7-87f70f98905e","email":"alexander.williams@gmail.com","message":"failed to process due to datastore timeout of 30 seconds.  operation took 121 seconds."},{"id":"5df189d1-f9f2-4213-86a0-d17ef18918cb","email":"tyler.nelson@microsoft.com","message":"failed to process due to network exception."},{"id":"1af75136-6f54-431d-a780-a18f8fb0ae37","email":"jacob.lopez@dropbox.net","message":"failed to process due to network exception."},{"id":"f2120a07-9095-4387-ae5b-41daa2b373c1","email":"isabella.jackson@amerisave.com","message":"failed to process due to datastore timeout of 30 seconds.  operation took 46 seconds."},{"id":"cf1cfbaa-f74d-4ee3-9586-ee7f9d46a6d7","email":"lily.harris@gmail.com","message":"failed to process due to network exception."},{"id":"a96ed19d-b982-47f2-bd80-428bf9c2bdcf","email":"chloe.garcia@dropbox.net","message":"failed to process due to datastore timeout of 30 seconds.  operation took 106 seconds."},{"id":"b896276b-be10-45a1-a3be-8383fdee82a3","email":"daniel.rodriguez@amerisave.com","message":"successfully handled skipped operation."},{"id":"9dbc67d0-2be1-45f2-890f-3720903ae377","email":"andrew.miller@gmail.com","message":"failed to process due to datastore timeout of 30 seconds.  operation took 74 seconds."},{"id":"0fab445d-be3d-47b5-8376-cc6fb3b9337f","email":"sarah.green@amerisave.com","message":"failed to process due to network exception."},{"id":"86727df9-19ef-483b-b965-a6e1986ce8a4","email":"ryan.king@dropbox.net","message":"successfully handled skipped operation."},{"id":"303f3a18-f8fa-4351-ac8c-100f202ab5e7","email":"lily.harris@gmail.com","message":"successfully parsed message, but message temporarily enqueued while system restarts."},{"id":"fb33ef4c-d0e5-42bb-9b4e-020ac49efa1d","email":"emily.taylor@gmail.com","message":"failed to process due to datastore timeout of 30 seconds.  operation took 86 seconds."},{"id":"60f8f292-6d54-4859-add7-fc7ad38d2c07","email":"aiden.johnson@microsoft.com","message":"failed to process due to datastore timeout of 30 seconds.  operation took 38 seconds."},{"id":"d90c5b3f-9ded-479a-8f16-817a750e0a71","email":"abigail.smith@amerisave.com","message":"failed to process due to datastore timeout of 30 seconds.  operation took 52 seconds."},{"id":"0abceb65-6aff-40da-8aab-7a3bbd729f39","email":"nathan.young@microsoft.com","message":"failed to process due to network exception."},{"id":"b4619ab2-ceca-4878-b72b-7210b37d72e3","email":"liam.gonzalez@me.com","message":"successfully processed after 340 milliseconds."},{"id":"9403e9fe-b4a9-4db1-959a-aef1de6764ec","email":"sophia.baker@dropbox.net","message":"successfully processed after 4035 milliseconds."},{"id":"d6a47ab4-b7cb-48cc-aa02-7055a2bedc53","email":"olivia.wright@gmail.com","message":"failed to process due to datastore timeout of 30 seconds.  operation took 44 seconds."},{"id":"c8f509c8-89b8-48a2-9d87-eabb6cd98026","email":"alyssa.jones@amerisave.com","message":"failed to process due to network exception."},{"id":"4e917a67-847f-4740-8d26-3d4b90f53801","email":"emily.taylor@gmail.com","message":"failed to process due to network exception."},{"id":"23ca16b6-edfe-4159-b2ba-72b099331897","email":"alexis.brown@microsoft.com","message":"failed to process due to datastore timeout of 30 seconds.  operation took 46 seconds."},{"id":"22b5b733-68ca-458c-96ca-4ca25a2ffd54","email":"hannah.martin@dropbox.net","message":"failed to process due to datastore timeout of 30 seconds.  operation took 40 seconds."},{"id":"681f5e27-9064-42da-9ea1-7fef33784342","email":"mason.robinson@amerisave.com","message":"failed to process due to network exception."},{"id":"0c61326e-8053-494b-8daf-526557ac1d51","email":"mason.robinson@amerisave.com","message":"successfully parsed message, but message temporarily enqueued while system restarts."},{"id":"b93f1d3a-6c2d-4049-9bad-8f0d9a441d3e","email":"alyssa.jones@amerisave.com","message":"successfully processed after 4286 milliseconds."},{"id":"d5b72339-d4d7-4711-96ef-fb45732c9864","email":"dylan.wilson@gmail.com","message":"successfully handled skipped operation."},{"id":"4b1e92bb-3de0-4d6c-add4-4d2574714b15","email":"logan.clark@dropbox.net","message":"failed to process due to network exception."},{"id":"12c0e786-22e0-4ef8-aa98-3318c60da6fe","email":"taylor.adams@gmail.com","message":"failed to process due to network exception."},{"id":"7edb0499-06d2-4d36-b215-dc29e66a749a","email":"alyssa.jones@amerisave.com","message":"failed to process due to network exception."},{"id":"b5b9c5c6-c419-410f-bb10-453563d447a0","email":"emma.thomas@me.com","message":"failed to process due to datastore timeout of 30 seconds.  operation took 36 seconds."},{"id":"6573472d-2089-4493-9835-bd57f6f66ee8","email":"alyssa.jones@amerisave.com","message":"successfully parsed message, but message temporarily enqueued while system restarts."},{"id":"216fcffb-3ef5-4fcf-81ea-08c068e4f87d","email":"ryan.king@dropbox.net","message":"successfully processed after 6123 milliseconds."},{"id":"5ebfc0e2-2d74-4740-bec3-6e5293ee91c0","email":"madison.lewis@gmail.com","message":"successfully handled skipped operation."},{"id":"79e6b904-e7f9-4b28-b084-c771155f8fe9","email":"joshua.lee@gmail.com","message":"successfully handled skipped operation."},{"id":"a795cf28-9f7f-4335-9c44-5f66f6163a59","email":"abigail.smith@amerisave.com","message":"successfully processed after 3164 milliseconds."},{"id":"a02f32d8-220d-497b-ac16-bbe5841ca81e","email":"matthew.walker@amerisave.com","message":"successfully parsed message, but message temporarily enqueued while system restarts."},{"id":"8320221b-ea9a-49ca-9343-bc808cf2c936","email":"michael.hall@dropbox.net","message":"successfully parsed message, but message temporarily enqueued while system restarts."},{"id":"77c15934-cc3d-4cd3-9698-36a9f3d1a585","email":"aiden.johnson@microsoft.com","message":"failed to process due to network exception."},{"id":"6fbb30f2-ef07-4456-b20c-40eb450dd73f","email":"liam.gonzalez@me.com","message":"failed to process due to network exception."},{"id":"78458acb-d945-4654-8ec9-9831f59bd506","email":"lily.harris@gmail.com","message":"failed to process due to network exception."},{"id":"f9dabe07-c845-489c-9858-f72aff777856","email":"liam.gonzalez@me.com","message":"successfully processed after 7662 milliseconds."},{"id":"48326da1-7c8b-464b-9c0e-ad491d1f712d","email":"jacob.lopez@dropbox.net","message":"failed to process due to network exception."},{"id":"1c0f4ac1-f1c5-4d05-ba4d-0be45610146a","email":"olivia.wright@gmail.com","message":"failed to process due to datastore timeout of 30 seconds.  operation took 130 seconds."},{"id":"8bacbf7d-3746-4510-b0e4-678b2b103169","email":"jacob.lopez@dropbox.net","message":"successfully parsed message, but message temporarily enqueued while system restarts."},{"id":"9b2e5fcc-ae28-40d7-a28d-dcc375fb4fdf","email":"taylor.adams@gmail.com","message":"failed to process due to network exception."},{"id":"d90c3826-d74e-425c-b685-4cb7e29f0d33","email":"daniel.rodriguez@amerisave.com","message":"successfully processed after 8815 milliseconds."},{"id":"d451c881-a041-4cf5-a42c-405358b5a650","email":"andrew.miller@gmail.com","message":"successfully processed after 5783 milliseconds."},{"id":"8ab0a040-0485-437b-a4d9-8f0b9374f9ab","email":"ella.anderson@dropbox.net","message":"successfully handled skipped operation."},{"id":"eb79ba52-ef28-45b4-9d0b-56a37404e299","email":"mason.robinson@amerisave.com","message":"failed to process due to network exception."},{"id":"ac6933de-d743-45c6-8714-45922442fea8","email":"daniel.rodriguez@amerisave.com","message":"failed to process due to datastore timeout of 30 seconds.  operation took 51 seconds."},{"id":"44a5957d-6bf1-466a-a145-dfdcf8a3d34c","email":"mason.robinson@amerisave.com","message":"successfully handled skipped operation."},{"id":"ec30e398-dd5f-4c78-bd68-7858a1db3a8d","email":"nicholas.allen@microsoft.com","message":"failed to process due to network exception."},{"id":"93c44e44-e955-4ac2-b106-5842c5b40331","email":"emma.thomas@me.com","message":"successfully handled skipped operation."},{"id":"3fb76a40-db88-49ac-a47f-7a8125e19ac4","email":"ethan.hernandez@microsoft.com","message":"failed to process due to datastore timeout of 30 seconds.  operation took 49 seconds."},{"id":"feecace6-e975-400b-83e7-a4f8b3ba1360","email":"ava.davis@gmail.com","message":"successfully processed after 6760 milliseconds."},{"id":"864014cf-fe2a-486b-b057-3b44208315f4","email":"elizabeth.martinez@dropbox.net","message":"failed to process due to network exception."},{"id":"d3098b51-76f0-41ee-95a4-a97db35ece4a","email":"logan.clark@dropbox.net","message":"successfully handled skipped operation."},{"id":"9b3dcb33-0605-4186-badf-488b64a12c98","email":"samantha.scott@me.com","message":"successfully handled skipped operation."},{"id":"2c41b862-d74a-4d03-8389-42b2fca68615","email":"jacob.lopez@dropbox.net","message":"successfully parsed message, but message temporarily enqueued while system restarts."},{"id":"e4e29895-d97f-49f0-a48b-5bc973a16f4c","email":"jacob.lopez@dropbox.net","message":"successfully processed after 7411 milliseconds."},{"id":"6b82cd2c-8203-47ed-8665-812fa57d913a","email":"logan.clark@dropbox.net","message":"successfully processed after 9893 milliseconds."},{"id":"920b4a76-32cf-44d9-8cbc-3a92c63c1f42","email":"mia.perez@me.com","message":"successfully parsed message, but message temporarily enqueued while system restarts."},{"id":"0c009928-1ad9-4164-b038-409fc9ced7ca","email":"nathan.young@microsoft.com","message":"failed to process due to network exception."},{"id":"c27fcd3f-1563-424b-bca2-980d41cd8935","email":"chloe.garcia@dropbox.net","message":"failed to process due to datastore timeout of 30 seconds.  operation took 42 seconds."},{"id":"464f9fbb-2017-44d7-9913-97230559e233","email":"matthew.walker@amerisave.com","message":"successfully handled skipped operation."},{"id":"1b75cb8c-13a0-45e4-b6e3-9e76a76ad234","email":"taylor.adams@gmail.com","message":"successfully handled skipped operation."},{"id":"b9e9d0dc-4300-405a-bccb-e57b24c058db","email":"dylan.wilson@gmail.com","message":"successfully handled skipped operation."},{"id":"d9cbd6af-6f64-4a32-ba57-d10589bb677e","email":"grace.moore@gmail.com","message":"failed to process due to datastore timeout of 30 seconds.  operation took 60 seconds."},{"id":"83809963-d14f-44ca-adc2-7262461fd81d","email":"logan.clark@dropbox.net","message":"successfully processed after 5128 milliseconds."},{"id":"e9f57800-2015-4c26-9de5-17bf1cfab62c","email":"abigail.smith@amerisave.com","message":"failed to process due to datastore timeout of 30 seconds.  operation took 33 seconds."},{"id":"f631573b-4b42-487b-ba1b-862b78d69bb7","email":"logan.clark@dropbox.net","message":"successfully parsed message, but message temporarily enqueued while system restarts."},{"id":"b451ff99-204e-4fef-ad80-f2ad52d3d5fd","email":"nicholas.allen@microsoft.com","message":"failed to process due to network exception."},{"id":"5c44e01f-1b45-4909-98ef-fe91940090d3","email":"aiden.johnson@microsoft.com","message":"successfully handled skipped operation."},{"id":"69afeb07-dda0-4487-a4b6-6d5cc519229f","email":"hannah.martin@dropbox.net","message":"successfully processed after 3342 milliseconds."},{"id":"1e6a2098-4e4f-40a0-8bab-c287a9ed801d","email":"mason.robinson@amerisave.com","message":"successfully parsed message, but message temporarily enqueued while system restarts."},{"id":"dd086959-249a-4c35-ae91-0e0b823015ad","email":"jackson.white@gmail.com","message":"successfully parsed message, but message temporarily enqueued while system restarts."},{"id":"0e737d49-ccf7-4c31-9734-3ee10806aa0c","email":"noah.sanchez@me.com","message":"successfully handled skipped operation."},{"id":"91213286-8ca1-496e-b6db-43dd28575439","email":"emma.thomas@me.com","message":"successfully processed after 6202 milliseconds."},{"id":"b93953ea-d215-4d12-9690-79126bdbd583","email":"mason.robinson@amerisave.com","message":"failed to process due to network exception."},{"id":"6cd9847d-559b-4a06-a948-ffcab933ad7b","email":"jackson.white@gmail.com","message":"successfully handled skipped operation."},{"id":"50428b25-af6a-4b07-b564-0488a7ba6db5","email":"taylor.adams@gmail.com","message":"successfully handled skipped operation."},{"id":"d5627074-74cc-4e83-b137-80b6131f0ca8","email":"aiden.johnson@microsoft.com","message":"successfully parsed message, but message temporarily enqueued while system restarts."},{"id":"0800a0b4-0578-4abd-bc18-de916567bbe3","email":"nathan.young@microsoft.com","message":"successfully processed after 900 milliseconds."},{"id":"3217786d-17ff-40b9-8117-486995440b36","email":"elizabeth.martinez@dropbox.net","message":"failed to process due to network exception."},{"id":"03fe24c1-ec8e-44db-bd84-32e96060bafd","email":"alexis.brown@microsoft.com","message":"successfully parsed message, but message temporarily enqueued while system restarts."},{"id":"ea67173e-5933-4679-9f88-c5fdcb889a1e","email":"mia.perez@me.com","message":"successfully parsed message, but message temporarily enqueued while system restarts."},{"id":"5ca38630-532b-4282-a327-d6832cf09e21","email":"sophia.baker@dropbox.net","message":"successfully parsed message, but message temporarily enqueued while system restarts."},{"id":"9efeb01a-2748-49d4-95d2-234c1b058abb","email":"liam.gonzalez@me.com","message":"successfully parsed message, but message temporarily enqueued while system restarts."},{"id":"efd8d66a-716f-489e-b0e1-a6ecb3e8d3c5","email":"alyssa.jones@amerisave.com","message":"successfully parsed message, but message temporarily enqueued while system restarts."},{"id":"a13b3b06-4477-42e4-9f82-0364b104435e","email":"sarah.green@amerisave.com","message":"successfully processed after 1067 milliseconds."},{"id":"e3dccc8e-5b69-4a39-ae7b-1f726f354494","email":"mia.perez@me.com","message":"successfully handled skipped operation."},{"id":"ecfb3ea5-c561-461b-91c5-15ef91ecfaa6","email":"logan.clark@dropbox.net","message":"successfully processed after 5098 milliseconds."},{"id":"5772fb9c-bfc9-447f-9733-7bd87bad9129","email":"madison.lewis@gmail.com","message":"failed to process due to datastore timeout of 30 seconds.  operation took 62 seconds."},{"id":"95361b8b-65fa-48bd-902e-faebcd87a221","email":"abigail.smith@amerisave.com","message":"failed to process due to network exception."},{"id":"9ba5ab85-0fa1-4180-88a5-a2bd0f45f8ee","email":"samantha.scott@me.com","message":"successfully processed after 4497 milliseconds."},{"id":"71f409f5-09d6-4cf2-8a5a-3c4949e8bb68","email":"jack.thompson@me.com","message":"failed to process due to datastore timeout of 30 seconds.  operation took 49 seconds."},{"id":"8a5e4667-3284-4636-a433-483299c44f1e","email":"sarah.green@amerisave.com","message":"successfully processed after 9786 milliseconds."},{"id":"578e9d20-ec03-4d30-a1c1-285ec1fe52e7","email":"chloe.garcia@dropbox.net","message":"successfully parsed message, but message temporarily enqueued while system restarts."},{"id":"26d1944b-249a-44d9-a174-b06f06e72db0","email":"aiden.johnson@microsoft.com","message":"successfully handled skipped operation."},{"id":"e92a5f86-9743-4ec3-833a-a32ee3aea426","email":"jacob.lopez@dropbox.net","message":"successfully processed after 2293 milliseconds."},{"id":"2b0e207f-1c41-4d4e-9421-be098e237294","email":"ethan.hernandez@microsoft.com","message":"successfully handled skipped operation."},{"id":"f1f39e9b-aa89-43ed-9d13-0426df950fc4","email":"sarah.green@amerisave.com","message":"successfully parsed message, but message temporarily enqueued while system restarts."},{"id":"2aea27b9-f9a1-47cd-9d71-fac2ce9fcf95","email":"liam.gonzalez@me.com","message":"failed to process due to datastore timeout of 30 seconds.  operation took 79 seconds."},{"id":"a152b1d5-e310-448e-8065-271cbbf51933","email":"elizabeth.martinez@dropbox.net","message":"failed to process due to network exception."},{"id":"1da3f548-d5cd-4407-b966-b8c521b8bb0c","email":"sarah.green@amerisave.com","message":"failed to process due to datastore timeout of 30 seconds.  operation took 120 seconds."},{"id":"ff28cc7a-d8bc-4820-8a75-60e1af64469d","email":"nicholas.allen@microsoft.com","message":"successfully processed after 4313 milliseconds."},{"id":"dd5cf17a-5657-4263-922a-9491ac18aad3","email":"jack.thompson@me.com","message":"failed to process due to network exception."},{"id":"9dc31e54-8952-4cc3-9c40-99bdb6459e10","email":"chloe.garcia@dropbox.net","message":"failed to process due to network exception."},{"id":"7b082e90-db31-4e9d-83c8-5ee6a082d8f6","email":"nicholas.allen@microsoft.com","message":"failed to process due to datastore timeout of 30 seconds.  operation took 101 seconds."},{"id":"0c67221f-a1fd-4f22-88f1-6d04d6abe830","email":"ella.anderson@dropbox.net","message":"successfully parsed message, but message temporarily enqueued while system restarts."},{"id":"4cca4a65-1da5-4aa6-9e9a-2c689abb2474","email":"nathan.young@microsoft.com","message":"successfully handled skipped operation."},{"id":"264c488d-174c-4029-9cc5-5fe6d0f27d4b","email":"jack.thompson@me.com","message":"failed to process due to network exception."},{"id":"4ec5cee0-e321-4267-bb36-ca9af4a53d07","email":"ava.davis@gmail.com","message":"successfully handled skipped operation."},{"id":"a507cb95-e1fb-4f5d-b7d4-43bde457f632","email":"jackson.white@gmail.com","message":"successfully handled skipped operation."},{"id":"a521f499-84e5-4d00-ac41-8974757a4517","email":"mason.robinson@amerisave.com","message":"successfully processed after 8494 milliseconds."},{"id":"859596ae-5f3f-41c3-a818-1707fe335730","email":"noah.sanchez@me.com","message":"successfully handled skipped operation."},{"id":"1f7c28f5-b0b2-4410-9e61-f08492dd10e9","email":"grace.moore@gmail.com","message":"successfully parsed message, but message temporarily enqueued while system restarts."},{"id":"df8bcc90-b8b7-4c2f-ad37-259d63a5b3c0","email":"jack.thompson@me.com","message":"failed to process due to datastore timeout of 30 seconds.  operation took 105 seconds."},{"id":"4bb92398-2ca9-4c2b-aa3b-3b8884b96f5a","email":"logan.clark@dropbox.net","message":"successfully processed after 7697 milliseconds."},{"id":"6d31b0ea-2e11-4a30-b040-59bd702aeb2f","email":"alexander.williams@gmail.com","message":"successfully handled skipped operation."},{"id":"a94b25eb-3d45-4335-a736-9aea27af70f6","email":"ava.davis@gmail.com","message":"successfully handled skipped operation."},{"id":"bc672a4c-1b75-4f2d-a3d4-8374cd865210","email":"alexis.brown@microsoft.com","message":"successfully processed after 5076 milliseconds."},{"id":"a72305ab-0cfb-42c5-83a9-cd623aa0249b","email":"daniel.rodriguez@amerisave.com","message":"failed to process due to network exception."},{"id":"1e9433ad-9df4-45a7-8f46-5bc274b1c57e","email":"alexis.brown@microsoft.com","message":"successfully processed after 5793 milliseconds."},{"id":"b196b48e-e9d8-4082-a9c2-4f71f5795bc1","email":"jackson.white@gmail.com","message":"successfully handled skipped operation."},{"id":"f6c01c3e-1ad5-42cb-8491-53958035268d","email":"andrew.miller@gmail.com","message":"successfully processed after 6576 milliseconds."},{"id":"a8766ab4-45f0-4267-9720-20829176540d","email":"matthew.walker@amerisave.com","message":"failed to process due to network exception."},{"id":"fb25cbe2-b527-40f4-87bb-b48755fd3b77","email":"abigail.smith@amerisave.com","message":"successfully parsed message, but message temporarily enqueued while system restarts."},{"id":"6974a168-603e-4603-8d96-6689032b439f","email":"joshua.lee@gmail.com","message":"successfully parsed message, but message temporarily enqueued while system restarts."},{"id":"d62fab6d-0781-41b9-ae66-0a62881bb46a","email":"daniel.rodriguez@amerisave.com","message":"failed to process due to network exception."},{"id":"9c7d7e6b-2ca6-4c98-a542-f272fd832171","email":"abigail.smith@amerisave.com","message":"failed to process due to network exception."},{"id":"4be3da9e-5fdd-484b-825a-d3f8406efa03","email":"nathan.young@microsoft.com","message":"successfully handled skipped operation."},{"id":"822b264a-6669-47a1-865e-a17c9fb859b4","email":"michael.hall@dropbox.net","message":"successfully handled skipped operation."},{"id":"0cca443f-248c-4ea1-883a-b75b0d89df4d","email":"michael.hall@dropbox.net","message":"successfully parsed message, but message temporarily enqueued while system restarts."},{"id":"80184ac1-5492-4dd4-bef9-688b60098a07","email":"hannah.martin@dropbox.net","message":"successfully parsed message, but message temporarily enqueued while system restarts."},{"id":"726458f9-ecd5-454f-9433-070a29e4697e","email":"alexander.williams@gmail.com","message":"successfully handled skipped operation."},{"id":"ca3772ac-2464-48e7-9bb4-5195f631cb1a","email":"sophia.baker@dropbox.net","message":"successfully handled skipped operation."},{"id":"ce2dcac7-d50f-4414-b599-60e010404624","email":"alyssa.jones@amerisave.com","message":"failed to process due to datastore timeout of 30 seconds.  operation took 33 seconds."},{"id":"92546d89-2f2d-4fdf-91e7-469fd81171d9","email":"emily.taylor@gmail.com","message":"failed to process due to network exception."},{"id":"595ff125-4c01-4e0c-8c04-be8a0609ddaf","email":"emily.taylor@gmail.com","message":"successfully handled skipped operation."},{"id":"8a80ea1e-a040-4837-80ef-e556fd5c9427","email":"sarah.green@amerisave.com","message":"successfully parsed message, but message temporarily enqueued while system restarts."},{"id":"bc29035d-3ffa-42d4-826c-0ca99e3bfbf8","email":"jacob.lopez@dropbox.net","message":"successfully processed after 3955 milliseconds."},{"id":"aa25bc3c-47b4-46c0-8d33-83ecda2514e3","email":"jack.thompson@me.com","message":"failed to process due to network exception."},{"id":"d152be1e-7d15-4545-9245-35129826e75a","email":"jackson.white@gmail.com","message":"successfully handled skipped operation."},{"id":"58b13f64-2cc7-45f3-85b9-b7a6d36106a8","email":"abigail.smith@amerisave.com","message":"successfully processed after 4593 milliseconds."},{"id":"ae90501b-fff1-4be5-b12b-6de90bf753cc","email":"samantha.scott@me.com","message":"failed to process due to datastore timeout of 30 seconds.  operation took 35 seconds."},{"id":"be249b2c-2884-4fb1-9ac1-45b39a652571","email":"samantha.scott@me.com","message":"successfully processed after 4236 milliseconds."},{"id":"1e40cda4-f3fc-4e3d-948f-4d3e413dd517","email":"andrew.miller@gmail.com","message":"successfully handled skipped operation."},{"id":"a9d6e79c-fda7-42a0-bdbb-7ab10ce3eba2","email":"ryan.king@dropbox.net","message":"successfully parsed message, but message temporarily enqueued while system restarts."},{"id":"67366179-bdda-4b15-a094-0a080584188e","email":"nathan.young@microsoft.com","message":"successfully parsed message, but message temporarily enqueued while system restarts."},{"id":"e33d895f-a4a1-4671-a2ff-06d34057758d","email":"emily.taylor@gmail.com","message":"successfully handled skipped operation."},{"id":"237f1a99-1b9f-4bf3-ad52-b11c130909b2","email":"olivia.wright@gmail.com","message":"successfully processed after 8175 milliseconds."},{"id":"63f03a63-e026-4468-bc74-d6a90da1a9c3","email":"jack.thompson@me.com","message":"successfully handled skipped operation."},{"id":"0a462af7-8a28-422e-9bb8-91a4a815e75e","email":"nicholas.allen@microsoft.com","message":"failed to process due to datastore timeout of 30 seconds.  operation took 34 seconds."},{"id":"49b02e88-6838-4d26-ad32-8d49ee808b2e","email":"emily.taylor@gmail.com","message":"failed to process due to datastore timeout of 30 seconds.  operation took 90 seconds."},{"id":"8331a219-6a1c-4f28-916b-3b3812c610b2","email":"joshua.lee@gmail.com","message":"failed to process due to network exception."},{"id":"76f99f9b-62e4-4931-bc42-9875ef3df66e","email":"olivia.wright@gmail.com","message":"failed to process due to datastore timeout of 30 seconds.  operation took 118 seconds."},{"id":"e24ab394-c5e4-49ff-b571-6fef420f291d","email":"emily.taylor@gmail.com","message":"failed to process due to datastore timeout of 30 seconds.  operation took 100 seconds."},{"id":"f8602204-0d7c-4501-8b81-07d295a209c0","email":"andrew.miller@gmail.com","message":"failed to process due to datastore timeout of 30 seconds.  operation took 48 seconds."},{"id":"128ed064-328e-45c6-92d0-5a8e00146f07","email":"emma.thomas@me.com","message":"successfully handled skipped operation."},{"id":"61848fdc-6bce-4f24-9eed-6474deece5ad","email":"madison.lewis@gmail.com","message":"failed to process due to datastore timeout of 30 seconds.  operation took 97 seconds."},{"id":"86835b5d-5c85-4c59-92f8-675cf8772a8c","email":"andrew.miller@gmail.com","message":"successfully parsed message, but message temporarily enqueued while system restarts."},{"id":"4be531b1-1485-47b9-b805-4ceef3315d11","email":"ava.davis@gmail.com","message":"successfully parsed message, but message temporarily enqueued while system restarts."},{"id":"32205c33-9373-4673-b290-f4cf26cec375","email":"chloe.garcia@dropbox.net","message":"successfully processed after 4964 milliseconds."},{"id":"dcdafce1-4fd0-4936-bc24-20ab90b5e36c","email":"hannah.martin@dropbox.net","message":"successfully parsed message, but message temporarily enqueued while system restarts."},{"id":"7b80d634-b253-4171-a9ab-b3f056b34c2b","email":"ethan.hernandez@microsoft.com","message":"failed to process due to datastore timeout of 30 seconds.  operation took 77 seconds."},{"id":"c36fe92f-6051-45d9-ac80-354f112c0f70","email":"grace.moore@gmail.com","message":"successfully parsed message, but message temporarily enqueued while system restarts."},{"id":"eaa00671-a42d-4d41-b770-58adda9ed218","email":"andrew.miller@gmail.com","message":"successfully handled skipped operation."},{"id":"28953d37-2e70-4e47-8102-381aa436ea1d","email":"emma.thomas@me.com","message":"successfully handled skipped operation."},{"id":"77956ca7-c41e-4ce3-bcc1-af11435dbd0b","email":"elizabeth.martinez@dropbox.net","message":"successfully parsed message, but message temporarily enqueued while system restarts."},{"id":"1acd12f4-b9a2-4005-abcb-e3f0c342d970","email":"aiden.johnson@microsoft.com","message":"failed to process due to network exception."},{"id":"55fd8f5b-6495-4bab-b612-872d84c4572a","email":"taylor.adams@gmail.com","message":"successfully handled skipped operation."},{"id":"b56885ba-f61d-476b-8d8f-dac138ace98a","email":"taylor.adams@gmail.com","message":"failed to process due to network exception."},{"id":"36198acf-5b74-4d22-8b0d-81e3191e3d49","email":"nicholas.allen@microsoft.com","message":"successfully processed after 1977 milliseconds."},{"id":"b97bfc07-7e95-475b-ba3e-5e6381dc8d40","email":"alexander.williams@gmail.com","message":"failed to process due to datastore timeout of 30 seconds.  operation took 35 seconds."},{"id":"59d62934-8343-46f3-9394-2cfccf3d1d6b","email":"hannah.martin@dropbox.net","message":"failed to process due to datastore timeout of 30 seconds.  operation took 119 seconds."},{"id":"6a946262-511a-4951-9859-08b900b7d4ac","email":"dylan.wilson@gmail.com","message":"successfully parsed message, but message temporarily enqueued while system restarts."},{"id":"4d458551-c636-451f-995a-1ee91a331f1a","email":"noah.sanchez@me.com","message":"successfully parsed message, but message temporarily enqueued while system restarts."},{"id":"91047d4a-4131-476c-9f81-e6f478cd0b1f","email":"chloe.garcia@dropbox.net","message":"successfully parsed message, but message temporarily enqueued while system restarts."},{"id":"65b13afd-5288-4b4d-9f00-870e75677356","email":"daniel.rodriguez@amerisave.com","message":"failed to process due to datastore timeout of 30 seconds.  operation took 44 seconds."},{"id":"fadc033d-10c8-42ef-8cd0-e51fe1d7e6b8","email":"nathan.young@microsoft.com","message":"failed to process due to datastore timeout of 30 seconds.  operation took 50 seconds."},{"id":"e94e88a6-583e-4443-8d39-d033c04a795f","email":"jacob.lopez@dropbox.net","message":"failed to process due to network exception."},{"id":"5ca68e96-cb5a-473c-8566-edc8908a5df9","email":"elizabeth.martinez@dropbox.net","message":"failed to process due to network exception."},{"id":"e604b82f-d9d1-4548-8645-d56b060669d0","email":"aiden.johnson@microsoft.com","message":"successfully handled skipped operation."},{"id":"e64eb9e8-3cc0-4e59-895c-a5ff5d23b2c7","email":"isabella.jackson@amerisave.com","message":"successfully handled skipped operation."},{"id":"a92ea051-119f-4c18-817b-576a53de8e60","email":"andrew.miller@gmail.com","message":"successfully processed after 2755 milliseconds."},{"id":"9d5bc50a-3785-480a-baf4-407535c159a7","email":"emma.thomas@me.com","message":"successfully parsed message, but message temporarily enqueued while system restarts."},{"id":"3b808aa5-a805-4599-be50-5c457f78a3d9","email":"grace.moore@gmail.com","message":"successfully handled skipped operation."},{"id":"b9d8f0fd-ad85-42ee-91b4-f36b3b7773ba","email":"hannah.martin@dropbox.net","message":"successfully processed after 1497 milliseconds."},{"id":"ba7628cf-4fa7-4b97-8c36-b4d2a3accd4c","email":"hannah.martin@dropbox.net","message":"successfully processed after 1739 milliseconds."},{"id":"ab3f1b98-0d9f-4931-805c-243ca360ae22","email":"dylan.wilson@gmail.com","message":"failed to process due to datastore timeout of 30 seconds.  operation took 126 seconds."},{"id":"e790b4d3-3565-4b05-8e75-f83a79e3a3fa","email":"ava.davis@gmail.com","message":"failed to process due to datastore timeout of 30 seconds.  operation took 87 seconds."},{"id":"f3a591c4-4e6c-4b69-b4c3-57d73794ee87","email":"sarah.green@amerisave.com","message":"failed to process due to datastore timeout of 30 seconds.  operation took 85 seconds."},{"id":"34075560-4252-4317-b7a3-4114fe91cdf7","email":"logan.clark@dropbox.net","message":"failed to process due to datastore timeout of 30 seconds.  operation took 126 seconds."},{"id":"c963b2db-fe45-46fa-9c2e-e542613dbb3b","email":"mia.perez@me.com","message":"failed to process due to datastore timeout of 30 seconds.  operation took 53 seconds."},{"id":"fde380cf-3795-4417-a0a1-9978047329d9","email":"matthew.walker@amerisave.com","message":"failed to process due to network exception."},{"id":"e111ed4d-4fac-443c-a885-3ca03b3b0799","email":"tyler.nelson@microsoft.com","message":"failed to process due to network exception."},{"id":"af2a720e-e20a-4443-b252-672420ce4c92","email":"emma.thomas@me.com","message":"successfully processed after 8748 milliseconds."},{"id":"a599d5ed-6b6b-4223-9c61-9db58a1d5c2f","email":"mia.perez@me.com","message":"successfully parsed message, but message temporarily enqueued while system restarts."},{"id":"9bff07aa-d048-4738-a86f-c228b6d47370","email":"ryan.king@dropbox.net","message":"failed to process due to datastore timeout of 30 seconds.  operation took 86 seconds."},{"id":"df1c31d4-b380-4755-9bd7-e713db7521ea","email":"jacob.lopez@dropbox.net","message":"successfully processed after 8785 milliseconds."},{"id":"f3d1f175-83a7-49fd-9409-0fde73cecb61","email":"logan.clark@dropbox.net","message":"successfully handled skipped operation."},{"id":"2b2d3db3-1643-4d4e-9986-940444e38bb6","email":"chloe.garcia@dropbox.net","message":"successfully handled skipped operation."},{"id":"d68ca9ad-02cb-4aba-99b4-51ee26ca0100","email":"daniel.rodriguez@amerisave.com","message":"successfully handled skipped operation."},{"id":"c37375f1-1891-4e1d-b9d4-bb892ca2b08b","email":"nathan.young@microsoft.com","message":"failed to process due to network exception."},{"id":"3d841edf-e23b-4a2c-a494-e8fb6ae7cff1","email":"alexander.williams@gmail.com","message":"successfully handled skipped operation."},{"id":"a7783c03-85b3-4bd2-ae05-560b3afe38e3","email":"mason.robinson@amerisave.com","message":"successfully processed after 2638 milliseconds."},{"id":"fe6bcddc-8372-4fd2-8d52-6068535a1298","email":"ethan.hernandez@microsoft.com","message":"failed to process due to datastore timeout of 30 seconds.  operation took 95 seconds."},{"id":"cdbb608a-95ce-47ef-b5d8-7dfee124e340","email":"aiden.johnson@microsoft.com","message":"failed to process due to network exception."},{"id":"c81f4167-13c5-4e3a-9748-ae97019916da","email":"nathan.young@microsoft.com","message":"successfully processed after 3560 milliseconds."},{"id":"02165634-5f9c-4f0e-bbac-9e1956580f5d","email":"hannah.martin@dropbox.net","message":"successfully parsed message, but message temporarily enqueued while system restarts."},{"id":"3d8c0ed6-b090-45c1-ab42-924df3d4eb40","email":"samantha.scott@me.com","message":"successfully parsed message, but message temporarily enqueued while system restarts."},{"id":"c3dfc7fc-ad9a-448a-baa4-a0af1153dcbc","email":"ryan.king@dropbox.net","message":"successfully processed after 3546 milliseconds."},{"id":"65d84522-483c-4cad-94be-0e4bed489fb2","email":"emily.taylor@gmail.com","message":"successfully handled skipped operation."},{"id":"7f25f689-821b-46c3-abdc-6d964f9b89e5","email":"chloe.garcia@dropbox.net","message":"successfully processed after 9227 milliseconds."},{"id":"7c105df2-f0ff-431c-b66a-c29dfd8becec","email":"matthew.walker@amerisave.com","message":"failed to process due to datastore timeout of 30 seconds.  operation took 85 seconds."},{"id":"f81bde38-2677-4715-a4e3-5fea22faf7a6","email":"andrew.miller@gmail.com","message":"successfully processed after 4427 milliseconds."},{"id":"ae56dc4c-3b7a-42ed-96f0-2599ae206a03","email":"isabella.jackson@amerisave.com","message":"successfully parsed message, but message temporarily enqueued while system restarts."},{"id":"4af2abc5-456a-4ddb-90ed-edfdf7b0690c","email":"ethan.hernandez@microsoft.com","message":"successfully parsed message, but message temporarily enqueued while system restarts."},{"id":"5fa7eee7-e458-4c3a-b4e0-1395a2c1fddd","email":"jacob.lopez@dropbox.net","message":"successfully parsed message, but message temporarily enqueued while system restarts."},{"id":"ce62ce5f-fc99-4d99-9930-9a5fcde27bf7","email":"emma.thomas@me.com","message":"failed to process due to network exception."},{"id":"7dacdee1-a0ad-4c20-90f1-33d7283308d8","email":"elizabeth.martinez@dropbox.net","message":"successfully handled skipped operation."},{"id":"c454d445-940e-48f1-923b-d19bb405bbea","email":"chloe.garcia@dropbox.net","message":"failed to process due to datastore timeout of 30 seconds.  operation took 103 seconds."},{"id":"62836cce-2ee1-48f8-97ee-35a7af184520","email":"michael.hall@dropbox.net","message":"successfully processed after 8312 milliseconds."},{"id":"47f011a4-5eb5-42d5-b107-e0c4ea0fe0c5","email":"ethan.hernandez@microsoft.com","message":"failed to process due to datastore timeout of 30 seconds.  operation took 67 seconds."},{"id":"5d9f2062-45f1-4820-999f-e64e9c3dca16","email":"jack.thompson@me.com","message":"successfully parsed message, but message temporarily enqueued while system restarts."},{"id":"e07bb42f-6410-4619-b6eb-8be09f3a8904","email":"hannah.martin@dropbox.net","message":"failed to process due to network exception."},{"id":"f97099ae-0b26-4d5e-9ed7-6260239e3364","email":"andrew.miller@gmail.com","message":"successfully processed after 6254 milliseconds."},{"id":"07bc7b33-6404-428e-8e90-1147007eb2aa","email":"alexis.brown@microsoft.com","message":"successfully handled skipped operation."},{"id":"243b6020-5a84-412d-9c63-988ff86fd8f0","email":"sophia.baker@dropbox.net","message":"successfully parsed message, but message temporarily enqueued while system restarts."},{"id":"42ebfd41-be86-4e30-b0ac-8bda733071a3","email":"abigail.smith@amerisave.com","message":"successfully processed after 448 milliseconds."},{"id":"3f2b9b8c-760e-4d90-889c-5a1227afb35d","email":"sophia.baker@dropbox.net","message":"successfully parsed message, but message temporarily enqueued while system restarts."},{"id":"96a2d93e-aab6-470d-b712-af023445d14f","email":"lily.harris@gmail.com","message":"failed to process due to datastore timeout of 30 seconds.  operation took 117 seconds."},{"id":"0bc026da-2cd4-4d80-9c84-fdfdc3e366a6","email":"tyler.nelson@microsoft.com","message":"failed to process due to datastore timeout of 30 seconds.  operation took 69 seconds."},{"id":"0cb1ab0c-328e-45de-8099-7bfe8458ee63","email":"jacob.lopez@dropbox.net","message":"successfully processed after 4267 milliseconds."},{"id":"e4f3a228-f898-49da-a7c6-a412ec49baef","email":"ella.anderson@dropbox.net","message":"failed to process due to network exception."},{"id":"30bb86a1-052e-4c48-89a2-2c0d5add857f","email":"andrew.miller@gmail.com","message":"failed to process due to network exception."},{"id":"546d517d-5868-4854-b78c-738d9d46e3f4","email":"ava.davis@gmail.com","message":"successfully handled skipped operation."},{"id":"d54cd88b-f108-47b9-8970-bad4d39e115f","email":"ryan.king@dropbox.net","message":"successfully processed after 4893 milliseconds."},{"id":"5c98f081-e281-45ac-af47-4107f960d4f4","email":"elizabeth.martinez@dropbox.net","message":"failed to process due to network exception."},{"id":"1b7c16ce-1a8a-49b8-a73e-ff5d9cf73ca5","email":"sophia.baker@dropbox.net","message":"successfully parsed message, but message temporarily enqueued while system restarts."},{"id":"b5d8d4fd-4804-4d6f-aaeb-fae678a3eb38","email":"emma.thomas@me.com","message":"failed to process due to network exception."},{"id":"d1e387ce-396d-4e75-98ba-3c1bc5aa7896","email":"jacob.lopez@dropbox.net","message":"successfully parsed message, but message temporarily enqueued while system restarts."},{"id":"5d39ded3-92b8-41ca-8a4a-41f9f57a1157","email":"ryan.king@dropbox.net","message":"successfully handled skipped operation."},{"id":"97ac3ff4-641e-4fee-804f-7ad0d8a425c5","email":"lily.harris@gmail.com","message":"failed to process due to datastore timeout of 30 seconds.  operation took 104 seconds."},{"id":"13516fb0-6e9d-4a03-acaa-2c037d82e8df","email":"emma.thomas@me.com","message":"failed to process due to datastore timeout of 30 seconds.  operation took 31 seconds."},{"id":"682a7cc8-f834-4c9f-8986-c60695a22f3d","email":"jackson.white@gmail.com","message":"failed to process due to datastore timeout of 30 seconds.  operation took 76 seconds."},{"id":"044d770b-7325-49e6-bcc0-56c25649910a","email":"olivia.wright@gmail.com","message":"successfully parsed message, but message temporarily enqueued while system restarts."},{"id":"e1a8e0bd-4540-485d-9e11-0a7ba877c0a2","email":"mia.perez@me.com","message":"failed to process due to network exception."},{"id":"f5a3353b-4f8c-4a5a-84e9-7612510c2cff","email":"taylor.adams@gmail.com","message":"successfully parsed message, but message temporarily enqueued while system restarts."},{"id":"21c8bb96-b269-4756-8638-e90e5e4f3082","email":"nathan.young@microsoft.com","message":"failed to process due to network exception."},{"id":"0ffb0cfc-8290-404e-8106-bee075db7884","email":"michael.hall@dropbox.net","message":"successfully handled skipped operation."},{"id":"9d0400ee-1e23-40f7-8d8c-843052112bee","email":"elizabeth.martinez@dropbox.net","message":"successfully parsed message, but message temporarily enqueued while system restarts."},{"id":"053a112e-a02b-4129-b4ce-757c28447c27","email":"ava.davis@gmail.com","message":"successfully parsed message, but message temporarily enqueued while system restarts."},{"id":"5be49100-bfe5-4cb9-a1b4-ad38e414fc63","email":"grace.moore@gmail.com","message":"successfully handled skipped operation."},{"id":"1b4080ba-8193-4e1b-a603-6c66afe8af21","email":"lily.harris@gmail.com","message":"successfully handled skipped operation."},{"id":"40ee69af-b54e-477b-9bb8-2e49af9047f0","email":"abigail.smith@amerisave.com","message":"successfully parsed message, but message temporarily enqueued while system restarts."},{"id":"55a14080-9d07-4993-8b4c-3c0431d57384","email":"mia.perez@me.com","message":"failed to process due to datastore timeout of 30 seconds.  operation took 74 seconds."},{"id":"95182f26-8b91-4680-b283-80f0701fe6d6","email":"hannah.martin@dropbox.net","message":"successfully parsed message, but message temporarily enqueued while system restarts."},{"id":"2458c2e8-8773-4f36-88c9-9f1f5d063640","email":"logan.clark@dropbox.net","message":"failed to process due to network exception."},{"id":"aff3da8e-7889-424e-8704-45d0ee1ce74e","email":"liam.gonzalez@me.com","message":"successfully handled skipped operation."},{"id":"7748dffe-e07c-4b31-9fff-7e800741533a","email":"michael.hall@dropbox.net","message":"successfully processed after 1973 milliseconds."},{"id":"d0c3f147-0af1-4077-b961-a40505a3e1be","email":"jackson.white@gmail.com","message":"failed to process due to datastore timeout of 30 seconds.  operation took 81 seconds."},{"id":"3aa461ca-6864-4905-aa10-c321e959f74e","email":"alexis.brown@microsoft.com","message":"successfully parsed message, but message temporarily enqueued while system restarts."},{"id":"e6f54f00-c1eb-45d8-a29b-17f9c4e1d772","email":"ava.davis@gmail.com","message":"successfully handled skipped operation."},{"id":"7d852492-762c-4889-97e0-78f3d2738346","email":"ava.davis@gmail.com","message":"failed to process due to network exception."},{"id":"4f93dc31-e47d-4236-9eea-12c7c6e760fb","email":"jack.thompson@me.com","message":"successfully parsed message, but message temporarily enqueued while system restarts."},{"id":"805898db-692b-4f82-91c4-d7ae9b1bbc1b","email":"ava.davis@gmail.com","message":"failed to process due to datastore timeout of 30 seconds.  operation took 122 seconds."},{"id":"58b61c0c-7846-47fd-8067-efc1dbbcab56","email":"alexis.brown@microsoft.com","message":"successfully processed after 6137 milliseconds."},{"id":"13c9c7c3-8f35-4339-850e-27f733d3b4a9","email":"noah.sanchez@me.com","message":"successfully processed after 6723 milliseconds."},{"id":"6ce73828-0521-40a6-93ba-aa92cf3304a0","email":"ella.anderson@dropbox.net","message":"failed to process due to datastore timeout of 30 seconds.  operation took 124 seconds."},{"id":"efd2d918-a4ab-4fc8-9e7f-56eefbb68060","email":"hannah.martin@dropbox.net","message":"successfully parsed message, but message temporarily enqueued while system restarts."},{"id":"8b241187-37bc-479a-bb0e-fbc478aa39ec","email":"sarah.green@amerisave.com","message":"successfully parsed message, but message temporarily enqueued while system restarts."},{"id":"9b42c5ce-0221-4642-b241-6a4133c7d07a","email":"sophia.baker@dropbox.net","message":"successfully parsed message, but message temporarily enqueued while system restarts."},{"id":"96614b9e-6083-486b-b757-b2998b3d180a","email":"daniel.rodriguez@amerisave.com","message":"failed to process due to datastore timeout of 30 seconds.  operation took 106 seconds."},{"id":"ee0925d8-0026-4ce0-bd94-8b8eedfcf843","email":"alyssa.jones@amerisave.com","message":"failed to process due to datastore timeout of 30 seconds.  operation took 43 seconds."},{"id":"24fd533f-fd20-4643-a481-398f835bf805","email":"aiden.johnson@microsoft.com","message":"successfully processed after 804 milliseconds."},{"id":"90f1a566-d5bd-4a39-92a6-2b1874d272a8","email":"alexander.williams@gmail.com","message":"failed to process due to datastore timeout of 30 seconds.  operation took 74 seconds."},{"id":"49be8a1f-24a7-4167-8109-3e41789d4c43","email":"michael.hall@dropbox.net","message":"failed to process due to network exception."},{"id":"a364586d-06f2-4761-994a-a17a9efdc472","email":"daniel.rodriguez@amerisave.com","message":"successfully handled skipped operation."},{"id":"f72b04aa-1d80-45a4-a9f5-824ac76632be","email":"elizabeth.martinez@dropbox.net","message":"failed to process due to datastore timeout of 30 seconds.  operation took 60 seconds."},{"id":"df709869-87b3-4a01-b10e-088a19784a26","email":"mason.robinson@amerisave.com","message":"successfully processed after 8171 milliseconds."},{"id":"f7db2474-552b-4211-84a4-46ed93c3506a","email":"olivia.wright@gmail.com","message":"successfully processed after 1878 milliseconds."},{"id":"cacda8bc-e900-4fdb-876f-cb195e1d05ef","email":"aiden.johnson@microsoft.com","message":"failed to process due to datastore timeout of 30 seconds.  operation took 76 seconds."},{"id":"c5baeb55-c980-4265-8359-ad9d093ab8d2","email":"matthew.walker@amerisave.com","message":"failed to process due to network exception."},{"id":"feda3207-00a5-43c6-8bf9-cdc77f724f7c","email":"chloe.garcia@dropbox.net","message":"successfully parsed message, but message temporarily enqueued while system restarts."},{"id":"235812cc-ceee-4267-b70e-85e1fe78902b","email":"grace.moore@gmail.com","message":"successfully processed after 4716 milliseconds."},{"id":"2f17d4a7-7298-4ec8-add7-3fd1a03e60c1","email":"tyler.nelson@microsoft.com","message":"failed to process due to datastore timeout of 30 seconds.  operation took 57 seconds."},{"id":"8a85dfc2-d9da-403d-b41b-545e67437716","email":"ethan.hernandez@microsoft.com","message":"successfully parsed message, but message temporarily enqueued while system restarts."},{"id":"2f926963-8b36-444d-a971-59679b006664","email":"aiden.johnson@microsoft.com","message":"failed to process due to network exception."},{"id":"596dd048-919b-4e4a-9619-68a038bfe03a","email":"emily.taylor@gmail.com","message":"failed to process due to network exception."},{"id":"0d45840d-31f0-4fcd-a28e-714f6a4d7e97","email":"joshua.lee@gmail.com","message":"failed to process due to datastore timeout of 30 seconds.  operation took 129 seconds."},{"id":"7fc8ffb4-5e4f-4562-a318-c547f69ba164","email":"ryan.king@dropbox.net","message":"failed to process due to datastore timeout of 30 seconds.  operation took 96 seconds."},{"id":"525f8acc-dbaf-4fc3-934c-b87d22e87953","email":"michael.hall@dropbox.net","message":"successfully processed after 8766 milliseconds."},{"id":"941e1f61-3d31-43d3-8c9f-a3b6e90c1d9b","email":"samantha.scott@me.com","message":"successfully parsed message, but message temporarily enqueued while system restarts."},{"id":"127f3667-6fb5-47d7-8ca8-e23922e16826","email":"joshua.lee@gmail.com","message":"failed to process due to network exception."},{"id":"9555abc8-bf8a-4d77-8722-f44a526591e5","email":"ella.anderson@dropbox.net","message":"successfully parsed message, but message temporarily enqueued while system restarts."},{"id":"aef51373-46af-4c81-99e0-0f11816301e1","email":"grace.moore@gmail.com","message":"successfully processed after 9171 milliseconds."},{"id":"d13da3dc-ecb4-4751-a0e7-ec4d67255c8c","email":"nicholas.allen@microsoft.com","message":"failed to process due to network exception."},{"id":"5538a87c-015a-48f3-96c9-269a50b0bf76","email":"nicholas.allen@microsoft.com","message":"successfully parsed message, but message temporarily enqueued while system restarts."},{"id":"2d0c1c95-8f81-40f7-bdc1-3a7ac7c1c5e0","email":"emily.taylor@gmail.com","message":"successfully parsed message, but message temporarily enqueued while system restarts."},{"id":"7d6e90b9-d492-44d3-977b-688626db1ab7","email":"alyssa.jones@amerisave.com","message":"successfully parsed message, but message temporarily enqueued while system restarts."},{"id":"c41a1ef0-5c26-4a58-82bd-e37032842ad1","email":"tyler.nelson@microsoft.com","message":"successfully handled skipped operation."},{"id":"8779c1a7-e874-4fda-990d-4b07fd87b4ad","email":"mason.robinson@amerisave.com","message":"successfully processed after 3896 milliseconds."},{"id":"ad7408b0-d4b6-42c1-8e09-bed6b1287d97","email":"isabella.jackson@amerisave.com","message":"failed to process due to datastore timeout of 30 seconds.  operation took 67 seconds."},{"id":"0c1cb871-046c-4c9c-bf35-62746d6825e3","email":"emily.taylor@gmail.com","message":"successfully processed after 9316 milliseconds."},{"id":"c913d106-4b95-4d6f-97bf-dc34c655d272","email":"mason.robinson@amerisave.com","message":"successfully handled skipped operation."},{"id":"f7e6ae6e-03cc-4a20-97ff-daead17e351d","email":"grace.moore@gmail.com","message":"successfully handled skipped operation."},{"id":"959b6bbc-0d8d-4e2c-95bb-5309a11f3d7f","email":"alexis.brown@microsoft.com","message":"successfully processed after 9077 milliseconds."},{"id":"76e2b9ad-dd03-48a5-acd3-486e90684e1b","email":"taylor.adams@gmail.com","message":"successfully processed after 5605 milliseconds."},{"id":"10193e76-daff-4d33-8b8a-0428a132895f","email":"chloe.garcia@dropbox.net","message":"successfully processed after 9201 milliseconds."},{"id":"1b0b5776-8935-4e9f-86b5-b0f3e7b87b0a","email":"dylan.wilson@gmail.com","message":"failed to process due to datastore timeout of 30 seconds.  operation took 111 seconds."},{"id":"316dc8f7-f0f6-4ce2-bf3c-572f1cc020d3","email":"liam.gonzalez@me.com","message":"failed to process due to datastore timeout of 30 seconds.  operation took 109 seconds."},{"id":"81933955-4f09-4931-823f-523be54692c7","email":"lily.harris@gmail.com","message":"failed to process due to datastore timeout of 30 seconds.  operation took 90 seconds."},{"id":"099bbc4d-7ed3-4427-bb0d-e52a45ecf32b","email":"noah.sanchez@me.com","message":"successfully parsed message, but message temporarily enqueued while system restarts."},{"id":"51c1dfb4-f843-45d1-8478-6b9faaa7729b","email":"hannah.martin@dropbox.net","message":"failed to process due to network exception."},{"id":"ace55eba-ca78-40b3-a461-d33f1ef3e4db","email":"ella.anderson@dropbox.net","message":"successfully processed after 3394 milliseconds."},{"id":"3cd4f13a-6fab-477a-98fe-b8f8668d4c71","email":"hannah.martin@dropbox.net","message":"successfully handled skipped operation."},{"id":"0d95e942-cbaa-4aed-a29b-995df0d8f58d","email":"michael.hall@dropbox.net","message":"successfully handled skipped operation."},{"id":"2778c109-d684-46bf-9c70-81122e21c540","email":"ava.davis@gmail.com","message":"failed to process due to datastore timeout of 30 seconds.  operation took 76 seconds."},{"id":"3ba20e6d-b077-430d-8e2e-ca9b28a183b0","email":"olivia.wright@gmail.com","message":"failed to process due to network exception."},{"id":"7d5bd426-4ff9-4b7f-9ec1-5dd2aaf43016","email":"sarah.green@amerisave.com","message":"failed to process due to datastore timeout of 30 seconds.  operation took 71 seconds."},{"id":"abf4ef4d-308d-4871-b982-feeadd72ad68","email":"hannah.martin@dropbox.net","message":"failed to process due to network exception."},{"id":"332f88cc-6c80-4da2-87cf-a7bad6467d96","email":"joshua.lee@gmail.com","message":"successfully handled skipped operation."},{"id":"eb38c9db-1bab-4aa4-979b-151468daa45c","email":"ryan.king@dropbox.net","message":"successfully handled skipped operation."},{"id":"207c1d36-1f0c-40ea-b43e-41be7cb47ea5","email":"isabella.jackson@amerisave.com","message":"failed to process due to datastore timeout of 30 seconds.  operation took 36 seconds."},{"id":"88adacd5-b5e2-41e6-96a5-97901dc8f34b","email":"mason.robinson@amerisave.com","message":"failed to process due to datastore timeout of 30 seconds.  operation took 92 seconds."},{"id":"3079856c-e8c2-4931-9d03-1d811c4e0055","email":"matthew.walker@amerisave.com","message":"failed to process due to datastore timeout of 30 seconds.  operation took 114 seconds."},{"id":"25d4e76a-e81d-49ad-8797-3e9a7c9f1739","email":"abigail.smith@amerisave.com","message":"successfully parsed message, but message temporarily enqueued while system restarts."},{"id":"a9466d79-2f5d-4ee3-84ec-88695438e529","email":"emma.thomas@me.com","message":"successfully parsed message, but message temporarily enqueued while system restarts."},{"id":"b095aacd-24b5-4183-9941-e499bfebe43b","email":"tyler.nelson@microsoft.com","message":"successfully handled skipped operation."},{"id":"a56fbe1b-ae07-4dcf-b51e-05ff8df39582","email":"emma.thomas@me.com","message":"failed to process due to datastore timeout of 30 seconds.  operation took 116 seconds."},{"id":"1f5e8db2-921e-43b4-ba43-1585a8558004","email":"matthew.walker@amerisave.com","message":"successfully processed after 5246 milliseconds."},{"id":"6778461b-d9c3-4fc4-a3d4-eed944b4141d","email":"madison.lewis@gmail.com","message":"successfully handled skipped operation."},{"id":"7a748873-b73e-4b04-9e82-97eb47887432","email":"andrew.miller@gmail.com","message":"successfully processed after 207 milliseconds."},{"id":"c2401bd3-e4d9-419b-ad93-9bbb7be240a7","email":"sarah.green@amerisave.com","message":"successfully parsed message, but message temporarily enqueued while system restarts."},{"id":"03b99636-d2eb-4dda-8600-ba5b8f4adc33","email":"emily.taylor@gmail.com","message":"successfully processed after 2218 milliseconds."},{"id":"0c7b9fa2-0feb-4ba2-bc22-51bc2b28ce29","email":"madison.lewis@gmail.com","message":"successfully parsed message, but message temporarily enqueued while system restarts."},{"id":"67b5e8be-b24e-4196-bfac-f50a0b2b8f93","email":"abigail.smith@amerisave.com","message":"successfully handled skipped operation."},{"id":"2404ab77-f5ee-4325-83b9-7c6c376009ae","email":"hannah.martin@dropbox.net","message":"failed to process due to datastore timeout of 30 seconds.  operation took 59 seconds."},{"id":"c43e45cd-a5ad-45e4-90ea-8fcf4988558c","email":"ethan.hernandez@microsoft.com","message":"successfully parsed message, but message temporarily enqueued while system restarts."},{"id":"6cc40958-e53e-4a2d-ba00-4fd12486b90c","email":"alyssa.jones@amerisave.com","message":"successfully processed after 5858 milliseconds."},{"id":"f5fc2c34-30cc-4d6f-bdc1-830f4a1b23e4","email":"jackson.white@gmail.com","message":"successfully handled skipped operation."},{"id":"84101f37-fb1d-492f-b60a-4bacc42310ac","email":"ethan.hernandez@microsoft.com","message":"failed to process due to network exception."},{"id":"90d4e5e9-5d6f-4aab-b05b-a455256ca06d","email":"aiden.johnson@microsoft.com","message":"successfully processed after 559 milliseconds."},{"id":"f2a7bf92-52c6-4b62-ae78-7073875392f9","email":"alexis.brown@microsoft.com","message":"failed to process due to network exception."},{"id":"b615fadb-0e87-4b41-9aab-3aa6f5ceee77","email":"lily.harris@gmail.com","message":"successfully parsed message, but message temporarily enqueued while system restarts."},{"id":"5a08afb2-0036-492f-b131-4da043742ff6","email":"sophia.baker@dropbox.net","message":"failed to process due to datastore timeout of 30 seconds.  operation took 95 seconds."},{"id":"b383524d-41bc-4257-8d47-3a0d296da8a3","email":"chloe.garcia@dropbox.net","message":"failed to process due to datastore timeout of 30 seconds.  operation took 108 seconds."},{"id":"20aff45e-8914-4211-a0c0-1293dac26ff7","email":"ryan.king@dropbox.net","message":"successfully handled skipped operation."},{"id":"19883234-eafd-4106-aa78-07ccc0c83ba8","email":"nicholas.allen@microsoft.com","message":"successfully processed after 355 milliseconds."},{"id":"f6faf8b1-d62a-4ff2-81e3-15ab02d64ce0","email":"sophia.baker@dropbox.net","message":"successfully handled skipped operation."},{"id":"23b0adff-42ca-4019-99ef-4e68e142b444","email":"ethan.hernandez@microsoft.com","message":"successfully processed after 7123 milliseconds."},{"id":"a37cc880-b707-4a3a-821a-9dbc21797222","email":"mia.perez@me.com","message":"failed to process due to datastore timeout of 30 seconds.  operation took 74 seconds."},{"id":"59b96b52-6ff1-448b-82a9-f3211f29ef30","email":"alexis.brown@microsoft.com","message":"successfully processed after 237 milliseconds."},{"id":"2f2d2472-4d18-4e4e-bb2a-a76e90a82c00","email":"alyssa.jones@amerisave.com","message":"successfully processed after 6672 milliseconds."},{"id":"ca639324-f2cd-4fcd-9163-59824b32e1ea","email":"aiden.johnson@microsoft.com","message":"failed to process due to network exception."},{"id":"b2db9ba5-4d0d-47ba-8daf-5da279b12f76","email":"sophia.baker@dropbox.net","message":"successfully processed after 6296 milliseconds."},{"id":"3d820e4a-c163-492e-b94b-5e573328db2c","email":"olivia.wright@gmail.com","message":"failed to process due to datastore timeout of 30 seconds.  operation took 112 seconds."},{"id":"51cfb118-a09b-41b3-b8fd-9047d23483b5","email":"daniel.rodriguez@amerisave.com","message":"successfully processed after 8819 milliseconds."},{"id":"a6fc3348-3afa-4ac4-881e-fc13e30e45e0","email":"chloe.garcia@dropbox.net","message":"failed to process due to datastore timeout of 30 seconds.  operation took 69 seconds."},{"id":"f4ad4379-10a2-40d4-9a89-86a4484fd407","email":"elizabeth.martinez@dropbox.net","message":"successfully parsed message, but message temporarily enqueued while system restarts."},{"id":"d31d7f46-6c21-4a03-acb5-b8e197dda093","email":"elizabeth.martinez@dropbox.net","message":"failed to process due to datastore timeout of 30 seconds.  operation took 102 seconds."},{"id":"e2f35123-8f99-4f90-90c6-6c8342e779d1","email":"sarah.green@amerisave.com","message":"successfully handled skipped operation."},{"id":"75a3a6a1-7b5d-4c24-a2d1-576bfca25b4f","email":"ethan.hernandez@microsoft.com","message":"successfully handled skipped operation."},{"id":"2eca2f7e-4ce5-48c0-8922-b4da53c74fe3","email":"alexander.williams@gmail.com","message":"successfully handled skipped operation."},{"id":"67532451-88bc-4a8f-8e9f-24a6cb565623","email":"mia.perez@me.com","message":"successfully handled skipped operation."},{"id":"3a7d2566-bf73-4883-b8ae-02e3db95b2c5","email":"madison.lewis@gmail.com","message":"successfully processed after 9174 milliseconds."},{"id":"889a4e5e-b66b-4226-b6f0-71ec8c0bc121","email":"ella.anderson@dropbox.net","message":"successfully handled skipped operation."},{"id":"a17f3844-581c-4c9a-84a3-549d94338c65","email":"elizabeth.martinez@dropbox.net","message":"failed to process due to network exception."},{"id":"fc2e47b4-8e6a-483f-a262-f10cb765c943","email":"taylor.adams@gmail.com","message":"successfully handled skipped operation."},{"id":"a1deffce-0a70-4742-aa47-9ae991a7c436","email":"ethan.hernandez@microsoft.com","message":"successfully processed after 4634 milliseconds."},{"id":"e493826f-613c-4302-b56f-95570b143b21","email":"taylor.adams@gmail.com","message":"successfully processed after 5739 milliseconds."},{"id":"370e340c-8e07-420a-ba9d-6426b503e49e","email":"emily.taylor@gmail.com","message":"failed to process due to datastore timeout of 30 seconds.  operation took 40 seconds."},{"id":"a59a7812-9dc3-437a-95cf-c515a4134e5c","email":"abigail.smith@amerisave.com","message":"successfully processed after 4722 milliseconds."},{"id":"b1ea088f-a359-4a8a-96b1-c1d81fb56304","email":"olivia.wright@gmail.com","message":"failed to process due to network exception."},{"id":"c0326100-626e-4766-a689-fa211b134267","email":"hannah.martin@dropbox.net","message":"failed to process due to network exception."},{"id":"2f851d93-25ec-4a8e-ae6a-5a32d1649d07","email":"michael.hall@dropbox.net","message":"successfully processed after 5336 milliseconds."},{"id":"50e73700-5179-456d-add6-4d6c83d4b893","email":"matthew.walker@amerisave.com","message":"successfully processed after 6039 milliseconds."},{"id":"24375af6-b016-43a0-a494-e66de7e3721b","email":"nicholas.allen@microsoft.com","message":"successfully parsed message, but message temporarily enqueued while system restarts."},{"id":"8f755f17-30f9-49fd-bdba-deb13cae9a6d","email":"alexis.brown@microsoft.com","message":"successfully parsed message, but message temporarily enqueued while system restarts."},{"id":"2da7e056-c0f2-41e2-8326-a28a6254776e","email":"madison.lewis@gmail.com","message":"successfully parsed message, but message temporarily enqueued while system restarts."},{"id":"560b8c61-1834-4107-8f7b-5ac2692304c2","email":"nicholas.allen@microsoft.com","message":"failed to process due to datastore timeout of 30 seconds.  operation took 115 seconds."},{"id":"1b802826-5754-4894-b91c-64f3f76c1df3","email":"alyssa.jones@amerisave.com","message":"failed to process due to datastore timeout of 30 seconds.  operation took 60 seconds."}],"id":"e15fd00f-47be-407e-a630-5907264ebbf3"}