{"logs":[{"id":"6e244be3-8d3f-4944-aac9-492de2d9cbcf","email":"madison.lewis@gmail.com","message":"successfully processed after 9055 milliseconds."},{"id":"84eb1930-ea67-4ece-87b6-11f4be1ade82","email":"andrew.miller@gmail.com","message":"successfully parsed message, but message temporarily enqueued while system restarts."},{"id":"d6efded3-8b11-4c4f-b1a2-e07b065083cf","email":"jacob.lopez@dropbox.net","message":"successfully handled skipped operation."},{"id":"83f0c52e-2557-4988-917b-4019d898a41b","email":"emily.taylor@gmail.com","message":"successfully parsed message, but message temporarily enqueued while system restarts."},{"id":"b2365e5f-49ac-4aec-a041-3d4afb7507ed","email":"michael.hall@dropbox.net","message":"failed to process due to network exception."},{"id":"a48679d5-85d5-4f5e-9e43-515200b138dc","email":"lily.harris@gmail.com","message":"successfully processed after 320 milliseconds."},{"id":"4b704063-034c-4b4c-aa62-621c695437db","email":"andrew.miller@gmail.com","message":"successfully handled skipped operation."},{"id":"acdc613c-5000-49e3-9047-9c7723eb9f7f","email":"ethan.hernandez@microsoft.com","message":"successfully handled skipped operation."},{"id":"2e5d5a73-da41-4582-b9df-a68d64f0ead8","email":"mason.robinson@amerisave.com","message":"failed to process due to network exception."},{"id":"e8e3bccc-8e27-4e26-85d0-34a87ef78018","email":"alexander.williams@gmail.com","message":"successfully parsed message, but message temporarily enqueued while system restarts."},{"id":"225604f5-9b37-40d9-b20c-3cfa708a88ed","email":"mason.robinson@amerisave.com","message":"failed to process due to network exception."},{"id":"5404af80-c79c-46be-ad89-ed192610dde0","email":"emma.thomas@me.com","message":"successfully processed after 5640 milliseconds."},{"id":"21d303ca-734c-4a76-bba8-fd3322092ee8","email":"nicholas.allen@microsoft.com","message":"failed to process due to datastore timeout of 30 seconds.  operation took 89 seconds."},{"id":"93700f0c-3499-4742-a844-645e773af26e","email":"mason.robinson@amerisave.com","message":"successfully processed after 1880 milliseconds."},{"id":"1eb2f0d7-ad4f-4107-b7d8-ac2d3a42be31","email":"alexis.brown@microsoft.com","message":"failed to process due to network exception."},{"id":"f1314ee3-0a6d-4b48-8600-be4cbc832168","email":"isabella.jackson@amerisave.com","message":"failed to process due to datastore timeout of 30 seconds.  operation took 86 seconds."},{"id":"91e91fe3-29b2-4bc7-bd02-92873511d6d6","email":"matthew.walker@amerisave.com","message":"failed to process due to network exception."},{"id":"c0d5895f-3c0d-49ec-b0ce-caa4446cc997","email":"isabella.jackson@amerisave.com","message":"failed to process due to datastore timeout of 30 seconds.  operation took 39 seconds."},{"id":"64aed9eb-5512-4e04-9e37-dc5981870677","email":"alyssa.jones@amerisave.com","message":"successfully parsed message, but message temporarily enqueued while system restarts."},{"id":"967003a7-79ac-43c5-be85-8fd99588f243","email":"mason.robinson@amerisave.com","message":"successfully parsed message, but message temporarily enqueued while system restarts."},{"id":"47b464e0-3ded-4694-bd03-64f7746190fa","email":"taylor.adams@gmail.com","message":"successfully processed after 2062 milliseconds."},{"id":"231bb972-c2f5-4584-af04-150eb2d12c7c","email":"jacob.lopez@dropbox.net","message":"successfully processed after 6114 milliseconds."},{"id":"dd7c78fb-5fe6-44f3-938a-6b6b3a8d58d1","email":"alyssa.jones@amerisave.com","message":"failed to process due to datastore timeout of 30 seconds.  operation took 75 seconds."},{"id":"bcb885d7-63b2-451a-853e-a07e78d59fa3","email":"tyler.nelson@microsoft.com","message":"failed to process due to datastore timeout of 30 seconds.  operation took 107 seconds."},{"id":"c095b207-ca2e-4f21-ad7a-5a37ba8ad98a","email":"ethan.hernandez@microsoft.com","message":"failed to process due to network exception."},{"id":"1b94732e-6b8b-4f07-9b90-178b57795b8b","email":"jackson.white@gmail.com","message":"failed to process due to datastore timeout of 30 seconds.  operation took 114 seconds."},{"id":"b650a721-0f9a-458b-8975-6eba36c473f3","email":"nicholas.allen@microsoft.com","message":"failed to process due to network exception."},{"id":"f095aff6-ae5b-4a3c-a94f-17cab2048016","email":"jacob.lopez@dropbox.net","message":"failed to process due to datastore timeout of 30 seconds.  operation took 60 seconds."},{"id":"56853218-13dd-4c62-b910-07f7d02c3187","email":"lily.harris@gmail.com","message":"failed to process due to network exception."},{"id":"bb13be5f-5291-4d50-b7f7-66e205a16de2","email":"samantha.scott@me.com","message":"failed to process due to network exception."},{"id":"edc75948-a1f9-4d72-88f4-100e2f1cd807","email":"tyler.nelson@microsoft.com","message":"failed to process due to datastore timeout of 30 seconds.  operation took 85 seconds."},{"id":"b34d21ad-97b8-4e69-afdc-2bfd1fd83e21","email":"liam.gonzalez@me.com","message":"successfully handled skipped operation."},{"id":"0615addf-779a-4f57-a96b-8d540b7076b1","email":"alyssa.jones@amerisave.com","message":"failed to process due to datastore timeout of 30 seconds.  operation took 82 seconds."},{"id":"219d9501-c1e4-4ade-bc4e-5cb16c8017f9","email":"nathan.young@microsoft.com","message":"successfully processed after 2786 milliseconds."},{"id":"ee36dcee-2474-4b99-a582-e612fc0dc467","email":"taylor.adams@gmail.com","message":"successfully handled skipped operation."},{"id":"46b33d66-1043-4b22-a1fd-3d1ab0ba6d20","email":"nathan.young@microsoft.com","message":"successfully processed after 3927 milliseconds."},{"id":"41774a60-85bb-47b7-810b-a9c68b3359e3","email":"jacob.lopez@dropbox.net","message":"successfully parsed message, but message temporarily enqueued while system restarts."},{"id":"be42bcc8-94a6-401c-8c36-282380b3df15","email":"sarah.green@amerisave.com","message":"successfully parsed message, but message temporarily enqueued while system restarts."},{"id":"f1bf8da5-9c46-417d-8f27-27dbfaece8ad","email":"isabella.jackson@amerisave.com","message":"successfully handled skipped operation."},{"id":"7cb76117-c6d4-4b26-95b7-143314a2fae0","email":"aiden.johnson@microsoft.com","message":"successfully processed after 402 milliseconds."},{"id":"358d9b2d-bf56-4b3c-af51-45f8acc65903","email":"ethan.hernandez@microsoft.com","message":"failed to process due to datastore timeout of 30 seconds.  operation took 56 seconds."},{"id":"26ee4763-25de-4191-be66-9eef5af29aab","email":"sophia.baker@dropbox.net","message":"successfully parsed message, but message temporarily enqueued while system restarts."},{"id":"b93d2606-4ac9-46c7-8b5b-d6a28ff39d0a","email":"lily.harris@gmail.com","message":"successfully handled skipped operation."},{"id":"f04608d1-6ef3-4e02-8ef2-78742592dca5","email":"abigail.smith@amerisave.com","message":"successfully handled skipped operation."},{"id":"b12f4bb6-6fd4-448a-9a8e-25b50a9ac6cd","email":"hannah.martin@dropbox.net","message":"successfully processed after 8067 milliseconds."},{"id":"c254d52d-25ae-4e5b-af1d-fdb6f2c77bcd","email":"michael.hall@dropbox.net","message":"successfully parsed message, but message temporarily enqueued while system restarts."},{"id":"a133ec27-207e-4df2-aa39-31a18bd0812e","email":"ethan.hernandez@microsoft.com","message":"successfully processed after 2258 milliseconds."},{"id":"2545f795-e362-4096-acda-d57d0ed8db9c","email":"ryan.king@dropbox.net","message":"successfully handled skipped operation."},{"id":"1e1d6deb-8c74-4775-b64f-c4384679e81c","email":"lily.harris@gmail.com","message":"failed to process due to network exception."},{"id":"ce70e778-cd42-40ca-af41-0e796a25d832","email":"alyssa.jones@amerisave.com","message":"successfully handled skipped operation."},{"id":"c9b63dda-e218-42af-96dc-bb72e6e76204","email":"nicholas.allen@microsoft.com","message":"successfully processed after 9137 milliseconds."},{"id":"494bb228-9181-497c-a498-d0d640f60009","email":"elizabeth.martinez@dropbox.net","message":"successfully handled skipped operation."},{"id":"b938396f-13b0-4377-941a-ab8b63bb9271","email":"ryan.king@dropbox.net","message":"successfully handled skipped operation."},{"id":"d9b9fe21-3748-46ce-9a90-0e56b27c9351","email":"ella.anderson@dropbox.net","message":"successfully processed after 6459 milliseconds."},{"id":"6c05e40c-d876-456e-a440-01346b7837d8","email":"liam.gonzalez@me.com","message":"successfully processed after 2684 milliseconds."},{"id":"0b5ef8d0-55da-40fe-8e7c-ac2959b29d22","email":"abigail.smith@amerisave.com","message":"failed to process due to network exception."},{"id":"d0e4d6fb-95a2-48c2-bdca-30428aab1d46","email":"isabella.jackson@amerisave.com","message":"failed to process due to network exception."},{"id":"89c70438-d1f6-4183-b0eb-ce0b307cf4f1","email":"chloe.garcia@dropbox.net","message":"failed to process due to network exception."},{"id":"c496342a-c9b9-42e2-8649-f617ac6ca816","email":"taylor.adams@gmail.com","message":"failed to process due to datastore timeout of 30 seconds.  operation took 67 seconds."},{"id":"83d19b21-371e-4bc4-a24d-b66148da48ad","email":"matthew.walker@amerisave.com","message":"failed to process due to network exception."},{"id":"b5af5e12-39a2-4b8b-aedf-fcc9b9ad00ef","email":"matthew.walker@amerisave.com","message":"failed to process due to network exception."},{"id":"5ac08cd6-8111-495e-83d1-01915623636c","email":"ava.davis@gmail.com","message":"failed to process due to network exception."},{"id":"c14e7c59-afc1-4f57-a7ad-4e21ec146f7c","email":"madison.lewis@gmail.com","message":"successfully handled skipped operation."},{"id":"c08e38f3-c9eb-4429-90d4-47bdf3f63e17","email":"jack.thompson@me.com","message":"failed to process due to network exception."},{"id":"5a2ec418-34ff-41fd-809f-fc6a483e4c23","email":"matthew.walker@amerisave.com","message":"failed to process due to network exception."},{"id":"193d4a2f-9bc8-4898-983d-5b9f3a32eb31","email":"sarah.green@amerisave.com","message":"failed to process due to datastore timeout of 30 seconds.  operation took 99 seconds."},{"id":"5f89547c-a91b-425f-85c3-a227480e98dd","email":"madison.lewis@gmail.com","message":"successfully handled skipped operation."},{"id":"5913a5c1-1b57-4c95-9b71-eafaa39f313d","email":"samantha.scott@me.com","message":"failed to process due to datastore timeout of 30 seconds.  operation took 115 seconds."},{"id":"d2015956-19e1-4b57-ae97-8b7183245fed","email":"jack.thompson@me.com","message":"successfully handled skipped operation."},{"id":"3667fbfe-7ec6-40f4-a0f3-a74e8b88c7b8","email":"elizabeth.martinez@dropbox.net","message":"successfully processed after 8368 milliseconds."},{"id":"7c89c41a-18f3-4351-b344-6f958636c60b","email":"olivia.wright@gmail.com","message":"successfully processed after 569 milliseconds."},{"id":"99504ca7-d069-40ec-944c-41e8565bbf3d","email":"noah.sanchez@me.com","message":"successfully processed after 3487 milliseconds."},{"id":"e028fa87-4d4d-449d-b78a-a7253bbdbe22","email":"abigail.smith@amerisave.com","message":"successfully handled skipped operation."},{"id":"6ac3ce22-5d30-40af-8732-3b2e8c2ac872","email":"sarah.green@amerisave.com","message":"successfully processed after 1147 milliseconds."},{"id":"40486b9b-fef5-48a3-89aa-0d74a80c8371","email":"samantha.scott@me.com","message":"failed to process due to network exception."},{"id":"d48e370f-2cad-4b7c-bc47-0a14d4465049","email":"ethan.hernandez@microsoft.com","message":"successfully parsed message, but message temporarily enqueued while system restarts."},{"id":"75cdd0cd-f5e4-4143-8e99-6b68bcde6932","email":"ava.davis@gmail.com","message":"failed to process due to network exception."},{"id":"1ce72058-23ba-4e8b-9696-11845545e3ec","email":"olivia.wright@gmail.com","message":"failed to process due to datastore timeout of 30 seconds.  operation took 41 seconds."},{"id":"6a37657c-0ad1-42de-b894-b8f06c33bdcb","email":"mia.perez@me.com","message":"successfully handled skipped operation."},{"id":"be89be19-6b24-4897-9b62-4864d30721b3","email":"nicholas.allen@microsoft.com","message":"successfully parsed message, but message temporarily enqueued while system restarts."},{"id":"b5525871-9c9d-4f02-bc4a-2214975276ef","email":"liam.gonzalez@me.com","message":"successfully parsed message, but message temporarily enqueued while system restarts."},{"id":"db994c55-968a-4a0d-b2da-c055b51bd6b9","email":"daniel.rodriguez@amerisave.com","message":"successfully processed after 8729 milliseconds."},{"id":"4ceebead-c702-4b29-9797-e0a37809bce9","email":"ryan.king@dropbox.net","message":"successfully parsed message, but message temporarily enqueued while system restarts."},{"id":"15093788-5100-452c-9164-6f552889f7ef","email":"sarah.green@amerisave.com","message":"successfully parsed message, but message temporarily enqueued while system restarts."},{"id":"64a7298e-b37d-43df-b036-ee695f31afdc","email":"joshua.lee@gmail.com","message":"successfully handled skipped operation."},{"id":"1a6dee16-7c0f-4b1f-8908-679964d26962","email":"michael.hall@dropbox.net","message":"successfully processed after 2980 milliseconds."},{"id":"990f5855-156b-4058-b035-68fdeb9740b6","email":"isabella.jackson@amerisave.com","message":"successfully parsed message, but message temporarily enqueued while system restarts."},{"id":"b54bfa6e-d4d2-4044-9967-bef822d3db91","email":"grace.moore@gmail.com","message":"successfully parsed message, but message temporarily enqueued while system restarts."},{"id":"16f72ad7-6210-4629-8952-e6022e83ebcb","email":"abigail.smith@amerisave.com","message":"successfully parsed message, but message temporarily enqueued while system restarts."},{"id":"f0bbf992-2df7-4ede-a14c-1887f4f01de2","email":"nicholas.allen@microsoft.com","message":"successfully processed after 9393 milliseconds."},{"id":"3bcfd9e0-d6a8-40bf-b538-c8cdb6c4d825","email":"andrew.miller@gmail.com","message":"successfully processed after 8636 milliseconds."},{"id":"691df7f6-2697-46a9-b666-2bb9bf503dc6","email":"madison.lewis@gmail.com","message":"successfully processed after 9580 milliseconds."},{"id":"fd67c58e-fdd2-4484-85d1-2bdd29fd4f50","email":"grace.moore@gmail.com","message":"successfully parsed message, but message temporarily enqueued while system restarts."},{"id":"b7a2254d-6694-449a-a048-7868819f010f","email":"mia.perez@me.com","message":"successfully processed after 9213 milliseconds."},{"id":"a6b06aec-896d-4a22-aefd-9db2a1272f8f","email":"dylan.wilson@gmail.com","message":"failed to process due to network exception."},{"id":"73304d9c-bc3a-4e50-a723-871a4f2e4fe7","email":"jacob.lopez@dropbox.net","message":"failed to process due to network exception."},{"id":"920883d3-1dd1-4377-80fe-5056b088de8b","email":"noah.sanchez@me.com","message":"successfully processed after 3486 milliseconds."},{"id":"7505e138-33b1-4c92-a922-597920cd869b","email":"emily.taylor@gmail.com","message":"failed to process due to network exception."},{"id":"9ea5ed1a-c68c-476f-8427-888ee57a36d5","email":"ella.anderson@dropbox.net","message":"successfully parsed message, but message temporarily enqueued while system restarts."},{"id":"c9eca396-4dd6-49fa-884f-f33c0c93ce4e","email":"ethan.hernandez@microsoft.com","message":"failed to process due to network exception."},{"id":"2afa49d6-8e80-41a7-add9-623e33848c49","email":"tyler.nelson@microsoft.com","message":"successfully handled skipped operation."},{"id":"0ccdef84-2314-4a39-983c-e74e0f08085c","email":"jacob.lopez@dropbox.net","message":"successfully parsed message, but message temporarily enqueued while system restarts."},{"id":"5b8ca06c-2504-4ba1-9b0a-466eedcf04d5","email":"elizabeth.martinez@dropbox.net","message":"successfully parsed message, but message temporarily enqueued while system restarts."},{"id":"7db3f84b-0a46-437a-a271-f98f4ae9f20c","email":"alexander.williams@gmail.com","message":"failed to process due to datastore timeout of 30 seconds.  operation took 93 seconds."},{"id":"da3cbca0-eab7-492a-8a03-5391daf3762d","email":"ethan.hernandez@microsoft.com","message":"successfully processed after 3036 milliseconds."},{"id":"597f3e09-cea3-4ccc-9b38-222bd06e68d4","email":"samantha.scott@me.com","message":"successfully parsed message, but message temporarily enqueued while system restarts."},{"id":"68a7ed99-2265-407f-b77a-d98d723794e7","email":"dylan.wilson@gmail.com","message":"successfully handled skipped operation."},{"id":"675ef99c-c2b3-407b-8951-cdc7eda8a09d","email":"lily.harris@gmail.com","message":"successfully handled skipped operation."},{"id":"47c3ced8-ae1c-4a0d-8aa3-e99fe704dfa9","email":"aiden.johnson@microsoft.com","message":"successfully processed after 5121 milliseconds."},{"id":"7c31ec76-5855-4586-8a33-8db9dc21553e","email":"isabella.jackson@amerisave.com","message":"failed to process due to datastore timeout of 30 seconds.  operation took 57 seconds."},{"id":"aac11745-8c59-49d0-b09d-b588d5a58e66","email":"taylor.adams@gmail.com","message":"successfully handled skipped operation."},{"id":"bd356770-0f86-40e3-8c52-7cd49d1130ef","email":"aiden.johnson@microsoft.com","message":"successfully processed after 8715 milliseconds."},{"id":"da51a9a0-586c-465d-a5d0-9b761093cd00","email":"michael.hall@dropbox.net","message":"failed to process due to network exception."},{"id":"ca89429f-4d31-4479-bdc0-c3c0dab30cd7","email":"aiden.johnson@microsoft.com","message":"failed to process due to datastore timeout of 30 seconds.  operation took 106 seconds."},{"id":"672a65e2-4a3e-449c-a3d3-a1cdcbf4925b","email":"sarah.green@amerisave.com","message":"successfully parsed message, but message temporarily enqueued while system restarts."},{"id":"db896b65-8e3a-4c12-af24-c6ccbd49031a","email":"andrew.miller@gmail.com","message":"successfully parsed message, but message temporarily enqueued while system restarts."},{"id":"eb54a2e6-64ed-4609-a9c1-78ad2d2902cb","email":"abigail.smith@amerisave.com","message":"failed to process due to network exception."},{"id":"6d0648de-a2f9-48ae-ba9e-73c4e1b86b2e","email":"olivia.wright@gmail.com","message":"successfully parsed message, but message temporarily enqueued while system restarts."},{"id":"adb693f9-321f-45aa-9e77-e55348c4a7c3","email":"jack.thompson@me.com","message":"failed to process due to datastore timeout of 30 seconds.  operation took 108 seconds."},{"id":"53335084-46f9-4ae8-80bb-6f4d2dada21f","email":"tyler.nelson@microsoft.com","message":"failed to process due to network exception."},{"id":"742619d3-2abd-44c9-b5b0-feb95dffee99","email":"lily.harris@gmail.com","message":"successfully processed after 419 milliseconds."},{"id":"adef4b9a-67fa-49a8-9034-a42a3074e220","email":"dylan.wilson@gmail.com","message":"successfully processed after 7899 milliseconds."},{"id":"0aef3f35-d1cf-41ea-80d9-440cf3400469","email":"joshua.lee@gmail.com","message":"successfully parsed message, but message temporarily enqueued while system restarts."},{"id":"671f8373-f625-45da-961c-bd458f2d2b10","email":"sarah.green@amerisave.com","message":"successfully handled skipped operation."},{"id":"aed163fa-52a4-4a7f-9a47-9aad45ce0e79","email":"alyssa.jones@amerisave.com","message":"failed to process due to datastore timeout of 30 seconds.  operation took 58 seconds."},{"id":"e74ca9fd-93ef-43e6-940b-04242f4c2612","email":"madison.lewis@gmail.com","message":"successfully processed after 3376 milliseconds."},{"id":"e8a22435-b367-4764-9c1b-245e77363e96","email":"tyler.nelson@microsoft.com","message":"successfully parsed message, but message temporarily enqueued while system restarts."},{"id":"af6f9113-9faf-4d0f-a2c1-bc3c2040d951","email":"sarah.green@amerisave.com","message":"failed to process due to network exception."},{"id":"30c7ab5c-63ff-440a-8b62-550421c9316e","email":"taylor.adams@gmail.com","message":"failed to process due to network exception."},{"id":"da49b00b-350a-4e3b-a40d-1ecc630b580e","email":"madison.lewis@gmail.com","message":"successfully parsed message, but message temporarily enqueued while system restarts."},{"id":"6a87b399-a896-41ae-9106-a7b85b91919f","email":"lily.harris@gmail.com","message":"successfully handled skipped operation."},{"id":"4da189c2-f92b-4123-8446-1faf9b88bd56","email":"aiden.johnson@microsoft.com","message":"failed to process due to datastore timeout of 30 seconds.  operation took 109 seconds."},{"id":"324b1fa9-70e2-4b08-b627-7b51b15269c2","email":"samantha.scott@me.com","message":"successfully parsed message, but message temporarily enqueued while system restarts."},{"id":"5c0d9d7d-f87f-43f8-84b3-a75360042418","email":"hannah.martin@dropbox.net","message":"failed to process due to datastore timeout of 30 seconds.  operation took 93 seconds."},{"id":"b0d8ee21-28ab-42e8-b230-745510ef74a2","email":"nicholas.allen@microsoft.com","message":"failed to process due to datastore timeout of 30 seconds.  operation took 60 seconds."},{"id":"9c1813ba-9086-4101-be8d-fdaed2213254","email":"sophia.baker@dropbox.net","message":"successfully processed after 7378 milliseconds."},{"id":"30461eee-3594-4661-8a6c-898adc7b691f","email":"chloe.garcia@dropbox.net","message":"successfully processed after 3594 milliseconds."},{"id":"e438b7d4-b4a8-45aa-8893-405a29a636df","email":"alyssa.jones@amerisave.com","message":"successfully processed after 9799 milliseconds."},{"id":"bd701e21-cbb7-4b8f-9e1a-741ae5cb0393","email":"jacob.lopez@dropbox.net","message":"failed to process due to datastore timeout of 30 seconds.  operation took 73 seconds."},{"id":"d9923de3-204e-421f-8432-6f5f23a09f92","email":"nicholas.allen@microsoft.com","message":"successfully handled skipped operation."},{"id":"8cb5d29e-4a82-4547-9ff3-0f6640b0d4f0","email":"chloe.garcia@dropbox.net","message":"failed to process due to network exception."},{"id":"52847825-2bc4-4baf-be40-eea2f17fcdba","email":"alexis.brown@microsoft.com","message":"failed to process due to network exception."},{"id":"d8ed7fee-8587-41fd-8e8a-c3ddcc0ad5f8","email":"dylan.wilson@gmail.com","message":"failed to process due to network exception."},{"id":"a15272b0-3806-46a1-928c-36dfc4b2fb28","email":"joshua.lee@gmail.com","message":"successfully processed after 1344 milliseconds."},{"id":"952d3361-f76d-47de-a383-011c03018c90","email":"grace.moore@gmail.com","message":"successfully processed after 9576 milliseconds."},{"id":"6045637e-608c-4d4a-b65d-6b6e66c2c580","email":"taylor.adams@gmail.com","message":"failed to process due to network exception."},{"id":"fc5a4a83-4b60-4e08-a039-eb322f0f1984","email":"matthew.walker@amerisave.com","message":"failed to process due to datastore timeout of 30 seconds.  operation took 79 seconds."},{"id":"bd5ac627-f4bc-4f21-a9be-fc2c29d0bd32","email":"ella.anderson@dropbox.net","message":"successfully handled skipped operation."},{"id":"34984d54-b09f-4311-835c-5f655ff1a817","email":"nicholas.allen@microsoft.com","message":"successfully processed after 5744 milliseconds."},{"id":"4f8668aa-ef14-475b-9787-2b8c5cfbb4ca","email":"noah.sanchez@me.com","message":"failed to process due to datastore timeout of 30 seconds.  operation took 80 seconds."},{"id":"817c078e-1d20-4e51-8d0e-4ebe0ea9f3e2","email":"taylor.adams@gmail.com","message":"successfully parsed message, but message temporarily enqueued while system restarts."},{"id":"063e9306-1b72-46ee-b349-c90d0a52d13b","email":"dylan.wilson@gmail.com","message":"failed to process due to datastore timeout of 30 seconds.  operation took 97 seconds."},{"id":"bc922970-17e7-480b-90ec-72fe19898352","email":"lily.harris@gmail.com","message":"successfully processed after 9904 milliseconds."},{"id":"4b354d8a-8b6a-41b0-842a-707f57cdee04","email":"sophia.baker@dropbox.net","message":"failed to process due to datastore timeout of 30 seconds.  operation took 59 seconds."},{"id":"d67785e4-0d83-4586-95b1-66dfdba38928","email":"sophia.baker@dropbox.net","message":"successfully handled skipped operation."},{"id":"1ac4cfcf-731f-442b-816b-66438d9c0a77","email":"matthew.walker@amerisave.com","message":"failed to process due to datastore timeout of 30 seconds.  operation took 58 seconds."},{"id":"3659749b-d9c9-417c-b2bf-a6d2e27f810d","email":"madison.lewis@gmail.com","message":"successfully handled skipped operation."},{"id":"e084ed1a-0f2a-4818-a9a8-bd6efdced7e0","email":"matthew.walker@amerisave.com","message":"successfully parsed message, but message temporarily enqueued while system restarts."},{"id":"c2018ebe-e7b8-4497-a9eb-60acfdcb8a1b","email":"dylan.wilson@gmail.com","message":"successfully parsed message, but message temporarily enqueued while system restarts."},{"id":"03cf8cf0-b43a-420b-bce5-c73799782e67","email":"sophia.baker@dropbox.net","message":"successfully parsed message, but message temporarily enqueued while system restarts."},{"id":"bea39f5a-7357-4650-ad8c-be3ca776bb40","email":"jack.thompson@me.com","message":"failed to process due to network exception."},{"id":"474904ce-d404-4353-b6a6-f27c631a48ee","email":"jacob.lopez@dropbox.net","message":"successfully handled skipped operation."},{"id":"5198bdbc-062c-4a84-821d-f7de5ec464a9","email":"jackson.white@gmail.com","message":"successfully parsed message, but message temporarily enqueued while system restarts."},{"id":"022b2d3c-77be-4f96-82f1-e5959fff537a","email":"mia.perez@me.com","message":"failed to process due to datastore timeout of 30 seconds.  operation took 50 seconds."},{"id":"425565fc-16b5-4030-a2c4-2497f5c12ec6","email":"hannah.martin@dropbox.net","message":"failed to process due to network exception."},{"id":"985701e5-358f-4448-8ef4-5283bf8cb343","email":"jacob.lopez@dropbox.net","message":"successfully processed after 1669 milliseconds."},{"id":"73be4796-6a59-4ad7-a281-8baf1af97f82","email":"ryan.king@dropbox.net","message":"successfully parsed message, but message temporarily enqueued while system restarts."},{"id":"112c57d8-c38d-483d-9d1a-ca843e511c8b","email":"matthew.walker@amerisave.com","message":"successfully processed after 79 milliseconds."},{"id":"dccbf998-a04c-47ff-8511-b25e7c0f9abf","email":"chloe.garcia@dropbox.net","message":"successfully handled skipped operation."},{"id":"2e57054f-8225-4f0f-b6a7-89210db2e1b5","email":"samantha.scott@me.com","message":"failed to process due to datastore timeout of 30 seconds.  operation took 113 seconds."},{"id":"f8ed8317-83c0-47a5-868d-8c961107faf8","email":"abigail.smith@amerisave.com","message":"successfully handled skipped operation."},{"id":"46bb865e-9915-4c94-a4f9-77f9a771912b","email":"emma.thomas@me.com","message":"failed to process due to datastore timeout of 30 seconds.  operation took 102 seconds."},{"id":"28dea02c-7822-4bbc-9559-9030216287bb","email":"taylor.adams@gmail.com","message":"successfully processed after 8862 milliseconds."},{"id":"73add120-aed4-4e92-8516-2b5c5f1c4e55","email":"jackson.white@gmail.com","message":"failed to process due to network exception."},{"id":"6ae3dbca-0799-4219-bc56-a652133ea7de","email":"dylan.wilson@gmail.com","message":"successfully parsed message, but message temporarily enqueued while system restarts."},{"id":"203a6d4e-8877-4880-8cd4-15ba7b28883e","email":"ella.anderson@dropbox.net","message":"failed to process due to datastore timeout of 30 seconds.  operation took 112 seconds."},{"id":"fea38876-b539-4600-89be-52b028b825c3","email":"dylan.wilson@gmail.com","message":"failed to process due to datastore timeout of 30 seconds.  operation took 50 seconds."},{"id":"1afb1ec7-6dc8-4710-8346-04c536a1d8cc","email":"alexander.williams@gmail.com","message":"successfully handled skipped operation."},{"id":"720bb43a-1ea4-4f94-be6b-80d0609c4633","email":"emily.taylor@gmail.com","message":"successfully parsed message, but message temporarily enqueued while system restarts."},{"id":"c46d7f73-087e-4361-8a9a-ecb326b06f7e","email":"nathan.young@microsoft.com","message":"failed to process due to datastore timeout of 30 seconds.  operation took 79 seconds."},{"id":"9880bc6c-552b-43d6-bd78-e24bd798f722","email":"sarah.green@amerisave.com","message":"failed to process due to network exception."},{"id":"fc5f17d9-9597-43ab-ac11-223ac8bb2bc0","email":"andrew.miller@gmail.com","message":"successfully processed after 2663 milliseconds."},{"id":"a42cc051-e9ac-4caa-a7dd-a48cab003d17","email":"sophia.baker@dropbox.net","message":"failed to process due to datastore timeout of 30 seconds.  operation took 130 seconds."},{"id":"7bcd25ad-2e38-436a-85eb-4ea57a188f88","email":"sarah.green@amerisave.com","message":"successfully processed after 2852 milliseconds."},{"id":"3eee269d-4c41-418e-9ce9-24c74f9ea149","email":"joshua.lee@gmail.com","message":"successfully handled skipped operation."},{"id":"6462f653-ce07-4749-aed4-865765dc2a6e","email":"ella.anderson@dropbox.net","message":"successfully parsed message, but message temporarily enqueued while system restarts."},{"id":"c275511d-f7b1-4585-a1c1-d46a5e274700","email":"elizabeth.martinez@dropbox.net","message":"successfully handled skipped operation."},{"id":"f46adb3f-436e-4f13-b845-9cf14410c39d","email":"ryan.king@dropbox.net","message":"successfully processed after 44 milliseconds."},{"id":"5d5d3916-5e27-4a7b-8351-0ed9ce5710e2","email":"jacob.lopez@dropbox.net","message":"successfully parsed message, but message temporarily enqueued while system restarts."},{"id":"6ad56bda-89e2-4f3b-8253-cf23a9d961d6","email":"matthew.walker@amerisave.com","message":"successfully parsed message, but message temporarily enqueued while system restarts."},{"id":"ef04da40-b361-4fe8-90da-6cec8d45ecfe","email":"jack.thompson@me.com","message":"successfully processed after 6742 milliseconds."},{"id":"5a1f30fe-5b6f-4984-966b-25e341011917","email":"daniel.rodriguez@amerisave.com","message":"successfully handled skipped operation."},{"id":"3449c90a-2742-472d-b16c-18f3ce02d12c","email":"taylor.adams@gmail.com","message":"failed to process due to network exception."},{"id":"8abc9b6e-09cc-45c4-ace2-eafd9ed5a6e6","email":"ava.davis@gmail.com","message":"successfully handled skipped operation."},{"id":"7c78fe9f-0a00-4425-bd62-8785864353f0","email":"mason.robinson@amerisave.com","message":"failed to process due to network exception."},{"id":"6329cff0-b584-4d63-8978-3c27d890975d","email":"jackson.white@gmail.com","message":"successfully processed after 9885 milliseconds."},{"id":"7e225adc-00c2-4a96-a1dd-677c69ff7ff9","email":"tyler.nelson@microsoft.com","message":"failed to process due to network exception."},{"id":"334d51e0-0fdb-471c-80bd-ac000272d5f8","email":"samantha.scott@me.com","message":"failed to process due to network exception."},{"id":"a902b7fc-e6d2-4b0a-b5c8-b32bdd1e7f34","email":"andrew.miller@gmail.com","message":"successfully handled skipped operation."},{"id":"3cd6c038-8e2d-4938-bbd8-2cc6b524f4ee","email":"lily.harris@gmail.com","message":"failed to process due to datastore timeout of 30 seconds.  operation took 72 seconds."},{"id":"e415907e-3778-44db-9b07-3d0b911ecd4d","email":"alexis.brown@microsoft.com","message":"failed to process due to datastore timeout of 30 seconds.  operation took 87 seconds."},{"id":"608e81f9-86bd-470f-810f-510c027572ed","email":"elizabeth.martinez@dropbox.net","message":"failed to process due to datastore timeout of 30 seconds.  operation took 39 seconds."},{"id":"51cb3fe0-85a8-4ccb-a40c-82862ff0a27b","email":"jacob.lopez@dropbox.net","message":"successfully parsed message, but message temporarily enqueued while system restarts."},{"id":"ba960693-7b3e-415b-8c29-0cffbf009289","email":"ava.davis@gmail.com","message":"successfully processed after 5541 milliseconds."},{"id":"e49943e5-013a-4c46-9329-b98f0eb41462","email":"noah.sanchez@me.com","message":"successfully parsed message, but message temporarily enqueued while system restarts."},{"id":"4d306003-6791-4a96-bc37-3dbb8ca75c5e","email":"jackson.white@gmail.com","message":"failed to process due to network exception."},{"id":"089e9375-067f-4973-8e8f-126c7f6bdbfd","email":"elizabeth.martinez@dropbox.net","message":"successfully handled skipped operation."},{"id":"e56c1974-975f-4cb8-91ab-0942aa75020f","email":"hannah.martin@dropbox.net","message":"failed to process due to datastore timeout of 30 seconds.  operation took 108 seconds."},{"id":"440f80e1-5413-4720-a64d-c771225ea3f1","email":"nicholas.allen@microsoft.com","message":"failed to process due to network exception."},{"id":"64851b9a-1278-4fe7-8e6a-c3092b030935","email":"tyler.nelson@microsoft.com","message":"successfully parsed message, but message temporarily enqueued while system restarts."},{"id":"bf825837-33d0-4e2a-8ace-f570e4d93f88","email":"aiden.johnson@microsoft.com","message":"failed to process due to datastore timeout of 30 seconds.  operation took 101 seconds."},{"id":"f1914b9f-22a3-405b-98cb-e543c2b4e3e9","email":"tyler.nelson@microsoft.com","message":"failed to process due to datastore timeout of 30 seconds.  operation took 47 seconds."},{"id":"a29a9b64-0642-42e2-87cb-d20a447e98c5","email":"liam.gonzalez@me.com","message":"successfully handled skipped operation."},{"id":"99e77ba4-d065-4c5b-9042-95ac65d8acf6","email":"dylan.wilson@gmail.com","message":"successfully parsed message, but message temporarily enqueued while system restarts."},{"id":"ebd754e4-b7ca-4124-99a6-bb294cbbb1f6","email":"isabella.jackson@amerisave.com","message":"failed to process due to network exception."},{"id":"44f43240-c0e6-4367-894d-93053c80a99d","email":"ava.davis@gmail.com","message":"failed to process due to datastore timeout of 30 seconds.  operation took 72 seconds."},{"id":"19c289cb-4bfd-4126-99a9-68b068ffa204","email":"hannah.martin@dropbox.net","message":"successfully processed after 3660 milliseconds."},{"id":"e67087bb-aa1b-4e0b-9769-9a21c15cb29f","email":"alexis.brown@microsoft.com","message":"failed to process due to datastore timeout of 30 seconds.  operation took 37 seconds."},{"id":"4590457a-e1e6-4d19-81d4-6af809582cd3","email":"isabella.jackson@amerisave.com","message":"failed to process due to datastore timeout of 30 seconds.  operation took 101 seconds."},{"id":"6fba76c4-3a28-47bf-9715-4ede3c5a3ceb","email":"noah.sanchez@me.com","message":"failed to process due to network exception."},{"id":"0d37a91c-b7e0-4040-8c40-060abe4b1d54","email":"alexander.williams@gmail.com","message":"successfully processed after 7159 milliseconds."},{"id":"be570166-2834-4651-9d14-90697c81c84e","email":"ryan.king@dropbox.net","message":"failed to process due to network exception."},{"id":"1334621d-4169-433f-b30d-cfe746c993f2","email":"jackson.white@gmail.com","message":"successfully handled skipped operation."},{"id":"4f8197e6-0da0-4a52-8949-1185c4877f51","email":"ava.davis@gmail.com","message":"successfully processed after 9070 milliseconds."},{"id":"914ac551-56c8-4b05-9b19-588dda64df0f","email":"nathan.young@microsoft.com","message":"successfully handled skipped operation."},{"id":"43b88244-461b-44ed-9648-ff4719ab19db","email":"ella.anderson@dropbox.net","message":"successfully processed after 4615 milliseconds."},{"id":"49df8c1a-b0b6-48d9-a552-fd8a9c5420d0","email":"andrew.miller@gmail.com","message":"successfully handled skipped operation."},{"id":"3872e787-2f7f-4e82-bdc0-d4e7eb45c578","email":"logan.clark@dropbox.net","message":"successfully handled skipped operation."},{"id":"66cd79f7-5d48-4954-89b1-1b7736fe6ff0","email":"tyler.nelson@microsoft.com","message":"failed to process due to datastore timeout of 30 seconds.  operation took 90 seconds."},{"id":"65c17cfb-8f61-45ce-b8c9-2e2834c98866","email":"abigail.smith@amerisave.com","message":"successfully handled skipped operation."},{"id":"580c4b93-bbd1-41e3-b35f-7db67575dd8d","email":"matthew.walker@amerisave.com","message":"successfully processed after 2796 milliseconds."},{"id":"973ba721-927b-4399-8ee4-95623036fed6","email":"michael.hall@dropbox.net","message":"successfully parsed message, but message temporarily enqueued while system restarts."},{"id":"6f29f2ac-772e-46a8-9f31-f78ebd9d363c","email":"emma.thomas@me.com","message":"failed to process due to network exception."},{"id":"db94648f-6ba1-4100-a32d-861dfd8bbaef","email":"alexis.brown@microsoft.com","message":"successfully handled skipped operation."},{"id":"6b5803ec-855a-4eb2-9aac-d277493d6006","email":"madison.lewis@gmail.com","message":"failed to process due to datastore timeout of 30 seconds.  operation took 65 seconds."},{"id":"4617a670-99ef-450b-85df-81a347709578","email":"sarah.green@amerisave.com","message":"successfully processed after 2932 milliseconds."},{"id":"98a3855f-a68d-4550-a214-17cf8825fe0b","email":"madison.lewis@gmail.com","message":"successfully processed after 8788 milliseconds."},{"id":"01449a64-e840-4df9-95ab-f34326478a08","email":"joshua.lee@gmail.com","message":"successfully parsed message, but message temporarily enqueued while system restarts."},{"id":"27593729-da8e-4d21-ab9f-fb99065acc9c","email":"olivia.wright@gmail.com","message":"successfully parsed message, but message temporarily enqueued while system restarts."},{"id":"d9b52568-d945-4925-beb0-1876dd31da3d","email":"isabella.jackson@amerisave.com","message":"failed to process due to network exception."},{"id":"84864aa3-f571-449b-be6c-bed54aa55d35","email":"madison.lewis@gmail.com","message":"successfully parsed message, but message temporarily enqueued while system restarts."},{"id":"534bb87b-d950-4fa9-a7e2-e41bea1c97a9","email":"ethan.hernandez@microsoft.com","message":"failed to process due to network exception."},{"id":"0ccd292e-9102-40ca-82a8-1e51563ec0cb","email":"hannah.martin@dropbox.net","message":"successfully handled skipped operation."},{"id":"b1d162d5-a3b7-4831-baa0-3ded526cb235","email":"ella.anderson@dropbox.net","message":"failed to process due to network exception."},{"id":"4a3e0816-92f8-45c3-946f-282ee599f7e8","email":"jacob.lopez@dropbox.net","message":"successfully processed after 5055 milliseconds."},{"id":"3cc996b6-7007-4a9f-8c9e-35bf8a08b5ff","email":"elizabeth.martinez@dropbox.net","message":"successfully handled skipped operation."},{"id":"a175a84e-3ad2-4b9d-ae4e-a5de5e749aaf","email":"alexander.williams@gmail.com","message":"successfully handled skipped operation."},{"id":"7ba0baf0-b96f-4f3b-9a11-7f3d77dac9db","email":"matthew.walker@amerisave.com","message":"successfully handled skipped operation."},{"id":"083faf4d-7552-4d4f-829c-c9e027fb2df9","email":"dylan.wilson@gmail.com","message":"successfully parsed message, but message temporarily enqueued while system restarts."},{"id":"a1a445cc-edfa-474b-80fa-85f9a10e7a2f","email":"jacob.lopez@dropbox.net","message":"successfully handled skipped operation."},{"id":"303eed52-09cb-4e80-a6c2-c40306066c2e","email":"sarah.green@amerisave.com","message":"successfully handled skipped operation."},{"id":"cab5f534-f455-4e31-9e91-5092d1d7c081","email":"mia.perez@me.com","message":"successfully handled skipped operation."},{"id":"34ad9189-332f-48f6-94c0-3bb9c2d5d42e","email":"sophia.baker@dropbox.net","message":"failed to process due to network exception."},{"id":"ecf60053-3ea4-4196-8cb7-54882c5981bc","email":"chloe.garcia@dropbox.net","message":"failed to process due to network exception."},{"id":"e1274536-2056-4ca6-829a-8159e6c95c04","email":"sophia.baker@dropbox.net","message":"successfully processed after 6780 milliseconds."},{"id":"84addb78-456b-421a-a8f9-a56867d1d784","email":"samantha.scott@me.com","message":"failed to process due to network exception."},{"id":"9b14d4e7-1e6f-4800-aacb-5aa1f7b51a03","email":"emily.taylor@gmail.com","message":"successfully processed after 3438 milliseconds."}],"id":"8cf01b1f-21c2-4c86-825a-eaa06142cb78"}