{"logs":[{"id":"12b8af76-0b78-437a-bd40-6ef09f01f1f3","email":"emily.taylor@gmail.com","message":"successfully processed after 454 milliseconds."},{"id":"ddf15695-5843-4f75-b89b-8de1ea800991","email":"olivia.wright@gmail.com","message":"successfully parsed message, but message temporarily enqueued while system restarts."},{"id":"56a1f57d-f8bd-49e0-80f7-7e1671599451","email":"joshua.lee@gmail.com","message":"successfully handled skipped operation."},{"id":"049f1712-559e-4ff5-afc1-e9f2520d14d3","email":"elizabeth.martinez@dropbox.net","message":"successfully parsed message, but message temporarily enqueued while system restarts."},{"id":"bbbef907-5e48-4138-8285-09d731fbc075","email":"andrew.miller@gmail.com","message":"successfully handled skipped operation."},{"id":"9af17d70-e5fa-42df-91da-b12da8e73056","email":"tyler.nelson@microsoft.com","message":"successfully processed after 1195 milliseconds."},{"id":"0cb2eb07-f8fc-47a5-a910-ebacd2536906","email":"matthew.walker@amerisave.com","message":"successfully handled skipped operation."},{"id":"84dcc9bb-29da-4ad5-a6da-1e3d9193d960","email":"emily.taylor@gmail.com","message":"failed to process due to network exception."},{"id":"e9312c65-1573-4622-8010-a0a0fb9befce","email":"nicholas.allen@microsoft.com","message":"failed to process due to datastore timeout of 30 seconds.  operation took 56 seconds."},{"id":"f36c736c-789a-4347-be98-7da4095ec3be","email":"jackson.white@gmail.com","message":"failed to process due to datastore timeout of 30 seconds.  operation took 36 seconds."},{"id":"f34b1834-0512-4390-b270-6ee6b164d7f5","email":"tyler.nelson@microsoft.com","message":"successfully processed after 5803 milliseconds."},{"id":"7418a764-f7a9-41ec-a499-dc9cbc3fa072","email":"taylor.adams@gmail.com","message":"successfully parsed message, but message temporarily enqueued while system restarts."},{"id":"94e3ab7a-435b-40f1-8055-64aba5fca193","email":"emily.taylor@gmail.com","message":"failed to process due to datastore timeout of 30 seconds.  operation took 61 seconds."},{"id":"7e2d7b10-53b2-4c63-b7f4-7e59f6a074dc","email":"mason.robinson@amerisave.com","message":"failed to process due to datastore timeout of 30 seconds.  operation took 49 seconds."},{"id":"b9e1bfae-ba29-4397-8c1f-2769630cfd8a","email":"nathan.young@microsoft.com","message":"successfully parsed message, but message temporarily enqueued while system restarts."},{"id":"f86998c0-cbe6-43c9-be9a-b20f943f7d17","email":"jacob.lopez@dropbox.net","message":"successfully processed after 4546 milliseconds."},{"id":"2207b35f-798d-4449-a5b2-8a9e14f41992","email":"jackson.white@gmail.com","message":"successfully parsed message, but message temporarily enqueued while system restarts."},{"id":"ffa93856-5b49-416f-bebd-3c8020257c58","email":"jackson.white@gmail.com","message":"failed to process due to network exception."},{"id":"b1fcd040-44d6-4e50-a4f4-f70a99cc455a","email":"mia.perez@me.com","message":"failed to process due to datastore timeout of 30 seconds.  operation took 85 seconds."},{"id":"2ca4c7ac-4f91-47a5-bc92-3a32046c7e45","email":"ella.anderson@dropbox.net","message":"failed to process due to datastore timeout of 30 seconds.  operation took 116 seconds."},{"id":"105ba415-751a-4989-a18f-acae4e8694b1","email":"nathan.young@microsoft.com","message":"successfully handled skipped operation."},{"id":"ba9684d1-ddaf-4115-b5f2-8dd1d03579e8","email":"aiden.johnson@microsoft.com","message":"failed to process due to datastore timeout of 30 seconds.  operation took 117 seconds."},{"id":"046a46dd-804c-4304-80c9-7fa1159fbc84","email":"mason.robinson@amerisave.com","message":"failed to process due to datastore timeout of 30 seconds.  operation took 69 seconds."},{"id":"1347ca57-8adf-4a07-a20a-8be760551394","email":"abigail.smith@amerisave.com","message":"successfully parsed message, but message temporarily enqueued while system restarts."},{"id":"3849f0bf-6adf-4935-b9d8-1bc5b6856dc4","email":"mason.robinson@amerisave.com","message":"successfully handled skipped operation."},{"id":"e1336ef6-f22d-43b1-88a5-2a7332958079","email":"andrew.miller@gmail.com","message":"successfully handled skipped operation."},{"id":"52587a79-89e3-44fb-9bd9-a5e5f6a1cb9c","email":"ella.anderson@dropbox.net","message":"failed to process due to datastore timeout of 30 seconds.  operation took 115 seconds."},{"id":"3c93211c-b334-4997-850b-a44248f558bd","email":"madison.lewis@gmail.com","message":"successfully parsed message, but message temporarily enqueued while system restarts."},{"id":"087b8d3b-ee36-4758-97e7-54487b72e55d","email":"jacob.lopez@dropbox.net","message":"failed to process due to datastore timeout of 30 seconds.  operation took 113 seconds."},{"id":"e2bfa3e5-14dd-4e0d-8c33-b51d6aacbd9a","email":"hannah.martin@dropbox.net","message":"successfully parsed message, but message temporarily enqueued while system restarts."},{"id":"bf3ab299-7e78-4be1-a1d4-0eeb12aa1438","email":"mason.robinson@amerisave.com","message":"successfully handled skipped operation."},{"id":"e46ed8a6-74a6-4caa-af35-80d98306f791","email":"ethan.hernandez@microsoft.com","message":"successfully handled skipped operation."},{"id":"8bee475d-fb2b-439a-9adb-d1dac2d324b1","email":"elizabeth.martinez@dropbox.net","message":"successfully processed after 5768 milliseconds."},{"id":"21c3a8bf-5aec-4a0f-997e-395241793da3","email":"matthew.walker@amerisave.com","message":"failed to process due to network exception."},{"id":"f655e516-3a53-49c0-ba41-d4bee4acbbd8","email":"ella.anderson@dropbox.net","message":"successfully handled skipped operation."},{"id":"87376683-a3ff-4b91-997b-3ddebeea6fd9","email":"jackson.white@gmail.com","message":"successfully processed after 18 milliseconds."},{"id":"ffac1fc9-c073-4c4f-a8de-6b57d63f92d0","email":"nathan.young@microsoft.com","message":"successfully parsed message, but message temporarily enqueued while system restarts."},{"id":"34d739bd-17c1-40f7-8f37-0c37177c4aeb","email":"olivia.wright@gmail.com","message":"successfully handled skipped operation."},{"id":"66e0cb18-28f9-4d80-8ae1-385ade3fdb47","email":"samantha.scott@me.com","message":"failed to process due to network exception."},{"id":"10d7e138-5679-4dbf-b0b8-7bfcc2616e30","email":"dylan.wilson@gmail.com","message":"failed to process due to network exception."},{"id":"31e10379-d71f-466d-b7ba-a3afa0773b53","email":"jackson.white@gmail.com","message":"successfully handled skipped operation."},{"id":"04c2bb79-d346-4fd0-b1c4-7784ce084b8f","email":"logan.clark@dropbox.net","message":"successfully parsed message, but message temporarily enqueued while system restarts."},{"id":"2c9ed558-89d4-4eaf-a5f7-f26b0d54cdbe","email":"isabella.jackson@amerisave.com","message":"failed to process due to network exception."},{"id":"97cdc8ce-a1ef-4357-97c7-9f351454f9a7","email":"jacob.lopez@dropbox.net","message":"successfully handled skipped operation."},{"id":"5d85c5d8-1121-4b88-ad7e-b0eae0595152","email":"aiden.johnson@microsoft.com","message":"successfully parsed message, but message temporarily enqueued while system restarts."},{"id":"abb1f42e-ca42-4100-97e8-9c1e4bb3fb6e","email":"jackson.white@gmail.com","message":"successfully processed after 7056 milliseconds."},{"id":"5d08d112-ed45-4667-bafb-a8f870aaec73","email":"jack.thompson@me.com","message":"successfully processed after 9434 milliseconds."},{"id":"5fb7984b-ddf0-49bd-be22-d8ef58a7c8de","email":"taylor.adams@gmail.com","message":"successfully parsed message, but message temporarily enqueued while system restarts."},{"id":"3edad9b6-01fa-4f30-b467-925789f38f7c","email":"jack.thompson@me.com","message":"successfully handled skipped operation."},{"id":"56136c85-3aa3-4dea-8295-820abbeb2cef","email":"lily.harris@gmail.com","message":"failed to process due to datastore timeout of 30 seconds.  operation took 130 seconds."},{"id":"4cb4431b-ab7a-45fb-b328-6e91c3cc458e","email":"mia.perez@me.com","message":"successfully processed after 172 milliseconds."},{"id":"ad3998e9-1988-43a4-8bd1-03b20f3ecfa9","email":"ethan.hernandez@microsoft.com","message":"successfully handled skipped operation."},{"id":"457df330-1490-4abf-be27-3d38e1d816e0","email":"aiden.johnson@microsoft.com","message":"failed to process due to network exception."},{"id":"f2bde6fa-23e9-41f2-aca0-8362ef103f42","email":"ella.anderson@dropbox.net","message":"failed to process due to datastore timeout of 30 seconds.  operation took 45 seconds."},{"id":"f2cfa5b6-efde-480b-a7f8-1eb37e1ed9f3","email":"nicholas.allen@microsoft.com","message":"failed to process due to network exception."},{"id":"2ae418ae-dcc7-47e3-8c16-6527719d6e58","email":"olivia.wright@gmail.com","message":"failed to process due to network exception."},{"id":"d5a768c1-e85e-41f5-bb42-9ae11de3f296","email":"lily.harris@gmail.com","message":"failed to process due to network exception."},{"id":"582a5879-f104-411a-9990-35e698a3c403","email":"michael.hall@dropbox.net","message":"failed to process due to network exception."},{"id":"789708e0-5e9e-450a-8297-7162e1e53df6","email":"olivia.wright@gmail.com","message":"successfully handled skipped operation."},{"id":"52cd9140-5256-43eb-83c8-056b2f7c7b65","email":"michael.hall@dropbox.net","message":"failed to process due to datastore timeout of 30 seconds.  operation took 68 seconds."},{"id":"4dbe12c3-35f5-4d73-8344-1d924e04ae50","email":"alexis.brown@microsoft.com","message":"failed to process due to datastore timeout of 30 seconds.  operation took 56 seconds."},{"id":"c1562cdb-8079-4725-ba18-6cc118bcf2f7","email":"jacob.lopez@dropbox.net","message":"successfully processed after 6727 milliseconds."},{"id":"05fc2bf5-6896-4f8f-b407-1bd611f93680","email":"isabella.jackson@amerisave.com","message":"failed to process due to network exception."},{"id":"3b668f41-ea5c-4418-8127-861857fa3248","email":"liam.gonzalez@me.com","message":"failed to process due to datastore timeout of 30 seconds.  operation took 75 seconds."},{"id":"4f956443-8917-4a64-a574-7e5446eceeca","email":"liam.gonzalez@me.com","message":"successfully parsed message, but message temporarily enqueued while system restarts."},{"id":"6533fc00-bed3-489f-845a-6c32349331cf","email":"sophia.baker@dropbox.net","message":"successfully handled skipped operation."},{"id":"7a316a4d-17d0-4f5f-b3fb-8e611a7ab851","email":"ryan.king@dropbox.net","message":"successfully handled skipped operation."},{"id":"7f7fbbf1-83b2-4077-9aa9-96d056fd95de","email":"ava.davis@gmail.com","message":"failed to process due to network exception."},{"id":"7c814d51-e00b-48cc-bb01-5306dedb010a","email":"daniel.rodriguez@amerisave.com","message":"failed to process due to network exception."},{"id":"fcbe26e2-1447-4a13-90d2-085774147301","email":"taylor.adams@gmail.com","message":"failed to process due to network exception."},{"id":"a587fb41-76d8-4b05-81b6-5f5b1c450403","email":"matthew.walker@amerisave.com","message":"failed to process due to datastore timeout of 30 seconds.  operation took 70 seconds."},{"id":"11de2d52-4435-4a9f-b5a1-8b18eef75804","email":"sophia.baker@dropbox.net","message":"successfully processed after 3104 milliseconds."},{"id":"6f3b2f72-b46e-4ee0-8754-44bb0bccb87c","email":"taylor.adams@gmail.com","message":"failed to process due to network exception."},{"id":"6560e139-db98-407e-9dc8-9d197964fbe4","email":"tyler.nelson@microsoft.com","message":"successfully handled skipped operation."},{"id":"54c9e0d4-6403-4e96-b472-e5fa99cce7fc","email":"jacob.lopez@dropbox.net","message":"failed to process due to datastore timeout of 30 seconds.  operation took 110 seconds."},{"id":"ee3f335e-5748-4ca7-9941-7c5d2f858227","email":"alexander.williams@gmail.com","message":"successfully parsed message, but message temporarily enqueued while system restarts."},{"id":"0843d746-b9a6-437e-bfcc-bd5eafb6156d","email":"mason.robinson@amerisave.com","message":"failed to process due to datastore timeout of 30 seconds.  operation took 98 seconds."},{"id":"5639dc4f-b945-4029-b8e4-d63a1a70665c","email":"lily.harris@gmail.com","message":"successfully parsed message, but message temporarily enqueued while system restarts."},{"id":"7093b037-3461-44ac-bf19-fd6a6dce55fe","email":"noah.sanchez@me.com","message":"failed to process due to network exception."},{"id":"f1bbf3e5-b808-4ec7-a7f7-4931f64e9347","email":"sophia.baker@dropbox.net","message":"successfully handled skipped operation."},{"id":"4eb666ca-aba6-4821-a482-8037a5758326","email":"emily.taylor@gmail.com","message":"failed to process due to datastore timeout of 30 seconds.  operation took 50 seconds."},{"id":"90f8c364-0114-49df-87fd-f238eba9fc2d","email":"alyssa.jones@amerisave.com","message":"successfully handled skipped operation."},{"id":"6f782959-41b0-463a-bc08-c2eea175dfb0","email":"dylan.wilson@gmail.com","message":"successfully handled skipped operation."},{"id":"ce0c8029-2b81-446a-8ca8-d5cf2b264134","email":"alexis.brown@microsoft.com","message":"successfully processed after 6266 milliseconds."},{"id":"af627ee5-9ec5-4244-a778-7b4444a72a91","email":"taylor.adams@gmail.com","message":"successfully parsed message, but message temporarily enqueued while system restarts."},{"id":"9aa2227a-e022-4fa5-bdee-4dc33f8388f1","email":"taylor.adams@gmail.com","message":"successfully parsed message, but message temporarily enqueued while system restarts."},{"id":"541fb689-5d5d-47ea-aa83-d0aeedf5d07b","email":"liam.gonzalez@me.com","message":"failed to process due to network exception."},{"id":"cd3ad527-65ac-4925-893a-b93edfb776d2","email":"jackson.white@gmail.com","message":"successfully handled skipped operation."},{"id":"9f8fc200-ed17-4450-9817-612ae5391cff","email":"andrew.miller@gmail.com","message":"successfully handled skipped operation."},{"id":"826644a3-80e1-4bec-bf9d-dcb05b4af4bc","email":"daniel.rodriguez@amerisave.com","message":"successfully handled skipped operation."},{"id":"62ff2fe7-cf0e-4995-8695-dd5c9cf6d548","email":"dylan.wilson@gmail.com","message":"successfully parsed message, but message temporarily enqueued while system restarts."},{"id":"2a7a0505-d2c0-4634-b165-c341c6845cc4","email":"jacob.lopez@dropbox.net","message":"failed to process due to network exception."},{"id":"02a52b79-c4c3-4973-a483-a9c6ad584317","email":"sarah.green@amerisave.com","message":"successfully parsed message, but message temporarily enqueued while system restarts."},{"id":"0c3e7d33-2cd9-4a90-bf34-d766750f188b","email":"madison.lewis@gmail.com","message":"successfully parsed message, but message temporarily enqueued while system restarts."},{"id":"2a062a88-4bb5-4c2f-a02c-36a6922c5324","email":"nathan.young@microsoft.com","message":"failed to process due to datastore timeout of 30 seconds.  operation took 62 seconds."},{"id":"02c4535e-d416-4b0a-bb97-758955cc2528","email":"isabella.jackson@amerisave.com","message":"successfully parsed message, but message temporarily enqueued while system restarts."},{"id":"81806d5b-f6e4-4f30-beb6-3cab408a3236","email":"grace.moore@gmail.com","message":"failed to process due to network exception."},{"id":"cd9a3b3b-bb45-4d59-aecb-0f37b2c9fbf3","email":"isabella.jackson@amerisave.com","message":"failed to process due to network exception."},{"id":"e4db47fb-4840-4815-a40a-4f1c8b3f62d1","email":"isabella.jackson@amerisave.com","message":"failed to process due to network exception."},{"id":"a5de855a-5ef5-4bde-b119-c354500ddde6","email":"olivia.wright@gmail.com","message":"failed to process due to datastore timeout of 30 seconds.  operation took 81 seconds."},{"id":"660ad19c-7752-440a-b75e-03e02fca3f3a","email":"olivia.wright@gmail.com","message":"successfully handled skipped operation."},{"id":"a60b00b1-bd94-4564-8210-27988c20b449","email":"aiden.johnson@microsoft.com","message":"failed to process due to datastore timeout of 30 seconds.  operation took 36 seconds."},{"id":"d472ae26-b77b-44ff-89e6-c8524c369084","email":"olivia.wright@gmail.com","message":"failed to process due to datastore timeout of 30 seconds.  operation took 41 seconds."},{"id":"e4ecce31-b7fa-4be3-a283-4d9e3563d901","email":"logan.clark@dropbox.net","message":"successfully parsed message, but message temporarily enqueued while system restarts."},{"id":"a2e81e4a-287c-414e-a34d-b90f94e9f97c","email":"sarah.green@amerisave.com","message":"successfully parsed message, but message temporarily enqueued while system restarts."},{"id":"d4319a0a-4b92-40ad-9b9c-f7f7cdb5eaa9","email":"mason.robinson@amerisave.com","message":"successfully processed after 5786 milliseconds."},{"id":"681a5720-85d4-4e4a-87ba-fa44c14d81f0","email":"chloe.garcia@dropbox.net","message":"successfully processed after 6994 milliseconds."},{"id":"25c3f6e9-9ebd-43c3-beb4-0cc648b77a0d","email":"alyssa.jones@amerisave.com","message":"successfully handled skipped operation."},{"id":"8c42047d-a673-464a-a3e4-f2abe56d3778","email":"mason.robinson@amerisave.com","message":"successfully processed after 8634 milliseconds."},{"id":"32e0d048-952f-40fd-8d0c-50a719c2e70a","email":"michael.hall@dropbox.net","message":"failed to process due to network exception."},{"id":"9029ef51-4e13-4c65-a200-a019099e5485","email":"mason.robinson@amerisave.com","message":"successfully handled skipped operation."},{"id":"d414b407-f350-4ddb-99b2-baeadfeff70e","email":"aiden.johnson@microsoft.com","message":"successfully parsed message, but message temporarily enqueued while system restarts."},{"id":"443b07d4-d72f-41b6-a3dc-b1df94b7666d","email":"ryan.king@dropbox.net","message":"failed to process due to network exception."},{"id":"80e5f159-9692-49a7-bdfc-69122d9e41de","email":"mason.robinson@amerisave.com","message":"failed to process due to datastore timeout of 30 seconds.  operation took 50 seconds."},{"id":"c9889586-a1f5-42fa-86f5-a280efa02d56","email":"alexis.brown@microsoft.com","message":"successfully processed after 8382 milliseconds."},{"id":"60b3fe24-0557-442e-bf34-bee8d44d1025","email":"emma.thomas@me.com","message":"successfully handled skipped operation."},{"id":"780de541-9937-4071-a3ef-eb34143fe478","email":"sophia.baker@dropbox.net","message":"successfully handled skipped operation."},{"id":"055e4d1d-a8cb-4b92-b76e-eacaa67467b8","email":"hannah.martin@dropbox.net","message":"failed to process due to network exception."},{"id":"cb331433-9d7b-4a97-bf6c-13f5f13a77e0","email":"matthew.walker@amerisave.com","message":"successfully parsed message, but message temporarily enqueued while system restarts."},{"id":"20f35bef-5196-466a-bedc-9d43f31e0e7d","email":"sarah.green@amerisave.com","message":"successfully processed after 9267 milliseconds."},{"id":"58b43295-e2a6-4e1b-b132-67a738b3d6da","email":"alyssa.jones@amerisave.com","message":"failed to process due to datastore timeout of 30 seconds.  operation took 126 seconds."},{"id":"a739c7a0-cbff-4d35-bc53-a0cf9cdf5e66","email":"jacob.lopez@dropbox.net","message":"failed to process due to network exception."},{"id":"9ef33c70-c1eb-4b56-b24f-9efd763a13cc","email":"sophia.baker@dropbox.net","message":"failed to process due to network exception."},{"id":"c97e7fbf-8eb6-4205-8a91-4e6897803be1","email":"ryan.king@dropbox.net","message":"successfully parsed message, but message temporarily enqueued while system restarts."},{"id":"b390b4d7-40ab-46c0-b618-cb2e72bb300c","email":"hannah.martin@dropbox.net","message":"successfully parsed message, but message temporarily enqueued while system restarts."},{"id":"26b4c3d0-d471-460b-bf5d-9983b5a02961","email":"taylor.adams@gmail.com","message":"successfully processed after 6335 milliseconds."},{"id":"1577dde1-574a-4e31-845a-8d2e8edd00ba","email":"isabella.jackson@amerisave.com","message":"failed to process due to datastore timeout of 30 seconds.  operation took 68 seconds."},{"id":"2e230564-c413-4579-9272-481fd181e0a4","email":"sophia.baker@dropbox.net","message":"failed to process due to network exception."},{"id":"e1eae73c-ee78-4efd-8038-e4222a2d9423","email":"mia.perez@me.com","message":"failed to process due to network exception."},{"id":"8c45fced-db79-42c8-bc5d-0ba52678615d","email":"emma.thomas@me.com","message":"successfully parsed message, but message temporarily enqueued while system restarts."},{"id":"1cc21cfd-b4ac-431e-8220-331b92038f8c","email":"dylan.wilson@gmail.com","message":"failed to process due to datastore timeout of 30 seconds.  operation took 108 seconds."},{"id":"a5b0e287-30ca-4e76-b0eb-3f2a406e9a9f","email":"nicholas.allen@microsoft.com","message":"successfully parsed message, but message temporarily enqueued while system restarts."},{"id":"9298acef-89ec-4267-bf03-afcc88bbaf7e","email":"sophia.baker@dropbox.net","message":"successfully handled skipped operation."},{"id":"9d5874b6-7491-4af9-a5a0-35e2d751db9b","email":"emma.thomas@me.com","message":"successfully handled skipped operation."},{"id":"ab51aee0-5428-457c-b913-6a66929adfb6","email":"emma.thomas@me.com","message":"successfully parsed message, but message temporarily enqueued while system restarts."},{"id":"c88c3dc5-504e-4a50-93d6-583238c4cf11","email":"hannah.martin@dropbox.net","message":"successfully parsed message, but message temporarily enqueued while system restarts."},{"id":"854bc05c-1515-41d8-b88c-44589fc5e787","email":"noah.sanchez@me.com","message":"failed to process due to network exception."},{"id":"40f67092-8b4e-4283-b1e2-f737f878922b","email":"emma.thomas@me.com","message":"successfully processed after 7912 milliseconds."},{"id":"9c1648a6-9bc3-4618-8f85-d5077889de20","email":"logan.clark@dropbox.net","message":"failed to process due to network exception."},{"id":"a7029486-4f43-4084-ab91-968404578724","email":"mia.perez@me.com","message":"failed to process due to network exception."},{"id":"b0dfcb3b-8279-4d9f-a942-a88168ff4699","email":"nathan.young@microsoft.com","message":"successfully processed after 1271 milliseconds."},{"id":"fdf8ca52-13f5-43f5-8566-543c9a9b94b8","email":"joshua.lee@gmail.com","message":"failed to process due to network exception."},{"id":"5913df44-5901-4d80-9a6b-974122460806","email":"andrew.miller@gmail.com","message":"failed to process due to network exception."},{"id":"f7aa0433-c066-470c-aeab-eb7cf7edebbd","email":"dylan.wilson@gmail.com","message":"successfully parsed message, but message temporarily enqueued while system restarts."},{"id":"2f731726-f474-4096-b269-45120e1dfcda","email":"joshua.lee@gmail.com","message":"successfully parsed message, but message temporarily enqueued while system restarts."},{"id":"e2055aef-8992-454b-89b3-e84b2716365b","email":"aiden.johnson@microsoft.com","message":"successfully parsed message, but message temporarily enqueued while system restarts."},{"id":"c724ea4e-dc0d-449f-9481-18a7228913ba","email":"chloe.garcia@dropbox.net","message":"successfully handled skipped operation."},{"id":"95d0d8b0-c120-4758-92e9-1562b99d7016","email":"dylan.wilson@gmail.com","message":"successfully processed after 4409 milliseconds."},{"id":"e2790d05-ce40-4550-b5fd-e5d468b80f50","email":"jackson.white@gmail.com","message":"failed to process due to datastore timeout of 30 seconds.  operation took 95 seconds."},{"id":"bd29cdae-3f46-4c85-bb72-0f672bbac39a","email":"emma.thomas@me.com","message":"successfully processed after 701 milliseconds."},{"id":"86a6c6ac-949b-4592-bf59-3bb30ed9f40d","email":"sarah.green@amerisave.com","message":"successfully handled skipped operation."},{"id":"558a19da-c5af-4326-b9fd-99a9902809b7","email":"alexander.williams@gmail.com","message":"successfully parsed message, but message temporarily enqueued while system restarts."},{"id":"b7fd08e2-b5cb-416e-8c4b-b428d5bd8142","email":"joshua.lee@gmail.com","message":"successfully parsed message, but message temporarily enqueued while system restarts."},{"id":"6968edb2-7dae-47c5-80fd-01ca24fef68d","email":"daniel.rodriguez@amerisave.com","message":"successfully parsed message, but message temporarily enqueued while system restarts."},{"id":"4605110b-8369-47aa-b8e5-1d8bd2948e97","email":"olivia.wright@gmail.com","message":"successfully parsed message, but message temporarily enqueued while system restarts."},{"id":"e8eaa1fe-3bef-4e43-aacf-7fe32aa66980","email":"alexander.williams@gmail.com","message":"failed to process due to datastore timeout of 30 seconds.  operation took 94 seconds."},{"id":"2d7e858e-b41a-4ee5-83b0-c43a90c3c94b","email":"emily.taylor@gmail.com","message":"failed to process due to network exception."},{"id":"bad26a94-af79-44c0-a210-d01e43920ff2","email":"sarah.green@amerisave.com","message":"successfully parsed message, but message temporarily enqueued while system restarts."},{"id":"b8ec61b3-a44d-4fb1-82ca-7703d323124b","email":"abigail.smith@amerisave.com","message":"successfully processed after 1674 milliseconds."},{"id":"59ab5f37-47df-4181-a507-8d3495d221d0","email":"chloe.garcia@dropbox.net","message":"successfully processed after 8252 milliseconds."},{"id":"4eb867c8-6297-45b7-a93d-c0e0663a6856","email":"mia.perez@me.com","message":"successfully handled skipped operation."},{"id":"0ce9411e-9779-460a-a2c4-c263fe1e9e66","email":"tyler.nelson@microsoft.com","message":"successfully parsed message, but message temporarily enqueued while system restarts."},{"id":"a378f941-5dc7-42b1-bebc-b69924688aad","email":"jackson.white@gmail.com","message":"successfully parsed message, but message temporarily enqueued while system restarts."},{"id":"164e5fee-01e8-4d01-bc84-4a41f208ed9d","email":"nicholas.allen@microsoft.com","message":"failed to process due to network exception."},{"id":"3b38f197-47bc-478d-8e48-ea3e51f131a0","email":"chloe.garcia@dropbox.net","message":"successfully handled skipped operation."},{"id":"7a49e855-4137-4d5a-b706-05368082fd66","email":"emily.taylor@gmail.com","message":"failed to process due to network exception."},{"id":"4aa8fc2b-1b0a-4de8-b202-5cebb9cce5c0","email":"ella.anderson@dropbox.net","message":"successfully processed after 1846 milliseconds."},{"id":"e633e7c6-6273-480e-b70f-ae5b9b73712d","email":"michael.hall@dropbox.net","message":"failed to process due to network exception."},{"id":"83f1dc85-88e8-41c4-8327-6be4bc9351c9","email":"hannah.martin@dropbox.net","message":"failed to process due to datastore timeout of 30 seconds.  operation took 53 seconds."},{"id":"39b1f0cd-1d1d-4cd8-9767-13a806cf940b","email":"hannah.martin@dropbox.net","message":"successfully handled skipped operation."},{"id":"2a9a3d4d-22d0-4ba2-888d-d630869e1f82","email":"ella.anderson@dropbox.net","message":"failed to process due to datastore timeout of 30 seconds.  operation took 61 seconds."},{"id":"3e1af62b-d4ba-4643-8760-81f50ea33c31","email":"alexander.williams@gmail.com","message":"successfully handled skipped operation."},{"id":"52c16969-26cd-48fb-af04-f2041b5e6e32","email":"jackson.white@gmail.com","message":"failed to process due to datastore timeout of 30 seconds.  operation took 128 seconds."},{"id":"07168db5-d2f6-4ad3-b1a2-422286c26e4b","email":"ava.davis@gmail.com","message":"failed to process due to network exception."},{"id":"ffe190f9-c897-4129-aed3-d57a69e1e0ed","email":"jackson.white@gmail.com","message":"failed to process due to datastore timeout of 30 seconds.  operation took 50 seconds."},{"id":"269a7c35-cfae-41f6-8ac8-704091ccc317","email":"noah.sanchez@me.com","message":"successfully processed after 7715 milliseconds."},{"id":"9850e636-6249-4dcb-b8ab-72ba780c4f6e","email":"matthew.walker@amerisave.com","message":"successfully parsed message, but message temporarily enqueued while system restarts."},{"id":"27e4c725-23bd-4c99-8227-493e389dbf22","email":"mia.perez@me.com","message":"successfully processed after 9892 milliseconds."},{"id":"fd1c6b0d-a931-4f42-aaff-40aacc244dc9","email":"jacob.lopez@dropbox.net","message":"failed to process due to datastore timeout of 30 seconds.  operation took 128 seconds."},{"id":"986b7a39-d593-412c-abe7-fe51379bba2b","email":"chloe.garcia@dropbox.net","message":"failed to process due to network exception."},{"id":"114c5aca-f31e-49c3-a67f-07a4d1987c5c","email":"liam.gonzalez@me.com","message":"successfully parsed message, but message temporarily enqueued while system restarts."},{"id":"a9462fac-3cbd-4bf0-9137-5b491caaf669","email":"daniel.rodriguez@amerisave.com","message":"successfully parsed message, but message temporarily enqueued while system restarts."},{"id":"adf8690a-7834-4764-9d71-8ea72ea253c7","email":"elizabeth.martinez@dropbox.net","message":"successfully processed after 1161 milliseconds."},{"id":"0e373385-590a-4990-8d86-9de057fb5c24","email":"ryan.king@dropbox.net","message":"failed to process due to network exception."},{"id":"f91aacb2-6043-468d-ba0e-5820129a93cc","email":"alyssa.jones@amerisave.com","message":"failed to process due to network exception."},{"id":"4d2fc770-c0f1-4087-8821-38606785fde9","email":"samantha.scott@me.com","message":"successfully parsed message, but message temporarily enqueued while system restarts."},{"id":"46e54405-da2b-44ea-9aa5-15961d62f9eb","email":"jack.thompson@me.com","message":"successfully handled skipped operation."},{"id":"57bac804-420a-428d-9062-8ec5e7286a60","email":"madison.lewis@gmail.com","message":"failed to process due to network exception."},{"id":"a23e2e01-966b-41c3-b6dc-42d96fa63fc5","email":"mason.robinson@amerisave.com","message":"successfully handled skipped operation."},{"id":"da58b0cd-4c60-4b21-a3b8-41a6d926c139","email":"andrew.miller@gmail.com","message":"failed to process due to datastore timeout of 30 seconds.  operation took 48 seconds."},{"id":"43d2aff4-d74a-43a8-bf32-aa1c914577ca","email":"samantha.scott@me.com","message":"successfully parsed message, but message temporarily enqueued while system restarts."},{"id":"882fa6ea-59ee-4e05-9292-fe26a352452c","email":"abigail.smith@amerisave.com","message":"successfully parsed message, but message temporarily enqueued while system restarts."},{"id":"8df691b9-d122-496d-979e-870b01b23375","email":"logan.clark@dropbox.net","message":"failed to process due to network exception."},{"id":"d3220909-5fd3-4488-8a1b-e7418f239509","email":"liam.gonzalez@me.com","message":"successfully parsed message, but message temporarily enqueued while system restarts."},{"id":"6d4d9cc5-9442-4f5f-b011-3e7325555ca4","email":"mason.robinson@amerisave.com","message":"successfully processed after 4658 milliseconds."},{"id":"fd545efc-f741-40b8-a755-a978665c2e03","email":"ryan.king@dropbox.net","message":"successfully parsed message, but message temporarily enqueued while system restarts."},{"id":"6af6893d-ce08-46f1-b0de-6d32e2bfaa11","email":"aiden.johnson@microsoft.com","message":"successfully handled skipped operation."},{"id":"49b0544e-e2f1-4e90-a6eb-fa0cb74e1aba","email":"jack.thompson@me.com","message":"failed to process due to datastore timeout of 30 seconds.  operation took 84 seconds."},{"id":"74a7981e-9e42-43d6-b500-e38d888d8ffe","email":"alyssa.jones@amerisave.com","message":"failed to process due to network exception."},{"id":"be449efd-7c14-4170-82e1-cdbdca6a21bd","email":"andrew.miller@gmail.com","message":"successfully parsed message, but message temporarily enqueued while system restarts."},{"id":"bae526fa-98bf-4eac-ad41-a2aaf97e4ada","email":"grace.moore@gmail.com","message":"successfully processed after 8595 milliseconds."},{"id":"b285db32-12ee-4488-bf00-69ba5f99b757","email":"dylan.wilson@gmail.com","message":"successfully parsed message, but message temporarily enqueued while system restarts."},{"id":"9dea6b48-b0ec-46ec-a905-0b9ee3ec535c","email":"sophia.baker@dropbox.net","message":"failed to process due to network exception."},{"id":"48e04d33-ed31-4bdf-8962-36d44c9aedff","email":"sarah.green@amerisave.com","message":"successfully parsed message, but message temporarily enqueued while system restarts."},{"id":"37bc9de7-31be-48e3-8366-d4385d37bbb8","email":"alyssa.jones@amerisave.com","message":"successfully handled skipped operation."},{"id":"d66c375d-096b-433e-80d5-9ffdf75f14fe","email":"alexis.brown@microsoft.com","message":"successfully handled skipped operation."},{"id":"675dec8f-9411-49aa-8f33-c36c12fb6407","email":"dylan.wilson@gmail.com","message":"failed to process due to network exception."},{"id":"07234eeb-c321-49ef-ba1c-c15a877ecd5b","email":"samantha.scott@me.com","message":"successfully processed after 4312 milliseconds."},{"id":"32b02d05-7be8-4a95-b626-b1fc41a2a9bc","email":"nicholas.allen@microsoft.com","message":"successfully processed after 7566 milliseconds."},{"id":"a6c9613e-926a-4622-8f6b-c387eac4ea1c","email":"sarah.green@amerisave.com","message":"successfully handled skipped operation."},{"id":"d4a57a84-0895-403d-993a-d647a73a8573","email":"dylan.wilson@gmail.com","message":"failed to process due to datastore timeout of 30 seconds.  operation took 104 seconds."},{"id":"bff609f6-2d64-457f-8983-62ada4ac907f","email":"abigail.smith@amerisave.com","message":"successfully processed after 581 milliseconds."},{"id":"67eecb12-1600-4fcf-a3c8-820b33972c53","email":"abigail.smith@amerisave.com","message":"failed to process due to datastore timeout of 30 seconds.  operation took 68 seconds."},{"id":"9d6495b6-3017-49b2-a06f-337b41971b72","email":"ethan.hernandez@microsoft.com","message":"successfully handled skipped operation."},{"id":"b350d256-d474-4477-8ce9-78d789f78aa9","email":"ryan.king@dropbox.net","message":"successfully handled skipped operation."},{"id":"9a76a116-e7a2-4ae5-b115-d0118a251729","email":"samantha.scott@me.com","message":"failed to process due to network exception."},{"id":"56bd7590-bdd7-4a94-beb7-d76a5bd155b3","email":"aiden.johnson@microsoft.com","message":"successfully handled skipped operation."},{"id":"d7e7b9b5-d84a-4718-a69d-54db39a64603","email":"matthew.walker@amerisave.com","message":"failed to process due to datastore timeout of 30 seconds.  operation took 50 seconds."},{"id":"2cd38ee9-0134-4552-91dd-09f2a99a8e1f","email":"joshua.lee@gmail.com","message":"failed to process due to datastore timeout of 30 seconds.  operation took 82 seconds."},{"id":"9a791228-d14d-477a-b657-0a402cf8bd8f","email":"ella.anderson@dropbox.net","message":"failed to process due to datastore timeout of 30 seconds.  operation took 114 seconds."},{"id":"a4a61bb2-60a8-493f-b220-8a8c32cbf2ba","email":"emma.thomas@me.com","message":"failed to process due to network exception."},{"id":"61dca54e-b414-43fe-a8aa-e17b3f420e81","email":"logan.clark@dropbox.net","message":"successfully handled skipped operation."},{"id":"b4c9cd88-65cb-443d-a480-7665a790dc01","email":"aiden.johnson@microsoft.com","message":"successfully parsed message, but message temporarily enqueued while system restarts."},{"id":"462726d1-f4ae-4274-97f5-1871c7105e97","email":"abigail.smith@amerisave.com","message":"successfully processed after 819 milliseconds."},{"id":"c1a0cffa-3a6b-49c2-b5df-9d75e023d120","email":"mason.robinson@amerisave.com","message":"successfully parsed message, but message temporarily enqueued while system restarts."},{"id":"e8fd242e-6c35-4c92-8ced-93628783e390","email":"chloe.garcia@dropbox.net","message":"successfully handled skipped operation."},{"id":"54464c91-faf8-47fc-9d1c-7cef121bd33c","email":"ava.davis@gmail.com","message":"successfully parsed message, but message temporarily enqueued while system restarts."},{"id":"3ccee0ae-f60a-4ad2-ab45-fb18f4789dc2","email":"matthew.walker@amerisave.com","message":"successfully processed after 4115 milliseconds."},{"id":"c5dc645d-ab5c-42eb-9b99-4edba542d964","email":"mia.perez@me.com","message":"failed to process due to network exception."},{"id":"81f5076b-a0de-4e15-a4df-6cd80cb649be","email":"liam.gonzalez@me.com","message":"failed to process due to network exception."},{"id":"d04df257-adb5-4e07-b335-55f7e91061dd","email":"hannah.martin@dropbox.net","message":"failed to process due to datastore timeout of 30 seconds.  operation took 90 seconds."},{"id":"bc442d59-9994-4faf-9040-c98e24178c7c","email":"jack.thompson@me.com","message":"failed to process due to datastore timeout of 30 seconds.  operation took 118 seconds."},{"id":"56ea94f0-8c94-4492-adb7-eb67358d811c","email":"logan.clark@dropbox.net","message":"successfully parsed message, but message temporarily enqueued while system restarts."},{"id":"5e19d9b7-9353-411e-a8db-41b9461e6c59","email":"emma.thomas@me.com","message":"failed to process due to network exception."},{"id":"7a1a5a4e-a84d-41ba-ba29-c7a8d38de9ae","email":"michael.hall@dropbox.net","message":"successfully processed after 7261 milliseconds."},{"id":"4f42aa7f-6903-46db-b240-2cb915555bb1","email":"elizabeth.martinez@dropbox.net","message":"failed to process due to network exception."},{"id":"92fb7655-f013-42bc-950c-09069a0a7269","email":"tyler.nelson@microsoft.com","message":"successfully parsed message, but message temporarily enqueued while system restarts."},{"id":"ef72a7e0-c15f-4f16-b490-446b6ac27f87","email":"alexis.brown@microsoft.com","message":"successfully handled skipped operation."},{"id":"90402457-5a85-47e0-aba0-0f5e9693c727","email":"noah.sanchez@me.com","message":"successfully processed after 3697 milliseconds."},{"id":"16594c7e-9bcb-4a97-af69-7ecd96008c6c","email":"ava.davis@gmail.com","message":"successfully handled skipped operation."},{"id":"1673f7ab-095d-4350-a3c9-6b096d18a130","email":"samantha.scott@me.com","message":"failed to process due to datastore timeout of 30 seconds.  operation took 117 seconds."},{"id":"90d0d419-61b4-47fc-9e5f-21b9a68988af","email":"nathan.young@microsoft.com","message":"failed to process due to network exception."},{"id":"64db834f-4aa3-4b8e-b1e2-f7240207878a","email":"mason.robinson@amerisave.com","message":"successfully parsed message, but message temporarily enqueued while system restarts."},{"id":"f87abb6a-71c8-486b-9b34-e33831618a7e","email":"isabella.jackson@amerisave.com","message":"failed to process due to network exception."},{"id":"615ae1c0-e5e8-4833-82a7-8cad1c7fe395","email":"liam.gonzalez@me.com","message":"successfully processed after 9548 milliseconds."},{"id":"56b7e125-f53b-44da-b6d2-e7c5c9910d48","email":"abigail.smith@amerisave.com","message":"successfully processed after 856 milliseconds."},{"id":"f1ea491e-ca2c-4c90-a66e-325730f250ef","email":"jacob.lopez@dropbox.net","message":"failed to process due to network exception."},{"id":"2eed437c-f635-4897-8ac1-a2f06597a617","email":"emily.taylor@gmail.com","message":"successfully parsed message, but message temporarily enqueued while system restarts."},{"id":"880111b5-1086-48dd-ae09-139128492ae2","email":"matthew.walker@amerisave.com","message":"successfully processed after 1163 milliseconds."},{"id":"08f38a3f-de80-4eb3-b61a-d4fd21be0fdf","email":"logan.clark@dropbox.net","message":"failed to process due to network exception."},{"id":"8ca6e00e-8a6a-41c1-859d-c3e92e23e2f6","email":"ava.davis@gmail.com","message":"successfully parsed message, but message temporarily enqueued while system restarts."},{"id":"81ada777-d35b-4a3f-9d9b-f803dee8c3a3","email":"ryan.king@dropbox.net","message":"failed to process due to network exception."},{"id":"f9491f4b-3b96-4372-a3b8-f831f72afb87","email":"nicholas.allen@microsoft.com","message":"failed to process due to network exception."},{"id":"d428db4e-138a-4564-b165-3abd93dc30e5","email":"emily.taylor@gmail.com","message":"successfully handled skipped operation."},{"id":"a1a09f53-0d19-4e93-a12e-e29a3c1db2b0","email":"alexis.brown@microsoft.com","message":"failed to process due to network exception."},{"id":"f2a80bf4-d068-44ca-a70e-ba6bc70fb5f6","email":"jackson.white@gmail.com","message":"successfully parsed message, but message temporarily enqueued while system restarts."},{"id":"000487f6-1cf6-43b9-97fa-760d129a1e99","email":"emily.taylor@gmail.com","message":"successfully parsed message, but message temporarily enqueued while system restarts."},{"id":"6fadaacb-0ff9-4252-9d00-77b26429e143","email":"sophia.baker@dropbox.net","message":"failed to process due to network exception."},{"id":"d6b911cb-fca4-4e6e-a326-9e6e63e3eca3","email":"jackson.white@gmail.com","message":"successfully parsed message, but message temporarily enqueued while system restarts."},{"id":"e7d46c8c-ad1a-4f8e-a3b8-b9fe40f22834","email":"jack.thompson@me.com","message":"successfully parsed message, but message temporarily enqueued while system restarts."},{"id":"e8ea321e-b69e-44c3-bbac-d5e7cd45737e","email":"grace.moore@gmail.com","message":"successfully parsed message, but message temporarily enqueued while system restarts."},{"id":"0c6d2f16-38af-4f21-b88f-6da57cf7beb7","email":"isabella.jackson@amerisave.com","message":"failed to process due to datastore timeout of 30 seconds.  operation took 125 seconds."},{"id":"cbdf92cf-411f-4b01-a0b8-7501528abb2a","email":"jacob.lopez@dropbox.net","message":"successfully parsed message, but message temporarily enqueued while system restarts."},{"id":"4a62b328-a71d-4850-9848-7858b70353ef","email":"madison.lewis@gmail.com","message":"failed to process due to datastore timeout of 30 seconds.  operation took 83 seconds."},{"id":"2f6b4b9b-6b82-46cd-933f-f5fc9f030660","email":"dylan.wilson@gmail.com","message":"successfully handled skipped operation."},{"id":"96590e95-23bd-4519-98c6-4b2fc036b927","email":"nathan.young@microsoft.com","message":"successfully processed after 5130 milliseconds."},{"id":"74397db0-7c0d-49f2-ac0a-9a12258ef0a9","email":"jacob.lopez@dropbox.net","message":"failed to process due to network exception."},{"id":"6b0ac395-5c9a-4cac-8c27-68202f5ce9ad","email":"hannah.martin@dropbox.net","message":"failed to process due to datastore timeout of 30 seconds.  operation took 32 seconds."},{"id":"da263252-a628-462c-91a5-bff5cb0c1be0","email":"jacob.lopez@dropbox.net","message":"successfully processed after 8620 milliseconds."},{"id":"cf0fb40c-3457-4085-ab08-209310c96b20","email":"olivia.wright@gmail.com","message":"failed to process due to network exception."},{"id":"2a2bfa99-aa70-409d-8429-30b526749979","email":"ethan.hernandez@microsoft.com","message":"successfully processed after 9913 milliseconds."},{"id":"2158c746-fd27-4faf-bdd6-9f54c39b4f52","email":"abigail.smith@amerisave.com","message":"successfully processed after 1647 milliseconds."},{"id":"b41d4f86-fb49-4c1f-a935-341392a6adb1","email":"chloe.garcia@dropbox.net","message":"successfully parsed message, but message temporarily enqueued while system restarts."},{"id":"e04ba12e-986a-408f-a379-b3ea5e86dfa8","email":"aiden.johnson@microsoft.com","message":"successfully processed after 2968 milliseconds."},{"id":"695d2307-1c0c-4ee4-b153-90584bd8aef3","email":"alexis.brown@microsoft.com","message":"successfully parsed message, but message temporarily enqueued while system restarts."},{"id":"85afac90-1f3f-4c48-9289-bc46de0a7b32","email":"matthew.walker@amerisave.com","message":"failed to process due to network exception."},{"id":"2141a87f-1558-4495-9370-f4f4b10bf332","email":"olivia.wright@gmail.com","message":"failed to process due to datastore timeout of 30 seconds.  operation took 72 seconds."},{"id":"ef5b7bd2-7162-4f7f-b179-6e4e4b3b5839","email":"mason.robinson@amerisave.com","message":"failed to process due to datastore timeout of 30 seconds.  operation took 83 seconds."},{"id":"a9e898df-e26f-401b-935f-2c99b508e88f","email":"nicholas.allen@microsoft.com","message":"successfully processed after 7378 milliseconds."},{"id":"b2f4dc47-a9c6-4a17-809e-789baa1085aa","email":"abigail.smith@amerisave.com","message":"successfully handled skipped operation."},{"id":"2d218c74-ee11-404c-a1ec-4641005387a9","email":"jackson.white@gmail.com","message":"failed to process due to datastore timeout of 30 seconds.  operation took 55 seconds."},{"id":"e850b82e-66a0-4b55-bdc4-740845335438","email":"liam.gonzalez@me.com","message":"failed to process due to datastore timeout of 30 seconds.  operation took 125 seconds."},{"id":"477813a7-7cdd-4566-bdd2-cdf9f3ce8a81","email":"lily.harris@gmail.com","message":"successfully processed after 9441 milliseconds."},{"id":"e446e1d3-d591-4daf-b5a4-70637e3e91cc","email":"nathan.young@microsoft.com","message":"failed to process due to datastore timeout of 30 seconds.  operation took 109 seconds."},{"id":"4a79b2c3-1592-4db5-b989-f489c29d4323","email":"alexis.brown@microsoft.com","message":"successfully parsed message, but message temporarily enqueued while system restarts."},{"id":"7bb46200-08f7-486c-b5da-afed2bcd985c","email":"tyler.nelson@microsoft.com","message":"successfully handled skipped operation."},{"id":"1940860a-61bf-45b2-ab4b-5599e318b43f","email":"ryan.king@dropbox.net","message":"successfully parsed message, but message temporarily enqueued while system restarts."},{"id":"88cdd00e-2ed8-47e5-9446-7083e2485653","email":"ethan.hernandez@microsoft.com","message":"failed to process due to datastore timeout of 30 seconds.  operation took 57 seconds."},{"id":"016ed572-13ac-4bab-b5a8-46619d209f1d","email":"nicholas.allen@microsoft.com","message":"successfully parsed message, but message temporarily enqueued while system restarts."},{"id":"91a13069-1875-436a-817a-1c72a432d5a2","email":"madison.lewis@gmail.com","message":"successfully processed after 4964 milliseconds."},{"id":"6723c53a-1968-4ee7-aab6-264cd47c91ec","email":"logan.clark@dropbox.net","message":"failed to process due to datastore timeout of 30 seconds.  operation took 119 seconds."},{"id":"e3550a93-9d0b-4129-8433-ff257c3121d9","email":"isabella.jackson@amerisave.com","message":"failed to process due to datastore timeout of 30 seconds.  operation took 78 seconds."},{"id":"976187dc-8590-449c-89a4-f91710d06b91","email":"emma.thomas@me.com","message":"successfully handled skipped operation."},{"id":"93baeda8-da04-4848-b84f-edd77b5e7e5f","email":"lily.harris@gmail.com","message":"failed to process due to network exception."},{"id":"da37264f-ac0f-4a37-9a84-d95207fa1c72","email":"sophia.baker@dropbox.net","message":"successfully parsed message, but message temporarily enqueued while system restarts."},{"id":"25bbddb1-1430-40a2-9a68-bc0abb16ff04","email":"grace.moore@gmail.com","message":"failed to process due to network exception."},{"id":"44b0a197-da89-4598-8787-39bd7e85509e","email":"abigail.smith@amerisave.com","message":"successfully parsed message, but message temporarily enqueued while system restarts."},{"id":"4aa329e9-acd3-4f21-a8d9-6e1f4e56933e","email":"madison.lewis@gmail.com","message":"failed to process due to datastore timeout of 30 seconds.  operation took 62 seconds."},{"id":"9e7fa99d-14f5-487f-a27c-f2f58bf693d4","email":"isabella.jackson@amerisave.com","message":"successfully parsed message, but message temporarily enqueued while system restarts."},{"id":"f36fee17-410a-4c1a-92cd-83d2ab6593a9","email":"samantha.scott@me.com","message":"failed to process due to network exception."},{"id":"424793ff-0dcb-49b5-b691-83f235c76ae3","email":"taylor.adams@gmail.com","message":"failed to process due to datastore timeout of 30 seconds.  operation took 51 seconds."},{"id":"380a036d-de92-4b3f-8e75-e293f23ae6e9","email":"emma.thomas@me.com","message":"successfully handled skipped operation."},{"id":"71bb0cd4-d734-4eee-b357-d29bd59fa630","email":"mia.perez@me.com","message":"successfully parsed message, but message temporarily enqueued while system restarts."},{"id":"473da842-b130-42fd-8d12-44d4f55b8620","email":"sarah.green@amerisave.com","message":"failed to process due to datastore timeout of 30 seconds.  operation took 101 seconds."},{"id":"91ca1881-589a-4455-a572-ef6d77bae96a","email":"jacob.lopez@dropbox.net","message":"successfully parsed message, but message temporarily enqueued while system restarts."},{"id":"1868d885-b9b7-457c-a513-ecb43e98cb50","email":"emily.taylor@gmail.com","message":"successfully parsed message, but message temporarily enqueued while system restarts."},{"id":"dc59d8f5-3601-40a1-b28f-f01a74ab880e","email":"jackson.white@gmail.com","message":"successfully handled skipped operation."},{"id":"8ed85a5b-7f7b-4b24-b06a-07da5d4da60e","email":"andrew.miller@gmail.com","message":"successfully parsed message, but message temporarily enqueued while system restarts."},{"id":"fb6921c6-afbb-4c0f-9fcd-4bab9ef1bf5e","email":"ethan.hernandez@microsoft.com","message":"successfully handled skipped operation."},{"id":"1b5629b8-b868-48da-9db4-8255f9902d07","email":"liam.gonzalez@me.com","message":"successfully handled skipped operation."},{"id":"202af353-bc7c-49d9-8b61-dec1f9ecb8e0","email":"nicholas.allen@microsoft.com","message":"failed to process due to datastore timeout of 30 seconds.  operation took 96 seconds."},{"id":"29c10dea-ec57-49df-8a20-83c0185119d5","email":"lily.harris@gmail.com","message":"failed to process due to network exception."},{"id":"2a67c701-332a-432b-9c1f-b8c8b7f6a47c","email":"andrew.miller@gmail.com","message":"successfully processed after 9398 milliseconds."},{"id":"8c378906-7798-446f-aae3-d1066e057639","email":"ella.anderson@dropbox.net","message":"successfully handled skipped operation."},{"id":"af3c6443-65a8-42b5-b173-0e14d9c194f0","email":"hannah.martin@dropbox.net","message":"successfully parsed message, but message temporarily enqueued while system restarts."},{"id":"795e71a1-2769-4224-8c91-fee713647e88","email":"nicholas.allen@microsoft.com","message":"successfully parsed message, but message temporarily enqueued while system restarts."},{"id":"e469fdb7-9bcb-4cda-bfd3-109b5386fd7b","email":"jackson.white@gmail.com","message":"successfully handled skipped operation."},{"id":"002c744c-1d78-4d5a-9329-a27105b400e4","email":"noah.sanchez@me.com","message":"successfully parsed message, but message temporarily enqueued while system restarts."},{"id":"0fb71e8b-fe03-4c9c-89c4-8144d1eac094","email":"aiden.johnson@microsoft.com","message":"successfully handled skipped operation."},{"id":"62cf8b87-3aa6-4cfa-94ca-0916baad7b0f","email":"daniel.rodriguez@amerisave.com","message":"successfully parsed message, but message temporarily enqueued while system restarts."},{"id":"a56108b1-4c50-4e4e-b72b-21f771734a6f","email":"olivia.wright@gmail.com","message":"failed to process due to datastore timeout of 30 seconds.  operation took 44 seconds."},{"id":"e0af6755-0a88-49b8-b434-e85419188888","email":"alyssa.jones@amerisave.com","message":"successfully processed after 5595 milliseconds."},{"id":"68f2795a-13d7-4e58-8a6c-acc01a479cae","email":"ava.davis@gmail.com","message":"successfully handled skipped operation."},{"id":"0a69f923-bd35-4d56-b8d9-6fed499b71d5","email":"aiden.johnson@microsoft.com","message":"failed to process due to network exception."},{"id":"63177a73-37f3-4e57-b0d8-8b438e0ba715","email":"alexander.williams@gmail.com","message":"successfully processed after 4202 milliseconds."},{"id":"c2b13455-0060-40d8-8348-b579cb00c37b","email":"madison.lewis@gmail.com","message":"successfully handled skipped operation."},{"id":"562f4ce7-c760-492b-a421-28ae2cbb20ea","email":"jacob.lopez@dropbox.net","message":"failed to process due to network exception."},{"id":"d8b324e5-c2c2-45fe-b900-6c09441805e0","email":"jacob.lopez@dropbox.net","message":"failed to process due to network exception."},{"id":"55eb17ea-83d6-4b63-ae73-fd3e3a964a59","email":"samantha.scott@me.com","message":"successfully parsed message, but message temporarily enqueued while system restarts."},{"id":"4fba5839-d989-4398-a820-1d03a045ec70","email":"ryan.king@dropbox.net","message":"successfully handled skipped operation."},{"id":"d4e06d67-da68-4dc9-941a-97d4301a7dac","email":"liam.gonzalez@me.com","message":"successfully parsed message, but message temporarily enqueued while system restarts."},{"id":"6b8d761b-0165-4dfd-892d-6cb0d5d14fd2","email":"ella.anderson@dropbox.net","message":"successfully handled skipped operation."},{"id":"de231bcc-9511-4805-b66e-28623bd70832","email":"daniel.rodriguez@amerisave.com","message":"failed to process due to datastore timeout of 30 seconds.  operation took 46 seconds."},{"id":"4b151b8a-42bf-46a4-bdfc-fcede1e572b9","email":"alexander.williams@gmail.com","message":"successfully handled skipped operation."},{"id":"ba0c24df-b308-46dd-a75e-9d0856efe75e","email":"mia.perez@me.com","message":"failed to process due to datastore timeout of 30 seconds.  operation took 114 seconds."},{"id":"c09d580a-f80a-4d0b-b709-ce38d6c5a45a","email":"noah.sanchez@me.com","message":"successfully handled skipped operation."},{"id":"866ff2f6-9c49-4fd6-90af-d92d1be79789","email":"isabella.jackson@amerisave.com","message":"successfully handled skipped operation."},{"id":"ad7442b0-b75e-410d-b974-409a40981363","email":"nathan.young@microsoft.com","message":"successfully processed after 609 milliseconds."},{"id":"670d4fac-081e-4e4b-9f82-4fa87c0b195b","email":"alexander.williams@gmail.com","message":"successfully handled skipped operation."},{"id":"f1ffdb38-774d-4921-b096-63db39a953c5","email":"ella.anderson@dropbox.net","message":"successfully processed after 8177 milliseconds."},{"id":"98cd607f-08a9-4bee-8ffd-7960887e4d2c","email":"jackson.white@gmail.com","message":"successfully parsed message, but message temporarily enqueued while system restarts."},{"id":"1c60d919-3636-4050-a7f0-2121928a04fb","email":"mia.perez@me.com","message":"successfully processed after 8486 milliseconds."},{"id":"fee0c957-e85b-4551-ac9b-85c9afa4594d","email":"dylan.wilson@gmail.com","message":"failed to process due to datastore timeout of 30 seconds.  operation took 122 seconds."},{"id":"bf4ee946-1ca8-4353-b406-d25e0484dc45","email":"emily.taylor@gmail.com","message":"failed to process due to network exception."},{"id":"5d85fdbf-f584-4bcb-a20d-7be8162e8e55","email":"hannah.martin@dropbox.net","message":"successfully parsed message, but message temporarily enqueued while system restarts."},{"id":"b7fc73ba-5330-46ba-8fba-393c59e49ce8","email":"hannah.martin@dropbox.net","message":"failed to process due to network exception."},{"id":"2a245829-f4a5-4408-bd02-2d0f450a2711","email":"jack.thompson@me.com","message":"failed to process due to datastore timeout of 30 seconds.  operation took 100 seconds."},{"id":"9ae27426-8568-48bd-aea5-35b734562069","email":"ryan.king@dropbox.net","message":"successfully handled skipped operation."},{"id":"b7ab1651-f9b7-4178-8723-9a8a760853fa","email":"madison.lewis@gmail.com","message":"successfully parsed message, but message temporarily enqueued while system restarts."},{"id":"e6964195-d4e5-482d-b765-d90b64d36bdc","email":"grace.moore@gmail.com","message":"successfully processed after 8146 milliseconds."},{"id":"a6cceada-34b3-4f7c-8124-24d517ce7c46","email":"liam.gonzalez@me.com","message":"failed to process due to network exception."},{"id":"a33f4e8e-1d0d-4be7-b7c9-610e74517f93","email":"olivia.wright@gmail.com","message":"successfully parsed message, but message temporarily enqueued while system restarts."},{"id":"f323acba-66e5-4b0a-814d-c2bae8cc3e54","email":"hannah.martin@dropbox.net","message":"successfully processed after 1974 milliseconds."},{"id":"fcda61a3-628b-4e55-87d9-c8d7ff73060d","email":"madison.lewis@gmail.com","message":"failed to process due to network exception."},{"id":"5c730a27-6cea-4022-8d5d-7eb6b8b4ab25","email":"dylan.wilson@gmail.com","message":"failed to process due to datastore timeout of 30 seconds.  operation took 124 seconds."},{"id":"2350b6c1-9028-417d-a619-e990f2fed061","email":"alyssa.jones@amerisave.com","message":"successfully parsed message, but message temporarily enqueued while system restarts."},{"id":"4f1b7956-4e77-4086-bdee-bd1179ea5619","email":"daniel.rodriguez@amerisave.com","message":"successfully parsed message, but message temporarily enqueued while system restarts."},{"id":"70b35ffd-f5eb-4922-8aac-87cec339fed3","email":"abigail.smith@amerisave.com","message":"successfully parsed message, but message temporarily enqueued while system restarts."},{"id":"317c1687-3cc4-40fe-b764-6bd7c2e9d124","email":"tyler.nelson@microsoft.com","message":"successfully processed after 1243 milliseconds."},{"id":"98072f13-2038-453d-8000-35eb4fa136e4","email":"michael.hall@dropbox.net","message":"successfully handled skipped operation."},{"id":"d9f0a8aa-8a20-49b9-85b7-3ac4d35116d4","email":"isabella.jackson@amerisave.com","message":"failed to process due to network exception."},{"id":"67260e31-01e9-402e-99bc-e230de7c8352","email":"chloe.garcia@dropbox.net","message":"failed to process due to network exception."},{"id":"8d422c59-ff2c-4622-8592-c07114ecb24e","email":"michael.hall@dropbox.net","message":"failed to process due to network exception."},{"id":"f5bcc71a-ccb6-4b41-a598-df008e168b16","email":"taylor.adams@gmail.com","message":"failed to process due to network exception."},{"id":"9d3bbd5b-b5da-4d9d-8b1d-c5a180ba8103","email":"jackson.white@gmail.com","message":"successfully handled skipped operation."},{"id":"5eecad2f-4f66-4273-bd9e-4cbad52d7927","email":"ava.davis@gmail.com","message":"successfully handled skipped operation."},{"id":"32fd2e6f-ac2b-4ff3-b8e4-950689bbd703","email":"emily.taylor@gmail.com","message":"failed to process due to datastore timeout of 30 seconds.  operation took 124 seconds."},{"id":"d8e34df2-b1dd-47e8-8a9b-b861b43dfcf0","email":"liam.gonzalez@me.com","message":"successfully handled skipped operation."},{"id":"99e10636-c85f-4f07-8ece-a8b1a887f0fe","email":"liam.gonzalez@me.com","message":"failed to process due to network exception."},{"id":"2ac060e8-42bf-4a3e-b5c9-a4ce65935da2","email":"hannah.martin@dropbox.net","message":"failed to process due to datastore timeout of 30 seconds.  operation took 40 seconds."},{"id":"679ec596-a5e5-403e-8e7e-00ea8b3627dc","email":"michael.hall@dropbox.net","message":"successfully processed after 8409 milliseconds."},{"id":"c25270d7-de2d-49ed-896f-4f07b0e7f126","email":"emma.thomas@me.com","message":"successfully handled skipped operation."},{"id":"7e2fad23-7992-46c5-a9b8-f06016efbf91","email":"matthew.walker@amerisave.com","message":"failed to process due to datastore timeout of 30 seconds.  operation took 130 seconds."},{"id":"8d948b90-182a-4df4-a77b-d0b5367b1e3b","email":"alexis.brown@microsoft.com","message":"successfully parsed message, but message temporarily enqueued while system restarts."},{"id":"0027b0b9-65d7-4282-9a09-ac77d01c7dcf","email":"joshua.lee@gmail.com","message":"failed to process due to network exception."},{"id":"8e99ef7e-caee-4c25-b314-61c41810c881","email":"sophia.baker@dropbox.net","message":"successfully handled skipped operation."},{"id":"75fc13a4-cac4-47da-97a3-80297fb40ec5","email":"emma.thomas@me.com","message":"successfully handled skipped operation."},{"id":"9748cb88-9f3e-48b0-8396-f076dbda1855","email":"tyler.nelson@microsoft.com","message":"successfully parsed message, but message temporarily enqueued while system restarts."},{"id":"69414590-5800-424f-bbc7-794a4ab8dc13","email":"abigail.smith@amerisave.com","message":"successfully processed after 7915 milliseconds."},{"id":"962d866f-9f85-425c-8c08-1605d2c9f797","email":"ryan.king@dropbox.net","message":"failed to process due to datastore timeout of 30 seconds.  operation took 46 seconds."},{"id":"1cb27226-1dbf-4d92-a72d-8bcd9d36efb8","email":"dylan.wilson@gmail.com","message":"failed to process due to datastore timeout of 30 seconds.  operation took 98 seconds."},{"id":"8b84a7c9-fb68-4724-b8fe-b334be483141","email":"isabella.jackson@amerisave.com","message":"successfully parsed message, but message temporarily enqueued while system restarts."},{"id":"60ed4160-e03d-4740-b688-04f7a832c0ec","email":"mia.perez@me.com","message":"successfully handled skipped operation."},{"id":"0dfe4ba3-9ed2-4576-b991-ccc89ec45ded","email":"mia.perez@me.com","message":"successfully processed after 9869 milliseconds."},{"id":"52bdb9a2-bb2f-4486-8dfe-1db6f8067c47","email":"michael.hall@dropbox.net","message":"successfully handled skipped operation."},{"id":"81e281d0-adbf-4fa9-b2c3-5c63b92906b7","email":"lily.harris@gmail.com","message":"successfully handled skipped operation."},{"id":"47d617aa-69cc-4bab-b670-48493de772e7","email":"sarah.green@amerisave.com","message":"successfully handled skipped operation."},{"id":"ad4b0f4b-bc8b-42d6-a5ed-58385ca29265","email":"madison.lewis@gmail.com","message":"successfully processed after 6429 milliseconds."},{"id":"2b69b1c0-f185-4d34-853d-eef65e162c93","email":"sarah.green@amerisave.com","message":"successfully parsed message, but message temporarily enqueued while system restarts."},{"id":"f5b42d71-73e4-41e4-ad57-ca3ff4da2bfe","email":"isabella.jackson@amerisave.com","message":"successfully processed after 6515 milliseconds."},{"id":"816b358e-7774-49b3-b876-40390cec8672","email":"jacob.lopez@dropbox.net","message":"failed to process due to datastore timeout of 30 seconds.  operation took 64 seconds."},{"id":"4799a242-8f1d-4ee8-856e-1e587a787d8f","email":"taylor.adams@gmail.com","message":"successfully processed after 3706 milliseconds."},{"id":"08efb86d-f763-48fe-b852-cdfee1b3b16f","email":"jacob.lopez@dropbox.net","message":"successfully handled skipped operation."},{"id":"f6b1450b-e8c1-4ea1-8c03-16441b7b56bd","email":"lily.harris@gmail.com","message":"failed to process due to network exception."},{"id":"83ba840f-fa16-450f-ad47-bc935619cee3","email":"abigail.smith@amerisave.com","message":"failed to process due to network exception."},{"id":"4835e1d4-6783-4534-927c-9fa0ef7d80c2","email":"mia.perez@me.com","message":"successfully processed after 5955 milliseconds."},{"id":"036bb8a5-95d4-41e7-a280-a2badfeb8161","email":"abigail.smith@amerisave.com","message":"failed to process due to network exception."},{"id":"cec59b04-82c0-4cc7-8766-3672836730ab","email":"alyssa.jones@amerisave.com","message":"successfully handled skipped operation."},{"id":"7bad9659-7651-4457-b9d8-7352e8a9114b","email":"grace.moore@gmail.com","message":"failed to process due to network exception."},{"id":"450bb3a4-3ab7-44d8-9d9b-19365284b55b","email":"elizabeth.martinez@dropbox.net","message":"successfully parsed message, but message temporarily enqueued while system restarts."},{"id":"a0b0af20-8e4a-4275-b323-6d749cee9adb","email":"madison.lewis@gmail.com","message":"failed to process due to network exception."},{"id":"6c2f995f-ccea-4a57-86db-877348d21b68","email":"aiden.johnson@microsoft.com","message":"successfully processed after 2091 milliseconds."},{"id":"c6034369-d0b0-43cf-bf3b-482702c3887f","email":"jack.thompson@me.com","message":"successfully parsed message, but message temporarily enqueued while system restarts."},{"id":"478a08ec-2326-4511-9b32-3a7f74324bd4","email":"matthew.walker@amerisave.com","message":"successfully handled skipped operation."},{"id":"0d5e56fe-721d-4225-8951-2db0faa0021f","email":"ryan.king@dropbox.net","message":"successfully processed after 3173 milliseconds."},{"id":"e4884641-8a6f-4b99-b991-8664669b7b2e","email":"tyler.nelson@microsoft.com","message":"successfully parsed message, but message temporarily enqueued while system restarts."},{"id":"dac00e74-004e-40ee-90f3-4320a9af607f","email":"hannah.martin@dropbox.net","message":"failed to process due to datastore timeout of 30 seconds.  operation took 55 seconds."},{"id":"dc6c6b82-11c4-4979-8472-7c1a2f185699","email":"elizabeth.martinez@dropbox.net","message":"successfully parsed message, but message temporarily enqueued while system restarts."},{"id":"5d3f34ee-00d8-4c96-a2b1-555a55c16a2b","email":"taylor.adams@gmail.com","message":"successfully processed after 8949 milliseconds."},{"id":"6b105b38-372c-4ef8-b30a-08ee1724749e","email":"ethan.hernandez@microsoft.com","message":"successfully handled skipped operation."},{"id":"9426fd42-623a-4aea-abcf-aa9e8ca72ad9","email":"isabella.jackson@amerisave.com","message":"successfully parsed message, but message temporarily enqueued while system restarts."},{"id":"08f1e07b-387b-4ce0-a2c3-3750cf56ec90","email":"emily.taylor@gmail.com","message":"failed to process due to datastore timeout of 30 seconds.  operation took 129 seconds."},{"id":"98479255-f8ce-4d27-b2cd-f01db7f15bfa","email":"ella.anderson@dropbox.net","message":"failed to process due to datastore timeout of 30 seconds.  operation took 109 seconds."},{"id":"17bdc90a-4185-49ed-8820-0275ea21a3e4","email":"isabella.jackson@amerisave.com","message":"successfully processed after 8002 milliseconds."},{"id":"aaa862e5-ebad-4d30-9988-6e3a2142b8d4","email":"daniel.rodriguez@amerisave.com","message":"successfully handled skipped operation."},{"id":"66fd5b0f-ba60-4822-bb4d-a17682956993","email":"hannah.martin@dropbox.net","message":"failed to process due to network exception."},{"id":"8d020b1c-bad2-4c5a-bdeb-d3c16e867792","email":"aiden.johnson@microsoft.com","message":"successfully handled skipped operation."},{"id":"68b2c3f0-c7c3-4862-a7f0-87e3d314c1dd","email":"joshua.lee@gmail.com","message":"failed to process due to network exception."},{"id":"116e30fb-809b-4517-9126-98fcac0fdb76","email":"alexis.brown@microsoft.com","message":"successfully processed after 9825 milliseconds."},{"id":"fe510e1d-4cd9-4076-b540-998c6b345668","email":"michael.hall@dropbox.net","message":"successfully handled skipped operation."},{"id":"cda3947f-37e7-41c0-bb5c-2e5fcfdf0cf7","email":"madison.lewis@gmail.com","message":"successfully processed after 7294 milliseconds."},{"id":"a214523d-c819-498e-b897-19b8a41fa400","email":"ella.anderson@dropbox.net","message":"successfully processed after 458 milliseconds."},{"id":"2968ecc7-019f-4b48-8355-6d16c5bbfac8","email":"alexis.brown@microsoft.com","message":"successfully processed after 5745 milliseconds."},{"id":"b039ffa1-6cda-4df0-9b25-f2b5d69cd19a","email":"logan.clark@dropbox.net","message":"failed to process due to network exception."},{"id":"53798be6-bd05-44ca-a7e7-e0bd92560e0f","email":"michael.hall@dropbox.net","message":"successfully processed after 8840 milliseconds."},{"id":"4257355d-a1ab-4f01-8a0b-b68fe9b38591","email":"lily.harris@gmail.com","message":"successfully handled skipped operation."},{"id":"d6cdaaf1-483f-4b87-acbe-b37e0b7d4609","email":"sarah.green@amerisave.com","message":"successfully handled skipped operation."},{"id":"94f9f5dc-0ac7-4497-bb9d-8d1e6c8da96e","email":"samantha.scott@me.com","message":"successfully parsed message, but message temporarily enqueued while system restarts."},{"id":"b57a3afd-c0ec-4a56-bb86-9b372521cece","email":"matthew.walker@amerisave.com","message":"failed to process due to datastore timeout of 30 seconds.  operation took 71 seconds."},{"id":"8518a5ca-28d6-493d-95ba-f5f7a268665e","email":"samantha.scott@me.com","message":"successfully handled skipped operation."},{"id":"3e618297-edc9-42e7-ab19-f37818a4945d","email":"madison.lewis@gmail.com","message":"successfully processed after 8666 milliseconds."},{"id":"9986e85c-e9c0-478f-86e7-cd3f1306b8db","email":"matthew.walker@amerisave.com","message":"failed to process due to network exception."},{"id":"b9023439-a10f-4fb7-89b8-35879d42f2f4","email":"ryan.king@dropbox.net","message":"successfully parsed message, but message temporarily enqueued while system restarts."},{"id":"37e89b7c-4ae3-438f-b828-80ced725dd6c","email":"chloe.garcia@dropbox.net","message":"failed to process due to datastore timeout of 30 seconds.  operation took 53 seconds."},{"id":"6266bbf7-b649-4928-a695-5f0b71f6a3d2","email":"joshua.lee@gmail.com","message":"failed to process due to network exception."},{"id":"98bd9bfb-f4ee-44bc-935d-0d5f7cd2b648","email":"ava.davis@gmail.com","message":"failed to process due to network exception."},{"id":"63c7b166-8df0-4f0b-81a8-cebb87b4af3e","email":"jacob.lopez@dropbox.net","message":"successfully processed after 345 milliseconds."},{"id":"8c6a3508-28b9-4184-ad98-40e5899d9044","email":"matthew.walker@amerisave.com","message":"successfully parsed message, but message temporarily enqueued while system restarts."},{"id":"8a510c09-5f3f-454e-927e-3131a07a0483","email":"sarah.green@amerisave.com","message":"failed to process due to datastore timeout of 30 seconds.  operation took 128 seconds."},{"id":"8b7e7ec9-c302-4d62-ac56-66f2e4684b9b","email":"lily.harris@gmail.com","message":"successfully processed after 3246 milliseconds."},{"id":"8ad5bec7-4ba6-408a-9849-bd510ac2bc36","email":"lily.harris@gmail.com","message":"failed to process due to datastore timeout of 30 seconds.  operation took 129 seconds."},{"id":"bf0a1aa6-1d25-4835-9839-acbfc95617b4","email":"chloe.garcia@dropbox.net","message":"successfully processed after 9948 milliseconds."},{"id":"e1ccb1df-580c-40d4-bbab-ba281f09cefe","email":"joshua.lee@gmail.com","message":"successfully parsed message, but message temporarily enqueued while system restarts."},{"id":"5b825c7b-e711-45fd-a9d3-ca97bb0332a3","email":"olivia.wright@gmail.com","message":"successfully parsed message, but message temporarily enqueued while system restarts."},{"id":"a9b090f9-5498-4925-a157-dafa9edec153","email":"hannah.martin@dropbox.net","message":"successfully handled skipped operation."},{"id":"a0acfd14-81b3-45f5-8246-20be22303107","email":"jackson.white@gmail.com","message":"successfully processed after 7738 milliseconds."},{"id":"b3fc9c71-eef3-4184-b173-3e14b7eba341","email":"madison.lewis@gmail.com","message":"successfully handled skipped operation."},{"id":"4e1319e4-ce62-4620-afab-76974ec91756","email":"grace.moore@gmail.com","message":"successfully parsed message, but message temporarily enqueued while system restarts."},{"id":"a71367f4-b8f4-406b-a122-ac302f18ba44","email":"nicholas.allen@microsoft.com","message":"successfully parsed message, but message temporarily enqueued while system restarts."},{"id":"ae8cfe39-9b3e-435e-979c-8d474d46db35","email":"samantha.scott@me.com","message":"successfully parsed message, but message temporarily enqueued while system restarts."},{"id":"33d85d31-1e16-4db8-8ef5-68f1f3bdd19a","email":"lily.harris@gmail.com","message":"failed to process due to network exception."},{"id":"d3cfa57a-c5ba-47de-a1de-59e40933a9fc","email":"emily.taylor@gmail.com","message":"failed to process due to network exception."},{"id":"01b462f0-5108-4c9d-9c0b-201be03340cb","email":"samantha.scott@me.com","message":"successfully processed after 2460 milliseconds."},{"id":"98208854-18f6-4ca9-9d54-a11df82a9d46","email":"ryan.king@dropbox.net","message":"successfully handled skipped operation."},{"id":"ee6932fd-411e-460f-aa45-798f1978c423","email":"mia.perez@me.com","message":"failed to process due to datastore timeout of 30 seconds.  operation took 51 seconds."},{"id":"0fd5226b-fdaf-49b5-aef7-58b571bcc8ed","email":"abigail.smith@amerisave.com","message":"successfully handled skipped operation."},{"id":"e6442c05-174c-44ed-bb87-f59072a8f06a","email":"lily.harris@gmail.com","message":"failed to process due to network exception."},{"id":"f91152d4-4bb6-4c0f-a03b-321ecd40c466","email":"emily.taylor@gmail.com","message":"failed to process due to datastore timeout of 30 seconds.  operation took 85 seconds."},{"id":"407ac223-3613-43f9-9fab-4b0eaab774b9","email":"noah.sanchez@me.com","message":"successfully processed after 8959 milliseconds."},{"id":"a2af40d0-c7e7-495b-89dc-1f1ac63d32d8","email":"hannah.martin@dropbox.net","message":"successfully handled skipped operation."},{"id":"7032ce84-30c3-409c-bd24-d8e5025c3546","email":"emily.taylor@gmail.com","message":"successfully processed after 9306 milliseconds."},{"id":"f6b15f2c-ff56-4caf-97b7-041f8356f2e2","email":"matthew.walker@amerisave.com","message":"successfully parsed message, but message temporarily enqueued while system restarts."},{"id":"a204ad64-b747-4031-b5ab-d51b5392be27","email":"alyssa.jones@amerisave.com","message":"successfully processed after 5460 milliseconds."},{"id":"1fae2553-e4a1-4920-ab2b-662bb2b1e949","email":"andrew.miller@gmail.com","message":"failed to process due to network exception."},{"id":"7ede954c-9ce0-4226-9327-5e1970b8316b","email":"lily.harris@gmail.com","message":"successfully handled skipped operation."},{"id":"a6e08692-3f0d-42d2-b885-0a03ee64083e","email":"alexis.brown@microsoft.com","message":"failed to process due to datastore timeout of 30 seconds.  operation took 117 seconds."},{"id":"5aa31e5e-313c-4de9-a667-54bfba279f44","email":"joshua.lee@gmail.com","message":"failed to process due to network exception."},{"id":"eca8228b-b7b6-402c-bec1-e633f98ac6a9","email":"grace.moore@gmail.com","message":"failed to process due to datastore timeout of 30 seconds.  operation took 32 seconds."},{"id":"4f23d623-41c5-425e-bdbc-7c98e2cd7079","email":"daniel.rodriguez@amerisave.com","message":"successfully processed after 8036 milliseconds."},{"id":"fc3c9699-fc50-4aa4-84dd-0553ab134d77","email":"michael.hall@dropbox.net","message":"successfully handled skipped operation."},{"id":"cf432f21-628b-4c43-87f8-3b8be287c4ad","email":"olivia.wright@gmail.com","message":"successfully handled skipped operation."},{"id":"1818c82a-ae4a-475a-bcaa-267ec898651b","email":"daniel.rodriguez@amerisave.com","message":"successfully parsed message, but message temporarily enqueued while system restarts."},{"id":"28a1a081-38c1-4b1f-b28b-9542a6403128","email":"emma.thomas@me.com","message":"successfully processed after 25 milliseconds."},{"id":"ecf54cdf-7890-4e5c-a492-abc00dc650fd","email":"isabella.jackson@amerisave.com","message":"successfully processed after 4736 milliseconds."},{"id":"82f66fde-d5a7-48bb-b276-70431094d4a7","email":"isabella.jackson@amerisave.com","message":"successfully handled skipped operation."}],"id":"5b0b8c11-9c31-4f5e-b2f0-80af6027a887"}