{"logs":[{"id":"1563fb28-013b-43d1-852c-3b50698cef72","email":"dylan.wilson@gmail.com","message":"failed to process due to network exception."},{"id":"f8939201-e6f1-4fdc-a8d2-a0b08a7e4b9d","email":"ella.anderson@dropbox.net","message":"failed to process due to network exception."},{"id":"83560173-3e3d-4bee-b905-c621f4b39926","email":"emma.thomas@me.com","message":"successfully handled skipped operation."},{"id":"5f8d20cb-9539-4662-811f-2557ff08360e","email":"michael.hall@dropbox.net","message":"failed to process due to datastore timeout of 30 seconds.  operation took 47 seconds."},{"id":"49e5adff-1b5f-4084-98ae-38296ad25f83","email":"isabella.jackson@amerisave.com","message":"successfully handled skipped operation."},{"id":"6a7a2138-d563-4c31-aae0-12b8de27ae09","email":"dylan.wilson@gmail.com","message":"successfully parsed message, but message temporarily enqueued while system restarts."},{"id":"14dbfeab-7cba-4153-8201-8620e05c1e39","email":"ryan.king@dropbox.net","message":"failed to process due to datastore timeout of 30 seconds.  operation took 102 seconds."},{"id":"60f1ef97-9fa9-497f-900b-5bcfce76138a","email":"jackson.white@gmail.com","message":"failed to process due to datastore timeout of 30 seconds.  operation took 116 seconds."},{"id":"911b08a6-ef24-48bc-bc26-78beff5d9c9a","email":"grace.moore@gmail.com","message":"failed to process due to datastore timeout of 30 seconds.  operation took 47 seconds."},{"id":"270250c8-8624-46ae-89b1-65bce84489e0","email":"andrew.miller@gmail.com","message":"successfully handled skipped operation."},{"id":"b05e49a7-b3dd-497e-9e6c-b4e4a1cb709f","email":"nicholas.allen@microsoft.com","message":"successfully parsed message, but message temporarily enqueued while system restarts."},{"id":"6ff9c9a2-7620-4e99-b56b-3b7d2f9aed9d","email":"nathan.young@microsoft.com","message":"failed to process due to network exception."},{"id":"79244a8c-0e90-41b3-8c5d-79424410d2d6","email":"michael.hall@dropbox.net","message":"successfully parsed message, but message temporarily enqueued while system restarts."},{"id":"4a70a706-a51d-493f-af94-fefc47387721","email":"noah.sanchez@me.com","message":"successfully handled skipped operation."},{"id":"8bfc3887-8b7e-44ee-97d0-994479ee2bcf","email":"madison.lewis@gmail.com","message":"successfully handled skipped operation."},{"id":"a5a1fead-4029-4f86-80d5-0f98065b78b5","email":"daniel.rodriguez@amerisave.com","message":"successfully parsed message, but message temporarily enqueued while system restarts."},{"id":"154792f9-7448-47e5-915f-409e9ca03627","email":"nicholas.allen@microsoft.com","message":"failed to process due to datastore timeout of 30 seconds.  operation took 63 seconds."},{"id":"6c1a3228-9f5d-4298-9001-addb261485f5","email":"sophia.baker@dropbox.net","message":"successfully parsed message, but message temporarily enqueued while system restarts."},{"id":"92fb3122-a8ac-4cd3-8362-feeec6fff652","email":"alyssa.jones@amerisave.com","message":"successfully parsed message, but message temporarily enqueued while system restarts."},{"id":"1d20f2b1-7d76-4137-8cc3-d908aa443c9d","email":"joshua.lee@gmail.com","message":"successfully processed after 228 milliseconds."},{"id":"fc967cbf-2069-4f53-a08f-03b79c283b40","email":"daniel.rodriguez@amerisave.com","message":"successfully parsed message, but message temporarily enqueued while system restarts."},{"id":"9e5c0e7a-6bdf-4d4a-8a16-eb834afde835","email":"sarah.green@amerisave.com","message":"successfully processed after 6685 milliseconds."},{"id":"0ccefdeb-8847-4328-9432-7b58efe866e1","email":"isabella.jackson@amerisave.com","message":"successfully handled skipped operation."},{"id":"0575b258-7b46-4e5d-84de-3f0131c6f26f","email":"nathan.young@microsoft.com","message":"failed to process due to datastore timeout of 30 seconds.  operation took 102 seconds."},{"id":"74b42e29-d23f-409f-ad15-895f2441b1b4","email":"jacob.lopez@dropbox.net","message":"successfully handled skipped operation."},{"id":"0baea16c-4a8e-494c-9091-9c8c78e82e93","email":"andrew.miller@gmail.com","message":"successfully handled skipped operation."},{"id":"16bb4e1e-6863-437c-a672-ddb34d97ea47","email":"emma.thomas@me.com","message":"successfully parsed message, but message temporarily enqueued while system restarts."},{"id":"97348232-b42e-4bfa-86fc-c315ec33101c","email":"hannah.martin@dropbox.net","message":"successfully handled skipped operation."},{"id":"2c61451b-7fe4-43b3-b9e8-f9d2a356b37c","email":"chloe.garcia@dropbox.net","message":"failed to process due to datastore timeout of 30 seconds.  operation took 45 seconds."},{"id":"a34ce7e8-3a7e-4f76-ace0-0750038d9950","email":"hannah.martin@dropbox.net","message":"failed to process due to datastore timeout of 30 seconds.  operation took 106 seconds."},{"id":"050f835c-208e-40db-ae4f-1d9d27a44c32","email":"taylor.adams@gmail.com","message":"failed to process due to datastore timeout of 30 seconds.  operation took 114 seconds."},{"id":"892b8d74-b484-46d0-93d5-da71ba4f972f","email":"alexis.brown@microsoft.com","message":"successfully processed after 1909 milliseconds."},{"id":"edfe60ed-46b8-4ea4-9907-7a4802902eca","email":"samantha.scott@me.com","message":"successfully processed after 7124 milliseconds."},{"id":"6376840b-cbf2-4096-8717-404f71d9d647","email":"mia.perez@me.com","message":"failed to process due to datastore timeout of 30 seconds.  operation took 78 seconds."},{"id":"d70b1c9f-c42b-4148-b672-d57551dcd867","email":"jack.thompson@me.com","message":"successfully parsed message, but message temporarily enqueued while system restarts."},{"id":"6cafa33c-d016-4864-8d84-4ffdc3fedf84","email":"nicholas.allen@microsoft.com","message":"failed to process due to network exception."},{"id":"7e8739e0-e313-417e-a63d-8b55a9fb36d7","email":"ethan.hernandez@microsoft.com","message":"successfully handled skipped operation."},{"id":"4b0a69c7-aaae-4b5f-9531-ddaf371ab437","email":"taylor.adams@gmail.com","message":"successfully parsed message, but message temporarily enqueued while system restarts."},{"id":"317e021a-ca55-4d51-b428-5c0710e38058","email":"sarah.green@amerisave.com","message":"successfully handled skipped operation."},{"id":"79c5fa76-16a0-4ad4-8d19-9ac43ee35703","email":"hannah.martin@dropbox.net","message":"successfully handled skipped operation."},{"id":"6bab4918-bde6-4183-aa99-fe636f9acdc4","email":"mason.robinson@amerisave.com","message":"failed to process due to network exception."},{"id":"e76b86f4-693d-48aa-94c1-ef0b19787e3b","email":"isabella.jackson@amerisave.com","message":"successfully processed after 5366 milliseconds."},{"id":"72518742-84a8-4795-a228-32f945e0bb5c","email":"emma.thomas@me.com","message":"failed to process due to datastore timeout of 30 seconds.  operation took 55 seconds."},{"id":"226a1fa0-404e-4ddf-bfb3-b58999cac880","email":"alexis.brown@microsoft.com","message":"successfully parsed message, but message temporarily enqueued while system restarts."},{"id":"ff88d0e7-cafa-437f-b452-ed065a890670","email":"abigail.smith@amerisave.com","message":"successfully handled skipped operation."},{"id":"3addbfe4-fce0-43ee-a2a7-253ae10c0e48","email":"liam.gonzalez@me.com","message":"successfully handled skipped operation."},{"id":"7f51ef89-9ba2-4094-ac5a-6fb8e3818845","email":"hannah.martin@dropbox.net","message":"failed to process due to datastore timeout of 30 seconds.  operation took 93 seconds."},{"id":"e73e4115-e7d7-4cf3-ae05-77b1467703cd","email":"joshua.lee@gmail.com","message":"failed to process due to datastore timeout of 30 seconds.  operation took 35 seconds."},{"id":"b9048f6b-e9f6-4a91-a701-0cc26721c823","email":"matthew.walker@amerisave.com","message":"successfully handled skipped operation."},{"id":"0d6463fa-9633-4ecf-bb5b-ee6f9e97c994","email":"samantha.scott@me.com","message":"successfully handled skipped operation."},{"id":"eca4ca92-ec1a-4a43-972c-70142c86a076","email":"jack.thompson@me.com","message":"successfully parsed message, but message temporarily enqueued while system restarts."},{"id":"51db837a-e0a8-4553-8c20-f247787ca280","email":"jack.thompson@me.com","message":"successfully parsed message, but message temporarily enqueued while system restarts."},{"id":"51449b6a-61a8-4924-9bd8-0e3afaa2e88a","email":"taylor.adams@gmail.com","message":"failed to process due to datastore timeout of 30 seconds.  operation took 39 seconds."},{"id":"7c822a17-ce09-4d27-a342-c95c4a8be35b","email":"sophia.baker@dropbox.net","message":"failed to process due to datastore timeout of 30 seconds.  operation took 117 seconds."},{"id":"6cafaa12-6858-465f-881d-8bd4cf959f76","email":"hannah.martin@dropbox.net","message":"successfully processed after 338 milliseconds."},{"id":"32caf138-28d6-482d-8ab4-938c401e93e7","email":"matthew.walker@amerisave.com","message":"failed to process due to network exception."},{"id":"151a7115-09ff-461b-acc3-5e2c01acceee","email":"jackson.white@gmail.com","message":"failed to process due to datastore timeout of 30 seconds.  operation took 87 seconds."},{"id":"8a7e3e20-399e-44d4-a01b-8161a7cc307a","email":"daniel.rodriguez@amerisave.com","message":"successfully parsed message, but message temporarily enqueued while system restarts."},{"id":"6030be41-eb0e-49f1-976a-0bca7120694f","email":"ryan.king@dropbox.net","message":"successfully processed after 5060 milliseconds."},{"id":"64c22355-c919-4af7-bcc8-05141856ec44","email":"samantha.scott@me.com","message":"failed to process due to network exception."},{"id":"482c05ef-7337-4bdd-964d-c1aa6c6178fe","email":"taylor.adams@gmail.com","message":"failed to process due to network exception."},{"id":"fd31ea40-a7f0-48f9-a876-c25e6b130d16","email":"isabella.jackson@amerisave.com","message":"successfully parsed message, but message temporarily enqueued while system restarts."},{"id":"cbc7eb37-406a-4b00-96d4-a1564cce7d18","email":"noah.sanchez@me.com","message":"successfully handled skipped operation."},{"id":"93dacdd2-f20f-4ebe-b986-667c3a27eca4","email":"nathan.young@microsoft.com","message":"failed to process due to network exception."},{"id":"2025a6d6-6bbb-4eb1-9883-978277cb1681","email":"olivia.wright@gmail.com","message":"successfully parsed message, but message temporarily enqueued while system restarts."},{"id":"76c94ca3-9506-4a9c-9b64-06e822626ffe","email":"madison.lewis@gmail.com","message":"successfully handled skipped operation."},{"id":"b7922903-b237-4c03-9689-1036e12d3345","email":"abigail.smith@amerisave.com","message":"successfully handled skipped operation."},{"id":"f6cbe4c0-1a93-41f8-9dc9-acd4a42c1a93","email":"nathan.young@microsoft.com","message":"successfully handled skipped operation."},{"id":"1a0a905c-678f-45a9-b54e-ee8a5647bc63","email":"alexander.williams@gmail.com","message":"successfully parsed message, but message temporarily enqueued while system restarts."},{"id":"69a978a0-ef5b-47d8-ac65-7383107d5c97","email":"daniel.rodriguez@amerisave.com","message":"failed to process due to datastore timeout of 30 seconds.  operation took 91 seconds."},{"id":"5eb90592-3a52-42c3-87f0-2ccaff6fd8ed","email":"hannah.martin@dropbox.net","message":"successfully handled skipped operation."},{"id":"0939605a-50ec-40f9-b6c8-2850c83695ca","email":"elizabeth.martinez@dropbox.net","message":"failed to process due to datastore timeout of 30 seconds.  operation took 75 seconds."},{"id":"60c4a3cc-61b8-4eb9-b406-4e497bc9f93f","email":"jackson.white@gmail.com","message":"failed to process due to network exception."},{"id":"9cc175a9-6577-4717-921f-ee0b84b103f3","email":"nicholas.allen@microsoft.com","message":"failed to process due to datastore timeout of 30 seconds.  operation took 66 seconds."},{"id":"da8aebb1-ef65-4413-957b-414a9689a63d","email":"sarah.green@amerisave.com","message":"successfully handled skipped operation."},{"id":"bba99919-39ec-4d99-a159-6e60c04980d0","email":"jacob.lopez@dropbox.net","message":"failed to process due to network exception."},{"id":"19f99e02-e7b6-41f7-80d2-ec182e8f3bd1","email":"logan.clark@dropbox.net","message":"successfully processed after 4736 milliseconds."},{"id":"a9b86587-fde0-4e3a-b0e1-8b87a957f112","email":"grace.moore@gmail.com","message":"failed to process due to datastore timeout of 30 seconds.  operation took 123 seconds."},{"id":"4d19e614-323a-421e-b91d-a330a42f7e02","email":"tyler.nelson@microsoft.com","message":"successfully handled skipped operation."},{"id":"c163cbf4-5a57-4aa5-a7ec-6d83f318d329","email":"ava.davis@gmail.com","message":"failed to process due to network exception."},{"id":"b904f911-7426-44f7-b7cd-337a065d16dd","email":"ella.anderson@dropbox.net","message":"failed to process due to datastore timeout of 30 seconds.  operation took 65 seconds."},{"id":"f9a7460f-6f89-425f-b197-ff066a135708","email":"emily.taylor@gmail.com","message":"failed to process due to datastore timeout of 30 seconds.  operation took 54 seconds."},{"id":"71d18bde-515e-4102-9716-71cf2091fa25","email":"liam.gonzalez@me.com","message":"successfully handled skipped operation."},{"id":"c6fe9b88-04f4-4dba-94e3-c4a60f7530c5","email":"ryan.king@dropbox.net","message":"failed to process due to network exception."},{"id":"d5f90c9f-513f-4fa5-8ad7-cbac5a1db7e4","email":"andrew.miller@gmail.com","message":"successfully processed after 5344 milliseconds."},{"id":"34c61c68-a400-457c-a585-e2d656b1e9ac","email":"chloe.garcia@dropbox.net","message":"successfully processed after 7802 milliseconds."},{"id":"51b391b2-35ce-44c6-9571-a87da38ae908","email":"ella.anderson@dropbox.net","message":"successfully processed after 7520 milliseconds."},{"id":"1728f4b4-f29a-42c6-ad6a-6039e9612681","email":"jacob.lopez@dropbox.net","message":"successfully parsed message, but message temporarily enqueued while system restarts."},{"id":"ab0f790a-c7ec-4ff0-aee5-0ecda8898db0","email":"chloe.garcia@dropbox.net","message":"successfully parsed message, but message temporarily enqueued while system restarts."},{"id":"b92a4373-d85d-45f1-8219-e2a530353728","email":"ryan.king@dropbox.net","message":"failed to process due to network exception."},{"id":"fe34ebdc-ddb1-4418-9040-20da926bf888","email":"isabella.jackson@amerisave.com","message":"successfully parsed message, but message temporarily enqueued while system restarts."},{"id":"e4418f61-0013-4991-8a65-487fd620abd6","email":"elizabeth.martinez@dropbox.net","message":"successfully processed after 6215 milliseconds."},{"id":"84a31d9d-98e9-425e-8474-223ec3162bd9","email":"jacob.lopez@dropbox.net","message":"successfully parsed message, but message temporarily enqueued while system restarts."},{"id":"81107c2d-b886-428b-8a2a-2518820596df","email":"ava.davis@gmail.com","message":"failed to process due to network exception."},{"id":"cf981d7f-233f-4b58-bdf3-2fd99d9ab1e7","email":"dylan.wilson@gmail.com","message":"failed to process due to network exception."},{"id":"94c516bb-8945-458a-9722-f10d61fccbb4","email":"michael.hall@dropbox.net","message":"successfully handled skipped operation."},{"id":"623b7959-72e8-4a39-a20b-07f9a60cd370","email":"jackson.white@gmail.com","message":"successfully parsed message, but message temporarily enqueued while system restarts."},{"id":"c8521c9e-194a-4936-a93e-132f3865d4a0","email":"emma.thomas@me.com","message":"failed to process due to network exception."},{"id":"0d2f08d3-2aa5-4159-b5e5-eba79ab72728","email":"chloe.garcia@dropbox.net","message":"successfully handled skipped operation."},{"id":"7587ebd1-9d6e-4862-8af4-4a205128bb26","email":"andrew.miller@gmail.com","message":"successfully parsed message, but message temporarily enqueued while system restarts."},{"id":"bf085ea5-5ff9-4a5d-be3c-a7a2031aa9e6","email":"chloe.garcia@dropbox.net","message":"successfully handled skipped operation."},{"id":"80cfcd4e-19fa-427c-9a2b-6aea7481125c","email":"nicholas.allen@microsoft.com","message":"successfully parsed message, but message temporarily enqueued while system restarts."},{"id":"01a12225-f696-44ad-94ed-95e900627f7a","email":"grace.moore@gmail.com","message":"failed to process due to datastore timeout of 30 seconds.  operation took 129 seconds."},{"id":"5ac28b56-2aba-40da-9dee-d8ec22db5ffd","email":"andrew.miller@gmail.com","message":"successfully processed after 1166 milliseconds."},{"id":"bd8f5cca-345a-4998-b60b-2c97101a26ad","email":"nicholas.allen@microsoft.com","message":"successfully parsed message, but message temporarily enqueued while system restarts."},{"id":"070f7fca-7e1e-4ce8-b89e-4b5fd27e11d0","email":"ethan.hernandez@microsoft.com","message":"successfully handled skipped operation."},{"id":"01338e11-da67-4a1e-aafc-9428a79a9cee","email":"hannah.martin@dropbox.net","message":"successfully parsed message, but message temporarily enqueued while system restarts."},{"id":"f016e660-fe69-4d40-842f-885c1fa6a12f","email":"andrew.miller@gmail.com","message":"failed to process due to datastore timeout of 30 seconds.  operation took 36 seconds."},{"id":"b4b4c481-d80a-40a4-b1f6-e00eed0f0700","email":"emma.thomas@me.com","message":"successfully parsed message, but message temporarily enqueued while system restarts."},{"id":"77889fe1-ac27-46f1-958a-b33ec9211a15","email":"ava.davis@gmail.com","message":"successfully parsed message, but message temporarily enqueued while system restarts."},{"id":"56b71f37-5cbb-48f6-941f-aa14d575f35b","email":"samantha.scott@me.com","message":"successfully parsed message, but message temporarily enqueued while system restarts."},{"id":"03623a00-7596-46e5-b261-3f1261ffdc12","email":"matthew.walker@amerisave.com","message":"successfully processed after 939 milliseconds."},{"id":"c55ae602-3ca9-45e6-8de5-b8e7d4e938a7","email":"alexis.brown@microsoft.com","message":"successfully handled skipped operation."},{"id":"1e6c8638-73ce-4c37-b5e6-083867433a40","email":"alexis.brown@microsoft.com","message":"successfully parsed message, but message temporarily enqueued while system restarts."},{"id":"4306fcac-e685-452f-9b9d-6e3464acbf10","email":"ryan.king@dropbox.net","message":"successfully parsed message, but message temporarily enqueued while system restarts."},{"id":"395bbc4a-e311-41b2-9184-5bae519f7ee5","email":"nathan.young@microsoft.com","message":"successfully processed after 5984 milliseconds."},{"id":"96e3d716-da69-4281-9178-62aa5577d0f4","email":"taylor.adams@gmail.com","message":"successfully processed after 3515 milliseconds."},{"id":"562b4b0e-6ae9-4e69-b652-eaf3f80c9d2d","email":"nathan.young@microsoft.com","message":"successfully parsed message, but message temporarily enqueued while system restarts."},{"id":"8338d9c9-2a4b-441a-b874-393a8eb565df","email":"joshua.lee@gmail.com","message":"successfully parsed message, but message temporarily enqueued while system restarts."},{"id":"acd79383-6433-44af-81b5-78bbb9536f34","email":"mia.perez@me.com","message":"successfully processed after 7237 milliseconds."},{"id":"74781722-dde3-4ebb-bc2f-2f4a1a5748af","email":"daniel.rodriguez@amerisave.com","message":"successfully parsed message, but message temporarily enqueued while system restarts."},{"id":"b3729a7e-72e8-421d-bc27-a58913be4962","email":"emily.taylor@gmail.com","message":"successfully parsed message, but message temporarily enqueued while system restarts."},{"id":"fcf25a63-b2cf-467e-bc26-0cd4cd9ab54e","email":"liam.gonzalez@me.com","message":"successfully parsed message, but message temporarily enqueued while system restarts."},{"id":"b0d90670-8303-484b-a3b1-b9bc1e20c3c0","email":"ava.davis@gmail.com","message":"successfully parsed message, but message temporarily enqueued while system restarts."},{"id":"3e7a8884-7ff9-4d5d-95fe-2c6bbf8a7196","email":"logan.clark@dropbox.net","message":"successfully parsed message, but message temporarily enqueued while system restarts."},{"id":"db387055-015e-4446-a296-93ff4054277a","email":"mason.robinson@amerisave.com","message":"successfully parsed message, but message temporarily enqueued while system restarts."},{"id":"8058190e-d89b-4da4-8007-cdeede097b7c","email":"chloe.garcia@dropbox.net","message":"failed to process due to network exception."},{"id":"24c514b7-5a72-443a-ae65-60090712d28b","email":"samantha.scott@me.com","message":"successfully parsed message, but message temporarily enqueued while system restarts."},{"id":"f331f812-e017-4f0e-b1e7-e02a5c7d48c3","email":"ava.davis@gmail.com","message":"successfully handled skipped operation."},{"id":"dee76d66-19ad-41c7-8a6e-5ac4af39bb4f","email":"mason.robinson@amerisave.com","message":"successfully processed after 2385 milliseconds."},{"id":"271fb33b-4202-494e-a787-fe461e98ee5c","email":"matthew.walker@amerisave.com","message":"failed to process due to network exception."},{"id":"1d0f9662-20e3-483e-acc5-6ae46a022fc6","email":"alexander.williams@gmail.com","message":"successfully handled skipped operation."},{"id":"09a7251e-99af-47d7-b279-5affe9d1f476","email":"mason.robinson@amerisave.com","message":"failed to process due to network exception."},{"id":"93ca223b-2d3d-42f7-82e7-66065c69de79","email":"taylor.adams@gmail.com","message":"failed to process due to network exception."},{"id":"0f9d0bcf-2dd7-4292-bef2-7b922aa520a1","email":"matthew.walker@amerisave.com","message":"successfully processed after 5341 milliseconds."},{"id":"f6f0a378-016f-456f-b3b4-95c9f7c760c4","email":"alexis.brown@microsoft.com","message":"failed to process due to network exception."},{"id":"637b3043-1c62-40c0-911d-0410bec02c6f","email":"lily.harris@gmail.com","message":"failed to process due to network exception."},{"id":"b2d2ffaa-e2c1-49cf-9593-a82037e81bdb","email":"jacob.lopez@dropbox.net","message":"successfully parsed message, but message temporarily enqueued while system restarts."},{"id":"5d97ef7c-5824-4934-907e-82e7638f5132","email":"sarah.green@amerisave.com","message":"successfully parsed message, but message temporarily enqueued while system restarts."},{"id":"77bf336b-f374-429a-bfe8-cd2e060235f5","email":"logan.clark@dropbox.net","message":"failed to process due to network exception."},{"id":"b51eaec5-c05a-4e59-9aa3-ea8afbbd6458","email":"madison.lewis@gmail.com","message":"successfully processed after 7893 milliseconds."},{"id":"b44b2d62-180b-4639-a1be-ac33c58cfd44","email":"grace.moore@gmail.com","message":"failed to process due to datastore timeout of 30 seconds.  operation took 32 seconds."},{"id":"aac465ac-127c-4194-97ba-3ce16636b436","email":"chloe.garcia@dropbox.net","message":"successfully parsed message, but message temporarily enqueued while system restarts."},{"id":"96cc6b15-dae2-42e9-a39d-313556f7f581","email":"ryan.king@dropbox.net","message":"failed to process due to datastore timeout of 30 seconds.  operation took 93 seconds."},{"id":"0d9f7d82-75e9-4e7c-9790-4a293eda7f7b","email":"ella.anderson@dropbox.net","message":"failed to process due to datastore timeout of 30 seconds.  operation took 42 seconds."},{"id":"ec579f33-2ffd-4c59-a7ae-b0181ea82126","email":"nicholas.allen@microsoft.com","message":"successfully processed after 9893 milliseconds."},{"id":"036afef3-96cc-420b-aa87-f9069abf9d9e","email":"liam.gonzalez@me.com","message":"failed to process due to network exception."},{"id":"9247c730-66cf-4bd4-a7e9-887c52762678","email":"noah.sanchez@me.com","message":"failed to process due to datastore timeout of 30 seconds.  operation took 93 seconds."},{"id":"ca660a77-93ea-46f8-b954-66b4e907c4a7","email":"samantha.scott@me.com","message":"successfully handled skipped operation."},{"id":"5c0e31dd-b322-4cd8-828a-7c457fbcd1e1","email":"emma.thomas@me.com","message":"successfully handled skipped operation."},{"id":"3006d7fc-12b3-4258-8892-6e386667913f","email":"jacob.lopez@dropbox.net","message":"successfully handled skipped operation."},{"id":"93dd465f-d95b-434e-9f48-3feb7d68f4ef","email":"nathan.young@microsoft.com","message":"successfully parsed message, but message temporarily enqueued while system restarts."},{"id":"5b99bc8f-699e-4355-b881-89f30cf80985","email":"ethan.hernandez@microsoft.com","message":"successfully processed after 6216 milliseconds."},{"id":"23fbcfe9-e53d-4483-92e2-42cc449b4010","email":"alyssa.jones@amerisave.com","message":"failed to process due to network exception."},{"id":"9fcdb3b1-1989-4730-a4f4-f320ef658144","email":"sophia.baker@dropbox.net","message":"successfully handled skipped operation."},{"id":"14ac15a3-fbb0-4e41-ada5-48ce106d3cc7","email":"isabella.jackson@amerisave.com","message":"successfully handled skipped operation."},{"id":"5a7c3280-9709-4be3-aafd-dfd136c8247a","email":"matthew.walker@amerisave.com","message":"successfully handled skipped operation."},{"id":"af6edfe0-15ee-4ff5-8197-e7eb85fd5e5c","email":"sophia.baker@dropbox.net","message":"successfully parsed message, but message temporarily enqueued while system restarts."},{"id":"64da66b8-8129-4a09-bb7e-8a2dff8f9291","email":"lily.harris@gmail.com","message":"successfully processed after 2797 milliseconds."},{"id":"512a36e5-4e82-452f-bcd3-7f5b877363c3","email":"liam.gonzalez@me.com","message":"successfully processed after 498 milliseconds."},{"id":"2b27289a-ea26-4ffe-afc7-dd57829883de","email":"isabella.jackson@amerisave.com","message":"failed to process due to network exception."},{"id":"a26ef510-101c-41bc-9a51-093e56b69b10","email":"emma.thomas@me.com","message":"successfully parsed message, but message temporarily enqueued while system restarts."},{"id":"a88a39ec-98c4-4f20-ba1a-d5f627fe3095","email":"emma.thomas@me.com","message":"successfully processed after 3922 milliseconds."},{"id":"1459394a-4ce0-4599-811f-d60a6a217b30","email":"olivia.wright@gmail.com","message":"failed to process due to datastore timeout of 30 seconds.  operation took 109 seconds."},{"id":"7c12d4f6-bc2a-401c-90be-a8f0304cd241","email":"emma.thomas@me.com","message":"failed to process due to network exception."},{"id":"faf98a51-0cc4-4cc0-bc4d-8de0f875673d","email":"elizabeth.martinez@dropbox.net","message":"failed to process due to datastore timeout of 30 seconds.  operation took 35 seconds."},{"id":"92d726c6-2bef-46ba-9267-96d1448176a0","email":"sarah.green@amerisave.com","message":"failed to process due to network exception."},{"id":"98ba9447-89ba-4c9d-922a-bff15c5d8aa5","email":"emma.thomas@me.com","message":"successfully parsed message, but message temporarily enqueued while system restarts."},{"id":"ae96ba5d-645d-419d-be30-fd2457cf86e8","email":"nicholas.allen@microsoft.com","message":"successfully parsed message, but message temporarily enqueued while system restarts."},{"id":"19c2f344-bf86-44dd-ba8e-34ce5122a461","email":"jackson.white@gmail.com","message":"successfully parsed message, but message temporarily enqueued while system restarts."},{"id":"c325193b-02ce-4ea8-8935-46bcfeea67e7","email":"matthew.walker@amerisave.com","message":"failed to process due to network exception."},{"id":"06942bbf-722e-45d8-9e24-af9027605fbb","email":"samantha.scott@me.com","message":"successfully parsed message, but message temporarily enqueued while system restarts."},{"id":"fb396b9b-34f0-4c98-8dec-a32adc151382","email":"grace.moore@gmail.com","message":"successfully handled skipped operation."},{"id":"6d797d18-ba80-4a42-92b5-317fc4a54367","email":"isabella.jackson@amerisave.com","message":"successfully processed after 1793 milliseconds."},{"id":"36a5c56a-4f81-4c28-a0a8-b57f90e60e14","email":"ella.anderson@dropbox.net","message":"successfully parsed message, but message temporarily enqueued while system restarts."},{"id":"f31ea3fe-d875-4fa1-87a9-80188699d2c1","email":"daniel.rodriguez@amerisave.com","message":"failed to process due to network exception."},{"id":"152a3787-be58-4747-90d6-604303763cf3","email":"ryan.king@dropbox.net","message":"successfully parsed message, but message temporarily enqueued while system restarts."},{"id":"888909ae-b936-46e1-b295-23cd945eadef","email":"emma.thomas@me.com","message":"failed to process due to network exception."},{"id":"097fc8c0-ba47-4c31-a3c3-b0034a903c82","email":"sarah.green@amerisave.com","message":"failed to process due to datastore timeout of 30 seconds.  operation took 108 seconds."},{"id":"090ef10c-802c-473c-874a-922a8545cf59","email":"mason.robinson@amerisave.com","message":"failed to process due to network exception."},{"id":"c18fc34c-bd9e-4473-81be-badfb11e3e8a","email":"sophia.baker@dropbox.net","message":"failed to process due to datastore timeout of 30 seconds.  operation took 112 seconds."},{"id":"c6b72c83-2bfb-4d98-bb2e-3521128f3352","email":"joshua.lee@gmail.com","message":"successfully handled skipped operation."},{"id":"d23d627c-3a42-4127-a5e0-72cb53efd527","email":"chloe.garcia@dropbox.net","message":"successfully parsed message, but message temporarily enqueued while system restarts."},{"id":"643a81fa-031f-4150-a274-be6cca177428","email":"chloe.garcia@dropbox.net","message":"failed to process due to network exception."},{"id":"f1aeda76-4eb9-48df-a989-603185382df1","email":"grace.moore@gmail.com","message":"failed to process due to network exception."},{"id":"c830de74-0791-49a8-8e89-42d196c0f045","email":"noah.sanchez@me.com","message":"successfully parsed message, but message temporarily enqueued while system restarts."},{"id":"5c5663ca-b971-4dd1-b758-4a207771340a","email":"alyssa.jones@amerisave.com","message":"failed to process due to network exception."},{"id":"928550eb-b33f-4eb3-9ee3-7c9fdcfd3bcf","email":"grace.moore@gmail.com","message":"successfully parsed message, but message temporarily enqueued while system restarts."},{"id":"22038209-0c6d-4c47-86d4-e8265f3432ad","email":"nicholas.allen@microsoft.com","message":"failed to process due to network exception."},{"id":"fc71e875-ae74-49c9-86da-02412483218c","email":"logan.clark@dropbox.net","message":"successfully parsed message, but message temporarily enqueued while system restarts."},{"id":"1d2bc6d1-337f-4c41-9cb8-c146ac7a6dab","email":"jackson.white@gmail.com","message":"successfully parsed message, but message temporarily enqueued while system restarts."},{"id":"7119603d-180a-493d-83ad-2addd78e44c9","email":"abigail.smith@amerisave.com","message":"successfully handled skipped operation."},{"id":"804eb817-dbfa-4217-8cef-a7cfdbd3c95d","email":"logan.clark@dropbox.net","message":"failed to process due to datastore timeout of 30 seconds.  operation took 77 seconds."},{"id":"44ccb0de-27f7-48ba-9288-2b3a9ced275d","email":"nicholas.allen@microsoft.com","message":"failed to process due to network exception."},{"id":"cdb05628-197d-46da-9c75-83a65146a29d","email":"michael.hall@dropbox.net","message":"failed to process due to network exception."},{"id":"68e0d7c0-d0af-435b-be8f-60bbeb3d72ee","email":"taylor.adams@gmail.com","message":"failed to process due to datastore timeout of 30 seconds.  operation took 33 seconds."},{"id":"6e283a9e-28ff-4766-8326-d675762584a6","email":"chloe.garcia@dropbox.net","message":"successfully handled skipped operation."},{"id":"00a0158d-136e-4e39-b2d0-14fda99948a7","email":"matthew.walker@amerisave.com","message":"successfully handled skipped operation."},{"id":"51fddb7f-bd95-4b1d-8637-4972e0e9282e","email":"ava.davis@gmail.com","message":"failed to process due to datastore timeout of 30 seconds.  operation took 126 seconds."},{"id":"5e2db2e8-2776-4b03-9657-49bdb6743bcf","email":"tyler.nelson@microsoft.com","message":"failed to process due to datastore timeout of 30 seconds.  operation took 130 seconds."},{"id":"dda4b97f-4d29-4f2f-a85b-1753579749f4","email":"sophia.baker@dropbox.net","message":"failed to process due to datastore timeout of 30 seconds.  operation took 104 seconds."},{"id":"02d93f4e-39fd-4c17-9e70-ffdcd0ed9f19","email":"sarah.green@amerisave.com","message":"successfully handled skipped operation."},{"id":"9057bba7-c35c-4cbb-9511-d4bf653912ba","email":"lily.harris@gmail.com","message":"successfully handled skipped operation."},{"id":"d7a0a707-e3d9-4069-9a12-dac286ee32a2","email":"liam.gonzalez@me.com","message":"successfully handled skipped operation."},{"id":"24ff80c6-b86f-43ca-b9f0-1bb42c349cac","email":"nathan.young@microsoft.com","message":"successfully handled skipped operation."},{"id":"9e1d822a-15e5-47b1-8410-e5ba3a039f62","email":"daniel.rodriguez@amerisave.com","message":"successfully handled skipped operation."},{"id":"2ce6f5ad-eddd-4231-a7d2-672c5f5e1dd2","email":"joshua.lee@gmail.com","message":"failed to process due to network exception."},{"id":"e66c918e-472e-4484-b3da-61ffea299e1a","email":"liam.gonzalez@me.com","message":"successfully handled skipped operation."},{"id":"ce1e409c-cda7-41ad-8d39-482816d6c0b7","email":"matthew.walker@amerisave.com","message":"failed to process due to network exception."},{"id":"d5487be5-ee9d-44f8-a2a1-a0713e95e165","email":"michael.hall@dropbox.net","message":"failed to process due to network exception."},{"id":"b721a227-e10b-4423-ac64-0cc29bcc395c","email":"ethan.hernandez@microsoft.com","message":"successfully parsed message, but message temporarily enqueued while system restarts."},{"id":"96ae1c42-38d2-47d4-970d-30393fb81abe","email":"ella.anderson@dropbox.net","message":"failed to process due to network exception."},{"id":"73a56b27-0aef-4b12-b1e0-87c6c925686b","email":"abigail.smith@amerisave.com","message":"successfully parsed message, but message temporarily enqueued while system restarts."},{"id":"d8bcfcba-bd89-479d-8dfc-a0e33d2c44c3","email":"aiden.johnson@microsoft.com","message":"successfully handled skipped operation."},{"id":"753fdb00-2010-4d45-9257-47017f7eaa57","email":"ava.davis@gmail.com","message":"successfully parsed message, but message temporarily enqueued while system restarts."},{"id":"0da2f594-855f-4361-ae29-795bf976e008","email":"sophia.baker@dropbox.net","message":"successfully parsed message, but message temporarily enqueued while system restarts."},{"id":"fc09f49e-f8bf-406d-b831-04493bf15d39","email":"alexander.williams@gmail.com","message":"successfully processed after 3584 milliseconds."},{"id":"d5c2a66d-9ec0-49a8-83a5-7020d43c6e3c","email":"olivia.wright@gmail.com","message":"failed to process due to datastore timeout of 30 seconds.  operation took 121 seconds."},{"id":"17ea6679-1f14-473e-8a79-d10bbe940ea3","email":"mia.perez@me.com","message":"failed to process due to network exception."},{"id":"f43e5922-cfe2-4d07-91db-45399ddcb833","email":"isabella.jackson@amerisave.com","message":"successfully parsed message, but message temporarily enqueued while system restarts."},{"id":"2fae9711-88ca-4a18-90b4-b5cb7a1b3e1f","email":"chloe.garcia@dropbox.net","message":"failed to process due to network exception."},{"id":"4b6d4ef7-15b8-4ca1-aff8-181386dfe78d","email":"sarah.green@amerisave.com","message":"successfully handled skipped operation."},{"id":"66d6c11a-7d52-41c2-8036-76416bee62cb","email":"matthew.walker@amerisave.com","message":"successfully parsed message, but message temporarily enqueued while system restarts."},{"id":"82257927-7096-4103-9186-3bbdd33730d2","email":"chloe.garcia@dropbox.net","message":"failed to process due to datastore timeout of 30 seconds.  operation took 118 seconds."},{"id":"8433f55d-a0d1-4ebe-9ee4-d0e0c5713580","email":"isabella.jackson@amerisave.com","message":"failed to process due to datastore timeout of 30 seconds.  operation took 92 seconds."},{"id":"03c73356-3c4f-4fb2-9517-d2303578ea00","email":"daniel.rodriguez@amerisave.com","message":"successfully processed after 6125 milliseconds."},{"id":"ed11eedd-efaf-4205-927f-22c10d26684b","email":"jacob.lopez@dropbox.net","message":"failed to process due to datastore timeout of 30 seconds.  operation took 64 seconds."},{"id":"579a653b-5833-4465-b21f-4b5bae2582c9","email":"andrew.miller@gmail.com","message":"failed to process due to datastore timeout of 30 seconds.  operation took 77 seconds."},{"id":"5fd3f6b0-5a9c-4960-936f-2269ecb7262d","email":"nathan.young@microsoft.com","message":"successfully processed after 8472 milliseconds."},{"id":"33ba98fa-4d8e-4c49-bbf6-ef04582bd90b","email":"nicholas.allen@microsoft.com","message":"successfully processed after 7388 milliseconds."},{"id":"c07cf0df-cfa4-4ca2-9ebc-2bcd27182c10","email":"daniel.rodriguez@amerisave.com","message":"failed to process due to datastore timeout of 30 seconds.  operation took 44 seconds."},{"id":"1e62b3af-e284-4f35-8473-351ae5f4b14a","email":"nicholas.allen@microsoft.com","message":"failed to process due to datastore timeout of 30 seconds.  operation took 105 seconds."},{"id":"2360e621-921d-4cba-be6a-3680e2a893bf","email":"grace.moore@gmail.com","message":"successfully handled skipped operation."},{"id":"591b0e2e-0311-4e8b-b436-9136d470f3f0","email":"taylor.adams@gmail.com","message":"successfully parsed message, but message temporarily enqueued while system restarts."},{"id":"2d1c4787-ab51-4755-b949-9b376d598a41","email":"nathan.young@microsoft.com","message":"failed to process due to network exception."},{"id":"71192d5b-fbc8-452e-a330-1c38c2514d4d","email":"jacob.lopez@dropbox.net","message":"successfully parsed message, but message temporarily enqueued while system restarts."},{"id":"253dd7f3-d060-473f-88cb-2fc44727cb5f","email":"dylan.wilson@gmail.com","message":"successfully parsed message, but message temporarily enqueued while system restarts."},{"id":"e747b3f0-0a48-474e-9fe2-e67378e32f45","email":"dylan.wilson@gmail.com","message":"failed to process due to network exception."},{"id":"08230457-d6e7-4da8-8833-84812cb84765","email":"madison.lewis@gmail.com","message":"failed to process due to network exception."},{"id":"4943e126-7937-48ef-92db-7ae9f5c72ed4","email":"joshua.lee@gmail.com","message":"successfully handled skipped operation."},{"id":"0a1bdba0-b8cb-4f0e-a381-638a0784f3c5","email":"mason.robinson@amerisave.com","message":"successfully handled skipped operation."},{"id":"a0d34d6e-7abc-43e2-a46e-a7da9d1e9df9","email":"emily.taylor@gmail.com","message":"successfully handled skipped operation."},{"id":"e475dba7-67bf-48c9-87c0-0025721b773a","email":"hannah.martin@dropbox.net","message":"successfully parsed message, but message temporarily enqueued while system restarts."},{"id":"7c586040-5be6-484d-ab82-841056b0cf53","email":"samantha.scott@me.com","message":"successfully parsed message, but message temporarily enqueued while system restarts."},{"id":"8c62294b-3b98-4699-9ae4-b19a365aebfe","email":"ava.davis@gmail.com","message":"failed to process due to network exception."},{"id":"2baafc78-e515-494d-bd69-98af9d4e4cad","email":"logan.clark@dropbox.net","message":"successfully parsed message, but message temporarily enqueued while system restarts."},{"id":"899e3631-f873-40a9-aa85-5d2d0910af42","email":"liam.gonzalez@me.com","message":"failed to process due to network exception."},{"id":"ad923d08-f0f7-4656-b397-6a265e2c4e6c","email":"ava.davis@gmail.com","message":"failed to process due to network exception."},{"id":"d54b859a-9e95-4dd1-b0f3-acc63fcaf4df","email":"hannah.martin@dropbox.net","message":"failed to process due to network exception."},{"id":"2961027f-a666-4d81-a272-af7a09d4abc0","email":"sarah.green@amerisave.com","message":"successfully parsed message, but message temporarily enqueued while system restarts."},{"id":"296eef10-5650-4967-8681-41d392e32459","email":"dylan.wilson@gmail.com","message":"successfully handled skipped operation."},{"id":"7ca74508-b5ca-4cf9-a9f6-8c7a1e7b52a0","email":"madison.lewis@gmail.com","message":"failed to process due to datastore timeout of 30 seconds.  operation took 57 seconds."},{"id":"1a0d7a5d-549b-4c7f-9906-6b391b202968","email":"sarah.green@amerisave.com","message":"successfully parsed message, but message temporarily enqueued while system restarts."},{"id":"6cda8593-da2a-4292-8932-13df765a1329","email":"lily.harris@gmail.com","message":"successfully processed after 2285 milliseconds."},{"id":"17b08d19-4700-4d32-a001-dcafe9471f3e","email":"isabella.jackson@amerisave.com","message":"successfully parsed message, but message temporarily enqueued while system restarts."}],"id":"c933edaf-f81d-4814-a213-328bdcf40b70"}