{"logs":[{"id":"67062688-6393-410e-9f7e-761d35d6d4ce","email":"emma.thomas@me.com","message":"successfully processed after 7358 milliseconds."},{"id":"0b13dcd5-af44-4b1e-a5be-303f065560c1","email":"nicholas.allen@microsoft.com","message":"failed to process due to network exception."},{"id":"057208d8-e276-4c4a-a5f7-4eabced6a377","email":"mia.perez@me.com","message":"successfully processed after 8076 milliseconds."},{"id":"d056d6e1-3b79-4b1e-8828-4512b87e6221","email":"daniel.rodriguez@amerisave.com","message":"failed to process due to datastore timeout of 30 seconds.  operation took 127 seconds."},{"id":"ffcf4b55-38ab-4720-a511-2c50e339f702","email":"jackson.white@gmail.com","message":"successfully handled skipped operation."},{"id":"dd639b49-89e7-48c4-b6b6-ee2224553c34","email":"liam.gonzalez@me.com","message":"successfully parsed message, but message temporarily enqueued while system restarts."},{"id":"9b4d318b-db07-4d81-b54d-abe9c47aecf4","email":"sarah.green@amerisave.com","message":"failed to process due to network exception."},{"id":"cf1d9bed-571e-4193-900a-1240ab896932","email":"abigail.smith@amerisave.com","message":"successfully parsed message, but message temporarily enqueued while system restarts."},{"id":"0350b5d7-cd09-4549-a77e-9d8f6b087d18","email":"sophia.baker@dropbox.net","message":"failed to process due to network exception."},{"id":"16d4b69a-07be-40e6-86f8-5c20753f9cd9","email":"isabella.jackson@amerisave.com","message":"successfully handled skipped operation."},{"id":"4684789e-c9dd-4c40-b7d1-a8dc69118159","email":"madison.lewis@gmail.com","message":"successfully parsed message, but message temporarily enqueued while system restarts."},{"id":"517a8a55-a37e-4341-a05b-5be2c31bdc15","email":"liam.gonzalez@me.com","message":"successfully parsed message, but message temporarily enqueued while system restarts."},{"id":"25b62445-8079-4ce6-98e9-76d5effc7589","email":"emily.taylor@gmail.com","message":"successfully processed after 5103 milliseconds."},{"id":"745834bd-48f0-40a6-92b1-8d4d1ca9c353","email":"emily.taylor@gmail.com","message":"successfully handled skipped operation."},{"id":"d6902950-1572-49c7-9c40-f02764ba01f3","email":"elizabeth.martinez@dropbox.net","message":"failed to process due to network exception."},{"id":"3ab91d2f-538c-4503-8584-71c0732cd063","email":"michael.hall@dropbox.net","message":"failed to process due to network exception."},{"id":"7ca94964-527b-4061-b8d8-4bfe043a120b","email":"ethan.hernandez@microsoft.com","message":"successfully parsed message, but message temporarily enqueued while system restarts."},{"id":"1413c8bc-ad0e-4547-9a6a-9dcb4fd82d5a","email":"chloe.garcia@dropbox.net","message":"successfully parsed message, but message temporarily enqueued while system restarts."},{"id":"4d0f74b8-a975-4753-8aab-044131035cd5","email":"grace.moore@gmail.com","message":"failed to process due to network exception."},{"id":"91feef81-5f9e-4e34-ac30-c6489a78c9fe","email":"alyssa.jones@amerisave.com","message":"successfully processed after 9374 milliseconds."},{"id":"5dd31de8-d30b-498d-a164-9871d3373e28","email":"dylan.wilson@gmail.com","message":"failed to process due to datastore timeout of 30 seconds.  operation took 100 seconds."},{"id":"281fede0-96e5-4df6-8879-e835a90dc6fb","email":"elizabeth.martinez@dropbox.net","message":"failed to process due to network exception."},{"id":"ce839c91-f1b2-444e-a105-94b606f7ffab","email":"jacob.lopez@dropbox.net","message":"successfully handled skipped operation."},{"id":"f25cc7b3-bef0-4a66-adcd-665b1a30743a","email":"aiden.johnson@microsoft.com","message":"failed to process due to network exception."},{"id":"6d2413fb-4e3a-4eb6-a028-901cb7429a84","email":"dylan.wilson@gmail.com","message":"successfully processed after 3286 milliseconds."},{"id":"f2ae3f5e-3f81-4876-8545-4382ccf3cb62","email":"dylan.wilson@gmail.com","message":"successfully parsed message, but message temporarily enqueued while system restarts."},{"id":"385f3179-759c-4905-858c-852eca3d41dc","email":"ryan.king@dropbox.net","message":"failed to process due to datastore timeout of 30 seconds.  operation took 89 seconds."},{"id":"e9ce7860-d8ed-4e04-a801-0f10a9cebfce","email":"ella.anderson@dropbox.net","message":"failed to process due to datastore timeout of 30 seconds.  operation took 45 seconds."},{"id":"70250b78-3354-47ab-b2e0-0dd87f4f8e4d","email":"liam.gonzalez@me.com","message":"successfully handled skipped operation."},{"id":"03cc3372-a3b0-4f43-bfd7-e7260b03c19e","email":"emma.thomas@me.com","message":"successfully processed after 6479 milliseconds."},{"id":"10ed5180-c4e7-4fdd-b332-ba4050285477","email":"isabella.jackson@amerisave.com","message":"successfully handled skipped operation."},{"id":"717ab174-205b-4b87-8796-7644e3de5a65","email":"emma.thomas@me.com","message":"successfully parsed message, but message temporarily enqueued while system restarts."},{"id":"ded85cf6-fcf0-4d5f-bf30-befc4e4d6e27","email":"sarah.green@amerisave.com","message":"successfully handled skipped operation."},{"id":"e249afad-d8ae-4201-8193-680a4bf83bbf","email":"dylan.wilson@gmail.com","message":"successfully processed after 8372 milliseconds."},{"id":"18c86ca3-c628-4861-8ca6-1817f42cf759","email":"mia.perez@me.com","message":"successfully handled skipped operation."},{"id":"e508cf0b-fcd7-4ff9-bbaa-8b44a89ee5b6","email":"jackson.white@gmail.com","message":"failed to process due to datastore timeout of 30 seconds.  operation took 127 seconds."},{"id":"630bad97-ab6f-4884-8694-a39fd14c6a4d","email":"sophia.baker@dropbox.net","message":"failed to process due to network exception."},{"id":"2a6788fd-07f8-475f-99a4-f6900f3c00ea","email":"olivia.wright@gmail.com","message":"successfully parsed message, but message temporarily enqueued while system restarts."},{"id":"6040d565-81ba-46d4-9a4e-bbe2b86f70d4","email":"jackson.white@gmail.com","message":"successfully processed after 6802 milliseconds."},{"id":"15ccccab-62aa-43e4-b685-908d5d4b5091","email":"andrew.miller@gmail.com","message":"successfully handled skipped operation."},{"id":"bc182616-9e40-4e4d-bf2a-c776e3ae6d68","email":"grace.moore@gmail.com","message":"successfully processed after 3506 milliseconds."},{"id":"43e404ad-b673-4b4d-9fdf-5e43cd82b441","email":"logan.clark@dropbox.net","message":"successfully parsed message, but message temporarily enqueued while system restarts."},{"id":"9b73f828-3ea8-42d3-a6ef-7c713c038c95","email":"ethan.hernandez@microsoft.com","message":"failed to process due to network exception."},{"id":"da5ad748-c2c4-4d05-8902-6f0d48294f69","email":"mason.robinson@amerisave.com","message":"successfully parsed message, but message temporarily enqueued while system restarts."},{"id":"f3f4fcd9-d065-447c-b595-3b73008935da","email":"jacob.lopez@dropbox.net","message":"successfully parsed message, but message temporarily enqueued while system restarts."},{"id":"84ea87f4-6f0d-472a-a5d4-06f8129d4b2c","email":"logan.clark@dropbox.net","message":"successfully processed after 6945 milliseconds."},{"id":"d7d90f93-528f-4b53-a97b-46ea090cc881","email":"ava.davis@gmail.com","message":"successfully handled skipped operation."},{"id":"52cb2630-1292-4feb-b27c-e1e4d255f488","email":"jacob.lopez@dropbox.net","message":"successfully handled skipped operation."},{"id":"ab019da5-4a2d-45c8-9904-e9beb311236f","email":"aiden.johnson@microsoft.com","message":"successfully parsed message, but message temporarily enqueued while system restarts."},{"id":"b69bcad8-8234-487c-90e6-36069584c596","email":"nathan.young@microsoft.com","message":"successfully processed after 372 milliseconds."},{"id":"affd68d4-af89-43d7-abd3-be8f359e6981","email":"alyssa.jones@amerisave.com","message":"failed to process due to network exception."},{"id":"f66c024f-0510-4d9d-b423-cf4226542ada","email":"joshua.lee@gmail.com","message":"successfully parsed message, but message temporarily enqueued while system restarts."},{"id":"09b47cd0-2efb-45ef-8fc0-1da9b2e18615","email":"elizabeth.martinez@dropbox.net","message":"successfully processed after 4665 milliseconds."},{"id":"c08ef0b8-22ee-465a-b414-f0f1ddcfb811","email":"nicholas.allen@microsoft.com","message":"successfully processed after 6366 milliseconds."},{"id":"c3ce2134-e295-4ae9-8ed2-a6735faddf44","email":"madison.lewis@gmail.com","message":"successfully processed after 6758 milliseconds."},{"id":"56643f4c-7318-45c0-abdb-b2d0e734fa8c","email":"andrew.miller@gmail.com","message":"failed to process due to network exception."},{"id":"2084cb31-70f5-4619-89e8-3084530d8a54","email":"andrew.miller@gmail.com","message":"successfully handled skipped operation."},{"id":"045fa3b0-85d5-4584-b353-7efea81357a5","email":"lily.harris@gmail.com","message":"successfully handled skipped operation."},{"id":"de0c65d8-4b3a-4fa9-be7e-a021f508f88f","email":"andrew.miller@gmail.com","message":"successfully handled skipped operation."},{"id":"7ea6bdf0-3dfc-425b-9408-3d5d602f7fb9","email":"alexis.brown@microsoft.com","message":"failed to process due to network exception."},{"id":"67cc6322-3888-4444-9c7a-2756af6f49e8","email":"ava.davis@gmail.com","message":"successfully processed after 249 milliseconds."},{"id":"47ee7c6d-da22-446d-9fdd-60cc08c9e98b","email":"samantha.scott@me.com","message":"failed to process due to network exception."},{"id":"ea484fc8-ea59-4a02-a379-f80e43d6a80f","email":"ava.davis@gmail.com","message":"failed to process due to datastore timeout of 30 seconds.  operation took 44 seconds."},{"id":"c6e6edd2-1848-466f-ba00-fae23eaac2e8","email":"liam.gonzalez@me.com","message":"failed to process due to network exception."},{"id":"a544b345-504b-4098-af1c-acd652e11cd0","email":"jack.thompson@me.com","message":"successfully processed after 1625 milliseconds."},{"id":"fb320fa5-6390-4f7c-81ab-7d080ebb40ad","email":"mia.perez@me.com","message":"successfully handled skipped operation."},{"id":"c29bd578-bad3-44dd-9c3e-1db1cb0054f8","email":"olivia.wright@gmail.com","message":"failed to process due to network exception."},{"id":"f7cf9fd1-e03c-4a9a-a5ce-dea2c504cc95","email":"sophia.baker@dropbox.net","message":"failed to process due to datastore timeout of 30 seconds.  operation took 80 seconds."},{"id":"d26e3809-b6d7-4110-8574-774392ac03f2","email":"andrew.miller@gmail.com","message":"failed to process due to datastore timeout of 30 seconds.  operation took 110 seconds."},{"id":"f8459f3c-00e8-4f17-86b1-211ae30dd14b","email":"alexis.brown@microsoft.com","message":"successfully processed after 3049 milliseconds."},{"id":"9037bce3-283a-442a-be5d-339c459c9a63","email":"joshua.lee@gmail.com","message":"successfully processed after 7413 milliseconds."},{"id":"58bf2daf-3c8f-419a-a560-877d701ce7fb","email":"lily.harris@gmail.com","message":"successfully processed after 4720 milliseconds."},{"id":"2e0af144-60fc-4206-ac6a-67075f94e20b","email":"alexis.brown@microsoft.com","message":"failed to process due to datastore timeout of 30 seconds.  operation took 54 seconds."},{"id":"72abb739-92a2-428b-a11e-4c41c3ed4a22","email":"sophia.baker@dropbox.net","message":"successfully handled skipped operation."},{"id":"56f2e9a4-7929-4dd5-9241-125a7de371a0","email":"aiden.johnson@microsoft.com","message":"successfully processed after 8647 milliseconds."},{"id":"bbcd6fa9-d260-4372-b05e-20d89b4658a4","email":"jackson.white@gmail.com","message":"successfully parsed message, but message temporarily enqueued while system restarts."},{"id":"597a901c-716a-429d-baec-4d88b7a17326","email":"michael.hall@dropbox.net","message":"failed to process due to network exception."},{"id":"25c5d868-f305-4384-b7e7-a5785c53bf6f","email":"madison.lewis@gmail.com","message":"successfully handled skipped operation."},{"id":"7e80abee-fec7-4cb6-a964-1501effe3d18","email":"matthew.walker@amerisave.com","message":"successfully handled skipped operation."},{"id":"b6b53372-d8c8-4f49-96d9-940e0cd2a502","email":"elizabeth.martinez@dropbox.net","message":"failed to process due to network exception."},{"id":"b8487bd4-703e-4914-aaa5-d02061bc4511","email":"hannah.martin@dropbox.net","message":"failed to process due to network exception."},{"id":"f80d6539-b501-4715-b3ef-7175d39b0c7e","email":"emma.thomas@me.com","message":"successfully handled skipped operation."},{"id":"8aab23dd-b069-45b8-bb9c-1a551fff390b","email":"jack.thompson@me.com","message":"successfully processed after 6550 milliseconds."},{"id":"7d622f48-ad8c-4e0b-9339-6b090864318b","email":"ethan.hernandez@microsoft.com","message":"successfully handled skipped operation."},{"id":"05fa9918-56e2-488e-a6ae-fbfb6fe4a074","email":"grace.moore@gmail.com","message":"successfully parsed message, but message temporarily enqueued while system restarts."},{"id":"dba531bc-2304-466d-96ac-1aef1d188b0f","email":"alyssa.jones@amerisave.com","message":"failed to process due to network exception."},{"id":"4dbd6d3d-fb83-4a99-a0ee-dc592940c351","email":"alexis.brown@microsoft.com","message":"failed to process due to datastore timeout of 30 seconds.  operation took 126 seconds."},{"id":"0ca565f7-a50e-4ac0-aaa1-ef17612b6fcd","email":"michael.hall@dropbox.net","message":"failed to process due to datastore timeout of 30 seconds.  operation took 61 seconds."},{"id":"7b9c992f-41e6-483c-af9e-d008b970e9a2","email":"daniel.rodriguez@amerisave.com","message":"failed to process due to datastore timeout of 30 seconds.  operation took 87 seconds."},{"id":"e3c18d3d-ddd0-40c9-a373-44434d035369","email":"jackson.white@gmail.com","message":"successfully handled skipped operation."},{"id":"0a143fa4-6fbe-4c9a-b75c-454be6fdf22d","email":"matthew.walker@amerisave.com","message":"successfully parsed message, but message temporarily enqueued while system restarts."},{"id":"4fbcbefe-befb-408b-b075-2e6c3249a7fe","email":"emma.thomas@me.com","message":"failed to process due to network exception."},{"id":"1f726b9e-8c23-40cc-a418-937b97fdb1dd","email":"sophia.baker@dropbox.net","message":"successfully processed after 1480 milliseconds."},{"id":"b5e5978e-e491-467d-878c-984d736a9a19","email":"ryan.king@dropbox.net","message":"failed to process due to network exception."},{"id":"e60b3d67-bfe7-4894-b2bc-fe26e9362d79","email":"ava.davis@gmail.com","message":"successfully parsed message, but message temporarily enqueued while system restarts."},{"id":"8299ab50-9ca1-4150-8e6c-1445ffcf48be","email":"michael.hall@dropbox.net","message":"failed to process due to network exception."},{"id":"6ce14b13-bf33-4819-9c15-6bde613cbbcd","email":"alexis.brown@microsoft.com","message":"failed to process due to network exception."},{"id":"1b9cc600-9333-4ac5-8626-d63c7487a090","email":"mason.robinson@amerisave.com","message":"successfully handled skipped operation."},{"id":"e3e83f12-e1b5-49bd-9170-9f528e3fe72d","email":"abigail.smith@amerisave.com","message":"failed to process due to network exception."},{"id":"090c4e32-1ecf-4a83-b18f-fda770984bc7","email":"joshua.lee@gmail.com","message":"successfully parsed message, but message temporarily enqueued while system restarts."},{"id":"e9da222c-d863-4e93-b110-bfaad9e5fb5e","email":"jackson.white@gmail.com","message":"successfully handled skipped operation."},{"id":"0636276a-0936-43cc-93ef-12c94bcb90a0","email":"olivia.wright@gmail.com","message":"successfully handled skipped operation."},{"id":"651e11d9-0d07-44bf-a3dc-5e57d38227de","email":"alexis.brown@microsoft.com","message":"failed to process due to network exception."},{"id":"5ad3b23c-3907-4047-a8cc-843daa9fae2e","email":"abigail.smith@amerisave.com","message":"failed to process due to datastore timeout of 30 seconds.  operation took 74 seconds."},{"id":"2c8141b0-8ca9-4563-a166-6d96e9419ced","email":"ryan.king@dropbox.net","message":"successfully processed after 4167 milliseconds."},{"id":"e2000279-1af1-4d65-ab86-170bae6e03b6","email":"michael.hall@dropbox.net","message":"failed to process due to datastore timeout of 30 seconds.  operation took 64 seconds."},{"id":"78b0dc44-6ddf-45d1-991d-cee5cb28524a","email":"noah.sanchez@me.com","message":"successfully processed after 1362 milliseconds."},{"id":"f9b24c85-cbfb-4621-8093-e1d19de0b0e4","email":"liam.gonzalez@me.com","message":"successfully parsed message, but message temporarily enqueued while system restarts."},{"id":"35798846-6946-46a5-99fd-849813fb4c17","email":"matthew.walker@amerisave.com","message":"successfully handled skipped operation."},{"id":"e411e70a-695f-4a39-906f-158028c203b7","email":"noah.sanchez@me.com","message":"failed to process due to datastore timeout of 30 seconds.  operation took 127 seconds."},{"id":"e920af1f-5d61-4b78-b11c-35fb28d777f3","email":"grace.moore@gmail.com","message":"successfully processed after 2216 milliseconds."},{"id":"fe795ece-441d-4ed4-86b0-6e07171d8480","email":"nathan.young@microsoft.com","message":"successfully parsed message, but message temporarily enqueued while system restarts."},{"id":"eec3b6e6-9a57-46e1-af96-ceba6b55eae9","email":"liam.gonzalez@me.com","message":"successfully parsed message, but message temporarily enqueued while system restarts."},{"id":"8661b55a-74b0-44bd-aac7-1c44ba5de57b","email":"taylor.adams@gmail.com","message":"successfully handled skipped operation."},{"id":"65a5734f-c859-4cf7-8d64-96f950b2efdd","email":"olivia.wright@gmail.com","message":"successfully handled skipped operation."},{"id":"277ae3ea-f46e-4ebe-9d18-f51246519ea5","email":"hannah.martin@dropbox.net","message":"failed to process due to network exception."},{"id":"f9637ffe-1c5c-4656-a29f-95e65676406f","email":"mia.perez@me.com","message":"successfully parsed message, but message temporarily enqueued while system restarts."},{"id":"40a0be8a-a764-4431-9b6f-135f5f643b62","email":"ryan.king@dropbox.net","message":"successfully parsed message, but message temporarily enqueued while system restarts."},{"id":"eba342a6-edfe-4b61-ae19-cc0e56e163ba","email":"jack.thompson@me.com","message":"successfully handled skipped operation."},{"id":"4a659007-f97e-48dd-be74-2130122f0e98","email":"liam.gonzalez@me.com","message":"successfully parsed message, but message temporarily enqueued while system restarts."},{"id":"55e48f19-42e2-4798-b216-d15d022192c5","email":"dylan.wilson@gmail.com","message":"successfully handled skipped operation."},{"id":"5335ebf3-53c9-48c4-977b-6280f70eb3ec","email":"olivia.wright@gmail.com","message":"failed to process due to network exception."},{"id":"847f917b-fb2e-4292-b455-4b6575ebfde7","email":"tyler.nelson@microsoft.com","message":"successfully parsed message, but message temporarily enqueued while system restarts."},{"id":"0fea8da0-49a2-4789-829f-5538056bd31a","email":"emma.thomas@me.com","message":"successfully parsed message, but message temporarily enqueued while system restarts."},{"id":"7fbc77af-9c18-4bd3-ae3c-ffcf7dd0c888","email":"ella.anderson@dropbox.net","message":"successfully processed after 244 milliseconds."},{"id":"ada2b72c-896d-460a-9603-2f3a2c93f395","email":"abigail.smith@amerisave.com","message":"successfully handled skipped operation."},{"id":"15a352fd-9a6d-4fb3-b35b-206f2e95ac71","email":"aiden.johnson@microsoft.com","message":"successfully parsed message, but message temporarily enqueued while system restarts."},{"id":"5a0d0c5f-776f-4a5f-bfcf-aaf0a53f56f7","email":"abigail.smith@amerisave.com","message":"successfully parsed message, but message temporarily enqueued while system restarts."},{"id":"29fd15e0-994e-4fb5-b272-13ef9f5cb9d9","email":"matthew.walker@amerisave.com","message":"successfully processed after 8903 milliseconds."},{"id":"57ee657a-cac3-4f4a-8d4c-8e55e85d1653","email":"tyler.nelson@microsoft.com","message":"failed to process due to network exception."},{"id":"683cbb4f-3dee-43c5-a6fa-0896dae8e653","email":"alexis.brown@microsoft.com","message":"successfully handled skipped operation."},{"id":"07d79553-d557-4b10-8447-cf15afa03cd6","email":"mason.robinson@amerisave.com","message":"failed to process due to datastore timeout of 30 seconds.  operation took 70 seconds."},{"id":"fa4a6b0d-7042-4e7f-8f1e-7de3d2d7376b","email":"jacob.lopez@dropbox.net","message":"successfully handled skipped operation."},{"id":"94afe133-0951-4956-93cd-560d1108a9a5","email":"lily.harris@gmail.com","message":"successfully handled skipped operation."},{"id":"a3c12c9c-88b6-442f-b4e3-5a03cbcfb6eb","email":"joshua.lee@gmail.com","message":"failed to process due to datastore timeout of 30 seconds.  operation took 50 seconds."},{"id":"ff9530b9-d13e-4c0d-93cc-3c0ad39d4344","email":"abigail.smith@amerisave.com","message":"failed to process due to datastore timeout of 30 seconds.  operation took 127 seconds."},{"id":"579b9a01-633d-412b-9cf1-20096f1442a9","email":"samantha.scott@me.com","message":"successfully processed after 1286 milliseconds."},{"id":"3b8296d8-499a-42aa-88ae-de1e452402a0","email":"abigail.smith@amerisave.com","message":"successfully handled skipped operation."},{"id":"ea760051-d689-4eeb-81c6-fbcd38fc8073","email":"elizabeth.martinez@dropbox.net","message":"successfully parsed message, but message temporarily enqueued while system restarts."},{"id":"602f5c37-8fe7-4713-8110-8049eea85155","email":"ella.anderson@dropbox.net","message":"successfully parsed message, but message temporarily enqueued while system restarts."},{"id":"000bd7a3-fbb0-45ca-8613-76e98ee0daf2","email":"alexis.brown@microsoft.com","message":"failed to process due to network exception."},{"id":"0c56347e-0d62-4335-9c88-57eaa6300115","email":"ethan.hernandez@microsoft.com","message":"successfully parsed message, but message temporarily enqueued while system restarts."},{"id":"473028c8-2565-472b-9432-0980af85723a","email":"olivia.wright@gmail.com","message":"successfully processed after 2733 milliseconds."},{"id":"8e982b36-e1a8-45c5-bc62-c1c9c8680c22","email":"sarah.green@amerisave.com","message":"failed to process due to network exception."},{"id":"5f7eb6a6-27f6-4366-b983-7d3de8a4bd5f","email":"michael.hall@dropbox.net","message":"successfully processed after 6018 milliseconds."},{"id":"1f992b35-d496-45fc-a2c9-d8d1b6b96d4a","email":"alyssa.jones@amerisave.com","message":"successfully processed after 4666 milliseconds."},{"id":"3d087005-e209-4576-89d3-4b657532d7ff","email":"emma.thomas@me.com","message":"successfully processed after 6420 milliseconds."},{"id":"6f9aef4d-2804-459e-9f7c-16f6a61c3e91","email":"ethan.hernandez@microsoft.com","message":"failed to process due to network exception."},{"id":"9ad8aaf3-3870-4ceb-9a48-9a65ffb4b038","email":"emma.thomas@me.com","message":"successfully processed after 8906 milliseconds."},{"id":"23c061e8-32da-4650-af73-bafad2f5b815","email":"emily.taylor@gmail.com","message":"successfully handled skipped operation."},{"id":"ad5c891f-7934-46fc-a702-0d4aedb27ed6","email":"matthew.walker@amerisave.com","message":"failed to process due to datastore timeout of 30 seconds.  operation took 96 seconds."},{"id":"1a20cec9-5855-4b03-b802-7dda227937a0","email":"lily.harris@gmail.com","message":"failed to process due to network exception."},{"id":"b1c56d50-9ab9-47ec-abfb-8bd30b96468e","email":"sarah.green@amerisave.com","message":"failed to process due to datastore timeout of 30 seconds.  operation took 61 seconds."},{"id":"c99f0de5-e9fc-4c75-a3d5-27c0909923ac","email":"samantha.scott@me.com","message":"successfully parsed message, but message temporarily enqueued while system restarts."},{"id":"48e14704-8493-4a0a-b639-dafd3b331801","email":"sophia.baker@dropbox.net","message":"successfully parsed message, but message temporarily enqueued while system restarts."},{"id":"0fc2ce06-844a-4f42-aa93-6daaae09e4f4","email":"sarah.green@amerisave.com","message":"failed to process due to datastore timeout of 30 seconds.  operation took 116 seconds."},{"id":"41d4dbb8-2b6c-4792-a5f9-0d6efc26276c","email":"michael.hall@dropbox.net","message":"successfully handled skipped operation."},{"id":"e0fc53d8-f174-4568-b01b-ba73a4c9fd5d","email":"ava.davis@gmail.com","message":"successfully handled skipped operation."},{"id":"269d60e7-deb3-4552-810c-52a66a1b7110","email":"nathan.young@microsoft.com","message":"successfully processed after 658 milliseconds."},{"id":"f66162a6-9d3e-44f8-a1cb-38ecb3ec9922","email":"mia.perez@me.com","message":"failed to process due to network exception."},{"id":"12706e46-3ec8-4e8a-ac46-61ff8c605a30","email":"jackson.white@gmail.com","message":"successfully processed after 2396 milliseconds."},{"id":"14417df8-5c53-4d0d-800f-ba83cda1164f","email":"jacob.lopez@dropbox.net","message":"failed to process due to datastore timeout of 30 seconds.  operation took 93 seconds."},{"id":"db8d5d3f-8ebf-47f9-98ff-81b689bf3c6f","email":"liam.gonzalez@me.com","message":"successfully handled skipped operation."},{"id":"34772ca6-9ac1-4734-8824-fa6980d8d466","email":"madison.lewis@gmail.com","message":"successfully processed after 5859 milliseconds."},{"id":"252600de-2580-4d44-beb7-54b80e803d9b","email":"alexis.brown@microsoft.com","message":"successfully processed after 2790 milliseconds."},{"id":"e0cdac5a-565b-44ba-83de-87aa0844cff2","email":"grace.moore@gmail.com","message":"successfully processed after 6796 milliseconds."},{"id":"8cefb037-7098-4880-b6f7-03d1021d3ac6","email":"sarah.green@amerisave.com","message":"successfully processed after 2040 milliseconds."},{"id":"545b4225-6f83-4039-8b56-11e7a98aaaa5","email":"madison.lewis@gmail.com","message":"failed to process due to network exception."},{"id":"2d2d3652-f103-46fa-8830-719f35917faf","email":"madison.lewis@gmail.com","message":"successfully handled skipped operation."},{"id":"173ed9b4-f57b-4687-a513-5facb55c03d5","email":"mason.robinson@amerisave.com","message":"failed to process due to datastore timeout of 30 seconds.  operation took 66 seconds."},{"id":"b3bc8a40-35bb-47d8-ab76-61d19acbfcf7","email":"isabella.jackson@amerisave.com","message":"successfully handled skipped operation."},{"id":"d3234be9-45d7-4343-b4e1-595c2b2c290f","email":"andrew.miller@gmail.com","message":"successfully processed after 1343 milliseconds."},{"id":"546645a6-a025-455b-9339-4c518d889514","email":"nicholas.allen@microsoft.com","message":"successfully handled skipped operation."},{"id":"a30b3f9b-d706-4aae-8395-9364c1f24ed0","email":"daniel.rodriguez@amerisave.com","message":"successfully handled skipped operation."},{"id":"ef1c2c37-f3fa-4963-b194-c6f61f5fc00e","email":"alexis.brown@microsoft.com","message":"successfully handled skipped operation."},{"id":"93ca6c97-9d29-423d-b4df-61749465fa69","email":"ethan.hernandez@microsoft.com","message":"failed to process due to datastore timeout of 30 seconds.  operation took 130 seconds."},{"id":"c826e97b-0607-457f-aabd-eb5342176335","email":"lily.harris@gmail.com","message":"successfully processed after 8367 milliseconds."},{"id":"f91d6090-4ef5-419c-8025-d3d8269af78d","email":"jack.thompson@me.com","message":"successfully processed after 3571 milliseconds."},{"id":"860ffb19-4866-4abe-ac57-e09e781504eb","email":"ella.anderson@dropbox.net","message":"failed to process due to network exception."},{"id":"36e3a430-46ed-4ba5-978c-5190347ef63e","email":"grace.moore@gmail.com","message":"successfully handled skipped operation."},{"id":"846d457b-2a5e-44dd-b888-89beb9fef44b","email":"ethan.hernandez@microsoft.com","message":"successfully processed after 6523 milliseconds."},{"id":"b64ae19e-de57-405d-95b5-aa2a7703e175","email":"logan.clark@dropbox.net","message":"successfully handled skipped operation."},{"id":"a769c3f4-a22e-431b-a438-7a0861e43f24","email":"mason.robinson@amerisave.com","message":"failed to process due to datastore timeout of 30 seconds.  operation took 56 seconds."},{"id":"3c44612a-6cde-4b19-9a8f-525670a3bf9c","email":"aiden.johnson@microsoft.com","message":"failed to process due to network exception."},{"id":"aa558c29-3a7f-4cd9-b46e-c1449124086b","email":"grace.moore@gmail.com","message":"successfully handled skipped operation."},{"id":"01a85272-e14f-40e0-909b-f1a808914f74","email":"matthew.walker@amerisave.com","message":"successfully handled skipped operation."},{"id":"c64fe09b-02f4-4302-8d50-f4b83e9a4523","email":"joshua.lee@gmail.com","message":"failed to process due to datastore timeout of 30 seconds.  operation took 33 seconds."},{"id":"910e3bbd-9abf-433a-918a-9ec69b4e2c28","email":"chloe.garcia@dropbox.net","message":"failed to process due to network exception."},{"id":"d31e522a-d423-46ba-9827-fdf0ed402a70","email":"liam.gonzalez@me.com","message":"successfully parsed message, but message temporarily enqueued while system restarts."},{"id":"3ca5b701-195b-48c7-a3bd-918a1387a51c","email":"ryan.king@dropbox.net","message":"successfully handled skipped operation."},{"id":"96afcd50-6c7f-4773-b38d-e9cf67737ff2","email":"samantha.scott@me.com","message":"successfully handled skipped operation."},{"id":"3bfa0a3c-37ff-4aef-b461-ae82208c9e2b","email":"liam.gonzalez@me.com","message":"successfully processed after 7259 milliseconds."},{"id":"7a24da97-8cb8-4d21-923e-6830bb47f0fd","email":"taylor.adams@gmail.com","message":"successfully processed after 9719 milliseconds."},{"id":"be34bbcb-cac8-4be5-844a-3aa14f76f54e","email":"alexis.brown@microsoft.com","message":"successfully processed after 4479 milliseconds."},{"id":"d114a365-d87b-4d4d-81d2-55f62cae2896","email":"nicholas.allen@microsoft.com","message":"successfully parsed message, but message temporarily enqueued while system restarts."},{"id":"cc5c1cd5-514b-4a4f-980d-c2b38c1ef55a","email":"logan.clark@dropbox.net","message":"failed to process due to network exception."},{"id":"5aa7ff2f-84ca-4542-af0d-2bc0cd7e8f7f","email":"mason.robinson@amerisave.com","message":"failed to process due to datastore timeout of 30 seconds.  operation took 85 seconds."},{"id":"13abde3b-0bc4-44bc-9d29-5fd28ea999b8","email":"noah.sanchez@me.com","message":"failed to process due to datastore timeout of 30 seconds.  operation took 35 seconds."},{"id":"44eadd0a-d8fe-4ebd-b93e-580b6f4e1744","email":"alyssa.jones@amerisave.com","message":"successfully processed after 5208 milliseconds."},{"id":"7cb8dddc-a090-4c5e-b961-5e945bf8c0b8","email":"logan.clark@dropbox.net","message":"successfully handled skipped operation."},{"id":"9a89de19-02c3-4f5d-8074-44463dd619d2","email":"nicholas.allen@microsoft.com","message":"successfully handled skipped operation."},{"id":"47958732-4a9a-4bd6-bfba-4ba1cd2a542c","email":"alexis.brown@microsoft.com","message":"failed to process due to network exception."},{"id":"7a72a24d-c5a0-49f1-8cad-da093effa8e5","email":"joshua.lee@gmail.com","message":"successfully parsed message, but message temporarily enqueued while system restarts."},{"id":"b780932b-0292-4590-835d-32c3fb9e6f30","email":"abigail.smith@amerisave.com","message":"failed to process due to datastore timeout of 30 seconds.  operation took 118 seconds."},{"id":"369b6f10-f32b-4cba-939f-1709e6f6178f","email":"noah.sanchez@me.com","message":"successfully handled skipped operation."},{"id":"e4b04961-67fd-475d-807b-408b3baf5738","email":"alexander.williams@gmail.com","message":"successfully handled skipped operation."},{"id":"7689ac43-29d6-4c8d-8434-983510287cac","email":"hannah.martin@dropbox.net","message":"successfully processed after 3240 milliseconds."},{"id":"46a55337-f493-4a3c-8b8c-11c74a9c1c4c","email":"joshua.lee@gmail.com","message":"failed to process due to network exception."},{"id":"6d8b9da7-86c7-4dc6-8929-7340b4c4d78b","email":"sarah.green@amerisave.com","message":"failed to process due to network exception."},{"id":"636768ae-482d-4274-97de-af29b306c0dd","email":"olivia.wright@gmail.com","message":"failed to process due to network exception."},{"id":"65eef672-9589-4ef8-a38c-0a7f6a8c7693","email":"emily.taylor@gmail.com","message":"successfully parsed message, but message temporarily enqueued while system restarts."},{"id":"98a1545a-a81f-4db3-b747-58489dd6f202","email":"emma.thomas@me.com","message":"successfully parsed message, but message temporarily enqueued while system restarts."},{"id":"0a3a52dc-385e-40f4-9ef6-345c50d9f356","email":"chloe.garcia@dropbox.net","message":"successfully handled skipped operation."},{"id":"23b8fd6c-be87-49f2-b3d3-1ad1cfd03bc6","email":"grace.moore@gmail.com","message":"failed to process due to network exception."},{"id":"4000b16d-36ac-48f6-9966-d5970fb88a64","email":"lily.harris@gmail.com","message":"successfully parsed message, but message temporarily enqueued while system restarts."},{"id":"f8e7ea0e-339e-4d85-8050-cdb89b49105e","email":"ava.davis@gmail.com","message":"failed to process due to network exception."},{"id":"d57f978b-ac7f-4c80-b152-28f9e8e2ec23","email":"ryan.king@dropbox.net","message":"successfully parsed message, but message temporarily enqueued while system restarts."},{"id":"5a41a442-dc25-4b7f-9bc5-615c266c251d","email":"mia.perez@me.com","message":"successfully handled skipped operation."},{"id":"2b661acf-7418-4856-8cdf-ed34eecfb152","email":"ethan.hernandez@microsoft.com","message":"successfully handled skipped operation."},{"id":"e979d849-a529-471c-b80d-901bff5d8ff5","email":"olivia.wright@gmail.com","message":"successfully processed after 1249 milliseconds."},{"id":"acff0e52-17eb-48bc-8c45-c0f566d41908","email":"samantha.scott@me.com","message":"successfully parsed message, but message temporarily enqueued while system restarts."},{"id":"8f558794-b796-4bae-9d5e-896fa6b4d696","email":"ethan.hernandez@microsoft.com","message":"successfully parsed message, but message temporarily enqueued while system restarts."},{"id":"4f07abd5-a8fd-4361-bae6-b8d6b614f631","email":"ethan.hernandez@microsoft.com","message":"failed to process due to network exception."},{"id":"a1f7a190-478d-4905-bef4-1e59e4750528","email":"noah.sanchez@me.com","message":"successfully handled skipped operation."},{"id":"6a712f18-3d23-4ea4-9bbd-443dcd2a32db","email":"joshua.lee@gmail.com","message":"failed to process due to network exception."},{"id":"5b078865-4aad-4252-86a9-b1d1750964cf","email":"dylan.wilson@gmail.com","message":"successfully handled skipped operation."},{"id":"29ab29c1-36c9-4e42-a280-eafb7bfcfb92","email":"tyler.nelson@microsoft.com","message":"successfully processed after 4135 milliseconds."},{"id":"22fee0c0-5019-4e74-92ef-b0c3c1a39fbe","email":"dylan.wilson@gmail.com","message":"successfully handled skipped operation."},{"id":"2c86dc51-4a12-4f40-a2fe-fefa76312be3","email":"noah.sanchez@me.com","message":"successfully parsed message, but message temporarily enqueued while system restarts."},{"id":"3399b566-4796-49c9-ad51-582e5c6ed011","email":"mason.robinson@amerisave.com","message":"successfully handled skipped operation."},{"id":"475db2b9-ec02-4ace-925d-3611b7b86ff6","email":"madison.lewis@gmail.com","message":"failed to process due to datastore timeout of 30 seconds.  operation took 84 seconds."},{"id":"045a56eb-90d9-4ea2-97dd-f5d9d8c01c97","email":"lily.harris@gmail.com","message":"failed to process due to datastore timeout of 30 seconds.  operation took 112 seconds."},{"id":"9356ada6-043e-47b1-b643-90a3c7ebae36","email":"jack.thompson@me.com","message":"successfully handled skipped operation."},{"id":"d13d26d1-08c2-4d5f-b038-717803ee76aa","email":"logan.clark@dropbox.net","message":"successfully processed after 7032 milliseconds."},{"id":"83007b0b-5008-49b9-9d02-19bd77bb06ef","email":"taylor.adams@gmail.com","message":"successfully handled skipped operation."},{"id":"1899420e-6df7-42e1-903b-687d070f680b","email":"tyler.nelson@microsoft.com","message":"successfully parsed message, but message temporarily enqueued while system restarts."},{"id":"0faa4509-7e61-42b8-9135-bb3a5084a475","email":"madison.lewis@gmail.com","message":"successfully parsed message, but message temporarily enqueued while system restarts."},{"id":"c5b87c23-54b8-4e26-9100-a32de180b37f","email":"grace.moore@gmail.com","message":"failed to process due to datastore timeout of 30 seconds.  operation took 119 seconds."},{"id":"7a153870-af8e-476b-8425-8deb81d1cc59","email":"olivia.wright@gmail.com","message":"failed to process due to datastore timeout of 30 seconds.  operation took 120 seconds."},{"id":"ede5bca8-ce45-403a-8fca-3b00bb2a4692","email":"alexis.brown@microsoft.com","message":"failed to process due to network exception."},{"id":"2aa6494e-9ba5-4116-8f8f-5acbae18f8e6","email":"olivia.wright@gmail.com","message":"successfully handled skipped operation."},{"id":"4422ec36-6b05-44c1-ab14-475f63d955a4","email":"mia.perez@me.com","message":"successfully processed after 6283 milliseconds."},{"id":"a3c36e5e-8ca3-4282-9495-e459bfded017","email":"ethan.hernandez@microsoft.com","message":"failed to process due to network exception."},{"id":"95758c74-7f8c-417e-bc0e-175b4e1991ce","email":"emily.taylor@gmail.com","message":"successfully parsed message, but message temporarily enqueued while system restarts."},{"id":"69375cab-8867-4bd5-ba0e-06eb31f5061e","email":"dylan.wilson@gmail.com","message":"successfully processed after 5692 milliseconds."},{"id":"d8355d43-ec32-41ed-8374-eb680443ea27","email":"logan.clark@dropbox.net","message":"successfully handled skipped operation."},{"id":"fb281eb5-1651-40e5-a05f-f2ee8464167e","email":"emma.thomas@me.com","message":"failed to process due to network exception."},{"id":"6046670b-66df-4f84-8cec-2fe6f465b0e3","email":"sophia.baker@dropbox.net","message":"successfully parsed message, but message temporarily enqueued while system restarts."},{"id":"ea3bdfa4-ef57-4985-aafb-4be6b3b513e9","email":"nicholas.allen@microsoft.com","message":"successfully handled skipped operation."},{"id":"33a6a53c-20e2-43c1-aa01-6dfce886b3bd","email":"logan.clark@dropbox.net","message":"failed to process due to network exception."},{"id":"f7ddc65c-960c-47c2-8379-1da8bc31741d","email":"nicholas.allen@microsoft.com","message":"successfully parsed message, but message temporarily enqueued while system restarts."},{"id":"f9c68957-a371-414a-baf4-f602a85cfbd3","email":"olivia.wright@gmail.com","message":"successfully processed after 7810 milliseconds."},{"id":"8fa680d8-8d6f-4c8e-86f3-497fd3477b0c","email":"noah.sanchez@me.com","message":"successfully processed after 1710 milliseconds."},{"id":"d5686237-8f5f-4033-97a2-a73db534ca70","email":"lily.harris@gmail.com","message":"failed to process due to datastore timeout of 30 seconds.  operation took 127 seconds."},{"id":"c06d5eb6-6bf8-4a14-9ec5-a03bb5619174","email":"samantha.scott@me.com","message":"successfully parsed message, but message temporarily enqueued while system restarts."},{"id":"c2c61fad-082c-4b52-b9cd-e22cd7a568c6","email":"grace.moore@gmail.com","message":"successfully processed after 5932 milliseconds."},{"id":"5721e1f8-7443-4dd3-b1c1-93dff84f1301","email":"grace.moore@gmail.com","message":"failed to process due to datastore timeout of 30 seconds.  operation took 122 seconds."},{"id":"8e37a7e7-adfa-4321-9c8b-83e573fbb983","email":"alexis.brown@microsoft.com","message":"successfully parsed message, but message temporarily enqueued while system restarts."},{"id":"8511823b-f3d6-47c2-b09d-b37e6ae6f683","email":"alexis.brown@microsoft.com","message":"successfully handled skipped operation."},{"id":"1daba978-6eb7-41bb-a388-9009757b97d6","email":"samantha.scott@me.com","message":"successfully processed after 2545 milliseconds."},{"id":"da04db4b-e110-4d94-b85c-d5515f13b2dd","email":"grace.moore@gmail.com","message":"failed to process due to datastore timeout of 30 seconds.  operation took 60 seconds."},{"id":"65739dbf-eec5-4396-958a-bc8f668f1b81","email":"sophia.baker@dropbox.net","message":"successfully handled skipped operation."},{"id":"96df2e00-9083-440e-85f1-a99856af0bff","email":"grace.moore@gmail.com","message":"successfully handled skipped operation."},{"id":"ca58f84a-8cf5-4f5a-acc7-72cbb0bdf012","email":"matthew.walker@amerisave.com","message":"successfully processed after 9477 milliseconds."},{"id":"bd09f9b9-77a8-4009-8210-62112ed1e82a","email":"alyssa.jones@amerisave.com","message":"failed to process due to network exception."},{"id":"57d81d91-c9c1-41f9-9230-7829f78330f6","email":"elizabeth.martinez@dropbox.net","message":"failed to process due to datastore timeout of 30 seconds.  operation took 76 seconds."},{"id":"bb97a3b0-d227-4982-88bb-9d4460b7b02e","email":"emma.thomas@me.com","message":"successfully parsed message, but message temporarily enqueued while system restarts."},{"id":"7712d6cb-a77c-403c-be57-187f24e20022","email":"ryan.king@dropbox.net","message":"successfully parsed message, but message temporarily enqueued while system restarts."},{"id":"e271f951-b7da-41c6-bab0-85e83340123a","email":"taylor.adams@gmail.com","message":"failed to process due to network exception."},{"id":"5dbefca3-b007-43b1-bb51-bc68c348e712","email":"nicholas.allen@microsoft.com","message":"failed to process due to datastore timeout of 30 seconds.  operation took 81 seconds."},{"id":"e039900e-1cc4-415d-897f-e6390657f57a","email":"madison.lewis@gmail.com","message":"failed to process due to network exception."},{"id":"d50de7d4-afd3-4688-bc51-e7090a6e2f55","email":"daniel.rodriguez@amerisave.com","message":"successfully processed after 481 milliseconds."},{"id":"05a69c31-f77e-4647-a8da-2c18b99bd87e","email":"logan.clark@dropbox.net","message":"failed to process due to network exception."},{"id":"312dc793-4624-44e8-85eb-af3d884d4a1c","email":"olivia.wright@gmail.com","message":"failed to process due to datastore timeout of 30 seconds.  operation took 125 seconds."},{"id":"4554a97a-4622-49dd-a6b0-7cba1397c38b","email":"daniel.rodriguez@amerisave.com","message":"successfully processed after 9678 milliseconds."},{"id":"5653a954-b7c4-4f8c-99cb-986ceaea1df6","email":"joshua.lee@gmail.com","message":"successfully processed after 100 milliseconds."},{"id":"3fe30b6d-5e30-4f13-a0ea-e73299168190","email":"samantha.scott@me.com","message":"successfully parsed message, but message temporarily enqueued while system restarts."},{"id":"8aeef576-55eb-4c3c-8d50-e27f8ee8af6a","email":"ava.davis@gmail.com","message":"successfully processed after 1947 milliseconds."},{"id":"c58c063b-63db-444b-afd8-03d02dea4eae","email":"matthew.walker@amerisave.com","message":"failed to process due to datastore timeout of 30 seconds.  operation took 51 seconds."},{"id":"cfedda26-58ef-42b5-a18a-b718f5dfc176","email":"mason.robinson@amerisave.com","message":"successfully parsed message, but message temporarily enqueued while system restarts."},{"id":"22decd04-9772-4b09-8b03-bc34041168fc","email":"nathan.young@microsoft.com","message":"successfully handled skipped operation."},{"id":"c65b36f2-250c-459a-a977-d0330bb15edf","email":"dylan.wilson@gmail.com","message":"successfully processed after 4422 milliseconds."},{"id":"c33cbdd3-de15-4727-af18-82ea3029f859","email":"jacob.lopez@dropbox.net","message":"failed to process due to network exception."},{"id":"8885e618-a040-451d-ab75-5a3de594915f","email":"andrew.miller@gmail.com","message":"successfully parsed message, but message temporarily enqueued while system restarts."},{"id":"4a8115f6-cd18-4e97-beaf-07c3503b62a8","email":"jacob.lopez@dropbox.net","message":"successfully parsed message, but message temporarily enqueued while system restarts."},{"id":"eb2290f8-ac03-47fd-8d4a-8ae875b6358f","email":"mason.robinson@amerisave.com","message":"successfully parsed message, but message temporarily enqueued while system restarts."},{"id":"8c0ea14f-59da-472b-bdb9-016d25592510","email":"alexis.brown@microsoft.com","message":"successfully processed after 6573 milliseconds."},{"id":"708d88d0-ecea-49fc-bc83-774e366356c5","email":"daniel.rodriguez@amerisave.com","message":"successfully handled skipped operation."},{"id":"d57d4f73-2fee-45ce-ab57-f38c7bf1c974","email":"isabella.jackson@amerisave.com","message":"failed to process due to datastore timeout of 30 seconds.  operation took 85 seconds."},{"id":"c2c1f3f6-4564-4cf8-8c38-0d0afabed2f7","email":"madison.lewis@gmail.com","message":"successfully parsed message, but message temporarily enqueued while system restarts."},{"id":"34a107e0-2e75-4bd9-815b-f85ef73e97ff","email":"hannah.martin@dropbox.net","message":"failed to process due to network exception."},{"id":"b1452d43-5dd9-4335-9d5d-2a57d2aa3a7d","email":"sarah.green@amerisave.com","message":"failed to process due to datastore timeout of 30 seconds.  operation took 88 seconds."},{"id":"efa5ce2a-e640-4704-b783-af70cf60cee1","email":"alexander.williams@gmail.com","message":"successfully processed after 4179 milliseconds."},{"id":"4362ddfe-83ee-4b78-9041-0040243fa851","email":"abigail.smith@amerisave.com","message":"successfully processed after 7067 milliseconds."},{"id":"6f66d841-8e56-434e-9563-2d315700ecaa","email":"jack.thompson@me.com","message":"failed to process due to network exception."},{"id":"e0043138-82d0-477b-acb6-849e3e48c03d","email":"nathan.young@microsoft.com","message":"failed to process due to network exception."},{"id":"9689653f-f642-42ac-8edc-89429d2e9864","email":"lily.harris@gmail.com","message":"failed to process due to network exception."},{"id":"cc61eb9c-65ac-47c0-ad6e-7e978eebb505","email":"michael.hall@dropbox.net","message":"successfully processed after 6168 milliseconds."},{"id":"a656d098-1824-4d66-b8eb-9171edec5b4b","email":"taylor.adams@gmail.com","message":"successfully parsed message, but message temporarily enqueued while system restarts."},{"id":"d54d2536-a61a-4d22-a1da-d47d05d4bc66","email":"nathan.young@microsoft.com","message":"failed to process due to datastore timeout of 30 seconds.  operation took 115 seconds."},{"id":"b82f2c52-d134-443d-a43f-a1c6f5e4e154","email":"taylor.adams@gmail.com","message":"successfully handled skipped operation."},{"id":"f2844d9c-fb7b-4194-9acd-85eedf52f8d1","email":"dylan.wilson@gmail.com","message":"failed to process due to datastore timeout of 30 seconds.  operation took 51 seconds."},{"id":"81147fc3-2641-4242-ad9b-f3eccbbfe9a2","email":"emily.taylor@gmail.com","message":"successfully handled skipped operation."},{"id":"a85eab87-a1b6-447b-974b-0d0132ed5ddc","email":"ryan.king@dropbox.net","message":"successfully handled skipped operation."},{"id":"06f0ae81-8ca2-4bb9-9c0d-fac5a4e5a111","email":"alyssa.jones@amerisave.com","message":"successfully parsed message, but message temporarily enqueued while system restarts."},{"id":"e13b1f38-9692-438b-a8c5-8cb6f4a752d9","email":"alexis.brown@microsoft.com","message":"failed to process due to datastore timeout of 30 seconds.  operation took 98 seconds."},{"id":"01ad0885-7e87-4090-ab29-0c98fb6dcda6","email":"dylan.wilson@gmail.com","message":"successfully handled skipped operation."},{"id":"2c17aa0d-8629-4906-b836-69ed6f45c08b","email":"chloe.garcia@dropbox.net","message":"failed to process due to datastore timeout of 30 seconds.  operation took 100 seconds."},{"id":"da5495ec-f1ec-480a-9271-467c93406c30","email":"michael.hall@dropbox.net","message":"failed to process due to datastore timeout of 30 seconds.  operation took 71 seconds."},{"id":"aeef5b91-f0b2-40b4-abb3-2c3d4315c182","email":"ava.davis@gmail.com","message":"failed to process due to datastore timeout of 30 seconds.  operation took 116 seconds."},{"id":"ab3013e6-a69c-4447-8ddb-8dc750673268","email":"ava.davis@gmail.com","message":"failed to process due to network exception."},{"id":"4d203fc3-b28b-48ef-b39d-ce346b03de57","email":"tyler.nelson@microsoft.com","message":"successfully parsed message, but message temporarily enqueued while system restarts."},{"id":"7a407820-d9ce-4d7b-b316-06f2c13bd6bf","email":"joshua.lee@gmail.com","message":"successfully parsed message, but message temporarily enqueued while system restarts."},{"id":"d8402093-a63f-422c-bae3-91244c19c519","email":"lily.harris@gmail.com","message":"failed to process due to datastore timeout of 30 seconds.  operation took 72 seconds."},{"id":"ced23193-3965-430e-b32e-2adb7f7667f6","email":"alyssa.jones@amerisave.com","message":"successfully parsed message, but message temporarily enqueued while system restarts."},{"id":"159c9898-2b20-4895-824d-055184486077","email":"liam.gonzalez@me.com","message":"successfully parsed message, but message temporarily enqueued while system restarts."},{"id":"3454d81a-20bb-42fe-b193-af24c317ec17","email":"nathan.young@microsoft.com","message":"successfully handled skipped operation."},{"id":"8607da07-3cad-47a0-abdf-0f9f7bffc3d3","email":"aiden.johnson@microsoft.com","message":"failed to process due to network exception."},{"id":"b1652064-77fe-4816-a246-98316301d925","email":"daniel.rodriguez@amerisave.com","message":"successfully handled skipped operation."},{"id":"cd59433f-0f12-4fe6-b71b-fecc1b8d6beb","email":"noah.sanchez@me.com","message":"successfully processed after 5996 milliseconds."},{"id":"8f99c6b7-5f00-4611-ada0-f6451826fa74","email":"ethan.hernandez@microsoft.com","message":"failed to process due to datastore timeout of 30 seconds.  operation took 78 seconds."},{"id":"d07fd4cf-9f9f-45d1-bab8-4cba7fcda6e1","email":"taylor.adams@gmail.com","message":"failed to process due to network exception."},{"id":"ffbd4f67-f6c9-45d3-839d-2a08270c63c5","email":"lily.harris@gmail.com","message":"successfully processed after 162 milliseconds."},{"id":"25ea0175-a852-409c-80dd-1e2af24a8412","email":"jack.thompson@me.com","message":"successfully handled skipped operation."},{"id":"819eff5f-8278-44d3-bf8a-3365db452105","email":"logan.clark@dropbox.net","message":"failed to process due to network exception."},{"id":"4c08cf4c-4d55-4ad6-bce7-03d0e16fcc6d","email":"mason.robinson@amerisave.com","message":"successfully handled skipped operation."},{"id":"b4d62eac-331d-4522-8921-a81871a44e1a","email":"ethan.hernandez@microsoft.com","message":"successfully parsed message, but message temporarily enqueued while system restarts."},{"id":"ba761a1d-5093-47fe-97b1-acbedb2c0e85","email":"nicholas.allen@microsoft.com","message":"successfully processed after 3013 milliseconds."},{"id":"cd41f3d1-edb3-4d78-ac7a-87744a15b4cd","email":"nicholas.allen@microsoft.com","message":"successfully processed after 2749 milliseconds."},{"id":"caceff3e-e279-430e-8506-1160f8c9f397","email":"dylan.wilson@gmail.com","message":"successfully handled skipped operation."},{"id":"4fc2d731-0d0f-4cd6-acbb-64d7583f16bc","email":"hannah.martin@dropbox.net","message":"successfully processed after 9469 milliseconds."},{"id":"74065d2e-1319-43d4-a12b-7340c41fd08c","email":"grace.moore@gmail.com","message":"failed to process due to datastore timeout of 30 seconds.  operation took 41 seconds."},{"id":"17868c15-d134-467c-a8c7-a261db0794d1","email":"hannah.martin@dropbox.net","message":"successfully handled skipped operation."},{"id":"ec78fa8a-957f-4a5e-b9a0-040f5aeedd00","email":"dylan.wilson@gmail.com","message":"successfully processed after 1459 milliseconds."},{"id":"8401f831-e5ed-47cb-ba78-6fda3ddd1796","email":"abigail.smith@amerisave.com","message":"failed to process due to network exception."},{"id":"f844a63d-f1b8-4705-b4b0-e4b27394aaaa","email":"ella.anderson@dropbox.net","message":"failed to process due to network exception."},{"id":"1007b570-a2d2-456e-8c45-a1983ab90732","email":"daniel.rodriguez@amerisave.com","message":"successfully processed after 9465 milliseconds."},{"id":"69dabefc-c0d6-4cdb-97bb-9d4750bc01d2","email":"madison.lewis@gmail.com","message":"successfully parsed message, but message temporarily enqueued while system restarts."},{"id":"86a17a82-b647-421e-aee7-766960bfbb0c","email":"mason.robinson@amerisave.com","message":"successfully processed after 3632 milliseconds."},{"id":"2b1d99db-3e17-4b83-957b-4b8cba26579f","email":"daniel.rodriguez@amerisave.com","message":"failed to process due to network exception."},{"id":"28a2677a-45fd-4e5c-b126-a68d49343ce1","email":"madison.lewis@gmail.com","message":"failed to process due to network exception."},{"id":"90fd30fb-5413-4edb-be83-6e1f8949b9b8","email":"ethan.hernandez@microsoft.com","message":"successfully parsed message, but message temporarily enqueued while system restarts."},{"id":"b6f8ed9c-f85d-4ea4-b259-004199387ad3","email":"elizabeth.martinez@dropbox.net","message":"successfully processed after 3726 milliseconds."},{"id":"d27dd77b-bc49-4767-bee7-fe0909e55a03","email":"jacob.lopez@dropbox.net","message":"failed to process due to datastore timeout of 30 seconds.  operation took 94 seconds."},{"id":"fbcbc749-fdbd-410f-9e6f-a5c535edfff0","email":"liam.gonzalez@me.com","message":"failed to process due to network exception."},{"id":"1f2b41a3-49f9-4bc4-bf76-6788a018a865","email":"dylan.wilson@gmail.com","message":"successfully processed after 1858 milliseconds."},{"id":"10ddc99f-c6da-4e56-9b74-172caae01cac","email":"mia.perez@me.com","message":"successfully handled skipped operation."},{"id":"da7fb2a4-7fef-4226-afd9-385b2154e273","email":"alyssa.jones@amerisave.com","message":"successfully parsed message, but message temporarily enqueued while system restarts."},{"id":"14520eab-04b1-46ab-a7c7-6343a2cbe13e","email":"noah.sanchez@me.com","message":"failed to process due to network exception."},{"id":"7d6a71e5-a261-4632-8d6f-2b8aeeed5734","email":"sarah.green@amerisave.com","message":"successfully handled skipped operation."},{"id":"23b2081b-a4d6-41ec-869f-4203e3b95ef1","email":"mason.robinson@amerisave.com","message":"successfully parsed message, but message temporarily enqueued while system restarts."},{"id":"8792b083-a847-4ab7-a2de-ab682c4c7d63","email":"nicholas.allen@microsoft.com","message":"successfully parsed message, but message temporarily enqueued while system restarts."},{"id":"1325f760-bc97-4391-8bfd-7cc17c6effd7","email":"jacob.lopez@dropbox.net","message":"successfully parsed message, but message temporarily enqueued while system restarts."},{"id":"3c4453ef-f9f9-41e8-ac37-a8f719eeb2e9","email":"hannah.martin@dropbox.net","message":"successfully parsed message, but message temporarily enqueued while system restarts."},{"id":"818fbe85-0941-473e-8a7e-3645ead42c18","email":"ava.davis@gmail.com","message":"failed to process due to network exception."},{"id":"8b4f5f0a-26f8-480d-8d08-0efad75208bf","email":"ethan.hernandez@microsoft.com","message":"failed to process due to network exception."},{"id":"50c2c528-518f-4f53-84d3-9b35f13c0467","email":"mason.robinson@amerisave.com","message":"failed to process due to datastore timeout of 30 seconds.  operation took 35 seconds."},{"id":"34f724dd-e9e7-487a-ac53-6b81cebe059d","email":"mia.perez@me.com","message":"successfully processed after 8287 milliseconds."},{"id":"72b47e33-c2de-406a-a16d-6f1847adff64","email":"michael.hall@dropbox.net","message":"successfully handled skipped operation."},{"id":"e8f3ec8c-3b5d-4ab8-8c12-08505dded379","email":"grace.moore@gmail.com","message":"failed to process due to network exception."},{"id":"e0fafe2f-1760-4369-891c-c58f9f062cca","email":"andrew.miller@gmail.com","message":"successfully parsed message, but message temporarily enqueued while system restarts."},{"id":"dfe9f9d6-b313-4fec-9973-5aaf42b4bd37","email":"jackson.white@gmail.com","message":"successfully processed after 4343 milliseconds."},{"id":"d2b57a6b-97ac-4e6c-93de-316a6cba609f","email":"elizabeth.martinez@dropbox.net","message":"successfully processed after 5888 milliseconds."},{"id":"ca30753b-323e-44a8-a980-b2cda0c28cbe","email":"dylan.wilson@gmail.com","message":"successfully parsed message, but message temporarily enqueued while system restarts."},{"id":"d72eae3f-be19-4136-85aa-a259c5d34bfc","email":"alyssa.jones@amerisave.com","message":"failed to process due to network exception."},{"id":"75d86d36-ceb9-4990-bed5-72da53cc19b1","email":"liam.gonzalez@me.com","message":"failed to process due to network exception."},{"id":"808417d0-5463-44e3-b66e-e3dd8aa00a3a","email":"matthew.walker@amerisave.com","message":"successfully parsed message, but message temporarily enqueued while system restarts."},{"id":"7d9ff662-aa39-4e09-809b-f818f33da677","email":"matthew.walker@amerisave.com","message":"failed to process due to datastore timeout of 30 seconds.  operation took 68 seconds."},{"id":"761d1d35-d17f-422e-a072-45cf97c3f0dc","email":"mason.robinson@amerisave.com","message":"successfully handled skipped operation."},{"id":"1b18cb1c-db6b-43d8-afa8-59dd45b19dd4","email":"ethan.hernandez@microsoft.com","message":"failed to process due to network exception."},{"id":"fe12d259-aed3-4a70-8d8e-d56b9b883d20","email":"michael.hall@dropbox.net","message":"successfully handled skipped operation."},{"id":"e83c1bd5-b523-4360-bcfc-e6cd25fa5172","email":"emma.thomas@me.com","message":"successfully processed after 8202 milliseconds."},{"id":"aa45b285-398a-4fef-b504-b9d227c48611","email":"madison.lewis@gmail.com","message":"failed to process due to datastore timeout of 30 seconds.  operation took 49 seconds."},{"id":"8e190c7e-d92f-4201-becc-ee2b6d25e8a2","email":"joshua.lee@gmail.com","message":"successfully parsed message, but message temporarily enqueued while system restarts."},{"id":"a23fed94-7cc3-461e-8ec0-47de66646b85","email":"grace.moore@gmail.com","message":"successfully parsed message, but message temporarily enqueued while system restarts."},{"id":"b9017beb-2695-4f56-a6e6-56841409100e","email":"lily.harris@gmail.com","message":"failed to process due to network exception."},{"id":"844acac5-3d0e-4c7d-9ea5-db38e43ae8f4","email":"aiden.johnson@microsoft.com","message":"failed to process due to datastore timeout of 30 seconds.  operation took 63 seconds."},{"id":"ca5789c5-19b9-4fc9-b2e6-5740e933a6c5","email":"ava.davis@gmail.com","message":"successfully handled skipped operation."},{"id":"e00144cc-8d26-45c8-9627-b0d88f262f8f","email":"taylor.adams@gmail.com","message":"successfully handled skipped operation."},{"id":"aef9a731-9929-4af0-bc8e-06f4509c87f2","email":"daniel.rodriguez@amerisave.com","message":"successfully handled skipped operation."},{"id":"e71b5ef3-741a-4e7f-89da-cfa9524fd849","email":"emily.taylor@gmail.com","message":"failed to process due to network exception."},{"id":"e6aecc98-9f26-475a-b523-ede535aa14df","email":"taylor.adams@gmail.com","message":"failed to process due to network exception."},{"id":"80ad9ea7-bbc5-4743-8e2d-6b00f03aaa7f","email":"taylor.adams@gmail.com","message":"successfully processed after 5718 milliseconds."},{"id":"c7c9e90b-d120-4805-8bb0-1fd5921f1fe4","email":"noah.sanchez@me.com","message":"failed to process due to network exception."},{"id":"6a7985e6-d59d-42e5-95dd-2aa00930c45c","email":"grace.moore@gmail.com","message":"failed to process due to datastore timeout of 30 seconds.  operation took 124 seconds."},{"id":"d4b3011a-25f1-483e-a9cf-e4e5f6ee5eea","email":"madison.lewis@gmail.com","message":"failed to process due to datastore timeout of 30 seconds.  operation took 102 seconds."},{"id":"3371b6a0-a316-4456-b0d1-f169cbc4ed04","email":"aiden.johnson@microsoft.com","message":"failed to process due to network exception."},{"id":"de76f59d-ce70-413e-af0a-af112c5a908f","email":"chloe.garcia@dropbox.net","message":"successfully handled skipped operation."},{"id":"3e0e3aac-c6c5-47c4-87ae-1bc87dac5467","email":"dylan.wilson@gmail.com","message":"successfully parsed message, but message temporarily enqueued while system restarts."},{"id":"7ad431f8-12d1-4fd8-b21a-38ad6ce58549","email":"jacob.lopez@dropbox.net","message":"successfully parsed message, but message temporarily enqueued while system restarts."},{"id":"7d1586fb-7397-4ae4-a86a-9a93fe0637d4","email":"mason.robinson@amerisave.com","message":"successfully handled skipped operation."},{"id":"c2f7383f-b54b-4c89-8669-2294ca25ffb3","email":"samantha.scott@me.com","message":"failed to process due to datastore timeout of 30 seconds.  operation took 69 seconds."},{"id":"be6b933f-ad74-49d1-914d-992314f0ff1c","email":"ethan.hernandez@microsoft.com","message":"successfully parsed message, but message temporarily enqueued while system restarts."},{"id":"60edd45d-b005-40be-afb7-9c682c08f32b","email":"matthew.walker@amerisave.com","message":"failed to process due to datastore timeout of 30 seconds.  operation took 129 seconds."},{"id":"b3cb2806-18cb-44db-80ca-73d1335e2cea","email":"tyler.nelson@microsoft.com","message":"successfully processed after 4882 milliseconds."},{"id":"2636779e-8628-4521-a3f0-fa8eb9a95357","email":"alyssa.jones@amerisave.com","message":"successfully processed after 4920 milliseconds."},{"id":"6b9fa489-0151-42ac-9e64-d39780ef2c80","email":"andrew.miller@gmail.com","message":"failed to process due to network exception."}],"id":"75f0b14c-1560-46cc-b264-edcb227a9e3e"}