{"logs":[{"id":"9dbb5a05-e763-4087-a10d-47e84dfe20ec","email":"sarah.green@amerisave.com","message":"failed to process due to network exception."},{"id":"3a70d299-4ef3-4bde-95e4-064200557c15","email":"emily.taylor@gmail.com","message":"successfully processed after 3062 milliseconds."},{"id":"bc7a8ec4-5976-4df4-9b8e-2d091e7bec91","email":"emma.thomas@me.com","message":"failed to process due to network exception."},{"id":"0dd0a2d6-d986-4bed-b16a-f88986301de4","email":"daniel.rodriguez@amerisave.com","message":"failed to process due to datastore timeout of 30 seconds.  operation took 93 seconds."},{"id":"8250651a-ac1e-4077-a7a5-7130d6e5cdbb","email":"michael.hall@dropbox.net","message":"successfully processed after 7462 milliseconds."},{"id":"5d40f40c-46ec-44ee-ace1-b8a8221fa6ab","email":"abigail.smith@amerisave.com","message":"failed to process due to datastore timeout of 30 seconds.  operation took 66 seconds."},{"id":"06ef7d45-d51a-4f3d-9751-8726a6bf9f17","email":"jackson.white@gmail.com","message":"failed to process due to network exception."},{"id":"1d68e23d-7754-49d1-990b-14ae43415c9d","email":"mason.robinson@amerisave.com","message":"successfully parsed message, but message temporarily enqueued while system restarts."},{"id":"365b6afa-b2b9-49f6-80d6-c11782945c8b","email":"alexander.williams@gmail.com","message":"successfully handled skipped operation."},{"id":"f1bbcbf2-366f-48b5-9223-a1267182a5e5","email":"olivia.wright@gmail.com","message":"successfully processed after 8806 milliseconds."},{"id":"62e70979-560e-4d10-80a5-6f8c1088d920","email":"elizabeth.martinez@dropbox.net","message":"successfully parsed message, but message temporarily enqueued while system restarts."},{"id":"cceb805b-47ea-418b-bf3a-4786ed67d288","email":"nicholas.allen@microsoft.com","message":"successfully handled skipped operation."},{"id":"c7baffc1-a2f3-4426-8f16-57c0ecd55932","email":"olivia.wright@gmail.com","message":"successfully handled skipped operation."},{"id":"8acfa069-6246-4021-ac54-0b5a81ac67ef","email":"ethan.hernandez@microsoft.com","message":"successfully handled skipped operation."},{"id":"3138a76b-546e-4bae-93cb-663e9ec8b19e","email":"nathan.young@microsoft.com","message":"successfully processed after 8013 milliseconds."},{"id":"be6225c4-d0f1-415c-bce5-2dc0554d4a1e","email":"elizabeth.martinez@dropbox.net","message":"successfully parsed message, but message temporarily enqueued while system restarts."},{"id":"809ce2fc-3b84-4818-830c-458be182b70a","email":"mia.perez@me.com","message":"successfully handled skipped operation."},{"id":"a90230cd-2fb9-4399-8aa9-77232bb6e723","email":"abigail.smith@amerisave.com","message":"successfully handled skipped operation."},{"id":"bdaf4f40-274e-401b-a572-ba5f56a5e5fc","email":"isabella.jackson@amerisave.com","message":"successfully handled skipped operation."},{"id":"baab9934-c3d5-427f-ab73-f421961c2ef4","email":"alexis.brown@microsoft.com","message":"successfully handled skipped operation."},{"id":"951636a6-c416-4d72-beba-6da76c370c98","email":"taylor.adams@gmail.com","message":"failed to process due to network exception."},{"id":"0b64f617-6175-4ea0-a8a7-45e93905a83d","email":"sarah.green@amerisave.com","message":"failed to process due to network exception."},{"id":"1d6cd35f-216d-435a-a88d-5c25f106c0a2","email":"tyler.nelson@microsoft.com","message":"successfully processed after 709 milliseconds."},{"id":"f9ac66e7-9941-46ba-978a-a86e8e346521","email":"chloe.garcia@dropbox.net","message":"successfully handled skipped operation."},{"id":"7d4f8e4c-c739-4a1d-a8cc-bffbdb3d0d7d","email":"abigail.smith@amerisave.com","message":"successfully parsed message, but message temporarily enqueued while system restarts."},{"id":"43e69085-2847-4d03-83c1-b1b0b741f99f","email":"samantha.scott@me.com","message":"successfully handled skipped operation."},{"id":"a8486feb-d339-47ec-b44a-ca054673b4ea","email":"nathan.young@microsoft.com","message":"failed to process due to network exception."},{"id":"b899ed06-ba8f-4f95-aa63-cb16a23c5a16","email":"nathan.young@microsoft.com","message":"successfully parsed message, but message temporarily enqueued while system restarts."},{"id":"7c234c5c-3743-4154-89f8-47e7e69a118f","email":"sarah.green@amerisave.com","message":"successfully processed after 1833 milliseconds."},{"id":"d58a0979-a85b-452a-819b-132c9edde139","email":"jacob.lopez@dropbox.net","message":"successfully processed after 1183 milliseconds."},{"id":"5e60b3ad-e1a4-4e94-af14-64c8015512d0","email":"daniel.rodriguez@amerisave.com","message":"successfully processed after 181 milliseconds."},{"id":"80ab1037-e5c8-48f5-ae65-cdb41a72dc07","email":"andrew.miller@gmail.com","message":"successfully handled skipped operation."},{"id":"cf751127-80b6-44a5-8538-fc0e91e15540","email":"ryan.king@dropbox.net","message":"successfully handled skipped operation."},{"id":"9809c06f-e2bc-4457-a05f-9c54ef26614d","email":"daniel.rodriguez@amerisave.com","message":"failed to process due to network exception."},{"id":"a2723851-a455-40a6-9405-238cbb43dd92","email":"emily.taylor@gmail.com","message":"successfully processed after 984 milliseconds."},{"id":"e248a787-cc26-4927-932a-1562477cccdd","email":"daniel.rodriguez@amerisave.com","message":"failed to process due to datastore timeout of 30 seconds.  operation took 38 seconds."},{"id":"e28a212f-cff2-4a32-b0ed-676f361a6b0d","email":"tyler.nelson@microsoft.com","message":"successfully processed after 4382 milliseconds."},{"id":"c48b957f-e92d-472a-8411-d0eaae206e8e","email":"olivia.wright@gmail.com","message":"successfully processed after 3168 milliseconds."},{"id":"f414a35a-dee0-4fa4-a27b-ceb71ffd68e9","email":"isabella.jackson@amerisave.com","message":"successfully processed after 9264 milliseconds."},{"id":"77339397-7b55-4066-b279-6e9422ec493b","email":"jack.thompson@me.com","message":"successfully handled skipped operation."},{"id":"3d52c925-25e5-4953-8ca7-9ebd7219a748","email":"alyssa.jones@amerisave.com","message":"failed to process due to network exception."},{"id":"b203b068-b09b-49a0-9310-eb7477fbe872","email":"olivia.wright@gmail.com","message":"successfully handled skipped operation."},{"id":"ab0bf363-5a5f-401e-a5fa-7790997fb39d","email":"emily.taylor@gmail.com","message":"failed to process due to network exception."},{"id":"2041f7ea-609d-4bc8-8a2a-eb7f74e14511","email":"mia.perez@me.com","message":"failed to process due to network exception."},{"id":"cee02cf3-8251-474d-8aa6-a992f69857a4","email":"alyssa.jones@amerisave.com","message":"successfully processed after 7163 milliseconds."},{"id":"dac5adc1-8d3c-4aed-9f08-95ae2f933b55","email":"ava.davis@gmail.com","message":"failed to process due to datastore timeout of 30 seconds.  operation took 97 seconds."},{"id":"c73d4d45-f9b4-4543-9771-ad19a2a75dd2","email":"noah.sanchez@me.com","message":"successfully handled skipped operation."},{"id":"3dbc837e-1716-4b58-9379-6928920ec253","email":"alexander.williams@gmail.com","message":"successfully parsed message, but message temporarily enqueued while system restarts."},{"id":"b5726d10-d217-404a-a05b-996aca339862","email":"elizabeth.martinez@dropbox.net","message":"failed to process due to datastore timeout of 30 seconds.  operation took 109 seconds."},{"id":"1f0aa2d2-61f7-4641-b3c9-88aa3443b6d9","email":"matthew.walker@amerisave.com","message":"successfully processed after 6008 milliseconds."},{"id":"4d6c5a73-0f6c-41bc-b880-2b1ae87ceb4f","email":"logan.clark@dropbox.net","message":"failed to process due to datastore timeout of 30 seconds.  operation took 32 seconds."},{"id":"4e00427c-d7c9-41c5-b230-af8a492ed5f9","email":"sophia.baker@dropbox.net","message":"failed to process due to network exception."},{"id":"69034799-066c-47f1-a880-ade7adc7e7fb","email":"daniel.rodriguez@amerisave.com","message":"failed to process due to network exception."},{"id":"e4b451a6-3033-4623-b870-79fc899d7df4","email":"mia.perez@me.com","message":"successfully handled skipped operation."},{"id":"477c2d01-45f6-4864-a867-d4feea6c4ba4","email":"emily.taylor@gmail.com","message":"failed to process due to network exception."},{"id":"31b29968-c308-4c19-bdb1-36a372c5f855","email":"logan.clark@dropbox.net","message":"successfully processed after 3620 milliseconds."},{"id":"0d58e7b0-ddea-4dc1-8fd1-198b91b644d8","email":"alexis.brown@microsoft.com","message":"failed to process due to datastore timeout of 30 seconds.  operation took 37 seconds."},{"id":"3bc3f6ac-24a1-4022-b7b3-0b7ac44571df","email":"jackson.white@gmail.com","message":"successfully processed after 9085 milliseconds."},{"id":"0982cd50-cd7a-4d25-bdca-af9df075553d","email":"ava.davis@gmail.com","message":"successfully parsed message, but message temporarily enqueued while system restarts."},{"id":"c217918d-c9cb-4b0c-8904-413694e94a0a","email":"alexander.williams@gmail.com","message":"successfully parsed message, but message temporarily enqueued while system restarts."},{"id":"d1a87ae7-ad13-4288-9659-4c3482677707","email":"emily.taylor@gmail.com","message":"failed to process due to datastore timeout of 30 seconds.  operation took 61 seconds."},{"id":"a0947588-c224-4c86-a3af-65929bc03cf1","email":"dylan.wilson@gmail.com","message":"successfully handled skipped operation."},{"id":"c4c49db5-ec81-4f07-a3cd-73313ef8e6e2","email":"abigail.smith@amerisave.com","message":"successfully handled skipped operation."},{"id":"74452009-7b88-4c82-bddd-c780ba637e08","email":"ethan.hernandez@microsoft.com","message":"successfully parsed message, but message temporarily enqueued while system restarts."},{"id":"842375dd-b74c-4ebf-a16c-f60f40bdc283","email":"andrew.miller@gmail.com","message":"successfully processed after 6510 milliseconds."},{"id":"a5862935-f9c5-48c7-aa9e-6054de4f4459","email":"daniel.rodriguez@amerisave.com","message":"successfully parsed message, but message temporarily enqueued while system restarts."},{"id":"f32bfd74-ea4c-4401-a442-d46e837981d9","email":"nicholas.allen@microsoft.com","message":"successfully processed after 3167 milliseconds."},{"id":"e0a38652-2e2f-4363-96c1-49f937af4f7f","email":"ella.anderson@dropbox.net","message":"successfully parsed message, but message temporarily enqueued while system restarts."},{"id":"591cc0e5-0ee3-40dd-80d8-4ef8936d403b","email":"grace.moore@gmail.com","message":"failed to process due to network exception."},{"id":"a0e1ad94-7f87-438f-bd5b-e561785a3692","email":"emily.taylor@gmail.com","message":"successfully handled skipped operation."},{"id":"798ec314-f7e3-47ce-82b8-bf4f53631dc8","email":"grace.moore@gmail.com","message":"failed to process due to datastore timeout of 30 seconds.  operation took 64 seconds."},{"id":"7d4e7676-cf50-4204-ad31-13cb6cfc62eb","email":"dylan.wilson@gmail.com","message":"successfully handled skipped operation."},{"id":"8a770457-2194-4547-80dd-c46a27c22b1a","email":"grace.moore@gmail.com","message":"successfully handled skipped operation."},{"id":"01224e45-839a-4d2e-8a6a-d12e06d251b0","email":"michael.hall@dropbox.net","message":"successfully processed after 8368 milliseconds."},{"id":"d601711c-a3f2-4f44-8e8e-2287180dfd4c","email":"aiden.johnson@microsoft.com","message":"failed to process due to datastore timeout of 30 seconds.  operation took 74 seconds."},{"id":"144e2e3f-abe5-4d44-9c53-d66a0e17a85e","email":"sophia.baker@dropbox.net","message":"failed to process due to network exception."},{"id":"6ed039bd-8a51-4d25-a8a9-0e88e3e900aa","email":"tyler.nelson@microsoft.com","message":"failed to process due to datastore timeout of 30 seconds.  operation took 71 seconds."},{"id":"18cd5de0-753f-4c54-a48e-2e555acc02e4","email":"dylan.wilson@gmail.com","message":"failed to process due to datastore timeout of 30 seconds.  operation took 124 seconds."},{"id":"c2a11118-4518-4994-82ef-a91a9cf44c97","email":"ethan.hernandez@microsoft.com","message":"successfully parsed message, but message temporarily enqueued while system restarts."},{"id":"c7aded9f-c49c-4a08-9390-1fd570a60eaf","email":"aiden.johnson@microsoft.com","message":"failed to process due to network exception."},{"id":"eefad514-21e5-49b9-ac7e-68d0025892b0","email":"isabella.jackson@amerisave.com","message":"successfully parsed message, but message temporarily enqueued while system restarts."},{"id":"a68e2e67-7544-493f-b57c-1aab728b2c1e","email":"michael.hall@dropbox.net","message":"failed to process due to datastore timeout of 30 seconds.  operation took 100 seconds."},{"id":"aee4825a-3f85-4fce-b30d-63668497738c","email":"dylan.wilson@gmail.com","message":"failed to process due to datastore timeout of 30 seconds.  operation took 113 seconds."},{"id":"79827bc6-363b-4d72-b495-12dd9771d74d","email":"hannah.martin@dropbox.net","message":"failed to process due to datastore timeout of 30 seconds.  operation took 110 seconds."},{"id":"c63d9984-a6d7-4163-a2d4-e90b7b045e59","email":"joshua.lee@gmail.com","message":"successfully handled skipped operation."},{"id":"637c7798-be22-4db4-9022-ca3985942aae","email":"olivia.wright@gmail.com","message":"successfully parsed message, but message temporarily enqueued while system restarts."},{"id":"3421e96f-5caf-46ae-8e47-5cb61f66e110","email":"elizabeth.martinez@dropbox.net","message":"successfully processed after 425 milliseconds."},{"id":"7f72ea13-a526-4978-b47b-2845fdf45a40","email":"jackson.white@gmail.com","message":"successfully parsed message, but message temporarily enqueued while system restarts."},{"id":"aabccd50-d243-4efa-8550-2cd649b63abc","email":"aiden.johnson@microsoft.com","message":"failed to process due to network exception."},{"id":"75cd7e66-1f4f-4592-8bb8-360aace60ec6","email":"nathan.young@microsoft.com","message":"successfully processed after 7719 milliseconds."},{"id":"c550d414-6536-4515-a21a-9f60907f77ea","email":"isabella.jackson@amerisave.com","message":"failed to process due to datastore timeout of 30 seconds.  operation took 88 seconds."},{"id":"9c26f776-3e66-4bed-9f08-126a64be3c7f","email":"jackson.white@gmail.com","message":"successfully handled skipped operation."},{"id":"97d686b8-5e41-49a2-90eb-c221383e14a2","email":"aiden.johnson@microsoft.com","message":"successfully handled skipped operation."},{"id":"3fff7dab-67e1-4987-8c80-4234adafe895","email":"ryan.king@dropbox.net","message":"successfully parsed message, but message temporarily enqueued while system restarts."},{"id":"2bc2ed57-2bc1-4b12-a6db-1f7316c21752","email":"abigail.smith@amerisave.com","message":"successfully processed after 7675 milliseconds."},{"id":"9b8568b2-f6bb-4490-a651-d94f42271579","email":"abigail.smith@amerisave.com","message":"failed to process due to network exception."},{"id":"9b97cc01-d3e4-4ad8-b791-80003a1e6b33","email":"isabella.jackson@amerisave.com","message":"successfully processed after 5311 milliseconds."},{"id":"fe30e37b-8738-4661-933c-33ba6fba79da","email":"ava.davis@gmail.com","message":"successfully handled skipped operation."},{"id":"9c334544-363d-4241-9dec-81eca40e1266","email":"olivia.wright@gmail.com","message":"successfully processed after 6932 milliseconds."},{"id":"f7452f36-59e0-4fc7-87ad-84774a84b002","email":"samantha.scott@me.com","message":"failed to process due to network exception."},{"id":"65c01244-8ec0-49c8-9a01-87de0f22223d","email":"daniel.rodriguez@amerisave.com","message":"failed to process due to network exception."},{"id":"11837084-f248-4fca-a307-fee5b1495370","email":"ryan.king@dropbox.net","message":"failed to process due to datastore timeout of 30 seconds.  operation took 93 seconds."},{"id":"2b2241b6-545f-4feb-86cc-78e5bd62b53b","email":"chloe.garcia@dropbox.net","message":"successfully parsed message, but message temporarily enqueued while system restarts."},{"id":"3ade68c3-eee0-457f-a686-119bcb338b03","email":"joshua.lee@gmail.com","message":"successfully handled skipped operation."},{"id":"3c2c14cd-3e0a-47ec-9813-eb9299386e79","email":"logan.clark@dropbox.net","message":"failed to process due to datastore timeout of 30 seconds.  operation took 32 seconds."},{"id":"5569871a-feac-45ad-b42a-a8dd8f416359","email":"mia.perez@me.com","message":"successfully handled skipped operation."},{"id":"4c1ac6b8-2cd7-4a37-a0ef-f77635a73125","email":"tyler.nelson@microsoft.com","message":"successfully handled skipped operation."},{"id":"01b5458f-18f5-44aa-9885-019915738657","email":"taylor.adams@gmail.com","message":"failed to process due to datastore timeout of 30 seconds.  operation took 93 seconds."},{"id":"248efc52-4d17-4b98-a724-1bb365e4e920","email":"andrew.miller@gmail.com","message":"successfully processed after 7367 milliseconds."},{"id":"c4c82b81-3d9a-44db-ab3b-a85f174d32d3","email":"grace.moore@gmail.com","message":"failed to process due to network exception."},{"id":"1e5c6de2-0e2c-4ec0-b0f4-4f9b5a4067c7","email":"alyssa.jones@amerisave.com","message":"failed to process due to network exception."},{"id":"2c936aac-8273-4259-8c3b-300b0b799540","email":"jack.thompson@me.com","message":"successfully processed after 6503 milliseconds."},{"id":"5718095c-79eb-4814-a930-35f764d12e38","email":"joshua.lee@gmail.com","message":"successfully parsed message, but message temporarily enqueued while system restarts."},{"id":"916deb27-875a-4c85-ba7f-047c52013e44","email":"elizabeth.martinez@dropbox.net","message":"successfully parsed message, but message temporarily enqueued while system restarts."},{"id":"513c5975-054a-466d-a5e9-72a230c84866","email":"madison.lewis@gmail.com","message":"failed to process due to datastore timeout of 30 seconds.  operation took 48 seconds."},{"id":"1dfeaff7-2dea-4a13-aa0f-24b066a67878","email":"abigail.smith@amerisave.com","message":"successfully handled skipped operation."},{"id":"42729807-31df-4b21-bf72-2c1434e63841","email":"alexis.brown@microsoft.com","message":"successfully parsed message, but message temporarily enqueued while system restarts."},{"id":"bf08a8a5-a06a-4a31-b3c8-94632e931608","email":"jacob.lopez@dropbox.net","message":"successfully processed after 7678 milliseconds."},{"id":"5c43c291-2382-4d73-9944-55f632affe27","email":"andrew.miller@gmail.com","message":"failed to process due to network exception."},{"id":"48bf6eb4-c8b4-40aa-b82c-fc88ab4991c9","email":"tyler.nelson@microsoft.com","message":"successfully processed after 6760 milliseconds."},{"id":"74f34387-a9f4-469b-b61e-30e9e5773d7b","email":"hannah.martin@dropbox.net","message":"failed to process due to network exception."},{"id":"a811d284-e060-4a62-963d-16cc706d3d1a","email":"emma.thomas@me.com","message":"successfully handled skipped operation."},{"id":"8e0b8d5f-594b-4d8b-bca1-560703b42c0e","email":"olivia.wright@gmail.com","message":"successfully processed after 3533 milliseconds."},{"id":"5e520d4f-e6bb-4588-8056-ec42449aa838","email":"jackson.white@gmail.com","message":"successfully parsed message, but message temporarily enqueued while system restarts."},{"id":"90101029-a556-4b78-84ea-a8aff074193d","email":"michael.hall@dropbox.net","message":"successfully processed after 4799 milliseconds."},{"id":"69d6140d-b64a-4df3-bd3b-0e5028d1851a","email":"joshua.lee@gmail.com","message":"successfully parsed message, but message temporarily enqueued while system restarts."},{"id":"5c728eed-75ff-4314-89fd-330c95660eee","email":"michael.hall@dropbox.net","message":"successfully handled skipped operation."},{"id":"d927b879-75cb-4ca7-8c7d-e145b8eac3f7","email":"ryan.king@dropbox.net","message":"successfully handled skipped operation."},{"id":"a2db6827-3257-456a-aba2-d145d221e72f","email":"jacob.lopez@dropbox.net","message":"failed to process due to network exception."},{"id":"2d468d5f-aebf-4511-aed4-337acf5521af","email":"tyler.nelson@microsoft.com","message":"successfully handled skipped operation."},{"id":"e8915d92-32b6-40de-a620-c9c8eb4e687a","email":"aiden.johnson@microsoft.com","message":"failed to process due to datastore timeout of 30 seconds.  operation took 98 seconds."},{"id":"16676aa3-9db5-4a36-8689-ccaf04ec78a2","email":"noah.sanchez@me.com","message":"successfully processed after 6544 milliseconds."},{"id":"1fbbe5d3-282c-4430-8720-0aa8d6f0f749","email":"ethan.hernandez@microsoft.com","message":"successfully parsed message, but message temporarily enqueued while system restarts."},{"id":"1a85d744-29a7-42bd-acc7-eaa11b51a473","email":"taylor.adams@gmail.com","message":"successfully processed after 7236 milliseconds."},{"id":"f0a25647-194f-45ec-baa8-733e571b8c8d","email":"tyler.nelson@microsoft.com","message":"failed to process due to datastore timeout of 30 seconds.  operation took 83 seconds."},{"id":"88565a20-d08f-40c3-9353-8e9aed649b2c","email":"jack.thompson@me.com","message":"successfully handled skipped operation."},{"id":"39f8406a-f8f5-4d65-94c9-446e83a091d6","email":"dylan.wilson@gmail.com","message":"successfully parsed message, but message temporarily enqueued while system restarts."},{"id":"9d8d0805-a994-434c-bb16-e019fedd0f2c","email":"grace.moore@gmail.com","message":"successfully parsed message, but message temporarily enqueued while system restarts."},{"id":"daf77a25-ba52-487c-8c72-d8e273f0261f","email":"taylor.adams@gmail.com","message":"successfully handled skipped operation."},{"id":"ef136856-7eeb-4ad0-a7e3-f52ae4196687","email":"emily.taylor@gmail.com","message":"failed to process due to datastore timeout of 30 seconds.  operation took 118 seconds."},{"id":"8e1ae933-76a0-4ff7-8353-beaf9e56dcc2","email":"jackson.white@gmail.com","message":"successfully processed after 363 milliseconds."},{"id":"52741be0-688c-44ce-a15b-4da1a13d4a51","email":"sarah.green@amerisave.com","message":"successfully processed after 3508 milliseconds."},{"id":"8242f62d-d59b-4a08-b048-c05d5e400d2b","email":"tyler.nelson@microsoft.com","message":"failed to process due to datastore timeout of 30 seconds.  operation took 86 seconds."},{"id":"810f6770-deb6-4923-9a7a-2496bc76e716","email":"joshua.lee@gmail.com","message":"successfully handled skipped operation."},{"id":"675ec9c3-03e8-4ebb-9849-b0ea42f776a0","email":"logan.clark@dropbox.net","message":"successfully handled skipped operation."},{"id":"50807b3e-5413-42af-a663-1cba7cbfe233","email":"ella.anderson@dropbox.net","message":"successfully processed after 2079 milliseconds."},{"id":"1e472e52-cdfa-4b35-bfdd-6651910a4547","email":"jacob.lopez@dropbox.net","message":"successfully parsed message, but message temporarily enqueued while system restarts."},{"id":"99296acf-5aeb-4e78-a685-910b6d97b6a5","email":"hannah.martin@dropbox.net","message":"successfully processed after 7425 milliseconds."},{"id":"e7274465-caf3-4bf7-8b4d-5c66d1c602e5","email":"ava.davis@gmail.com","message":"successfully parsed message, but message temporarily enqueued while system restarts."},{"id":"9499f4b6-0cb3-43e6-b581-822b711b7e8c","email":"emma.thomas@me.com","message":"successfully handled skipped operation."},{"id":"fd335482-918d-48e2-a906-14efc3fce1c4","email":"nicholas.allen@microsoft.com","message":"failed to process due to datastore timeout of 30 seconds.  operation took 124 seconds."},{"id":"64791b79-c674-4a35-b261-abf955656002","email":"ella.anderson@dropbox.net","message":"successfully parsed message, but message temporarily enqueued while system restarts."},{"id":"d38f297e-248d-4923-b62b-c99166071fe1","email":"liam.gonzalez@me.com","message":"successfully parsed message, but message temporarily enqueued while system restarts."},{"id":"5999729d-339d-4a35-a3bc-daf0db100e43","email":"noah.sanchez@me.com","message":"failed to process due to datastore timeout of 30 seconds.  operation took 83 seconds."},{"id":"4b5fece6-34fa-4243-ac95-97495fa02d76","email":"jackson.white@gmail.com","message":"failed to process due to datastore timeout of 30 seconds.  operation took 124 seconds."},{"id":"003174b5-cd12-4a10-a020-6765748f650c","email":"hannah.martin@dropbox.net","message":"failed to process due to datastore timeout of 30 seconds.  operation took 74 seconds."},{"id":"c9c431d3-6fbc-4b47-8d54-8f127afb8cbb","email":"samantha.scott@me.com","message":"failed to process due to datastore timeout of 30 seconds.  operation took 35 seconds."},{"id":"2eea6edb-431f-49b0-80ea-8a826e72801f","email":"emily.taylor@gmail.com","message":"failed to process due to network exception."},{"id":"e0d6f43f-f4aa-4778-b9c9-f26cd3aebb08","email":"daniel.rodriguez@amerisave.com","message":"failed to process due to network exception."},{"id":"79cb18e5-01ae-441f-ba12-87dfafc3d8a9","email":"emma.thomas@me.com","message":"successfully parsed message, but message temporarily enqueued while system restarts."},{"id":"8da003b4-3697-43ff-b17d-214ac8e167e1","email":"emma.thomas@me.com","message":"successfully processed after 4187 milliseconds."},{"id":"42109566-cc47-4efe-979a-2cc2bf23be75","email":"jack.thompson@me.com","message":"successfully parsed message, but message temporarily enqueued while system restarts."},{"id":"a2dc3f75-a176-4e4a-ab7e-b3a2f99cb8e3","email":"dylan.wilson@gmail.com","message":"failed to process due to datastore timeout of 30 seconds.  operation took 83 seconds."},{"id":"8cf04f19-dd18-424b-8c19-58a2b0a3fb93","email":"logan.clark@dropbox.net","message":"failed to process due to datastore timeout of 30 seconds.  operation took 61 seconds."},{"id":"cfa4915e-71cb-4d4a-a059-4f372fef0a1c","email":"nathan.young@microsoft.com","message":"failed to process due to datastore timeout of 30 seconds.  operation took 55 seconds."},{"id":"5e5c08e2-adc4-40ef-83ad-e86c61efbf99","email":"sophia.baker@dropbox.net","message":"successfully parsed message, but message temporarily enqueued while system restarts."},{"id":"631ddb0b-bade-45d6-b218-fed05e123d4b","email":"daniel.rodriguez@amerisave.com","message":"successfully handled skipped operation."},{"id":"985fa17c-4bdf-41ae-ab80-d9f3ec106422","email":"mason.robinson@amerisave.com","message":"successfully handled skipped operation."},{"id":"2cf973c9-204a-4e00-ab6f-7e9c13b72f47","email":"noah.sanchez@me.com","message":"successfully handled skipped operation."},{"id":"a7e248b1-63f6-41bd-a64b-330a2f50c4b5","email":"aiden.johnson@microsoft.com","message":"successfully processed after 7909 milliseconds."},{"id":"20b212f1-50ab-4136-92f8-46412954a2d6","email":"grace.moore@gmail.com","message":"failed to process due to network exception."},{"id":"77a5fe94-b179-4255-b561-1eaad94e27af","email":"lily.harris@gmail.com","message":"failed to process due to network exception."}],"id":"8bb5d6d1-3aff-40d8-8499-722fe7669305"}