{"logs":[{"id":"3a1d735f-f1c1-4fb0-94f2-cbc6edfa3f81","email":"mia.perez@me.com","message":"successfully processed after 8297 milliseconds."},{"id":"6d4fd5af-2338-470c-92e7-35e630e86630","email":"dylan.wilson@gmail.com","message":"failed to process due to datastore timeout of 30 seconds.  operation took 116 seconds."},{"id":"de2ed002-418e-43a7-8a81-6bdee65c04a3","email":"dylan.wilson@gmail.com","message":"failed to process due to network exception."},{"id":"554af148-9c53-4270-995a-7d6544ac0378","email":"emily.taylor@gmail.com","message":"successfully parsed message, but message temporarily enqueued while system restarts."},{"id":"776f2c56-1eef-49af-859d-4477123c07f3","email":"sophia.baker@dropbox.net","message":"failed to process due to datastore timeout of 30 seconds.  operation took 49 seconds."},{"id":"3b7a9f01-b07f-4712-90e3-682b77b09fa2","email":"ethan.hernandez@microsoft.com","message":"failed to process due to datastore timeout of 30 seconds.  operation took 34 seconds."},{"id":"036e1dc8-7759-481b-a40d-fe6d31fad88a","email":"dylan.wilson@gmail.com","message":"failed to process due to network exception."},{"id":"bf5eb3a9-1000-4d9c-a203-83f9a034c47a","email":"joshua.lee@gmail.com","message":"failed to process due to network exception."},{"id":"3d5948e6-d8e5-4565-a2b9-7fd2e8a08afb","email":"jackson.white@gmail.com","message":"failed to process due to network exception."},{"id":"7d52abd6-45a9-429b-b040-a2a008fe750f","email":"tyler.nelson@microsoft.com","message":"failed to process due to datastore timeout of 30 seconds.  operation took 115 seconds."},{"id":"29af06e0-139c-4e54-8706-7789906e59b9","email":"nathan.young@microsoft.com","message":"successfully handled skipped operation."},{"id":"10501f9b-a3e4-4476-a1f2-91d107b03dc3","email":"madison.lewis@gmail.com","message":"failed to process due to network exception."},{"id":"d01dfb6a-f466-46f9-ae69-8746a7410aa2","email":"jack.thompson@me.com","message":"successfully parsed message, but message temporarily enqueued while system restarts."},{"id":"f98cd405-b106-4c95-be32-9ef2251df5a5","email":"alexis.brown@microsoft.com","message":"failed to process due to datastore timeout of 30 seconds.  operation took 87 seconds."},{"id":"71dbd46d-821f-4b4c-a13c-a10c91a6ce9c","email":"alyssa.jones@amerisave.com","message":"successfully processed after 5599 milliseconds."},{"id":"c1708312-913c-44f3-a5ed-1f17b4c4cbb2","email":"alexander.williams@gmail.com","message":"successfully processed after 6951 milliseconds."},{"id":"3c79a306-579a-4d60-8b96-c056cb6e0042","email":"olivia.wright@gmail.com","message":"successfully parsed message, but message temporarily enqueued while system restarts."},{"id":"0f527794-522c-4fd7-86af-fda5e5cc509f","email":"sophia.baker@dropbox.net","message":"successfully parsed message, but message temporarily enqueued while system restarts."},{"id":"c69b3978-0844-4658-93b0-3a340b2a8150","email":"olivia.wright@gmail.com","message":"failed to process due to datastore timeout of 30 seconds.  operation took 79 seconds."},{"id":"561e7a6d-728d-41f7-aca2-e4148507fd54","email":"mia.perez@me.com","message":"successfully parsed message, but message temporarily enqueued while system restarts."},{"id":"b4b2a2d5-f4d5-479e-9c9d-e79736bc7ffe","email":"emily.taylor@gmail.com","message":"successfully parsed message, but message temporarily enqueued while system restarts."},{"id":"92300e95-b697-4d93-afbc-cc563aac2fd0","email":"taylor.adams@gmail.com","message":"failed to process due to network exception."},{"id":"aa4a9595-89af-4d4e-b93c-64505aea0fc3","email":"nathan.young@microsoft.com","message":"failed to process due to datastore timeout of 30 seconds.  operation took 96 seconds."},{"id":"c49bb288-4da1-44d7-b99e-fe744d2d0ed6","email":"ethan.hernandez@microsoft.com","message":"failed to process due to network exception."},{"id":"e32038b0-e16b-4ec1-8438-657e11d8ccc2","email":"nathan.young@microsoft.com","message":"successfully handled skipped operation."},{"id":"197ffc71-c663-4705-92e8-f163896e1af1","email":"ava.davis@gmail.com","message":"successfully processed after 9075 milliseconds."},{"id":"df828dfb-7e0a-44e1-a256-27854f4ab62f","email":"nicholas.allen@microsoft.com","message":"successfully parsed message, but message temporarily enqueued while system restarts."},{"id":"7f434016-7fc1-4812-8787-2be1bf746381","email":"hannah.martin@dropbox.net","message":"successfully handled skipped operation."},{"id":"2686c99c-6774-414a-88bb-b0787efd3d31","email":"daniel.rodriguez@amerisave.com","message":"successfully processed after 1789 milliseconds."},{"id":"dd64fae7-370c-45f2-93fc-4e0bc6ef5db9","email":"tyler.nelson@microsoft.com","message":"successfully parsed message, but message temporarily enqueued while system restarts."},{"id":"6f0ea7b1-9297-4be9-8b98-13e241ba0fdd","email":"michael.hall@dropbox.net","message":"failed to process due to network exception."},{"id":"a26a432b-de25-43b3-84da-036553261f52","email":"isabella.jackson@amerisave.com","message":"failed to process due to datastore timeout of 30 seconds.  operation took 53 seconds."},{"id":"567eb4a8-5c77-436a-8eb2-06701c4d00e2","email":"mia.perez@me.com","message":"successfully processed after 5521 milliseconds."},{"id":"50b9df31-46db-4a61-97a4-81ab81fcc7f0","email":"olivia.wright@gmail.com","message":"failed to process due to network exception."},{"id":"9c2eca7e-a784-4c9e-a854-a776f37f919d","email":"grace.moore@gmail.com","message":"failed to process due to datastore timeout of 30 seconds.  operation took 66 seconds."},{"id":"46b20e06-edd2-4901-8770-bef379d9acc7","email":"mia.perez@me.com","message":"successfully handled skipped operation."},{"id":"e16473d7-955a-48b1-8734-0d78d3de304f","email":"sarah.green@amerisave.com","message":"failed to process due to datastore timeout of 30 seconds.  operation took 110 seconds."},{"id":"6d6c689b-d85d-444d-b5e7-a8411f1550ae","email":"hannah.martin@dropbox.net","message":"failed to process due to network exception."},{"id":"83cf1b89-a7df-461e-ade6-1d92c1856f1f","email":"ella.anderson@dropbox.net","message":"successfully parsed message, but message temporarily enqueued while system restarts."},{"id":"d1b8328d-5650-49c6-a34c-e0c7be6ffc0a","email":"isabella.jackson@amerisave.com","message":"successfully parsed message, but message temporarily enqueued while system restarts."},{"id":"a94f50fc-463f-4109-b65f-eaa867b2e96c","email":"aiden.johnson@microsoft.com","message":"failed to process due to datastore timeout of 30 seconds.  operation took 32 seconds."},{"id":"2068bf5e-ca7f-4120-9089-625b8dd84ecf","email":"noah.sanchez@me.com","message":"successfully processed after 2474 milliseconds."},{"id":"00949873-759c-45df-8f65-9e51dc572d80","email":"ryan.king@dropbox.net","message":"successfully processed after 4162 milliseconds."},{"id":"c6a119be-ac1f-4100-9e46-2620661f5b3d","email":"mia.perez@me.com","message":"failed to process due to datastore timeout of 30 seconds.  operation took 69 seconds."},{"id":"fc74d7db-c0d9-4637-be10-6e3c2d1c7689","email":"aiden.johnson@microsoft.com","message":"successfully handled skipped operation."},{"id":"f84b3e99-4b40-4a0a-a0df-7133d0abeb0d","email":"grace.moore@gmail.com","message":"successfully processed after 3513 milliseconds."},{"id":"81919f2f-05a0-42dc-a587-cab0377e6dce","email":"grace.moore@gmail.com","message":"failed to process due to datastore timeout of 30 seconds.  operation took 43 seconds."},{"id":"f6309a0b-095b-4356-abff-2c1334b41a06","email":"logan.clark@dropbox.net","message":"successfully parsed message, but message temporarily enqueued while system restarts."},{"id":"7bab1f5a-847d-4910-98e1-74d09fc15097","email":"matthew.walker@amerisave.com","message":"failed to process due to network exception."},{"id":"5cc42f0f-b8bc-45f5-866b-a1e0eda01af1","email":"ella.anderson@dropbox.net","message":"successfully handled skipped operation."},{"id":"e2f3eb07-12fc-4301-b3ff-1fb2e36a0143","email":"samantha.scott@me.com","message":"failed to process due to network exception."},{"id":"90d9449b-a805-4a9d-bfbd-347f45c3357c","email":"olivia.wright@gmail.com","message":"failed to process due to network exception."},{"id":"cff7090f-ec02-4d6a-931d-cced7a6ce46f","email":"alyssa.jones@amerisave.com","message":"successfully processed after 5013 milliseconds."},{"id":"0f7f1169-7f2e-4ff2-ac38-2ce4a977e2a9","email":"emily.taylor@gmail.com","message":"successfully parsed message, but message temporarily enqueued while system restarts."},{"id":"6311489f-4d31-4748-82a0-ee335e55828e","email":"mason.robinson@amerisave.com","message":"successfully handled skipped operation."},{"id":"451d3f47-3a46-4f80-9dc3-6f1d9413d77a","email":"alexis.brown@microsoft.com","message":"failed to process due to datastore timeout of 30 seconds.  operation took 48 seconds."}],"id":"60dee9fc-a526-4917-8d67-162f64019810"}