{"logs":[{"id":"44c65535-b862-4682-8a1c-0cdcb0fcbb59","email":"jackson.white@gmail.com","message":"failed to process due to datastore timeout of 30 seconds.  operation took 31 seconds."},{"id":"ca83a8b2-9bb0-4531-a90e-36756bc53129","email":"mia.perez@me.com","message":"successfully handled skipped operation."},{"id":"5787177a-c118-477b-86c0-baf658d15b8e","email":"isabella.jackson@amerisave.com","message":"successfully handled skipped operation."},{"id":"a824f63b-0575-47cf-9fe4-ff5b74b591d8","email":"jack.thompson@me.com","message":"failed to process due to network exception."},{"id":"8f524931-8700-4a21-a1a7-4c87e2523106","email":"andrew.miller@gmail.com","message":"failed to process due to datastore timeout of 30 seconds.  operation took 111 seconds."},{"id":"94b9b0db-449c-4cb3-8eed-95f6717380ff","email":"chloe.garcia@dropbox.net","message":"successfully parsed message, but message temporarily enqueued while system restarts."},{"id":"a8095aff-01cc-4701-beb7-310b9b728ba5","email":"isabella.jackson@amerisave.com","message":"successfully handled skipped operation."},{"id":"63a6dd4f-8a25-4ac9-a14a-c2af6133059c","email":"alexander.williams@gmail.com","message":"successfully processed after 7906 milliseconds."},{"id":"c786162e-96da-4ece-8b57-c1089ef109dd","email":"madison.lewis@gmail.com","message":"successfully processed after 7718 milliseconds."},{"id":"0aaeaca5-1562-4dd1-be99-a8a1e93b4565","email":"andrew.miller@gmail.com","message":"successfully processed after 2569 milliseconds."},{"id":"a0960dfa-7124-4235-88f1-0481deefe2d6","email":"lily.harris@gmail.com","message":"successfully processed after 5240 milliseconds."},{"id":"d7e99a8a-eaaa-4fcf-b566-f8f197d0a374","email":"alexander.williams@gmail.com","message":"successfully processed after 2439 milliseconds."},{"id":"7c571f64-8c2a-4b83-9665-074b1a7f2c20","email":"matthew.walker@amerisave.com","message":"successfully processed after 5602 milliseconds."},{"id":"55a5a46c-db50-4b4f-8b9d-aa34cf56a73c","email":"ava.davis@gmail.com","message":"failed to process due to network exception."},{"id":"30137df1-6e2f-4fb2-afb4-4732167e63dc","email":"sarah.green@amerisave.com","message":"failed to process due to datastore timeout of 30 seconds.  operation took 100 seconds."},{"id":"6af0e01d-4bfd-4f43-bf70-4de9f77d5a98","email":"alexander.williams@gmail.com","message":"failed to process due to datastore timeout of 30 seconds.  operation took 79 seconds."},{"id":"709b421a-2a27-44d4-b5c4-fd9205df6617","email":"jacob.lopez@dropbox.net","message":"successfully processed after 6411 milliseconds."},{"id":"be4e7405-8bb4-496f-9f4d-315b50a3975d","email":"jackson.white@gmail.com","message":"successfully processed after 3064 milliseconds."},{"id":"c0eae834-3477-441a-8da5-4a728668b1d0","email":"ella.anderson@dropbox.net","message":"successfully handled skipped operation."},{"id":"7b17affe-4fdb-49c6-b1e3-81665af4ad96","email":"olivia.wright@gmail.com","message":"successfully processed after 3332 milliseconds."},{"id":"56215184-08d7-479d-adc6-bbdc7fd5b3b5","email":"jackson.white@gmail.com","message":"successfully handled skipped operation."},{"id":"13c7183e-b8f1-481f-9743-1aa4b5b23144","email":"ella.anderson@dropbox.net","message":"failed to process due to datastore timeout of 30 seconds.  operation took 41 seconds."},{"id":"fe4cc50e-5227-4cd3-8f1c-c314e2b8b9ee","email":"abigail.smith@amerisave.com","message":"failed to process due to datastore timeout of 30 seconds.  operation took 55 seconds."},{"id":"650b85c4-535c-48e9-a09f-a7a0e5761034","email":"tyler.nelson@microsoft.com","message":"failed to process due to datastore timeout of 30 seconds.  operation took 51 seconds."},{"id":"7e968b02-6a36-445c-8314-8906781d1302","email":"emma.thomas@me.com","message":"successfully handled skipped operation."},{"id":"f8ae9a75-aeb4-44d2-96b1-5fd9badbb56b","email":"olivia.wright@gmail.com","message":"successfully processed after 3861 milliseconds."},{"id":"afd558d8-dcae-4e02-98ad-a68e84c468be","email":"ryan.king@dropbox.net","message":"successfully processed after 9455 milliseconds."},{"id":"37d76e31-d28f-4ff7-8cec-974687761049","email":"grace.moore@gmail.com","message":"successfully parsed message, but message temporarily enqueued while system restarts."},{"id":"492d74ca-05dd-4701-a903-5695883b7216","email":"emma.thomas@me.com","message":"failed to process due to network exception."},{"id":"b2e0e859-7a63-4a97-bb15-9ca321ea9b21","email":"mia.perez@me.com","message":"successfully handled skipped operation."},{"id":"27fd3532-01d6-46b1-a636-bb070a226d39","email":"jack.thompson@me.com","message":"successfully parsed message, but message temporarily enqueued while system restarts."},{"id":"60b4b92b-b965-4c00-8106-6c0dfb8de488","email":"ava.davis@gmail.com","message":"successfully parsed message, but message temporarily enqueued while system restarts."},{"id":"6afa4dce-a3f6-436c-b978-52db8f2fc521","email":"michael.hall@dropbox.net","message":"successfully handled skipped operation."},{"id":"5ddb1a0f-5b2a-448d-ae0f-c673628ac80e","email":"ethan.hernandez@microsoft.com","message":"failed to process due to network exception."},{"id":"10f811a3-73c5-4cb9-9ee5-f2a526da11a9","email":"abigail.smith@amerisave.com","message":"successfully handled skipped operation."},{"id":"2a6e3396-5c79-4393-951e-3841e7d8b3af","email":"isabella.jackson@amerisave.com","message":"successfully handled skipped operation."},{"id":"20c82791-3e0f-4ec0-9f26-466c2cb76d66","email":"ava.davis@gmail.com","message":"successfully parsed message, but message temporarily enqueued while system restarts."},{"id":"d5297553-be8e-423b-9862-2ec537793e48","email":"ethan.hernandez@microsoft.com","message":"failed to process due to network exception."},{"id":"62d20934-1d1f-4c62-8dbe-b1d9169665e4","email":"ryan.king@dropbox.net","message":"failed to process due to datastore timeout of 30 seconds.  operation took 78 seconds."},{"id":"19fd42e3-de1a-4bc8-b2f8-a91211989b55","email":"sophia.baker@dropbox.net","message":"successfully processed after 3109 milliseconds."},{"id":"d70ec7e7-4a85-410c-902e-4291ff048777","email":"jacob.lopez@dropbox.net","message":"successfully processed after 4350 milliseconds."},{"id":"13a2150f-27d2-4b3c-a30e-568709527677","email":"abigail.smith@amerisave.com","message":"failed to process due to datastore timeout of 30 seconds.  operation took 44 seconds."},{"id":"60268233-ce6f-4f33-8a9c-1d47c9020f11","email":"daniel.rodriguez@amerisave.com","message":"successfully parsed message, but message temporarily enqueued while system restarts."},{"id":"e612f1ab-78d3-4e80-8013-ac07e82c8b24","email":"alexis.brown@microsoft.com","message":"failed to process due to network exception."},{"id":"498e4142-e3ad-4945-bc23-d65b5605ccab","email":"sarah.green@amerisave.com","message":"successfully parsed message, but message temporarily enqueued while system restarts."},{"id":"838cd91b-d30d-4b78-b470-4e4e0a281318","email":"noah.sanchez@me.com","message":"successfully parsed message, but message temporarily enqueued while system restarts."},{"id":"6b1c0405-c6f9-4883-a9f6-fbafa3495928","email":"jacob.lopez@dropbox.net","message":"failed to process due to network exception."},{"id":"786f6ec9-26f6-46d1-857f-539dabefe4a5","email":"isabella.jackson@amerisave.com","message":"failed to process due to datastore timeout of 30 seconds.  operation took 108 seconds."},{"id":"080896aa-d2b0-4941-b01f-f093798a97dc","email":"alyssa.jones@amerisave.com","message":"successfully handled skipped operation."},{"id":"fa2b5eaf-35f4-4f2b-b7c9-4ad110992444","email":"lily.harris@gmail.com","message":"failed to process due to network exception."},{"id":"f000c1b6-907f-4e1e-a328-9f8880f21941","email":"tyler.nelson@microsoft.com","message":"successfully parsed message, but message temporarily enqueued while system restarts."},{"id":"63a4569d-7039-4885-910e-ae534b98abbb","email":"logan.clark@dropbox.net","message":"successfully handled skipped operation."},{"id":"51086d92-ba28-4bf2-ad7e-907742630bfb","email":"taylor.adams@gmail.com","message":"failed to process due to network exception."},{"id":"c46d1ced-c704-410b-800b-1a3f52e2ee26","email":"emma.thomas@me.com","message":"successfully handled skipped operation."},{"id":"d8f09871-f747-48a4-9b66-6b68f65e9ae4","email":"lily.harris@gmail.com","message":"successfully handled skipped operation."},{"id":"18448f62-7c30-4388-9b77-31756b0746c4","email":"hannah.martin@dropbox.net","message":"failed to process due to network exception."},{"id":"fb78301b-c9f0-4df5-82a3-7c32c18cd784","email":"abigail.smith@amerisave.com","message":"failed to process due to network exception."},{"id":"a28ddead-777b-4cd9-8fee-d91ba6151da1","email":"chloe.garcia@dropbox.net","message":"successfully parsed message, but message temporarily enqueued while system restarts."},{"id":"85360e2a-a6be-4861-b845-5f2af403c121","email":"dylan.wilson@gmail.com","message":"successfully parsed message, but message temporarily enqueued while system restarts."},{"id":"656d3c4d-1b37-4e7f-afdd-dd480df12b1b","email":"emma.thomas@me.com","message":"successfully handled skipped operation."},{"id":"9e3efb3d-b229-4239-9bf3-629bed5768b3","email":"mia.perez@me.com","message":"failed to process due to network exception."},{"id":"2d52b96f-6490-4234-995b-37bd4079de31","email":"grace.moore@gmail.com","message":"successfully handled skipped operation."},{"id":"b6955060-6f3f-4c83-bcde-7468f9bf168c","email":"emily.taylor@gmail.com","message":"successfully processed after 3362 milliseconds."},{"id":"74143b9e-2c96-4611-a681-6f7df2033a22","email":"mason.robinson@amerisave.com","message":"successfully parsed message, but message temporarily enqueued while system restarts."},{"id":"bc8de32c-a731-4d50-9a8d-9d0abcef4646","email":"alexis.brown@microsoft.com","message":"failed to process due to network exception."},{"id":"04c7f4e0-043f-411d-afed-d770e906bd3c","email":"ryan.king@dropbox.net","message":"failed to process due to network exception."},{"id":"1534467a-d1fb-44da-a51c-50855de90d3e","email":"olivia.wright@gmail.com","message":"successfully parsed message, but message temporarily enqueued while system restarts."},{"id":"987ab501-c021-41ee-a4c1-e1a9ae3b513a","email":"lily.harris@gmail.com","message":"failed to process due to datastore timeout of 30 seconds.  operation took 50 seconds."},{"id":"161d615c-dde8-40b3-9fcb-b84df8952ce4","email":"noah.sanchez@me.com","message":"successfully processed after 3738 milliseconds."},{"id":"b354b879-c9c5-42bc-844f-6c0d83ed2680","email":"tyler.nelson@microsoft.com","message":"successfully parsed message, but message temporarily enqueued while system restarts."},{"id":"b4f054a1-8932-42ca-8d9b-98012d9f2007","email":"jacob.lopez@dropbox.net","message":"failed to process due to network exception."},{"id":"10cd0875-d0a8-4d70-915b-13ca2995fd80","email":"madison.lewis@gmail.com","message":"successfully processed after 9914 milliseconds."},{"id":"4c2cf663-b087-4203-b4be-c53873def629","email":"emily.taylor@gmail.com","message":"failed to process due to network exception."},{"id":"4dcc7127-5078-432a-b3d3-696f7ebdbf96","email":"nicholas.allen@microsoft.com","message":"failed to process due to datastore timeout of 30 seconds.  operation took 33 seconds."},{"id":"994511e8-8fc6-4d56-aa7b-698cf813648d","email":"andrew.miller@gmail.com","message":"successfully handled skipped operation."},{"id":"c5dac80d-9f22-4063-a166-36ec5ecd1045","email":"emma.thomas@me.com","message":"successfully handled skipped operation."},{"id":"c9814b1c-ae3f-48c4-9be0-e2bb4ff798d2","email":"taylor.adams@gmail.com","message":"successfully processed after 8725 milliseconds."},{"id":"c38e924f-0879-438d-9512-762f88bf77c2","email":"ella.anderson@dropbox.net","message":"successfully handled skipped operation."},{"id":"c1bf0bbc-2435-46cc-a4fd-290cc43edbe6","email":"chloe.garcia@dropbox.net","message":"successfully parsed message, but message temporarily enqueued while system restarts."},{"id":"71e89f3c-83ec-4814-9b29-719f99bc9973","email":"elizabeth.martinez@dropbox.net","message":"failed to process due to datastore timeout of 30 seconds.  operation took 44 seconds."},{"id":"3e7d9a88-5c67-4b3c-b586-6b3112e44a40","email":"grace.moore@gmail.com","message":"successfully parsed message, but message temporarily enqueued while system restarts."},{"id":"eaf98da7-b679-48d5-affc-4498fddbf831","email":"nathan.young@microsoft.com","message":"successfully processed after 588 milliseconds."},{"id":"99ebcb10-3f72-4f7a-b34e-753d6c587759","email":"ethan.hernandez@microsoft.com","message":"successfully processed after 5424 milliseconds."},{"id":"306900a1-b87e-421a-88ee-317ab9b36b47","email":"olivia.wright@gmail.com","message":"failed to process due to network exception."},{"id":"380e06e8-9015-4a3b-a983-59c79b31c463","email":"alyssa.jones@amerisave.com","message":"failed to process due to datastore timeout of 30 seconds.  operation took 103 seconds."},{"id":"010c6cb0-8b83-456f-84e0-e4cf8a543561","email":"nicholas.allen@microsoft.com","message":"successfully handled skipped operation."},{"id":"42be7bac-ee22-443c-a590-c9432a91d56f","email":"grace.moore@gmail.com","message":"successfully parsed message, but message temporarily enqueued while system restarts."},{"id":"ecaedee1-1894-46eb-b935-d331dd87ae95","email":"emma.thomas@me.com","message":"failed to process due to network exception."},{"id":"32dfc6cb-6f65-4905-bdcb-c9e5d6f8ca60","email":"tyler.nelson@microsoft.com","message":"successfully parsed message, but message temporarily enqueued while system restarts."},{"id":"91e09485-6834-49f9-b88c-9219bff24f88","email":"alexis.brown@microsoft.com","message":"successfully handled skipped operation."},{"id":"d501c654-0b9b-4dbf-a389-4e3088337735","email":"ava.davis@gmail.com","message":"successfully parsed message, but message temporarily enqueued while system restarts."},{"id":"0c08c227-1f5e-49d6-aceb-13486d7d7d00","email":"aiden.johnson@microsoft.com","message":"failed to process due to network exception."},{"id":"cc495f84-c7e4-4d05-a3dc-cfc50565d275","email":"jack.thompson@me.com","message":"successfully handled skipped operation."},{"id":"2e1b3c38-6895-4846-9184-db476e1e13ef","email":"joshua.lee@gmail.com","message":"successfully parsed message, but message temporarily enqueued while system restarts."},{"id":"c0f65fe6-ad14-44ca-86eb-3232d6b126d9","email":"noah.sanchez@me.com","message":"successfully parsed message, but message temporarily enqueued while system restarts."},{"id":"194e7204-b7d9-4994-8082-09ebd2e27191","email":"alyssa.jones@amerisave.com","message":"successfully handled skipped operation."},{"id":"5bb8d11e-21bb-489f-8c4c-71e879056ef6","email":"taylor.adams@gmail.com","message":"successfully parsed message, but message temporarily enqueued while system restarts."},{"id":"268d9c0f-216e-4ee2-a4ab-c72c0f6369df","email":"ethan.hernandez@microsoft.com","message":"failed to process due to datastore timeout of 30 seconds.  operation took 45 seconds."},{"id":"f4f75903-b02c-48fd-bf2a-2129d7e2aeea","email":"noah.sanchez@me.com","message":"successfully processed after 8394 milliseconds."},{"id":"b4adfc15-2765-42a9-8a68-4cd3d4209c56","email":"matthew.walker@amerisave.com","message":"successfully processed after 2851 milliseconds."},{"id":"db6080da-9418-44c1-b637-9df488bcb1a0","email":"mason.robinson@amerisave.com","message":"failed to process due to network exception."},{"id":"c9ab8c1b-c8b3-4465-b039-09e92a95f826","email":"ava.davis@gmail.com","message":"failed to process due to datastore timeout of 30 seconds.  operation took 39 seconds."},{"id":"9ca0e0d4-8fd2-4e53-95ed-53cea7b48754","email":"jacob.lopez@dropbox.net","message":"successfully processed after 383 milliseconds."},{"id":"8b453ee1-2d46-44ff-b2c3-d772e423a32b","email":"ava.davis@gmail.com","message":"failed to process due to network exception."},{"id":"ccc46ce9-3be4-4f20-a082-dd4343eee124","email":"liam.gonzalez@me.com","message":"successfully processed after 5656 milliseconds."}],"id":"8ed1efce-0aac-4380-a523-1ff3f5bd38f9"}