{"logs":[{"id":"02d949bc-b5b9-4a99-87bf-8bf70d2d4d57","email":"mia.perez@me.com","message":"failed to process due to network exception."},{"id":"9ee30c88-144a-46c2-93bd-847ff35116f2","email":"abigail.smith@amerisave.com","message":"successfully parsed message, but message temporarily enqueued while system restarts."},{"id":"6322f6cf-9ece-49f1-8aca-7487e4a27db0","email":"andrew.miller@gmail.com","message":"successfully processed after 427 milliseconds."},{"id":"43505463-1822-4734-ae00-988f28a8addf","email":"logan.clark@dropbox.net","message":"successfully handled skipped operation."},{"id":"ef766059-681b-4e40-b956-3eaa6e762276","email":"chloe.garcia@dropbox.net","message":"failed to process due to datastore timeout of 30 seconds.  operation took 110 seconds."},{"id":"872f1f7b-a7a4-41ff-b239-08e2a278d9e4","email":"tyler.nelson@microsoft.com","message":"failed to process due to network exception."},{"id":"406942d6-1711-416c-9530-aa751adee85f","email":"hannah.martin@dropbox.net","message":"successfully handled skipped operation."},{"id":"9f62dd84-14b6-48b6-9c47-40d3937b0778","email":"ethan.hernandez@microsoft.com","message":"successfully processed after 723 milliseconds."},{"id":"0286ab65-a304-401a-9bd4-dd385ebbb6cc","email":"alexis.brown@microsoft.com","message":"successfully processed after 2314 milliseconds."},{"id":"a0c2e306-62d8-4d2e-99eb-6d7ca3393569","email":"isabella.jackson@amerisave.com","message":"failed to process due to network exception."},{"id":"f8732560-a826-49c4-8542-ca69f5c913ba","email":"ella.anderson@dropbox.net","message":"failed to process due to network exception."},{"id":"e48eb519-280d-4406-9291-96d974add9ee","email":"emma.thomas@me.com","message":"successfully parsed message, but message temporarily enqueued while system restarts."},{"id":"965b1fb4-0bb1-4d44-bdaf-f83e0707ca72","email":"hannah.martin@dropbox.net","message":"successfully processed after 6266 milliseconds."},{"id":"96352f7b-93be-4052-a90f-76e36332b071","email":"ryan.king@dropbox.net","message":"successfully handled skipped operation."},{"id":"ca64d601-35f6-4b08-acb0-10155bcba027","email":"jacob.lopez@dropbox.net","message":"successfully handled skipped operation."},{"id":"9419a0ba-9610-45b0-a766-e7a1ca2e7bc0","email":"jack.thompson@me.com","message":"failed to process due to network exception."},{"id":"795c23aa-5250-4e8a-9783-76e4106215ff","email":"andrew.miller@gmail.com","message":"successfully parsed message, but message temporarily enqueued while system restarts."},{"id":"e1c6136e-7dce-4514-a0de-1d4f9e1d5bd5","email":"elizabeth.martinez@dropbox.net","message":"failed to process due to datastore timeout of 30 seconds.  operation took 42 seconds."},{"id":"02365dc3-4171-4ea1-896f-4f815f8e7993","email":"daniel.rodriguez@amerisave.com","message":"successfully handled skipped operation."},{"id":"9028752b-364f-4113-b3f8-60ce7bee2a9f","email":"tyler.nelson@microsoft.com","message":"successfully parsed message, but message temporarily enqueued while system restarts."},{"id":"3b61e73c-3c3b-4acc-89ea-c7d173aaf0fe","email":"abigail.smith@amerisave.com","message":"successfully processed after 6664 milliseconds."},{"id":"b46bc1a1-24f7-4b29-af1e-662b7cd0e89f","email":"grace.moore@gmail.com","message":"failed to process due to network exception."},{"id":"5cd211d9-8c0a-4fb2-abc1-ba41625f5533","email":"emily.taylor@gmail.com","message":"successfully parsed message, but message temporarily enqueued while system restarts."},{"id":"a22f9811-675a-49e6-9f18-26b47dfc2f0e","email":"taylor.adams@gmail.com","message":"successfully handled skipped operation."},{"id":"5c33b626-8a0d-4aa6-a0dc-1a3a3ab0d11d","email":"sophia.baker@dropbox.net","message":"successfully processed after 1297 milliseconds."},{"id":"747a7487-0465-419f-b15a-b43aaa30694b","email":"taylor.adams@gmail.com","message":"failed to process due to datastore timeout of 30 seconds.  operation took 93 seconds."},{"id":"8df349cf-8a90-4cd9-987e-abd79d4911b9","email":"aiden.johnson@microsoft.com","message":"successfully handled skipped operation."},{"id":"029f2603-cdb1-480a-a2be-8dd2b2550945","email":"sophia.baker@dropbox.net","message":"failed to process due to network exception."},{"id":"4fb10ef6-816c-4a62-9f60-c44e9eb61068","email":"hannah.martin@dropbox.net","message":"successfully processed after 4129 milliseconds."},{"id":"f8aa9217-c44d-482e-94fa-18111398e6f5","email":"tyler.nelson@microsoft.com","message":"successfully processed after 5750 milliseconds."},{"id":"af0886ba-3e69-40c2-add1-ea96dd8572c3","email":"nicholas.allen@microsoft.com","message":"successfully handled skipped operation."},{"id":"4f3d3682-9c3b-4dda-9582-4d9680feb51b","email":"taylor.adams@gmail.com","message":"failed to process due to datastore timeout of 30 seconds.  operation took 31 seconds."},{"id":"4b5cd5fa-b51a-49fa-8697-0be19784f583","email":"lily.harris@gmail.com","message":"successfully handled skipped operation."},{"id":"7e763293-b30c-438a-b135-e48f1078b2ad","email":"hannah.martin@dropbox.net","message":"failed to process due to datastore timeout of 30 seconds.  operation took 119 seconds."},{"id":"11082aa9-bf48-4897-a8a1-c6cd7d855e42","email":"ava.davis@gmail.com","message":"successfully parsed message, but message temporarily enqueued while system restarts."},{"id":"1a114e3d-8ebb-41dd-8ff6-2667cb6a7949","email":"madison.lewis@gmail.com","message":"successfully parsed message, but message temporarily enqueued while system restarts."},{"id":"d8ea5337-843c-43b4-8e2e-de0c2918d35d","email":"elizabeth.martinez@dropbox.net","message":"failed to process due to network exception."},{"id":"2354ffd6-b05e-4bb9-91c7-f8e603325b63","email":"sophia.baker@dropbox.net","message":"successfully handled skipped operation."},{"id":"255db78b-5e46-4f43-8982-874204f66085","email":"chloe.garcia@dropbox.net","message":"failed to process due to network exception."},{"id":"33dd6d64-5b73-4781-a0d8-b3e6a3b66133","email":"emma.thomas@me.com","message":"failed to process due to network exception."},{"id":"ffd5f4df-7233-4c00-8fc9-13057e3d244a","email":"tyler.nelson@microsoft.com","message":"successfully processed after 3787 milliseconds."},{"id":"190b2318-9bbb-4ac0-a754-b007c250e219","email":"jacob.lopez@dropbox.net","message":"failed to process due to network exception."},{"id":"e915639a-5bab-4999-b31c-2559d0edd937","email":"dylan.wilson@gmail.com","message":"failed to process due to network exception."},{"id":"7c76f045-c8bf-411b-b976-ca76d7fb2e70","email":"sophia.baker@dropbox.net","message":"successfully handled skipped operation."},{"id":"7c16e836-ec8d-4894-bab7-8b82a0164284","email":"ava.davis@gmail.com","message":"successfully parsed message, but message temporarily enqueued while system restarts."},{"id":"a76ca73d-6597-41a8-aa54-ff092113d453","email":"matthew.walker@amerisave.com","message":"failed to process due to datastore timeout of 30 seconds.  operation took 88 seconds."},{"id":"78671b04-d6f3-4825-9c86-fcb029223c9c","email":"alyssa.jones@amerisave.com","message":"successfully parsed message, but message temporarily enqueued while system restarts."},{"id":"fb6b86c1-1c14-4334-a40d-b6f7c80d6de6","email":"nicholas.allen@microsoft.com","message":"successfully processed after 3086 milliseconds."},{"id":"ab0bf310-39c5-4217-b10f-606b1cf8ae84","email":"noah.sanchez@me.com","message":"successfully processed after 9077 milliseconds."},{"id":"1dd53a43-fb1b-44de-a04a-69281badd7c8","email":"liam.gonzalez@me.com","message":"failed to process due to network exception."},{"id":"6f257575-ce2c-48e9-ae45-072a0a8cfcaf","email":"taylor.adams@gmail.com","message":"failed to process due to datastore timeout of 30 seconds.  operation took 85 seconds."},{"id":"4a395099-f279-4ab5-b74c-76488f660959","email":"ryan.king@dropbox.net","message":"successfully processed after 3182 milliseconds."},{"id":"9cd49190-d787-4ebd-9d2b-3a0dd62bfc44","email":"alexander.williams@gmail.com","message":"successfully handled skipped operation."},{"id":"07b8e030-b481-4c3d-88a2-40ed3c4e5c60","email":"liam.gonzalez@me.com","message":"successfully processed after 7901 milliseconds."},{"id":"b512d344-5ec8-4e33-8dcf-2457c882eddb","email":"madison.lewis@gmail.com","message":"successfully processed after 8085 milliseconds."},{"id":"b5ef056c-79b9-4d4a-ad76-cfa9b9c690b4","email":"daniel.rodriguez@amerisave.com","message":"successfully processed after 9317 milliseconds."},{"id":"047045fb-b049-4b23-b269-3851ce2f8370","email":"michael.hall@dropbox.net","message":"failed to process due to network exception."},{"id":"8f37cf0d-0407-45f3-ad8f-390f8caf9816","email":"grace.moore@gmail.com","message":"successfully processed after 8830 milliseconds."},{"id":"7bc3972e-7f4f-4e0a-ae35-9e03a563b6c9","email":"alexis.brown@microsoft.com","message":"successfully processed after 985 milliseconds."},{"id":"48a86395-02ae-4d0d-a9f1-29031a0a5714","email":"mia.perez@me.com","message":"successfully handled skipped operation."},{"id":"a6d07ada-31f0-47e6-bbed-b081ec338c80","email":"hannah.martin@dropbox.net","message":"successfully parsed message, but message temporarily enqueued while system restarts."},{"id":"a148ddfe-4701-4633-a2fd-dc02834c70e6","email":"lily.harris@gmail.com","message":"successfully processed after 4360 milliseconds."},{"id":"43c704e8-7d26-4f3f-8da8-1e26dd96d69c","email":"nathan.young@microsoft.com","message":"failed to process due to network exception."},{"id":"fc4f9a0b-905a-45c4-bbf5-a1aeffd5dabf","email":"emily.taylor@gmail.com","message":"failed to process due to network exception."},{"id":"b6f94cb6-d44a-484e-bd5f-34b0c26bf7c9","email":"hannah.martin@dropbox.net","message":"failed to process due to datastore timeout of 30 seconds.  operation took 120 seconds."},{"id":"29020b47-c628-4d57-9b0b-9ff420759006","email":"hannah.martin@dropbox.net","message":"successfully parsed message, but message temporarily enqueued while system restarts."},{"id":"3e316735-cdda-4873-8f04-54c8e7aa02bc","email":"jack.thompson@me.com","message":"successfully parsed message, but message temporarily enqueued while system restarts."},{"id":"a9458921-85d9-4faf-8189-1e10b980c7ae","email":"hannah.martin@dropbox.net","message":"failed to process due to network exception."},{"id":"d07ae463-0cf8-414c-92bf-3a9564cc5945","email":"jackson.white@gmail.com","message":"failed to process due to network exception."},{"id":"d1361848-51d7-4a6b-9b8c-5d2d84900281","email":"elizabeth.martinez@dropbox.net","message":"successfully handled skipped operation."},{"id":"10f594ab-f95c-408e-8f09-ab7122794728","email":"ella.anderson@dropbox.net","message":"failed to process due to datastore timeout of 30 seconds.  operation took 40 seconds."},{"id":"76a5d638-f7ca-49be-925c-f23cdbee6f48","email":"isabella.jackson@amerisave.com","message":"successfully handled skipped operation."},{"id":"597c5cd1-7329-4dba-82a8-710b2ce49248","email":"alexis.brown@microsoft.com","message":"successfully processed after 9652 milliseconds."},{"id":"aae5304b-b040-476c-9ac4-573e49237adc","email":"isabella.jackson@amerisave.com","message":"successfully processed after 7472 milliseconds."},{"id":"c7b56ba3-aae2-426a-95b3-7f4ed80c01e1","email":"daniel.rodriguez@amerisave.com","message":"successfully processed after 120 milliseconds."},{"id":"5054694a-2018-406f-a9a3-833a21c1f29c","email":"daniel.rodriguez@amerisave.com","message":"failed to process due to network exception."},{"id":"405882ff-8802-4aad-a20c-3e9a07276e8b","email":"nicholas.allen@microsoft.com","message":"successfully handled skipped operation."},{"id":"eb8d0f81-735f-4d56-ae0b-ba5359d31981","email":"alyssa.jones@amerisave.com","message":"failed to process due to datastore timeout of 30 seconds.  operation took 77 seconds."},{"id":"91d5f5e5-7238-47ec-bf67-06df2edb3f94","email":"dylan.wilson@gmail.com","message":"successfully handled skipped operation."},{"id":"28c64131-58ca-4949-bd5d-4cfbfd9e8ba8","email":"ethan.hernandez@microsoft.com","message":"successfully processed after 7794 milliseconds."},{"id":"c09d3de4-4e42-4877-86b0-bc42d0e5eb46","email":"sarah.green@amerisave.com","message":"successfully handled skipped operation."},{"id":"b68f3287-a890-4e4d-abf2-de228a822926","email":"ava.davis@gmail.com","message":"failed to process due to network exception."},{"id":"a91c55e5-5323-4c4f-ad4a-214b2972f901","email":"daniel.rodriguez@amerisave.com","message":"failed to process due to network exception."},{"id":"52779cc1-53f8-46e7-a69e-2b0b212a0205","email":"alexander.williams@gmail.com","message":"successfully processed after 6442 milliseconds."},{"id":"6c104a73-1eeb-461b-91a5-b77230aae08a","email":"madison.lewis@gmail.com","message":"failed to process due to network exception."},{"id":"7552980c-6ad2-4411-bbf6-81ed1dd67702","email":"sophia.baker@dropbox.net","message":"failed to process due to datastore timeout of 30 seconds.  operation took 88 seconds."},{"id":"b7cf85e6-9cce-4ded-9e53-57383ecdbcc2","email":"andrew.miller@gmail.com","message":"successfully handled skipped operation."},{"id":"0b453e83-9d98-44f3-ad61-fce06425d949","email":"emma.thomas@me.com","message":"successfully processed after 135 milliseconds."},{"id":"7951c854-7bf9-4791-a5b5-925cd9af4366","email":"alexander.williams@gmail.com","message":"failed to process due to network exception."},{"id":"b972f754-ba5f-4d1a-bd76-606555191877","email":"aiden.johnson@microsoft.com","message":"failed to process due to network exception."},{"id":"fe145cf0-e021-4f99-9e8e-42f24a43d761","email":"daniel.rodriguez@amerisave.com","message":"failed to process due to datastore timeout of 30 seconds.  operation took 76 seconds."},{"id":"b5127264-08ac-4316-b8ff-7040d6e1a2c7","email":"olivia.wright@gmail.com","message":"successfully parsed message, but message temporarily enqueued while system restarts."},{"id":"9821d5d4-a095-4611-9d25-41f36cc16223","email":"ava.davis@gmail.com","message":"successfully parsed message, but message temporarily enqueued while system restarts."},{"id":"ec356902-f857-431d-840e-54416375f770","email":"chloe.garcia@dropbox.net","message":"successfully handled skipped operation."},{"id":"691108bc-b837-4d95-830b-89b876737ed0","email":"dylan.wilson@gmail.com","message":"failed to process due to datastore timeout of 30 seconds.  operation took 44 seconds."},{"id":"540478dd-2266-448a-b3bd-12593889a377","email":"madison.lewis@gmail.com","message":"successfully handled skipped operation."},{"id":"498f3fa5-4750-4377-8b95-a17247505f36","email":"logan.clark@dropbox.net","message":"failed to process due to datastore timeout of 30 seconds.  operation took 105 seconds."},{"id":"51b4a72f-844f-48e8-90c5-554cf915e26d","email":"dylan.wilson@gmail.com","message":"failed to process due to network exception."},{"id":"9260ca03-afee-47ec-a8df-9c0bf3936fb9","email":"nicholas.allen@microsoft.com","message":"successfully processed after 898 milliseconds."},{"id":"6808b341-38b9-4e02-ae0a-e8fb10f31996","email":"jack.thompson@me.com","message":"successfully processed after 8837 milliseconds."},{"id":"3653db3d-ce71-4954-b66a-723e0c5fdcd8","email":"ella.anderson@dropbox.net","message":"successfully parsed message, but message temporarily enqueued while system restarts."},{"id":"3ec86ad0-f374-4039-afaa-d15cde88aa64","email":"ava.davis@gmail.com","message":"successfully parsed message, but message temporarily enqueued while system restarts."},{"id":"d0ae94f4-7449-44cd-a01b-dc9f5b6860a4","email":"jack.thompson@me.com","message":"failed to process due to datastore timeout of 30 seconds.  operation took 74 seconds."},{"id":"be4a0486-d08e-4861-b123-ec40ae0e5fd9","email":"joshua.lee@gmail.com","message":"successfully processed after 1807 milliseconds."},{"id":"bfa95ac7-55e8-4a3e-9b7f-acad25922373","email":"lily.harris@gmail.com","message":"failed to process due to datastore timeout of 30 seconds.  operation took 68 seconds."},{"id":"3fbf1801-e7ac-46d7-a8df-d6da1b364a8b","email":"hannah.martin@dropbox.net","message":"successfully parsed message, but message temporarily enqueued while system restarts."},{"id":"e20a4632-d35b-4a21-9c6a-1dae850f5cdf","email":"aiden.johnson@microsoft.com","message":"failed to process due to network exception."},{"id":"efaa05de-e106-4e37-bbdd-8e83952ee4c3","email":"madison.lewis@gmail.com","message":"successfully processed after 6764 milliseconds."},{"id":"1bd316cd-73b4-4aed-9f53-bb65b2557d2a","email":"abigail.smith@amerisave.com","message":"successfully processed after 2205 milliseconds."},{"id":"b80fbf38-029e-410c-bef6-c82bbb7146c7","email":"andrew.miller@gmail.com","message":"failed to process due to datastore timeout of 30 seconds.  operation took 83 seconds."},{"id":"8e57288b-147c-4107-a94b-6bf6bbb39b6c","email":"sophia.baker@dropbox.net","message":"successfully processed after 3892 milliseconds."},{"id":"5e32e1a8-061f-47e7-9cf1-70865465d116","email":"alexander.williams@gmail.com","message":"successfully processed after 7514 milliseconds."},{"id":"e14f6d2b-dc3b-40db-bd44-6fcd91d1c287","email":"abigail.smith@amerisave.com","message":"successfully parsed message, but message temporarily enqueued while system restarts."},{"id":"7e0129af-0cf0-4298-8ba5-4c69582286e8","email":"alexis.brown@microsoft.com","message":"failed to process due to network exception."},{"id":"dc8e527c-e4ca-4ec0-a2a3-60cd6f814d2d","email":"sophia.baker@dropbox.net","message":"failed to process due to network exception."},{"id":"cf4c902f-f334-42b2-b4c1-765d15f283aa","email":"chloe.garcia@dropbox.net","message":"failed to process due to network exception."},{"id":"52809b31-6275-459a-9c26-96956335fcec","email":"madison.lewis@gmail.com","message":"successfully parsed message, but message temporarily enqueued while system restarts."},{"id":"ffa68de4-1b47-439f-b7dc-6ad52d9ba0b5","email":"matthew.walker@amerisave.com","message":"successfully processed after 4156 milliseconds."},{"id":"484314e5-d415-4604-b2fa-069c6ef04bbb","email":"grace.moore@gmail.com","message":"failed to process due to datastore timeout of 30 seconds.  operation took 57 seconds."},{"id":"849d14c4-874b-4f20-b798-85843b266af5","email":"dylan.wilson@gmail.com","message":"failed to process due to datastore timeout of 30 seconds.  operation took 128 seconds."},{"id":"55ce5c08-a3bc-4be8-a804-b56d0f11fdf9","email":"matthew.walker@amerisave.com","message":"successfully parsed message, but message temporarily enqueued while system restarts."},{"id":"c5d2cf32-c532-456a-ab2c-3ad915a341d5","email":"nicholas.allen@microsoft.com","message":"successfully handled skipped operation."}],"id":"12e770bc-8abf-4765-8b0b-5c5673874005"}