{"logs":[{"id":"3a486132-17d1-4dd3-ae12-1e92f47222dd","email":"jacob.lopez@dropbox.net","message":"failed to process due to network exception."},{"id":"fa29d6f4-1997-4c18-b64b-2ca875867ee9","email":"elizabeth.martinez@dropbox.net","message":"successfully processed after 8477 milliseconds."},{"id":"6bd5d161-a22e-4330-bdba-aaaf1a8e6f31","email":"matthew.walker@amerisave.com","message":"failed to process due to network exception."},{"id":"7117e3c1-3d44-4da1-9bcb-aa903dc86fd6","email":"jack.thompson@me.com","message":"successfully parsed message, but message temporarily enqueued while system restarts."},{"id":"826a1344-43d9-4db2-bc62-f37efa7eef86","email":"grace.moore@gmail.com","message":"successfully processed after 2095 milliseconds."},{"id":"574b0a87-83c1-41c4-a71f-6593edd6035f","email":"joshua.lee@gmail.com","message":"successfully handled skipped operation."},{"id":"2fa52d55-a287-4393-803f-551be8b7c33e","email":"grace.moore@gmail.com","message":"successfully handled skipped operation."},{"id":"966e2450-f25b-4284-84c1-9326a4b323b7","email":"andrew.miller@gmail.com","message":"successfully processed after 3356 milliseconds."},{"id":"11d2f08c-a181-45c1-8417-fe9263fea0ac","email":"matthew.walker@amerisave.com","message":"successfully processed after 3152 milliseconds."},{"id":"6fc8bcae-9305-449d-8ecc-4e1689096ddd","email":"noah.sanchez@me.com","message":"successfully handled skipped operation."},{"id":"047ce1cb-9325-4323-a4c6-100153d0790e","email":"sophia.baker@dropbox.net","message":"successfully parsed message, but message temporarily enqueued while system restarts."},{"id":"80fbcca3-8a98-4773-87c4-356db75847d0","email":"olivia.wright@gmail.com","message":"failed to process due to network exception."},{"id":"ec8b04c7-aba7-452c-b929-c015d6584876","email":"nathan.young@microsoft.com","message":"failed to process due to network exception."},{"id":"d2f2a94b-3fc1-4255-b597-17fa76f6c187","email":"nicholas.allen@microsoft.com","message":"successfully processed after 6628 milliseconds."},{"id":"36c24df5-545e-4725-8195-42fdbd554d20","email":"michael.hall@dropbox.net","message":"failed to process due to datastore timeout of 30 seconds.  operation took 38 seconds."},{"id":"59aa0736-3710-4fa7-8af1-c7aa0ae5b3b7","email":"matthew.walker@amerisave.com","message":"successfully handled skipped operation."},{"id":"555b3955-1722-44bf-9681-b342ef37d9a7","email":"nicholas.allen@microsoft.com","message":"successfully processed after 6873 milliseconds."},{"id":"f657f1d6-edb3-4747-b623-b3fce39ae50c","email":"jackson.white@gmail.com","message":"failed to process due to datastore timeout of 30 seconds.  operation took 78 seconds."},{"id":"b13ada17-c5bd-413c-a208-02c90823721f","email":"lily.harris@gmail.com","message":"failed to process due to datastore timeout of 30 seconds.  operation took 82 seconds."},{"id":"9c27b470-86e4-4a84-91b0-ee4d643b01dd","email":"daniel.rodriguez@amerisave.com","message":"successfully handled skipped operation."},{"id":"8427e231-57e4-48f0-8428-582a9eec9a0f","email":"lily.harris@gmail.com","message":"successfully handled skipped operation."},{"id":"c6e4c31b-f60a-4f5b-ac9f-da9bc8258ac8","email":"mia.perez@me.com","message":"successfully handled skipped operation."},{"id":"15ba2871-5697-43e4-9f08-4fc804d85a4d","email":"mia.perez@me.com","message":"failed to process due to network exception."},{"id":"215fdc69-ea41-4ac0-aa36-c5a834170b4d","email":"liam.gonzalez@me.com","message":"successfully handled skipped operation."},{"id":"3fedcae0-badf-46eb-81f2-986ac263b6e1","email":"samantha.scott@me.com","message":"successfully processed after 1117 milliseconds."},{"id":"0120d1dd-437e-4e01-8266-5642271d019f","email":"ethan.hernandez@microsoft.com","message":"successfully handled skipped operation."},{"id":"593a3711-7d15-47de-86e0-2508fd64eb72","email":"liam.gonzalez@me.com","message":"successfully handled skipped operation."},{"id":"22f5cca2-c89a-4262-98c2-288518d0b880","email":"jack.thompson@me.com","message":"failed to process due to datastore timeout of 30 seconds.  operation took 44 seconds."},{"id":"7cd8c3c4-71fc-4ead-8aab-fa7358804f17","email":"matthew.walker@amerisave.com","message":"successfully processed after 3827 milliseconds."},{"id":"6fd7c2d3-9b22-46ec-8214-73a639425d36","email":"emma.thomas@me.com","message":"failed to process due to datastore timeout of 30 seconds.  operation took 110 seconds."},{"id":"9efd183c-f205-49f0-a49b-fcd514b68b21","email":"jacob.lopez@dropbox.net","message":"successfully parsed message, but message temporarily enqueued while system restarts."},{"id":"397ce70f-294c-42f7-8db8-a2dc80d4591d","email":"jacob.lopez@dropbox.net","message":"successfully processed after 8205 milliseconds."},{"id":"9c33f7b7-5e17-4494-9b8f-3825e273236d","email":"jack.thompson@me.com","message":"failed to process due to network exception."},{"id":"dccc22cc-12d9-40e8-a9d1-f55850f43425","email":"tyler.nelson@microsoft.com","message":"successfully handled skipped operation."},{"id":"f527ca49-05aa-46a0-a6b5-989b91bf4eca","email":"liam.gonzalez@me.com","message":"successfully handled skipped operation."},{"id":"d9a5394b-3496-4d75-b74a-4c9a97318ac2","email":"alexander.williams@gmail.com","message":"successfully handled skipped operation."},{"id":"b556403f-dd08-4d19-9c92-81f26f067278","email":"madison.lewis@gmail.com","message":"successfully parsed message, but message temporarily enqueued while system restarts."},{"id":"9c9578e6-bcb2-4305-9177-d44ba63ddc0d","email":"lily.harris@gmail.com","message":"successfully parsed message, but message temporarily enqueued while system restarts."},{"id":"9e7289c5-2b20-4a04-9edb-85f7f850c2da","email":"taylor.adams@gmail.com","message":"successfully handled skipped operation."},{"id":"ac6b1547-0593-413a-bc6c-bfca7714f692","email":"ava.davis@gmail.com","message":"failed to process due to network exception."},{"id":"5ec5261d-874e-4504-8a8b-b9ba2a1dc4a8","email":"jack.thompson@me.com","message":"failed to process due to datastore timeout of 30 seconds.  operation took 54 seconds."},{"id":"578a685f-d8e8-49fd-8146-19d877bb8b47","email":"aiden.johnson@microsoft.com","message":"failed to process due to datastore timeout of 30 seconds.  operation took 50 seconds."},{"id":"3226e054-ef42-4311-a1c8-97868152eefb","email":"mason.robinson@amerisave.com","message":"successfully parsed message, but message temporarily enqueued while system restarts."},{"id":"412a7f1d-1334-4783-98d5-261827d596ad","email":"sophia.baker@dropbox.net","message":"failed to process due to datastore timeout of 30 seconds.  operation took 37 seconds."},{"id":"eac1f9cc-7e29-4622-a2b9-029b39a02cd5","email":"michael.hall@dropbox.net","message":"successfully processed after 9963 milliseconds."},{"id":"b0124935-2740-4838-9cfb-7d1a1b9615af","email":"emily.taylor@gmail.com","message":"failed to process due to network exception."},{"id":"381794a9-158e-4d60-a4c8-a8c9a43cf227","email":"daniel.rodriguez@amerisave.com","message":"successfully handled skipped operation."},{"id":"30ae063d-5e07-45fb-989e-4bbf7f20c01a","email":"jack.thompson@me.com","message":"successfully processed after 8456 milliseconds."},{"id":"9ead587d-f7c7-4765-83a1-cf65ddbcf3bb","email":"joshua.lee@gmail.com","message":"successfully parsed message, but message temporarily enqueued while system restarts."},{"id":"8e318e74-b8ed-4724-8c35-edbef6d1b5ee","email":"nathan.young@microsoft.com","message":"failed to process due to network exception."},{"id":"75e1f6ac-b9df-448c-8bc2-e04c51e72d8f","email":"ethan.hernandez@microsoft.com","message":"successfully handled skipped operation."},{"id":"9e6184f5-2de9-4dbd-bf86-adb4b9cb4696","email":"logan.clark@dropbox.net","message":"successfully processed after 2578 milliseconds."},{"id":"566ea2e6-7574-4dda-9cb0-66b4d9d2d043","email":"alexis.brown@microsoft.com","message":"successfully parsed message, but message temporarily enqueued while system restarts."},{"id":"c298f0f6-6601-488a-ad78-f093826772c3","email":"ava.davis@gmail.com","message":"failed to process due to datastore timeout of 30 seconds.  operation took 99 seconds."},{"id":"dde87365-8569-4404-9afe-d8e482df5c99","email":"samantha.scott@me.com","message":"failed to process due to datastore timeout of 30 seconds.  operation took 106 seconds."},{"id":"a04d2d20-e6b8-4fcd-b0d1-9ecb55d60099","email":"nathan.young@microsoft.com","message":"failed to process due to network exception."},{"id":"049405ec-7891-407d-b8e3-b9f9bb595677","email":"alexis.brown@microsoft.com","message":"failed to process due to datastore timeout of 30 seconds.  operation took 84 seconds."},{"id":"0896c4bf-6394-4b9b-b828-fd3f3b3b08e7","email":"emily.taylor@gmail.com","message":"failed to process due to datastore timeout of 30 seconds.  operation took 51 seconds."},{"id":"6f6106bc-1f60-4634-86e1-e6958241d492","email":"chloe.garcia@dropbox.net","message":"failed to process due to network exception."},{"id":"ccbb080b-aa65-4800-aa5a-8f7de347fe5e","email":"daniel.rodriguez@amerisave.com","message":"successfully handled skipped operation."},{"id":"64a37d47-9afe-4286-a8a2-386781c09c05","email":"taylor.adams@gmail.com","message":"successfully handled skipped operation."},{"id":"6b22979e-8c10-4a35-b371-cf356a422b09","email":"elizabeth.martinez@dropbox.net","message":"successfully processed after 5692 milliseconds."},{"id":"561acd6d-bbd8-446f-9a11-3e85c5f76494","email":"ethan.hernandez@microsoft.com","message":"successfully handled skipped operation."},{"id":"dff51671-66ef-40d6-8f42-3f8ed33c006a","email":"andrew.miller@gmail.com","message":"failed to process due to network exception."},{"id":"19b1ec70-abf5-46a8-8d93-7903a7b98e6f","email":"chloe.garcia@dropbox.net","message":"successfully processed after 1693 milliseconds."},{"id":"e1930910-743f-4260-94d4-839d62bb3727","email":"abigail.smith@amerisave.com","message":"successfully processed after 621 milliseconds."},{"id":"dd6f6bf7-ac45-4fef-bfc1-57a435db8fe7","email":"andrew.miller@gmail.com","message":"successfully processed after 4603 milliseconds."},{"id":"c2b92fcb-38c1-44c9-8e9a-ede3e18a621f","email":"noah.sanchez@me.com","message":"successfully parsed message, but message temporarily enqueued while system restarts."},{"id":"ac3fb573-91bb-4b8f-bfcd-72ce2a2a995c","email":"grace.moore@gmail.com","message":"failed to process due to network exception."},{"id":"6b0b1e0d-501c-4e56-b015-d0e9aaa5040f","email":"ella.anderson@dropbox.net","message":"successfully handled skipped operation."},{"id":"a470fc27-3f13-4015-88ba-0dd4d7f1a583","email":"hannah.martin@dropbox.net","message":"successfully handled skipped operation."},{"id":"d4c2f6d9-cda3-40bb-846a-6735361cdcc6","email":"jackson.white@gmail.com","message":"successfully processed after 5745 milliseconds."},{"id":"bce1183d-95fc-47cd-8aa0-8273653fca4f","email":"emily.taylor@gmail.com","message":"successfully handled skipped operation."},{"id":"c8113f2a-ffdd-48a2-8ab8-85189071ad92","email":"matthew.walker@amerisave.com","message":"successfully processed after 2943 milliseconds."},{"id":"744853e6-89c6-4200-994d-a9c507b4ad09","email":"nicholas.allen@microsoft.com","message":"failed to process due to datastore timeout of 30 seconds.  operation took 106 seconds."},{"id":"9a164d07-6486-4eed-af5f-13e925d01ce4","email":"aiden.johnson@microsoft.com","message":"failed to process due to datastore timeout of 30 seconds.  operation took 125 seconds."},{"id":"7c082b60-8355-4dcb-bbb5-fa3b30d6f227","email":"logan.clark@dropbox.net","message":"successfully handled skipped operation."},{"id":"f526a48c-4725-4dfe-b28d-e197cf56442f","email":"joshua.lee@gmail.com","message":"successfully parsed message, but message temporarily enqueued while system restarts."},{"id":"570c462d-cdc4-4f21-9247-6494c457b4cf","email":"alexander.williams@gmail.com","message":"failed to process due to network exception."},{"id":"f7f346eb-b4b7-4a66-9649-da8b1a71f9a0","email":"ryan.king@dropbox.net","message":"failed to process due to datastore timeout of 30 seconds.  operation took 35 seconds."},{"id":"6f41448d-4024-411b-b042-d03476832d6d","email":"sarah.green@amerisave.com","message":"successfully handled skipped operation."},{"id":"86c32b0f-aa6b-4cb3-b407-fadfbbe40272","email":"tyler.nelson@microsoft.com","message":"failed to process due to network exception."},{"id":"e2c0b439-96bd-4acf-9fb6-0a8569f26549","email":"ryan.king@dropbox.net","message":"failed to process due to network exception."},{"id":"e1e93b11-d0ff-479d-b4ae-6e2b6c7cafc0","email":"mia.perez@me.com","message":"failed to process due to network exception."},{"id":"7a2f0544-cedc-4c0b-9f6e-469f618a5c7b","email":"aiden.johnson@microsoft.com","message":"successfully parsed message, but message temporarily enqueued while system restarts."},{"id":"caf94e84-6caa-4fca-9d5f-a809ca51fc90","email":"emily.taylor@gmail.com","message":"failed to process due to network exception."},{"id":"7a146826-3fef-41e6-8463-ee86d52a2328","email":"aiden.johnson@microsoft.com","message":"failed to process due to network exception."},{"id":"58d7c40b-ea4a-4134-ad98-6d5706b8606b","email":"hannah.martin@dropbox.net","message":"successfully parsed message, but message temporarily enqueued while system restarts."},{"id":"447f89bf-d8ce-404a-8966-2ed946cc584d","email":"hannah.martin@dropbox.net","message":"successfully handled skipped operation."},{"id":"9edd7881-c8af-4fe7-aa3f-fea8dbb8962b","email":"jack.thompson@me.com","message":"failed to process due to network exception."},{"id":"bede8ee0-bb85-4e1b-ac95-730bea305492","email":"mason.robinson@amerisave.com","message":"failed to process due to datastore timeout of 30 seconds.  operation took 80 seconds."},{"id":"6a699880-d869-4fb9-bc06-13f8b7146652","email":"joshua.lee@gmail.com","message":"failed to process due to network exception."},{"id":"6fe12e9b-9e62-4eca-96c2-ebeaccf58681","email":"emily.taylor@gmail.com","message":"successfully handled skipped operation."},{"id":"1f655656-d043-4851-9d43-554928f372f0","email":"joshua.lee@gmail.com","message":"failed to process due to datastore timeout of 30 seconds.  operation took 53 seconds."},{"id":"1146bc50-f76e-44a4-87bd-4aeca57c351d","email":"grace.moore@gmail.com","message":"successfully processed after 8399 milliseconds."},{"id":"8584d7b0-4a22-4ec5-9274-afda59f6bcc3","email":"noah.sanchez@me.com","message":"failed to process due to network exception."},{"id":"e92ced24-02b4-4203-9707-f28c2ca503de","email":"emily.taylor@gmail.com","message":"successfully handled skipped operation."},{"id":"2bf10472-5565-41ff-a132-60daf8948c25","email":"olivia.wright@gmail.com","message":"successfully parsed message, but message temporarily enqueued while system restarts."},{"id":"4ad63954-ec7f-43fb-9fc0-f470da8189c8","email":"taylor.adams@gmail.com","message":"failed to process due to datastore timeout of 30 seconds.  operation took 33 seconds."},{"id":"65d0b135-a51b-4652-9af7-80e60f2feb65","email":"chloe.garcia@dropbox.net","message":"successfully handled skipped operation."},{"id":"658b0a87-54da-4d7d-9ee1-d53af2111db3","email":"grace.moore@gmail.com","message":"successfully handled skipped operation."},{"id":"dacc70eb-8d1b-4b21-a650-eebd524c6169","email":"sophia.baker@dropbox.net","message":"successfully handled skipped operation."},{"id":"572c56c7-d137-41a9-8abe-0c7f82953bd0","email":"lily.harris@gmail.com","message":"successfully parsed message, but message temporarily enqueued while system restarts."},{"id":"928a627f-2f2c-4c39-b473-81ec92bfba5b","email":"lily.harris@gmail.com","message":"successfully parsed message, but message temporarily enqueued while system restarts."},{"id":"7e6d1dae-8172-4050-9590-63b554604646","email":"liam.gonzalez@me.com","message":"successfully parsed message, but message temporarily enqueued while system restarts."},{"id":"648c3605-67fc-4c3d-8a21-d71c9498275b","email":"joshua.lee@gmail.com","message":"failed to process due to network exception."},{"id":"303eb3ce-9362-4fa1-988d-8fac4121bff2","email":"sophia.baker@dropbox.net","message":"failed to process due to datastore timeout of 30 seconds.  operation took 63 seconds."},{"id":"14229f2f-e376-4b55-a9f2-816c99f22249","email":"jacob.lopez@dropbox.net","message":"failed to process due to datastore timeout of 30 seconds.  operation took 117 seconds."},{"id":"dacbd328-fbcd-4180-ab4f-29fff257d08b","email":"jackson.white@gmail.com","message":"failed to process due to network exception."},{"id":"27330b5f-890b-4e8c-b63d-d582595ba8b7","email":"sarah.green@amerisave.com","message":"successfully handled skipped operation."},{"id":"08b7bc3d-fc51-4476-9b20-6528e2d0cf1b","email":"isabella.jackson@amerisave.com","message":"successfully parsed message, but message temporarily enqueued while system restarts."},{"id":"9d9a4924-922a-417e-9aec-9ecc82a2c370","email":"ella.anderson@dropbox.net","message":"failed to process due to network exception."},{"id":"cf599eea-08df-4843-a7a4-9d3057ddbb7b","email":"nathan.young@microsoft.com","message":"successfully parsed message, but message temporarily enqueued while system restarts."},{"id":"cec4703d-345a-4124-ba98-b9b4681ac913","email":"ryan.king@dropbox.net","message":"successfully processed after 9551 milliseconds."},{"id":"64e69c22-8d86-4f94-8794-09d3d1ddb5f9","email":"jackson.white@gmail.com","message":"successfully processed after 997 milliseconds."},{"id":"302d1b34-8beb-4e8c-866e-54722625955b","email":"abigail.smith@amerisave.com","message":"successfully parsed message, but message temporarily enqueued while system restarts."},{"id":"5cedba19-e59a-40bb-a9c2-362d4227c9f6","email":"michael.hall@dropbox.net","message":"successfully processed after 9065 milliseconds."},{"id":"702b0792-b6aa-415f-909b-c082eeddfb46","email":"emily.taylor@gmail.com","message":"successfully processed after 4080 milliseconds."},{"id":"40f8956e-0563-4c34-8c81-0a1673cbc488","email":"ella.anderson@dropbox.net","message":"successfully handled skipped operation."},{"id":"899dc9d4-e90e-4ff3-8dfd-fbe761c0157b","email":"hannah.martin@dropbox.net","message":"failed to process due to network exception."},{"id":"9beca917-46a6-4356-a181-dacd150ec0db","email":"joshua.lee@gmail.com","message":"failed to process due to network exception."},{"id":"689cd02b-9ce5-4381-ba74-74dbd938e50a","email":"dylan.wilson@gmail.com","message":"successfully parsed message, but message temporarily enqueued while system restarts."},{"id":"b9b81232-b0e9-479a-baf4-f12eed0ed284","email":"joshua.lee@gmail.com","message":"failed to process due to network exception."},{"id":"e6075ae1-70de-4266-a67b-3c9b93b1d36f","email":"ava.davis@gmail.com","message":"successfully handled skipped operation."},{"id":"96c636ba-04af-4c2b-86fd-5ff0d629f74a","email":"aiden.johnson@microsoft.com","message":"successfully processed after 5235 milliseconds."},{"id":"3bf02456-6176-4945-af38-114e3d228dfd","email":"taylor.adams@gmail.com","message":"failed to process due to network exception."},{"id":"6c223bba-b179-4cd8-ad95-0bdb7a0c68c7","email":"sophia.baker@dropbox.net","message":"successfully parsed message, but message temporarily enqueued while system restarts."},{"id":"bb79d194-68bc-4701-a3ee-6d505e358e33","email":"samantha.scott@me.com","message":"successfully handled skipped operation."},{"id":"2dccfd79-b090-4d80-bcc1-dac107c4b4ee","email":"samantha.scott@me.com","message":"successfully processed after 1496 milliseconds."},{"id":"01537a84-9df0-4bab-83ec-2afb10124029","email":"jackson.white@gmail.com","message":"successfully parsed message, but message temporarily enqueued while system restarts."},{"id":"b04b0ac6-e165-4818-8963-e91ee0f8f5ac","email":"michael.hall@dropbox.net","message":"successfully processed after 5236 milliseconds."},{"id":"caf5a6e5-c34b-4713-92ae-782d9ad73983","email":"alexis.brown@microsoft.com","message":"successfully parsed message, but message temporarily enqueued while system restarts."},{"id":"84c705a6-fb94-4c90-9863-4b96e1c8e277","email":"jackson.white@gmail.com","message":"failed to process due to network exception."},{"id":"8a69b8e0-21d2-4d98-90cd-30cfc617e6ea","email":"noah.sanchez@me.com","message":"failed to process due to datastore timeout of 30 seconds.  operation took 55 seconds."},{"id":"1a70af6f-7460-40cc-b764-e9eda061021a","email":"abigail.smith@amerisave.com","message":"successfully handled skipped operation."},{"id":"c1abf2d9-0bbe-48d6-9590-0c1f3e1a8c5c","email":"mia.perez@me.com","message":"failed to process due to datastore timeout of 30 seconds.  operation took 53 seconds."},{"id":"b651c6bd-a347-42fb-8ee6-c26ef8a1cef6","email":"daniel.rodriguez@amerisave.com","message":"failed to process due to network exception."},{"id":"c366746c-5b8f-43f6-856b-2344aaf1fa5d","email":"ava.davis@gmail.com","message":"failed to process due to network exception."},{"id":"0f691ee2-9ea0-41e4-9cad-8463c9f71c74","email":"logan.clark@dropbox.net","message":"successfully handled skipped operation."},{"id":"24972a6f-b3f7-41fa-ace3-ef17b8794ade","email":"alexis.brown@microsoft.com","message":"failed to process due to datastore timeout of 30 seconds.  operation took 112 seconds."},{"id":"417ad14b-dc45-4787-95ff-ae1ad064d902","email":"ethan.hernandez@microsoft.com","message":"failed to process due to network exception."},{"id":"ac8caab7-b505-445f-996a-4540025f7b4c","email":"aiden.johnson@microsoft.com","message":"successfully handled skipped operation."},{"id":"287cf34c-10cc-4c46-9689-0b12f3cb2111","email":"ryan.king@dropbox.net","message":"failed to process due to datastore timeout of 30 seconds.  operation took 74 seconds."},{"id":"1ff7b14b-bb2f-466a-8069-ee297041ec3f","email":"ava.davis@gmail.com","message":"successfully handled skipped operation."},{"id":"88c492ac-caf0-4e74-b10f-2fb25226b6fd","email":"dylan.wilson@gmail.com","message":"failed to process due to datastore timeout of 30 seconds.  operation took 128 seconds."},{"id":"4f460c46-64da-4791-9d8d-5eb851161ce5","email":"elizabeth.martinez@dropbox.net","message":"successfully handled skipped operation."},{"id":"5a2ddd61-2442-4104-9b77-a1f1336e3a14","email":"noah.sanchez@me.com","message":"failed to process due to network exception."},{"id":"2838c51c-93ea-4971-91cb-04cbc2f653c8","email":"samantha.scott@me.com","message":"failed to process due to datastore timeout of 30 seconds.  operation took 36 seconds."},{"id":"1945fee2-dc31-4e60-bb98-1b6b4ed78160","email":"ethan.hernandez@microsoft.com","message":"failed to process due to datastore timeout of 30 seconds.  operation took 39 seconds."},{"id":"5cc4a108-0fd8-42a9-939b-0d07c4f5c3e0","email":"nathan.young@microsoft.com","message":"failed to process due to datastore timeout of 30 seconds.  operation took 54 seconds."},{"id":"1641f14c-6c95-40fb-8739-f0b4902e8da3","email":"ryan.king@dropbox.net","message":"failed to process due to datastore timeout of 30 seconds.  operation took 115 seconds."},{"id":"b685f9a5-8126-4f03-b8db-b2bd98e24a62","email":"liam.gonzalez@me.com","message":"failed to process due to network exception."},{"id":"59df8349-ed5a-4b31-b221-15a362b286b1","email":"isabella.jackson@amerisave.com","message":"successfully handled skipped operation."},{"id":"d922b68f-c6ce-42c2-be27-86d9f86af456","email":"daniel.rodriguez@amerisave.com","message":"failed to process due to datastore timeout of 30 seconds.  operation took 52 seconds."},{"id":"d1506f6d-6648-459b-a607-1a0433e04c4f","email":"ella.anderson@dropbox.net","message":"failed to process due to datastore timeout of 30 seconds.  operation took 69 seconds."},{"id":"d7b4f22a-35f2-4e20-9e03-bd8afe997241","email":"jackson.white@gmail.com","message":"failed to process due to network exception."},{"id":"5c7a7b82-cf98-4a03-878a-f8f5b2267a20","email":"alexis.brown@microsoft.com","message":"successfully parsed message, but message temporarily enqueued while system restarts."},{"id":"a9672253-7e15-4fc0-a952-547acfe8ef34","email":"emma.thomas@me.com","message":"successfully parsed message, but message temporarily enqueued while system restarts."},{"id":"1f5c1ff1-dcc2-45f9-973b-32c4bf8ece79","email":"daniel.rodriguez@amerisave.com","message":"successfully processed after 9381 milliseconds."},{"id":"7b796f27-8f28-4ca1-8b0e-295a6e4f17c7","email":"andrew.miller@gmail.com","message":"failed to process due to network exception."},{"id":"d0e0d734-24ea-4d7b-a316-0c8aaffefdef","email":"jacob.lopez@dropbox.net","message":"successfully parsed message, but message temporarily enqueued while system restarts."},{"id":"baa54f6e-6d62-4482-9e76-49ab96d64009","email":"daniel.rodriguez@amerisave.com","message":"successfully parsed message, but message temporarily enqueued while system restarts."},{"id":"eb6b26f8-2db2-4f7a-a56d-5a2182370d5d","email":"mia.perez@me.com","message":"successfully processed after 4370 milliseconds."},{"id":"984e4e06-d46b-471d-b31b-3bd90c42efd5","email":"ava.davis@gmail.com","message":"failed to process due to network exception."},{"id":"c8f9d950-9017-4a7b-b506-5f86fb0d2833","email":"emily.taylor@gmail.com","message":"successfully handled skipped operation."},{"id":"09976b62-cf0e-4512-9d02-04164ca1db52","email":"ella.anderson@dropbox.net","message":"failed to process due to datastore timeout of 30 seconds.  operation took 42 seconds."},{"id":"a8fdb8e8-a016-486f-a4e0-9517aedceadd","email":"joshua.lee@gmail.com","message":"failed to process due to datastore timeout of 30 seconds.  operation took 69 seconds."},{"id":"10c82b5a-71ba-43c5-b2ab-a250554adda7","email":"olivia.wright@gmail.com","message":"failed to process due to network exception."},{"id":"126b4bd3-581e-40b2-945e-89142c61ff07","email":"daniel.rodriguez@amerisave.com","message":"failed to process due to datastore timeout of 30 seconds.  operation took 60 seconds."},{"id":"45f72599-7dcd-4eff-a952-b779c678aa05","email":"lily.harris@gmail.com","message":"failed to process due to network exception."},{"id":"bac39e9e-0f69-41ab-8e17-8b62fedb3396","email":"mia.perez@me.com","message":"failed to process due to datastore timeout of 30 seconds.  operation took 124 seconds."},{"id":"384cfd15-65b8-4b54-a64a-1e6a67e41515","email":"emma.thomas@me.com","message":"failed to process due to datastore timeout of 30 seconds.  operation took 128 seconds."},{"id":"f45a0092-55dd-4bad-8245-5563b8cf6a9f","email":"ella.anderson@dropbox.net","message":"failed to process due to network exception."},{"id":"0096ebfc-4efe-47bf-912c-7bbc156d7289","email":"joshua.lee@gmail.com","message":"failed to process due to network exception."},{"id":"179bdb47-aa8a-4681-aa81-1455fbccd737","email":"alexander.williams@gmail.com","message":"successfully parsed message, but message temporarily enqueued while system restarts."},{"id":"90e6b709-7f61-4da2-8ba1-c2d98a2d2311","email":"sophia.baker@dropbox.net","message":"successfully processed after 2868 milliseconds."},{"id":"906a58c6-9ffa-4354-99cf-de39a71f1e0e","email":"hannah.martin@dropbox.net","message":"successfully parsed message, but message temporarily enqueued while system restarts."},{"id":"f0fea44b-3d91-4f1d-9164-3b537d527e9d","email":"dylan.wilson@gmail.com","message":"successfully processed after 9622 milliseconds."},{"id":"74b92f5c-be59-49bf-b8b5-e3b6dc0d0655","email":"chloe.garcia@dropbox.net","message":"successfully handled skipped operation."},{"id":"b7b028f4-e47d-4295-bc24-2e6d783aaef8","email":"andrew.miller@gmail.com","message":"failed to process due to datastore timeout of 30 seconds.  operation took 73 seconds."},{"id":"dad35217-14e2-41d2-a667-eda676e0d75e","email":"isabella.jackson@amerisave.com","message":"successfully handled skipped operation."},{"id":"22da71ee-7160-4a94-a838-457b929b3a0c","email":"samantha.scott@me.com","message":"successfully handled skipped operation."},{"id":"40125af0-b74b-4119-8812-10711aa3766a","email":"chloe.garcia@dropbox.net","message":"successfully handled skipped operation."},{"id":"0bd0e1e1-ae06-4f05-9994-a935b401e95f","email":"noah.sanchez@me.com","message":"failed to process due to datastore timeout of 30 seconds.  operation took 55 seconds."},{"id":"e7e4480e-9cff-4617-871b-5dee5359268b","email":"jack.thompson@me.com","message":"failed to process due to network exception."},{"id":"07408587-03b9-43c7-a759-99830ef7ac23","email":"alexander.williams@gmail.com","message":"failed to process due to network exception."},{"id":"9416e975-1074-45e1-93b2-63e39a51841a","email":"alexis.brown@microsoft.com","message":"failed to process due to network exception."},{"id":"5b3523b9-d408-4946-a96d-431fb382af02","email":"aiden.johnson@microsoft.com","message":"failed to process due to datastore timeout of 30 seconds.  operation took 45 seconds."},{"id":"27ef4d89-b3ec-42cc-8b70-74135a3c1e51","email":"andrew.miller@gmail.com","message":"successfully parsed message, but message temporarily enqueued while system restarts."},{"id":"fce4e7be-cb9a-4359-896d-875c9dfb9296","email":"olivia.wright@gmail.com","message":"successfully handled skipped operation."},{"id":"f9f18f71-38b3-475e-bfa0-683a12e45204","email":"liam.gonzalez@me.com","message":"successfully parsed message, but message temporarily enqueued while system restarts."},{"id":"77353fa7-1cf7-4c2d-8180-7726aa169f58","email":"joshua.lee@gmail.com","message":"failed to process due to network exception."},{"id":"e51c564f-f7b7-4ca3-920d-10a5c1e0aab6","email":"matthew.walker@amerisave.com","message":"failed to process due to network exception."},{"id":"0cbeade2-a28e-480a-b2ad-c269f0005cbb","email":"ava.davis@gmail.com","message":"failed to process due to datastore timeout of 30 seconds.  operation took 68 seconds."},{"id":"5d7662af-78a2-4e51-b690-c8f24b0e7f28","email":"lily.harris@gmail.com","message":"successfully processed after 1115 milliseconds."},{"id":"1852903d-18e2-4c57-ad4d-5290ddc1b53e","email":"jacob.lopez@dropbox.net","message":"successfully processed after 223 milliseconds."},{"id":"e8c65672-40d0-435e-ad3a-32c1df9e38fa","email":"michael.hall@dropbox.net","message":"successfully handled skipped operation."},{"id":"741c80fa-69f5-4322-bbb2-a7a6bc499de4","email":"mia.perez@me.com","message":"failed to process due to datastore timeout of 30 seconds.  operation took 70 seconds."},{"id":"905c1aea-ec74-445c-83c9-3ba2173e2fee","email":"isabella.jackson@amerisave.com","message":"successfully processed after 4934 milliseconds."},{"id":"1f698b2d-5151-48c8-b84c-e9d3580d2d03","email":"olivia.wright@gmail.com","message":"successfully processed after 1553 milliseconds."},{"id":"9583f4b8-50f7-4e9b-9b6a-d8f6a7b10e2e","email":"hannah.martin@dropbox.net","message":"failed to process due to datastore timeout of 30 seconds.  operation took 73 seconds."},{"id":"50bcefd5-02c9-4e9f-a53f-e0d001fcc705","email":"sophia.baker@dropbox.net","message":"failed to process due to network exception."},{"id":"8b9202f9-8412-469b-8e5e-0aa9a2f93219","email":"jackson.white@gmail.com","message":"successfully parsed message, but message temporarily enqueued while system restarts."},{"id":"2f54c327-0caf-4f29-85fa-d91d300a882e","email":"alexander.williams@gmail.com","message":"failed to process due to network exception."},{"id":"1032fcb3-975d-45bb-903c-89ef8d05f25b","email":"nicholas.allen@microsoft.com","message":"successfully processed after 2752 milliseconds."},{"id":"6e9bc6be-b841-4965-9b62-97e5a4d972aa","email":"lily.harris@gmail.com","message":"successfully handled skipped operation."},{"id":"8e769eb2-7a6b-4ef7-850d-b874931c438d","email":"matthew.walker@amerisave.com","message":"successfully processed after 4540 milliseconds."},{"id":"8131a167-6501-4360-86e5-babd75f57256","email":"elizabeth.martinez@dropbox.net","message":"successfully parsed message, but message temporarily enqueued while system restarts."},{"id":"ae7e6247-33a2-4469-ba62-211a25382cc8","email":"tyler.nelson@microsoft.com","message":"failed to process due to datastore timeout of 30 seconds.  operation took 37 seconds."},{"id":"5c96e35f-5748-4555-92ee-07afadd174e6","email":"liam.gonzalez@me.com","message":"failed to process due to network exception."},{"id":"ec1d8267-337f-4aa0-9d51-2d4bd2b404ac","email":"daniel.rodriguez@amerisave.com","message":"successfully parsed message, but message temporarily enqueued while system restarts."},{"id":"8530f95d-b000-483b-a29f-e1ac047d2e74","email":"jack.thompson@me.com","message":"successfully processed after 5365 milliseconds."},{"id":"5d15308c-bae7-4168-99df-da11c60d9a6d","email":"aiden.johnson@microsoft.com","message":"successfully processed after 6030 milliseconds."},{"id":"f8fe1588-305e-44ee-974b-62865f1e76b0","email":"andrew.miller@gmail.com","message":"successfully processed after 5295 milliseconds."},{"id":"9affcfc0-a0ef-42a4-820f-3355000e6cd7","email":"sophia.baker@dropbox.net","message":"successfully handled skipped operation."},{"id":"c595748d-8d2b-4cea-abaf-e46a30921d40","email":"ava.davis@gmail.com","message":"successfully parsed message, but message temporarily enqueued while system restarts."},{"id":"a70483ec-4c55-4ce3-9e03-4fb4dc04d240","email":"mason.robinson@amerisave.com","message":"successfully handled skipped operation."},{"id":"56088e56-757a-4374-af0a-ff66e783d26e","email":"nicholas.allen@microsoft.com","message":"successfully processed after 3045 milliseconds."},{"id":"431f7d7e-5d2a-401d-b3f1-8c692f4f7924","email":"jacob.lopez@dropbox.net","message":"failed to process due to datastore timeout of 30 seconds.  operation took 57 seconds."},{"id":"4ed512d8-1a91-4c00-a687-c81a69554d2e","email":"sophia.baker@dropbox.net","message":"successfully handled skipped operation."},{"id":"f3fe9e6d-2611-4c16-80d7-f8cab0b7d3ce","email":"emily.taylor@gmail.com","message":"failed to process due to network exception."},{"id":"cdee96c2-bf45-43f9-8bea-c180a58d2e56","email":"elizabeth.martinez@dropbox.net","message":"successfully processed after 7429 milliseconds."},{"id":"0dfd99d2-fb3e-4e34-801b-213746c9eb4b","email":"sarah.green@amerisave.com","message":"successfully handled skipped operation."},{"id":"3e3258d2-e937-4619-836b-582b07cca5b3","email":"noah.sanchez@me.com","message":"successfully handled skipped operation."},{"id":"10921b59-632b-4b85-a81c-db13fc2b27a6","email":"isabella.jackson@amerisave.com","message":"successfully parsed message, but message temporarily enqueued while system restarts."},{"id":"838e179e-50e6-49a2-b392-36caefce1ee7","email":"alyssa.jones@amerisave.com","message":"failed to process due to network exception."},{"id":"631c0c42-a530-4dd5-b664-3eac2b209391","email":"andrew.miller@gmail.com","message":"successfully handled skipped operation."},{"id":"aa1a8593-bda4-4d5e-b9ae-4ff34ca16953","email":"mia.perez@me.com","message":"successfully processed after 7787 milliseconds."},{"id":"6fff5ae7-f0a6-49ce-b17e-157bf73fe5b4","email":"olivia.wright@gmail.com","message":"successfully handled skipped operation."},{"id":"240cd4d3-3248-435b-81ca-1e3934572616","email":"sarah.green@amerisave.com","message":"failed to process due to network exception."},{"id":"8150691d-25aa-412a-8e0c-ef0865e2f314","email":"liam.gonzalez@me.com","message":"failed to process due to network exception."},{"id":"1ed85694-4b57-4743-a003-4074e4d8ac06","email":"alyssa.jones@amerisave.com","message":"failed to process due to datastore timeout of 30 seconds.  operation took 74 seconds."},{"id":"0bbbddbc-4b51-4323-ad1c-7fb41597269a","email":"noah.sanchez@me.com","message":"successfully processed after 4431 milliseconds."},{"id":"381a0092-2a6b-458c-91e6-20a31f0ce74a","email":"lily.harris@gmail.com","message":"failed to process due to datastore timeout of 30 seconds.  operation took 92 seconds."},{"id":"f2d08d38-9014-409c-92fc-71b686aa6e50","email":"nicholas.allen@microsoft.com","message":"successfully processed after 5084 milliseconds."},{"id":"ec75b31c-1222-4957-94c1-527e97f92f15","email":"nicholas.allen@microsoft.com","message":"failed to process due to datastore timeout of 30 seconds.  operation took 127 seconds."},{"id":"7e3f1448-0557-4aba-9391-b3509e1ac56c","email":"michael.hall@dropbox.net","message":"successfully handled skipped operation."},{"id":"f1cf078f-29d8-4afe-9270-031218d8524f","email":"mason.robinson@amerisave.com","message":"successfully processed after 4975 milliseconds."},{"id":"491ce5bf-1dee-41a3-a0af-57184611b86d","email":"tyler.nelson@microsoft.com","message":"successfully parsed message, but message temporarily enqueued while system restarts."},{"id":"d9f56dda-acf6-4b44-9ce0-d24066a56c98","email":"ryan.king@dropbox.net","message":"failed to process due to network exception."},{"id":"9c7cb68f-e6d4-4df2-97ee-416a91df6344","email":"michael.hall@dropbox.net","message":"failed to process due to datastore timeout of 30 seconds.  operation took 49 seconds."},{"id":"a6d27a42-4a92-431d-8322-ebfe71374853","email":"ethan.hernandez@microsoft.com","message":"successfully handled skipped operation."},{"id":"b80079a6-fa02-4537-84df-db4476dc958e","email":"noah.sanchez@me.com","message":"successfully processed after 1124 milliseconds."},{"id":"58f346d6-dc13-4216-9f38-d6f64fe81138","email":"ella.anderson@dropbox.net","message":"successfully handled skipped operation."},{"id":"9fd85576-dbd3-49c1-b712-b8bff2f69c81","email":"sarah.green@amerisave.com","message":"failed to process due to datastore timeout of 30 seconds.  operation took 80 seconds."},{"id":"44d880d8-ba81-45d1-b112-ead696544b66","email":"ella.anderson@dropbox.net","message":"failed to process due to network exception."},{"id":"844d6bd0-14c0-45ec-9831-2ecec939eef9","email":"grace.moore@gmail.com","message":"failed to process due to network exception."},{"id":"33d447fb-f198-4d8b-a4a9-27d448a7b650","email":"ethan.hernandez@microsoft.com","message":"failed to process due to network exception."},{"id":"bad57a02-d87a-43dc-8eda-d9ed3bf3db2d","email":"michael.hall@dropbox.net","message":"successfully parsed message, but message temporarily enqueued while system restarts."},{"id":"cbbdcd36-4ff9-4a2d-ad34-1bfdca35e148","email":"alexis.brown@microsoft.com","message":"successfully handled skipped operation."},{"id":"221bd167-4006-40db-ad1b-3accf2da4a45","email":"mia.perez@me.com","message":"failed to process due to datastore timeout of 30 seconds.  operation took 97 seconds."},{"id":"f122d6a2-19d3-4db9-b16e-71c276e834c3","email":"ethan.hernandez@microsoft.com","message":"failed to process due to datastore timeout of 30 seconds.  operation took 65 seconds."},{"id":"fd796f16-d7a0-4501-ba8e-7219c276425a","email":"daniel.rodriguez@amerisave.com","message":"successfully parsed message, but message temporarily enqueued while system restarts."},{"id":"07841449-c96b-44b3-bbc4-29e35491fc03","email":"daniel.rodriguez@amerisave.com","message":"failed to process due to network exception."},{"id":"04daa3ea-a1cd-4754-a622-2b0e00865b6f","email":"andrew.miller@gmail.com","message":"successfully handled skipped operation."},{"id":"491886a5-b15a-4ea4-91cb-3a8ac84b7d74","email":"abigail.smith@amerisave.com","message":"successfully processed after 1836 milliseconds."},{"id":"817b7954-4cb2-41a9-878b-17f49a4aa1dd","email":"daniel.rodriguez@amerisave.com","message":"successfully processed after 5949 milliseconds."},{"id":"952dd7e9-0ea3-4dc4-9f9d-2717315e9048","email":"sarah.green@amerisave.com","message":"successfully handled skipped operation."},{"id":"9e4c271e-e750-41fe-9558-95c598a5a3ec","email":"olivia.wright@gmail.com","message":"successfully processed after 9250 milliseconds."},{"id":"fd7611b7-d63f-4cf9-af3f-217cac82a4ea","email":"jacob.lopez@dropbox.net","message":"failed to process due to datastore timeout of 30 seconds.  operation took 70 seconds."},{"id":"7a8080c1-0660-4156-b357-378847245bcb","email":"lily.harris@gmail.com","message":"successfully handled skipped operation."},{"id":"59b6034e-dc5e-420b-afd3-0663dbc2dcf6","email":"sarah.green@amerisave.com","message":"successfully parsed message, but message temporarily enqueued while system restarts."},{"id":"f1e7ee2d-d6fe-454e-9e19-14f1df52a6ab","email":"ella.anderson@dropbox.net","message":"successfully handled skipped operation."},{"id":"d96913aa-73d2-4e48-807e-b8263b9cbeb7","email":"nicholas.allen@microsoft.com","message":"successfully processed after 6065 milliseconds."},{"id":"06b7c97c-8863-4e7f-b5b5-66850837c3f8","email":"madison.lewis@gmail.com","message":"successfully parsed message, but message temporarily enqueued while system restarts."},{"id":"a92f697d-2295-41e6-b947-17ae479ff91f","email":"grace.moore@gmail.com","message":"successfully processed after 6505 milliseconds."},{"id":"398ffd84-6bc7-46ad-8b02-71a3e146d8ae","email":"liam.gonzalez@me.com","message":"failed to process due to network exception."},{"id":"4100c64c-5508-42d1-9363-70eeb50b8844","email":"hannah.martin@dropbox.net","message":"failed to process due to network exception."},{"id":"fe445bd6-efbb-4974-8e63-d4c83c244c75","email":"sarah.green@amerisave.com","message":"successfully handled skipped operation."},{"id":"0abe5e8f-a739-408f-ba09-3c1904ac22d9","email":"ryan.king@dropbox.net","message":"failed to process due to datastore timeout of 30 seconds.  operation took 86 seconds."},{"id":"8a4f8236-7b51-4b25-9800-6fd381377294","email":"lily.harris@gmail.com","message":"successfully handled skipped operation."},{"id":"2ef5b4ef-721b-4cd1-8ea9-d8b1c7e0dcee","email":"nicholas.allen@microsoft.com","message":"successfully processed after 6896 milliseconds."},{"id":"65c32afd-d715-4c14-a818-adff4ef745fa","email":"joshua.lee@gmail.com","message":"successfully parsed message, but message temporarily enqueued while system restarts."},{"id":"27cf9ae7-b6c6-4479-8d7d-19c91d302ce4","email":"alexis.brown@microsoft.com","message":"failed to process due to network exception."},{"id":"c18531cd-316b-46b8-8999-6c28974cb50a","email":"emma.thomas@me.com","message":"successfully handled skipped operation."},{"id":"7acb9324-5531-472d-9882-39c92d62e780","email":"hannah.martin@dropbox.net","message":"successfully processed after 5414 milliseconds."},{"id":"11f46a2f-af89-48d3-8d8e-daeebe4a7eda","email":"grace.moore@gmail.com","message":"successfully handled skipped operation."},{"id":"405ace7c-67f1-4044-9eb9-72f8c3f4c7a7","email":"emma.thomas@me.com","message":"failed to process due to network exception."},{"id":"ebd561d5-bdfb-44ae-910f-a1b18dfc0f84","email":"mia.perez@me.com","message":"successfully handled skipped operation."},{"id":"1778041b-6417-4d7b-b97c-d1615745c5c1","email":"ava.davis@gmail.com","message":"failed to process due to network exception."},{"id":"9f3d4597-b444-46dd-9e91-1d6caef26b36","email":"isabella.jackson@amerisave.com","message":"failed to process due to network exception."},{"id":"669e5cfb-d23d-4064-9ba3-0f494f36d0b9","email":"tyler.nelson@microsoft.com","message":"failed to process due to network exception."},{"id":"f1c938af-5b0b-4225-adf4-ec98f64bd8c0","email":"emily.taylor@gmail.com","message":"successfully processed after 4624 milliseconds."},{"id":"93f15e86-b8a5-4d9f-a69b-bf27a9ab2587","email":"alyssa.jones@amerisave.com","message":"successfully parsed message, but message temporarily enqueued while system restarts."},{"id":"12612538-997a-4d11-8029-8df8a8f44c60","email":"lily.harris@gmail.com","message":"successfully handled skipped operation."},{"id":"80ef45c0-838b-40cb-b93d-dbc5a702967e","email":"lily.harris@gmail.com","message":"successfully processed after 1582 milliseconds."},{"id":"497009ea-ef51-4e60-8efa-7e4091b31fd3","email":"andrew.miller@gmail.com","message":"successfully handled skipped operation."},{"id":"182ec941-9c64-4b00-85be-cedfc14a872d","email":"samantha.scott@me.com","message":"failed to process due to datastore timeout of 30 seconds.  operation took 111 seconds."},{"id":"3ce22c78-e71b-46aa-a8c1-4471bbfe285a","email":"alyssa.jones@amerisave.com","message":"successfully handled skipped operation."},{"id":"538e9fec-b775-4ec1-8544-efad1ec0fce8","email":"mia.perez@me.com","message":"successfully handled skipped operation."},{"id":"63619f84-e553-47f9-bd87-a0f89e7c996b","email":"olivia.wright@gmail.com","message":"failed to process due to network exception."},{"id":"4320dcec-2494-4424-9a5b-e30bb0879ed6","email":"lily.harris@gmail.com","message":"failed to process due to network exception."},{"id":"bdc164d8-e865-40af-8193-2ff919e9cb25","email":"isabella.jackson@amerisave.com","message":"successfully parsed message, but message temporarily enqueued while system restarts."},{"id":"5d84744a-accd-4136-9ed4-619a65456727","email":"sarah.green@amerisave.com","message":"successfully processed after 5303 milliseconds."},{"id":"760dc00f-67c5-4c91-ba25-92fa17fb58b7","email":"daniel.rodriguez@amerisave.com","message":"successfully handled skipped operation."},{"id":"ddc60f06-2ccb-4aed-9d6c-f84e9aaa88f9","email":"ella.anderson@dropbox.net","message":"successfully processed after 6946 milliseconds."},{"id":"24f24fa1-9bec-4e35-a6b7-56c58dbb9997","email":"taylor.adams@gmail.com","message":"failed to process due to datastore timeout of 30 seconds.  operation took 94 seconds."},{"id":"23f0f112-048a-4f67-9b9d-7746e261cf6d","email":"madison.lewis@gmail.com","message":"failed to process due to network exception."},{"id":"128a943c-4756-46ad-a772-6cd8257cacc0","email":"aiden.johnson@microsoft.com","message":"failed to process due to network exception."},{"id":"b41060db-6a3d-4557-a344-6bc14f1df257","email":"olivia.wright@gmail.com","message":"successfully parsed message, but message temporarily enqueued while system restarts."},{"id":"41ae809c-3de5-4d44-aa12-41e9c480d343","email":"ryan.king@dropbox.net","message":"successfully parsed message, but message temporarily enqueued while system restarts."},{"id":"c2ee053b-6405-4341-b8d6-825258d60c68","email":"alexis.brown@microsoft.com","message":"failed to process due to datastore timeout of 30 seconds.  operation took 69 seconds."},{"id":"08bc3014-07d5-4d1a-8ff7-277560635c7d","email":"dylan.wilson@gmail.com","message":"successfully processed after 7715 milliseconds."},{"id":"f6eb48fc-9340-4e6a-94ca-df8ec9ad6e6d","email":"sarah.green@amerisave.com","message":"failed to process due to datastore timeout of 30 seconds.  operation took 125 seconds."},{"id":"4e0c217a-8ae0-4820-bc48-c23f56711bd1","email":"elizabeth.martinez@dropbox.net","message":"successfully handled skipped operation."},{"id":"51d4a5d8-9f28-4028-bbde-2dd32956fa44","email":"samantha.scott@me.com","message":"successfully handled skipped operation."},{"id":"07b4d35a-a92a-4fcf-b5b9-47a1c6f841d1","email":"tyler.nelson@microsoft.com","message":"successfully handled skipped operation."},{"id":"eca43c07-99b3-496b-b5f5-f25a71988960","email":"alexis.brown@microsoft.com","message":"successfully handled skipped operation."},{"id":"34fac0c9-e08f-4242-865e-b611e89d3a19","email":"joshua.lee@gmail.com","message":"failed to process due to datastore timeout of 30 seconds.  operation took 88 seconds."},{"id":"16341966-663b-4b4e-8103-8076baa5e4b6","email":"matthew.walker@amerisave.com","message":"failed to process due to network exception."},{"id":"1b331c90-a262-491c-8722-090572617d47","email":"alexander.williams@gmail.com","message":"successfully handled skipped operation."},{"id":"8afe076f-5c25-46ce-8f35-270b07b91e7c","email":"sophia.baker@dropbox.net","message":"successfully parsed message, but message temporarily enqueued while system restarts."},{"id":"43e1581d-f6ee-4dd6-b62f-0432732054b4","email":"sarah.green@amerisave.com","message":"successfully processed after 7197 milliseconds."},{"id":"bd7a4732-d565-4d6c-a95a-bcd85b088e1b","email":"daniel.rodriguez@amerisave.com","message":"failed to process due to network exception."},{"id":"6e3e20c3-da71-4644-ae98-2daeaedb04f4","email":"madison.lewis@gmail.com","message":"failed to process due to network exception."},{"id":"1747367d-cef8-484f-b080-d64944884208","email":"noah.sanchez@me.com","message":"successfully handled skipped operation."},{"id":"0fbe0e05-654c-4780-ada1-9dfc90e09ed5","email":"hannah.martin@dropbox.net","message":"successfully parsed message, but message temporarily enqueued while system restarts."},{"id":"192950d6-6d48-4d1c-86d0-da37ed7ceedc","email":"hannah.martin@dropbox.net","message":"failed to process due to datastore timeout of 30 seconds.  operation took 82 seconds."},{"id":"d34b1aa6-9172-44b3-a311-7508606149f1","email":"hannah.martin@dropbox.net","message":"failed to process due to network exception."},{"id":"c5b489d1-f32a-4484-b4e2-1be541b20f7a","email":"ella.anderson@dropbox.net","message":"successfully handled skipped operation."},{"id":"c80076cd-74da-43f3-a880-bfd1f7001bc4","email":"michael.hall@dropbox.net","message":"successfully processed after 5884 milliseconds."},{"id":"bd21ef4d-b157-4194-9a5c-556015b869ff","email":"nicholas.allen@microsoft.com","message":"successfully parsed message, but message temporarily enqueued while system restarts."},{"id":"0858c0ad-5a58-4062-9920-5be9b29ec74d","email":"jacob.lopez@dropbox.net","message":"failed to process due to network exception."},{"id":"57b91d8c-ef87-448b-8fc6-a57808f55026","email":"liam.gonzalez@me.com","message":"successfully parsed message, but message temporarily enqueued while system restarts."},{"id":"97d8e60c-91e1-48eb-8d8d-e7da08c33e44","email":"samantha.scott@me.com","message":"failed to process due to network exception."},{"id":"c1fa4046-cf18-45e6-bb0b-137c4e9fbdb6","email":"sophia.baker@dropbox.net","message":"failed to process due to datastore timeout of 30 seconds.  operation took 123 seconds."},{"id":"fe6505fb-5df5-4fa9-805b-332374ad7ec2","email":"dylan.wilson@gmail.com","message":"successfully processed after 6369 milliseconds."},{"id":"412a9c36-b4f9-4bed-8b29-b80117cf89a1","email":"jackson.white@gmail.com","message":"successfully parsed message, but message temporarily enqueued while system restarts."},{"id":"b24c826d-2ff8-4cb4-823d-599ab862eccb","email":"alyssa.jones@amerisave.com","message":"successfully processed after 6437 milliseconds."},{"id":"d3acb69e-8a10-4954-aed4-972e7e8c2296","email":"grace.moore@gmail.com","message":"successfully parsed message, but message temporarily enqueued while system restarts."},{"id":"457c7808-bf75-4f72-92e7-0e18688d6fc6","email":"liam.gonzalez@me.com","message":"successfully handled skipped operation."},{"id":"83adb493-54a3-4435-97d0-86eb0f9cc282","email":"madison.lewis@gmail.com","message":"failed to process due to network exception."},{"id":"f1d8f4bd-2c00-4022-a3f0-dfbbcfd4002c","email":"jackson.white@gmail.com","message":"successfully parsed message, but message temporarily enqueued while system restarts."},{"id":"5420cd66-404a-4a53-a5da-c9620e2dc17d","email":"emma.thomas@me.com","message":"successfully handled skipped operation."},{"id":"b0022809-8bfd-42f5-b39e-f85de758b788","email":"nicholas.allen@microsoft.com","message":"successfully processed after 7460 milliseconds."},{"id":"894be7d8-1d69-449d-9c18-f14277405b4d","email":"matthew.walker@amerisave.com","message":"successfully handled skipped operation."},{"id":"3a5b00e1-e43f-4354-bc36-25245c3b115e","email":"michael.hall@dropbox.net","message":"successfully processed after 6491 milliseconds."},{"id":"444b49f8-0bad-4682-9413-a628a56109d9","email":"sophia.baker@dropbox.net","message":"failed to process due to datastore timeout of 30 seconds.  operation took 120 seconds."},{"id":"d316e7c2-67b7-47ed-b283-9ed39f4737d9","email":"lily.harris@gmail.com","message":"successfully processed after 2169 milliseconds."},{"id":"30ffda63-a8cf-4628-8d3c-5d3623d06943","email":"jacob.lopez@dropbox.net","message":"successfully parsed message, but message temporarily enqueued while system restarts."},{"id":"efac3e00-fcbb-4bc9-b267-336021b4f4fb","email":"jack.thompson@me.com","message":"failed to process due to datastore timeout of 30 seconds.  operation took 31 seconds."},{"id":"7cd7ffbb-132a-45f8-8620-0f6cc9461efe","email":"abigail.smith@amerisave.com","message":"failed to process due to datastore timeout of 30 seconds.  operation took 82 seconds."},{"id":"e2894642-6004-4599-aaae-62b86db6219c","email":"dylan.wilson@gmail.com","message":"successfully handled skipped operation."},{"id":"6361fbe7-32fe-4225-b833-4fd6bc6c5b60","email":"daniel.rodriguez@amerisave.com","message":"successfully parsed message, but message temporarily enqueued while system restarts."},{"id":"bc7d80ec-a5c0-431b-8455-bf8f7eca4b9e","email":"aiden.johnson@microsoft.com","message":"successfully processed after 584 milliseconds."},{"id":"71a7cb0e-1150-47b3-83ec-e5c10be11725","email":"michael.hall@dropbox.net","message":"failed to process due to datastore timeout of 30 seconds.  operation took 43 seconds."}],"id":"5e70192c-61a5-410f-ad85-2915237dc242"}