{"logs":[{"id":"638221f4-06db-4dcf-a13f-899ab6bb486f","email":"olivia.wright@gmail.com","message":"failed to process due to datastore timeout of 30 seconds.  operation took 107 seconds."},{"id":"b10c7b10-cb36-4e6c-af9f-b823da5e6071","email":"chloe.garcia@dropbox.net","message":"failed to process due to network exception."},{"id":"ff3d23b6-c047-4617-b4b9-5cdbed200d9d","email":"jackson.white@gmail.com","message":"successfully handled skipped operation."},{"id":"9cd52205-57b2-41a3-bd88-90b67905b62b","email":"dylan.wilson@gmail.com","message":"failed to process due to datastore timeout of 30 seconds.  operation took 53 seconds."},{"id":"7e5dc52f-b544-48b0-966d-33f6df897460","email":"alyssa.jones@amerisave.com","message":"failed to process due to network exception."},{"id":"9c4e0428-8163-4a04-9d8f-67b06d003fc2","email":"taylor.adams@gmail.com","message":"successfully parsed message, but message temporarily enqueued while system restarts."},{"id":"db5df8bf-b012-4061-bfea-5c5e94324933","email":"emma.thomas@me.com","message":"successfully parsed message, but message temporarily enqueued while system restarts."},{"id":"1d553a33-6019-4929-b5ab-140a3782a1e3","email":"ella.anderson@dropbox.net","message":"failed to process due to datastore timeout of 30 seconds.  operation took 44 seconds."},{"id":"791732d3-619d-4ac9-ba56-8771669d91bd","email":"liam.gonzalez@me.com","message":"successfully handled skipped operation."},{"id":"418fe6aa-c65f-4b84-9008-386504ed9410","email":"ethan.hernandez@microsoft.com","message":"failed to process due to datastore timeout of 30 seconds.  operation took 42 seconds."},{"id":"256b0325-5d67-43e2-85fa-b996328b4f59","email":"grace.moore@gmail.com","message":"successfully parsed message, but message temporarily enqueued while system restarts."},{"id":"8975371c-79df-4578-b0a8-24adbf5001bc","email":"ethan.hernandez@microsoft.com","message":"failed to process due to datastore timeout of 30 seconds.  operation took 125 seconds."},{"id":"8ea2445c-5d85-4061-b208-aa371682a0de","email":"mason.robinson@amerisave.com","message":"successfully parsed message, but message temporarily enqueued while system restarts."},{"id":"bb7523fd-2bbb-4386-aee4-0945a6b2ddd6","email":"hannah.martin@dropbox.net","message":"successfully parsed message, but message temporarily enqueued while system restarts."},{"id":"1a2b7c71-19c8-4b63-bbc2-8f3f85617fc6","email":"samantha.scott@me.com","message":"successfully processed after 6539 milliseconds."},{"id":"e8e59188-853c-4379-b204-fb6c5a4bc22c","email":"jacob.lopez@dropbox.net","message":"successfully processed after 5883 milliseconds."},{"id":"ac65a832-6bc6-485a-9038-65d3f4703d2e","email":"dylan.wilson@gmail.com","message":"failed to process due to network exception."},{"id":"57bd8c32-79a4-4475-8dcd-a9f327e0f470","email":"alexander.williams@gmail.com","message":"successfully handled skipped operation."},{"id":"bf0efd7f-9972-4f94-bb10-a9de03a7cb1f","email":"liam.gonzalez@me.com","message":"successfully parsed message, but message temporarily enqueued while system restarts."},{"id":"dcec457d-adef-4886-8927-b4ce922c70a3","email":"mason.robinson@amerisave.com","message":"failed to process due to network exception."},{"id":"6cfaf3a6-8d7e-4b04-9700-3e9199ff73f6","email":"hannah.martin@dropbox.net","message":"successfully handled skipped operation."},{"id":"c7a1879e-489b-4aad-a694-199eb6acd8ac","email":"olivia.wright@gmail.com","message":"successfully parsed message, but message temporarily enqueued while system restarts."},{"id":"9a904054-6cb7-4017-8ee2-f0091d10670f","email":"liam.gonzalez@me.com","message":"successfully handled skipped operation."},{"id":"8dd1362e-3100-474a-951c-89a252d49bf6","email":"michael.hall@dropbox.net","message":"successfully handled skipped operation."},{"id":"279c0353-33e2-420c-802b-928c6797a7f3","email":"ryan.king@dropbox.net","message":"successfully handled skipped operation."},{"id":"f684eec9-8486-41ea-833e-6653c5fb66b0","email":"daniel.rodriguez@amerisave.com","message":"successfully parsed message, but message temporarily enqueued while system restarts."},{"id":"e3ffea4d-e7e3-458b-acd2-36dc08d1f35a","email":"chloe.garcia@dropbox.net","message":"successfully processed after 611 milliseconds."},{"id":"2fa5d298-0297-491b-8db3-3cbd96e0f568","email":"mia.perez@me.com","message":"successfully handled skipped operation."},{"id":"46911287-71ca-41af-ba85-fc9e53ddc40d","email":"mason.robinson@amerisave.com","message":"successfully parsed message, but message temporarily enqueued while system restarts."},{"id":"9836300b-2e39-4b74-b9ed-32369264b650","email":"dylan.wilson@gmail.com","message":"failed to process due to datastore timeout of 30 seconds.  operation took 75 seconds."},{"id":"207ae00e-24c2-498b-a5d3-23b13a354715","email":"liam.gonzalez@me.com","message":"successfully parsed message, but message temporarily enqueued while system restarts."},{"id":"bc322fa2-0ba7-4647-a505-f05f21d9ff62","email":"andrew.miller@gmail.com","message":"successfully handled skipped operation."},{"id":"46d1a50d-1a42-435e-95f4-56af361415d7","email":"liam.gonzalez@me.com","message":"failed to process due to network exception."},{"id":"2fa84597-1758-46af-8274-29e287b0b419","email":"taylor.adams@gmail.com","message":"successfully handled skipped operation."},{"id":"4efd4d76-ab5f-46eb-b8fd-5b72e84a5a88","email":"abigail.smith@amerisave.com","message":"failed to process due to network exception."},{"id":"a770544c-3abf-4d4c-8707-dd1cacd47e54","email":"dylan.wilson@gmail.com","message":"successfully handled skipped operation."},{"id":"64bd4798-a415-43d0-99fa-7ec4b98ba7e1","email":"ryan.king@dropbox.net","message":"successfully handled skipped operation."},{"id":"67ef2e21-a52d-42cd-85d9-038670ec77cf","email":"mason.robinson@amerisave.com","message":"successfully parsed message, but message temporarily enqueued while system restarts."},{"id":"e2ce2211-9de9-46a8-b9b2-c50efe112a61","email":"nicholas.allen@microsoft.com","message":"failed to process due to network exception."},{"id":"6ff72d76-265d-4b23-82c3-fd4d2a98c1ab","email":"nicholas.allen@microsoft.com","message":"failed to process due to network exception."},{"id":"f77aa9b6-bff2-49c4-85f2-dba4e379a6f9","email":"nicholas.allen@microsoft.com","message":"failed to process due to network exception."},{"id":"e3b923fb-a448-453f-9a09-6609faa18dc4","email":"mason.robinson@amerisave.com","message":"successfully parsed message, but message temporarily enqueued while system restarts."},{"id":"0face844-cdfd-49c5-a873-488b3bbd5a4c","email":"jackson.white@gmail.com","message":"successfully handled skipped operation."},{"id":"e8f1476a-492b-4a41-b084-bc195f69c0e1","email":"grace.moore@gmail.com","message":"successfully parsed message, but message temporarily enqueued while system restarts."},{"id":"14236c79-c415-4f1b-9efc-4dbeb68d1261","email":"mason.robinson@amerisave.com","message":"failed to process due to network exception."},{"id":"6dad29ec-2189-4b79-9daa-ece84ca8238a","email":"elizabeth.martinez@dropbox.net","message":"successfully handled skipped operation."},{"id":"07ea861d-f276-482f-9f9e-20f5f7cb79cf","email":"alexander.williams@gmail.com","message":"failed to process due to datastore timeout of 30 seconds.  operation took 91 seconds."},{"id":"24ada855-c8eb-44c1-8967-a20d131d2d45","email":"daniel.rodriguez@amerisave.com","message":"successfully processed after 8214 milliseconds."},{"id":"42a05967-8c48-44d8-9f67-17cd7ffdeb11","email":"hannah.martin@dropbox.net","message":"failed to process due to datastore timeout of 30 seconds.  operation took 63 seconds."},{"id":"cf190064-3b81-4d30-be9b-3845dac07c64","email":"hannah.martin@dropbox.net","message":"failed to process due to network exception."},{"id":"f7540cc7-4c67-461e-9fbb-73d30f44d396","email":"sarah.green@amerisave.com","message":"failed to process due to network exception."},{"id":"242d97db-9e3a-4b8d-bed5-947cfbe6b19f","email":"ryan.king@dropbox.net","message":"failed to process due to datastore timeout of 30 seconds.  operation took 84 seconds."},{"id":"4d5a00d7-c4ed-4ac0-b115-d648873b4311","email":"dylan.wilson@gmail.com","message":"failed to process due to datastore timeout of 30 seconds.  operation took 105 seconds."},{"id":"85b8e33a-e4af-4b8f-8ce0-93131d72e1f0","email":"grace.moore@gmail.com","message":"successfully handled skipped operation."},{"id":"060b2267-6043-46d4-b642-c78191c7bcf7","email":"emily.taylor@gmail.com","message":"successfully parsed message, but message temporarily enqueued while system restarts."},{"id":"16e5a64f-1170-4ea8-b118-4921dd2ac857","email":"alexander.williams@gmail.com","message":"successfully processed after 5288 milliseconds."},{"id":"d26f9d26-fac7-48e0-abff-c404399dc69e","email":"nathan.young@microsoft.com","message":"failed to process due to datastore timeout of 30 seconds.  operation took 75 seconds."},{"id":"7dfd591c-eb56-45fb-a025-f4534790bc10","email":"noah.sanchez@me.com","message":"failed to process due to network exception."},{"id":"28275c3b-497e-4ee5-b1b4-56b26c732e02","email":"hannah.martin@dropbox.net","message":"failed to process due to network exception."},{"id":"8bbabb27-19a9-4703-b808-95f43f79c17c","email":"hannah.martin@dropbox.net","message":"successfully handled skipped operation."},{"id":"3d526a03-a76a-4ac0-b55a-7e74bc03ed75","email":"nicholas.allen@microsoft.com","message":"failed to process due to network exception."},{"id":"49317491-798e-4fb3-b24f-9c7a20acfd08","email":"olivia.wright@gmail.com","message":"successfully handled skipped operation."},{"id":"36f0fa5b-aff7-4b81-9242-8d2c2b492eef","email":"michael.hall@dropbox.net","message":"successfully processed after 3842 milliseconds."},{"id":"eb7edede-be72-46ee-a2ae-17f279af13ea","email":"emma.thomas@me.com","message":"failed to process due to network exception."},{"id":"d47ada7c-7d80-4962-8625-0757ceaef130","email":"matthew.walker@amerisave.com","message":"successfully parsed message, but message temporarily enqueued while system restarts."},{"id":"726faa2f-6b7a-463b-9dcd-812fd5745257","email":"alexander.williams@gmail.com","message":"failed to process due to datastore timeout of 30 seconds.  operation took 78 seconds."},{"id":"39b700a2-4408-42cb-8de5-aaaa0ba3986e","email":"jackson.white@gmail.com","message":"failed to process due to datastore timeout of 30 seconds.  operation took 74 seconds."},{"id":"9c22c0a9-26a4-470d-a249-d5fe30c0c670","email":"mia.perez@me.com","message":"successfully parsed message, but message temporarily enqueued while system restarts."},{"id":"691b822e-1879-4dbd-a15f-d0a279a08e72","email":"grace.moore@gmail.com","message":"failed to process due to datastore timeout of 30 seconds.  operation took 116 seconds."},{"id":"8583fe6c-f1f8-4419-b3fb-e3dc6a05ba68","email":"tyler.nelson@microsoft.com","message":"successfully processed after 5169 milliseconds."},{"id":"f24492c6-3637-415a-97f8-b9d28a73ac98","email":"emily.taylor@gmail.com","message":"successfully handled skipped operation."},{"id":"4c102c03-8095-4ba5-941c-63589420aaa9","email":"alexis.brown@microsoft.com","message":"successfully parsed message, but message temporarily enqueued while system restarts."},{"id":"6f1d683d-75e1-4a59-a098-ee9903f70e72","email":"mason.robinson@amerisave.com","message":"failed to process due to datastore timeout of 30 seconds.  operation took 57 seconds."},{"id":"21a75851-9f9d-47b7-b89c-98466b2496cd","email":"aiden.johnson@microsoft.com","message":"failed to process due to datastore timeout of 30 seconds.  operation took 42 seconds."},{"id":"c3a006eb-daf1-4e99-949a-97ad88aa7353","email":"ella.anderson@dropbox.net","message":"successfully parsed message, but message temporarily enqueued while system restarts."},{"id":"dec5356b-a2e7-4184-83e1-e09718bf3a72","email":"noah.sanchez@me.com","message":"successfully processed after 9069 milliseconds."},{"id":"7e790456-f628-4f7f-858a-30552f9a13a5","email":"emily.taylor@gmail.com","message":"successfully parsed message, but message temporarily enqueued while system restarts."},{"id":"8153e83e-632e-4406-836a-ffe2632bf727","email":"isabella.jackson@amerisave.com","message":"successfully processed after 970 milliseconds."},{"id":"ec7effb5-c015-49c9-99be-e5c9ea955e4b","email":"samantha.scott@me.com","message":"successfully parsed message, but message temporarily enqueued while system restarts."},{"id":"e3275f9a-ae43-4677-a6dc-7427bfd42299","email":"madison.lewis@gmail.com","message":"successfully processed after 4790 milliseconds."},{"id":"4a841b0b-99bb-4150-bd3d-5464e9eed49b","email":"aiden.johnson@microsoft.com","message":"failed to process due to network exception."},{"id":"a408eba3-b4fb-43c3-a36f-803f7b1b98de","email":"ethan.hernandez@microsoft.com","message":"failed to process due to network exception."},{"id":"4d753e26-aeed-41c1-b395-3562d102a97b","email":"sarah.green@amerisave.com","message":"successfully processed after 1202 milliseconds."},{"id":"4181792f-a297-4611-96ac-4ec9fe37f79c","email":"logan.clark@dropbox.net","message":"failed to process due to network exception."},{"id":"c60f31cd-dabb-420b-8882-859819fc1718","email":"chloe.garcia@dropbox.net","message":"successfully processed after 4011 milliseconds."},{"id":"1e274687-0ea4-4c14-bfc3-026a4eb5c16d","email":"emma.thomas@me.com","message":"failed to process due to network exception."},{"id":"e4dd9adb-25e3-4103-95af-6da1d9c2ae1e","email":"aiden.johnson@microsoft.com","message":"failed to process due to datastore timeout of 30 seconds.  operation took 42 seconds."},{"id":"83a0bb4b-911c-41fe-8817-c3b222fc15d9","email":"alexis.brown@microsoft.com","message":"successfully handled skipped operation."},{"id":"6282f477-1309-4910-9bee-6712e0ff8acd","email":"nicholas.allen@microsoft.com","message":"successfully parsed message, but message temporarily enqueued while system restarts."},{"id":"82a75e6a-4cd4-4dc7-b1f9-cb1d1b5d13bf","email":"ella.anderson@dropbox.net","message":"successfully processed after 5140 milliseconds."},{"id":"4a7570d1-0a85-496a-a111-52044f9f2534","email":"sophia.baker@dropbox.net","message":"successfully parsed message, but message temporarily enqueued while system restarts."},{"id":"0e38fdf4-9d6c-4ef6-9d3b-9f6545d3fee2","email":"michael.hall@dropbox.net","message":"failed to process due to network exception."},{"id":"a0c380f0-8727-41ac-861f-3e43061c36a8","email":"ryan.king@dropbox.net","message":"successfully processed after 9345 milliseconds."},{"id":"f770ee75-b826-4378-964d-c0c4afb4c132","email":"logan.clark@dropbox.net","message":"successfully processed after 3226 milliseconds."},{"id":"88dc37bd-c8f8-4120-942b-7dc42a84a93e","email":"tyler.nelson@microsoft.com","message":"failed to process due to datastore timeout of 30 seconds.  operation took 104 seconds."},{"id":"bcc3956c-29a9-44f0-ab94-a4052f8b6ce4","email":"emily.taylor@gmail.com","message":"successfully processed after 504 milliseconds."},{"id":"fb56136e-c919-443f-8584-1d6c51c118d0","email":"abigail.smith@amerisave.com","message":"failed to process due to network exception."},{"id":"78153e50-e270-4545-803f-b628ce33676c","email":"liam.gonzalez@me.com","message":"successfully parsed message, but message temporarily enqueued while system restarts."},{"id":"58678dd3-f8f4-42a6-b0b0-96ce6e80387e","email":"isabella.jackson@amerisave.com","message":"successfully processed after 2200 milliseconds."},{"id":"1ee2ae39-ac92-4d1d-8960-eb447ec32f97","email":"andrew.miller@gmail.com","message":"failed to process due to network exception."},{"id":"cfae8264-daf5-4e21-ba28-b8a8c100bbce","email":"ethan.hernandez@microsoft.com","message":"failed to process due to datastore timeout of 30 seconds.  operation took 96 seconds."},{"id":"f981a360-1de1-44a8-914e-9f5c284d37c5","email":"sarah.green@amerisave.com","message":"failed to process due to network exception."},{"id":"5b60e33d-ff1a-40e2-a567-6235203cb02f","email":"ryan.king@dropbox.net","message":"successfully processed after 345 milliseconds."},{"id":"48b7e1db-a35b-4416-84c7-1f60cb526bf8","email":"nicholas.allen@microsoft.com","message":"failed to process due to datastore timeout of 30 seconds.  operation took 74 seconds."},{"id":"f0182310-cacf-4bbe-8c8b-a95cab404eb8","email":"matthew.walker@amerisave.com","message":"failed to process due to datastore timeout of 30 seconds.  operation took 37 seconds."},{"id":"f520a906-64b7-4aa6-83dd-0f215f13a2ed","email":"andrew.miller@gmail.com","message":"successfully handled skipped operation."},{"id":"39901e28-6630-4f55-af63-cff65a5e44d6","email":"jacob.lopez@dropbox.net","message":"successfully parsed message, but message temporarily enqueued while system restarts."},{"id":"b34557a4-0ec5-4b88-b7cb-2c6fd09ede38","email":"samantha.scott@me.com","message":"failed to process due to network exception."},{"id":"ea484606-7066-4a44-9036-4dc840e71e73","email":"liam.gonzalez@me.com","message":"failed to process due to network exception."},{"id":"053955f8-cb21-41ed-9d85-379145234b5b","email":"daniel.rodriguez@amerisave.com","message":"successfully parsed message, but message temporarily enqueued while system restarts."},{"id":"e406db6a-d217-4dfe-8ab1-d143cc81568a","email":"alexander.williams@gmail.com","message":"successfully handled skipped operation."},{"id":"0ed4c0cc-a33d-4065-952b-97780685d40c","email":"mason.robinson@amerisave.com","message":"successfully processed after 7582 milliseconds."},{"id":"e88e0efe-bd04-4ac4-a7ce-4fe39473c403","email":"jacob.lopez@dropbox.net","message":"successfully handled skipped operation."},{"id":"1d6fdfc3-bae8-4f54-94cd-72aeb8bf1ab5","email":"samantha.scott@me.com","message":"successfully handled skipped operation."},{"id":"8fc346ae-cf43-4c7e-a147-dfcbed27650a","email":"andrew.miller@gmail.com","message":"failed to process due to network exception."},{"id":"4d63a0f4-bcd3-49a3-8fbf-b317b46b6020","email":"jack.thompson@me.com","message":"failed to process due to datastore timeout of 30 seconds.  operation took 94 seconds."},{"id":"79200f6b-a748-4df0-80e4-69377bc58053","email":"tyler.nelson@microsoft.com","message":"successfully handled skipped operation."},{"id":"e8c54b44-474a-4dad-80c8-0866209e7167","email":"olivia.wright@gmail.com","message":"successfully processed after 323 milliseconds."},{"id":"38df7878-e1de-49aa-b6f1-60fd17c74205","email":"liam.gonzalez@me.com","message":"successfully processed after 9069 milliseconds."},{"id":"0682d0dd-850e-43fc-9d12-f34a712e52a4","email":"mia.perez@me.com","message":"failed to process due to datastore timeout of 30 seconds.  operation took 83 seconds."},{"id":"03b25d64-8066-4344-96e6-f6434e722358","email":"andrew.miller@gmail.com","message":"successfully parsed message, but message temporarily enqueued while system restarts."},{"id":"df3fb244-87e9-4390-967f-78b513f238a5","email":"matthew.walker@amerisave.com","message":"failed to process due to network exception."},{"id":"672a2a73-d041-4d33-b280-ae58790a467c","email":"isabella.jackson@amerisave.com","message":"successfully processed after 1744 milliseconds."},{"id":"ca2de329-53b1-44ff-87c3-73e8ced043c3","email":"mason.robinson@amerisave.com","message":"successfully processed after 4719 milliseconds."},{"id":"39fdedce-207b-40ea-a718-c6d70166eb3e","email":"elizabeth.martinez@dropbox.net","message":"successfully handled skipped operation."},{"id":"e114d8a8-9c52-4186-b8be-ae1468f0871e","email":"abigail.smith@amerisave.com","message":"failed to process due to network exception."},{"id":"c8934e09-fe8a-4835-b6ae-2ef61a02ff11","email":"sarah.green@amerisave.com","message":"failed to process due to network exception."},{"id":"0bcdbaf3-5cc9-4b01-87f5-77e3e8730bd3","email":"alexander.williams@gmail.com","message":"successfully processed after 9164 milliseconds."},{"id":"6adce8f9-9bf8-4805-91e1-bcccde822617","email":"madison.lewis@gmail.com","message":"failed to process due to datastore timeout of 30 seconds.  operation took 50 seconds."},{"id":"e645d74d-18e1-4172-bf0f-5576bb0ccf7f","email":"olivia.wright@gmail.com","message":"successfully processed after 1985 milliseconds."},{"id":"c4fc8b58-e94e-4067-a25e-978a265a7066","email":"olivia.wright@gmail.com","message":"successfully handled skipped operation."},{"id":"31033b89-6d5f-43cc-944c-848d76c9aaf7","email":"mason.robinson@amerisave.com","message":"failed to process due to network exception."},{"id":"71436808-b749-46af-a951-0a07c9dc20ef","email":"madison.lewis@gmail.com","message":"successfully processed after 1620 milliseconds."},{"id":"d70c0b21-3ea3-4291-812e-df2295448dca","email":"jack.thompson@me.com","message":"failed to process due to datastore timeout of 30 seconds.  operation took 67 seconds."},{"id":"04a759f8-f101-4e23-9feb-e3c80d583f82","email":"ava.davis@gmail.com","message":"successfully handled skipped operation."},{"id":"a92ea270-087e-4395-81e6-4151f46f7c6f","email":"mia.perez@me.com","message":"failed to process due to network exception."},{"id":"3478a9a6-2403-42bc-813b-0534c248289f","email":"matthew.walker@amerisave.com","message":"successfully parsed message, but message temporarily enqueued while system restarts."},{"id":"db148a24-79b1-4aad-bb0b-ee16d9116316","email":"sarah.green@amerisave.com","message":"successfully processed after 5668 milliseconds."},{"id":"35783494-437c-45ba-b385-2d8468fd47c7","email":"ryan.king@dropbox.net","message":"successfully handled skipped operation."},{"id":"974ed773-afa1-4c21-ba7f-93475f82e0fb","email":"jackson.white@gmail.com","message":"failed to process due to datastore timeout of 30 seconds.  operation took 74 seconds."},{"id":"2ee2f2b7-d510-4d24-b1a9-236d1179aa8b","email":"joshua.lee@gmail.com","message":"successfully handled skipped operation."},{"id":"93556056-bf24-457a-9dbc-c36f49591f41","email":"nicholas.allen@microsoft.com","message":"failed to process due to network exception."},{"id":"1ab5f82d-5021-476e-aaee-9e4d84327771","email":"matthew.walker@amerisave.com","message":"successfully parsed message, but message temporarily enqueued while system restarts."},{"id":"03929db7-166b-41a9-8efb-30da6e157568","email":"hannah.martin@dropbox.net","message":"successfully processed after 203 milliseconds."},{"id":"5853b927-b3fe-4973-9902-b9753e14942a","email":"hannah.martin@dropbox.net","message":"failed to process due to datastore timeout of 30 seconds.  operation took 44 seconds."},{"id":"60f00fbf-058a-4f53-a90e-3ed80aec3f08","email":"tyler.nelson@microsoft.com","message":"failed to process due to network exception."},{"id":"fc9abf39-98c7-4719-89e3-e4ada7eb9b3c","email":"jackson.white@gmail.com","message":"failed to process due to network exception."},{"id":"0b8afd20-4bfb-4783-87de-40f830a37430","email":"taylor.adams@gmail.com","message":"successfully parsed message, but message temporarily enqueued while system restarts."},{"id":"8f61a09d-4c13-412c-89df-b55ceb214283","email":"emily.taylor@gmail.com","message":"successfully processed after 2519 milliseconds."},{"id":"7cf84e6d-f4da-47ea-bf5b-5782bdd7d739","email":"mason.robinson@amerisave.com","message":"successfully parsed message, but message temporarily enqueued while system restarts."},{"id":"9c96839a-94f8-4a2e-9ed2-13e57fa3f3a9","email":"nicholas.allen@microsoft.com","message":"failed to process due to network exception."},{"id":"5521bd93-f525-4dff-9325-feaa470025c9","email":"logan.clark@dropbox.net","message":"successfully handled skipped operation."},{"id":"9357ced9-ee16-4d06-80ef-b8cd28ffca25","email":"tyler.nelson@microsoft.com","message":"successfully processed after 6313 milliseconds."},{"id":"df89adec-73f5-4923-b843-13dda103fcca","email":"ethan.hernandez@microsoft.com","message":"successfully processed after 1054 milliseconds."},{"id":"f81a5a7d-3229-45ad-9aca-1989e4b1c1fa","email":"emily.taylor@gmail.com","message":"failed to process due to datastore timeout of 30 seconds.  operation took 104 seconds."},{"id":"6d210413-8795-4286-9f5f-ffef3e768bc4","email":"alyssa.jones@amerisave.com","message":"successfully handled skipped operation."},{"id":"b08bd584-90e3-49d5-860d-48dd68bd90dc","email":"jacob.lopez@dropbox.net","message":"successfully processed after 561 milliseconds."},{"id":"b5156600-c75f-44f8-b658-3077f43850f4","email":"ethan.hernandez@microsoft.com","message":"failed to process due to datastore timeout of 30 seconds.  operation took 115 seconds."},{"id":"08284267-ad98-40d7-92ec-3113e8b08eb6","email":"mia.perez@me.com","message":"successfully handled skipped operation."},{"id":"75731dbe-769f-4a61-8bc2-ea2f4d774354","email":"matthew.walker@amerisave.com","message":"failed to process due to network exception."},{"id":"3a5715b5-96bf-4fec-984d-4d8c05b687dd","email":"alexander.williams@gmail.com","message":"successfully processed after 1126 milliseconds."},{"id":"4f1e5ccf-151e-4629-8ecc-11ad64345515","email":"lily.harris@gmail.com","message":"failed to process due to datastore timeout of 30 seconds.  operation took 49 seconds."},{"id":"ae8e3d4b-4d9a-4a90-bd5f-66273f1d97d3","email":"noah.sanchez@me.com","message":"successfully processed after 3272 milliseconds."},{"id":"0170b939-050a-4989-8d73-94addebcb662","email":"elizabeth.martinez@dropbox.net","message":"failed to process due to network exception."},{"id":"300e37a5-bd84-4223-91c0-a038f73b2000","email":"ryan.king@dropbox.net","message":"successfully parsed message, but message temporarily enqueued while system restarts."},{"id":"0e503b61-2f5d-4200-b886-d2c9fdbfb805","email":"mason.robinson@amerisave.com","message":"successfully processed after 5810 milliseconds."},{"id":"f356d32c-f4b0-493f-8de0-a99a7207ed9b","email":"jackson.white@gmail.com","message":"successfully processed after 323 milliseconds."},{"id":"f46a789f-8899-4d75-976e-e709a3960ada","email":"hannah.martin@dropbox.net","message":"successfully processed after 4262 milliseconds."}],"id":"6c0d2d37-5f9d-4d93-b260-c6172852a2d9"}