{"logs":[{"id":"3394e159-3639-44c6-beb8-61836e8a3fd3","email":"noah.sanchez@me.com","message":"successfully processed after 4513 milliseconds."},{"id":"0e18987c-9f6d-4fb0-b5ec-f63856c0ca0c","email":"lily.harris@gmail.com","message":"failed to process due to network exception."},{"id":"50410fbd-9901-4f82-80e2-1fbdf1e1f1c1","email":"daniel.rodriguez@amerisave.com","message":"failed to process due to datastore timeout of 30 seconds.  operation took 81 seconds."},{"id":"844ac369-5e6f-4967-9cc1-aa603fb02265","email":"ella.anderson@dropbox.net","message":"failed to process due to network exception."},{"id":"5dce1680-1d49-4473-916b-fa0e29784c2a","email":"grace.moore@gmail.com","message":"successfully parsed message, but message temporarily enqueued while system restarts."},{"id":"2ef7fae5-2b83-48a7-b1a8-7d67ed20eb4b","email":"mia.perez@me.com","message":"failed to process due to network exception."},{"id":"5251e32a-a429-4129-b42d-dfbb60aec1cb","email":"alyssa.jones@amerisave.com","message":"failed to process due to datastore timeout of 30 seconds.  operation took 48 seconds."},{"id":"4bf52c45-f2cf-4f3b-8f25-9e2a9a28331d","email":"matthew.walker@amerisave.com","message":"failed to process due to network exception."},{"id":"c7480304-5027-4853-8264-8af3a0895a11","email":"mia.perez@me.com","message":"successfully handled skipped operation."},{"id":"5ad63213-3394-4776-86c6-50d9b7ce777f","email":"mia.perez@me.com","message":"successfully handled skipped operation."},{"id":"7ab0290f-730c-4b11-a7f9-a84b57420b1d","email":"dylan.wilson@gmail.com","message":"successfully parsed message, but message temporarily enqueued while system restarts."},{"id":"cbd9dd4d-1ad2-42e8-8a83-eaa70b23bd32","email":"chloe.garcia@dropbox.net","message":"failed to process due to network exception."},{"id":"e3ddd695-7b18-4252-af72-67dbbc9f6fc6","email":"hannah.martin@dropbox.net","message":"successfully processed after 5583 milliseconds."},{"id":"9a7190e6-fc3b-4c04-8188-fafd7e012509","email":"dylan.wilson@gmail.com","message":"successfully processed after 1968 milliseconds."},{"id":"1e9cb260-f87b-4942-b03a-9486a9ff4c41","email":"taylor.adams@gmail.com","message":"successfully processed after 4468 milliseconds."},{"id":"670aa5bd-3915-402d-83f2-eef6e9a71ca8","email":"nicholas.allen@microsoft.com","message":"successfully processed after 5467 milliseconds."},{"id":"6c4e846f-6f12-4025-86b5-cfaa39b383d4","email":"ava.davis@gmail.com","message":"successfully handled skipped operation."},{"id":"5c0ea52f-316f-4015-a2a1-f480b882dadc","email":"sophia.baker@dropbox.net","message":"successfully processed after 2800 milliseconds."},{"id":"65fe1a53-a647-4a86-b942-f1ad124c578a","email":"sarah.green@amerisave.com","message":"failed to process due to network exception."},{"id":"a60b9a30-c9dd-4665-a299-fec1e467a8a5","email":"jacob.lopez@dropbox.net","message":"successfully processed after 8607 milliseconds."},{"id":"c418d460-4a80-41f3-94b4-7f0e56a72455","email":"alexis.brown@microsoft.com","message":"successfully handled skipped operation."},{"id":"2be9565c-bbd1-4cb3-9e72-5e3dedba22c3","email":"noah.sanchez@me.com","message":"successfully processed after 3925 milliseconds."},{"id":"35a1b106-e753-49d5-822a-1922205b46de","email":"sophia.baker@dropbox.net","message":"successfully processed after 6366 milliseconds."},{"id":"081565ec-9889-43fa-bb6f-cc09b6c8db46","email":"olivia.wright@gmail.com","message":"failed to process due to datastore timeout of 30 seconds.  operation took 66 seconds."},{"id":"5f70801b-555f-4f0e-b3f3-e19a56581c0c","email":"alexander.williams@gmail.com","message":"failed to process due to network exception."},{"id":"aa062430-8d43-4c51-ba1f-6515828275d1","email":"ryan.king@dropbox.net","message":"successfully handled skipped operation."},{"id":"b1ae9fda-a806-4c44-84d7-7d9de3be4a28","email":"mason.robinson@amerisave.com","message":"successfully processed after 92 milliseconds."},{"id":"10290ad9-4b5e-42e5-a6f9-5bc687dc5c9f","email":"matthew.walker@amerisave.com","message":"failed to process due to network exception."},{"id":"0652d2ea-2849-4407-bbd2-00bdd5a730a8","email":"andrew.miller@gmail.com","message":"failed to process due to datastore timeout of 30 seconds.  operation took 126 seconds."},{"id":"7c284e93-a072-49f1-aeb1-a64e677155eb","email":"alexander.williams@gmail.com","message":"successfully handled skipped operation."},{"id":"6119a7d9-5a43-4192-8725-a77825c73b36","email":"daniel.rodriguez@amerisave.com","message":"failed to process due to datastore timeout of 30 seconds.  operation took 111 seconds."},{"id":"5d645768-bb93-40d0-9d81-76cf2c8fcad0","email":"madison.lewis@gmail.com","message":"successfully parsed message, but message temporarily enqueued while system restarts."},{"id":"4f2930ca-3239-4e0b-8950-93bf56584e08","email":"ryan.king@dropbox.net","message":"successfully parsed message, but message temporarily enqueued while system restarts."},{"id":"e99d22bd-7b58-4f3b-bca9-19d9cf6fa092","email":"grace.moore@gmail.com","message":"successfully parsed message, but message temporarily enqueued while system restarts."},{"id":"4b9bc11d-8879-47bf-bc88-1a2f85dd3e50","email":"alexis.brown@microsoft.com","message":"successfully processed after 3518 milliseconds."},{"id":"552d5698-4355-4297-9dfe-e7af3fd20127","email":"ella.anderson@dropbox.net","message":"failed to process due to datastore timeout of 30 seconds.  operation took 116 seconds."},{"id":"bf45bb37-10a5-471f-bfd9-9481f480c07e","email":"samantha.scott@me.com","message":"failed to process due to datastore timeout of 30 seconds.  operation took 54 seconds."},{"id":"dc1f5224-e9b1-459e-88f3-dcda28a7925e","email":"alexis.brown@microsoft.com","message":"failed to process due to network exception."},{"id":"fd6564d1-85a7-4625-8496-1671fadcfec9","email":"joshua.lee@gmail.com","message":"successfully processed after 771 milliseconds."},{"id":"8d222554-d1de-4c6c-980e-d8d0c36994a1","email":"elizabeth.martinez@dropbox.net","message":"failed to process due to datastore timeout of 30 seconds.  operation took 60 seconds."},{"id":"e24a9a5a-75fa-4f24-bb2b-0ecb0aefaee4","email":"olivia.wright@gmail.com","message":"failed to process due to datastore timeout of 30 seconds.  operation took 48 seconds."},{"id":"7abdc7ca-bba5-45f7-b438-73c9e24ff2e5","email":"ethan.hernandez@microsoft.com","message":"failed to process due to datastore timeout of 30 seconds.  operation took 117 seconds."},{"id":"2a6c6286-1600-4302-acca-77289f038efa","email":"joshua.lee@gmail.com","message":"successfully processed after 1877 milliseconds."},{"id":"a754d8e9-257a-4bef-92e1-630cb8325d2b","email":"abigail.smith@amerisave.com","message":"successfully processed after 3185 milliseconds."},{"id":"6771e302-f9be-450a-a33b-2a13a78a1cc2","email":"jacob.lopez@dropbox.net","message":"successfully handled skipped operation."},{"id":"22f7f3a4-88b8-4e3f-afad-b06a0f89f34d","email":"aiden.johnson@microsoft.com","message":"successfully processed after 6327 milliseconds."},{"id":"d9cb271d-21a8-471a-a5a3-f8249fd3f96d","email":"mia.perez@me.com","message":"failed to process due to network exception."},{"id":"eb4d0bd7-90ff-4885-ac26-5f553c4c55ef","email":"olivia.wright@gmail.com","message":"successfully handled skipped operation."},{"id":"86fee830-1270-4063-8a93-9285cbe699ba","email":"madison.lewis@gmail.com","message":"failed to process due to network exception."},{"id":"4ce4906b-8954-4cc7-bf19-70cf7aa06e35","email":"elizabeth.martinez@dropbox.net","message":"successfully handled skipped operation."},{"id":"5ee0195a-40c4-4332-99ea-2f5d8f4acf79","email":"ava.davis@gmail.com","message":"successfully processed after 3323 milliseconds."},{"id":"919cf1eb-d585-4cf7-94a6-d6cccd654636","email":"joshua.lee@gmail.com","message":"successfully handled skipped operation."},{"id":"8a0eac02-8ad7-48f7-87b2-d06b4a5301dd","email":"isabella.jackson@amerisave.com","message":"successfully processed after 6027 milliseconds."},{"id":"8cb5f8c5-227d-4663-815e-caf2afd051c4","email":"nicholas.allen@microsoft.com","message":"successfully handled skipped operation."},{"id":"099f889c-bd5e-4c7c-8c28-84520789ffed","email":"madison.lewis@gmail.com","message":"successfully processed after 8710 milliseconds."},{"id":"6dac7277-c4cb-47b9-9c78-14f8c1a24c7c","email":"ella.anderson@dropbox.net","message":"successfully processed after 7705 milliseconds."},{"id":"a2ebc9c2-9360-4730-9bf5-eac0b3a4dca6","email":"lily.harris@gmail.com","message":"failed to process due to network exception."},{"id":"753e68a5-0d12-46e3-99c7-8fd2fe75a30a","email":"chloe.garcia@dropbox.net","message":"successfully parsed message, but message temporarily enqueued while system restarts."},{"id":"ec48b4e5-3176-4115-9b6d-14363cedeca6","email":"michael.hall@dropbox.net","message":"failed to process due to network exception."},{"id":"8c56ecd6-e8a3-4b54-9e19-0ad520a51683","email":"emma.thomas@me.com","message":"failed to process due to datastore timeout of 30 seconds.  operation took 50 seconds."},{"id":"5520886f-fee8-4866-9f1f-a33345a549a1","email":"matthew.walker@amerisave.com","message":"failed to process due to network exception."},{"id":"7b66476c-947d-49aa-a555-ee50b82579c1","email":"ethan.hernandez@microsoft.com","message":"failed to process due to network exception."},{"id":"a08ed381-1a21-4181-abc5-566fa88b0a95","email":"logan.clark@dropbox.net","message":"successfully processed after 2984 milliseconds."},{"id":"6da96084-4782-46fe-8e40-463c5024b400","email":"aiden.johnson@microsoft.com","message":"failed to process due to datastore timeout of 30 seconds.  operation took 52 seconds."},{"id":"62f22709-a841-4ea6-91c6-80450a5e05ca","email":"ryan.king@dropbox.net","message":"successfully processed after 9889 milliseconds."},{"id":"ac18d329-2a96-4c49-abf5-921f2287fc5c","email":"chloe.garcia@dropbox.net","message":"failed to process due to network exception."},{"id":"ebd9c128-d4a1-4420-bf81-d25fc2b4ea67","email":"noah.sanchez@me.com","message":"successfully processed after 233 milliseconds."},{"id":"ba9e774f-b1bf-4d60-ad85-705730a8a258","email":"elizabeth.martinez@dropbox.net","message":"successfully parsed message, but message temporarily enqueued while system restarts."},{"id":"0b512501-8566-40c3-b70b-f9c8ac4fdbdc","email":"ava.davis@gmail.com","message":"successfully handled skipped operation."},{"id":"430f7384-d6b4-40e8-969b-b5aad4bd9ff7","email":"ella.anderson@dropbox.net","message":"successfully processed after 6949 milliseconds."},{"id":"d5738e4f-83ee-4c04-8f2c-4a65c754f850","email":"tyler.nelson@microsoft.com","message":"successfully handled skipped operation."},{"id":"10300340-d949-4474-8899-87be984b14c8","email":"olivia.wright@gmail.com","message":"successfully parsed message, but message temporarily enqueued while system restarts."},{"id":"b6dffac6-cc7b-464e-b490-a0dd4f1c90e4","email":"alyssa.jones@amerisave.com","message":"failed to process due to datastore timeout of 30 seconds.  operation took 123 seconds."},{"id":"d3226279-420e-4d07-91ae-0164fef18a3b","email":"chloe.garcia@dropbox.net","message":"failed to process due to datastore timeout of 30 seconds.  operation took 85 seconds."},{"id":"8a50a858-2374-433b-9c6c-626d3e04e108","email":"tyler.nelson@microsoft.com","message":"successfully parsed message, but message temporarily enqueued while system restarts."},{"id":"52feb4ad-5488-42ea-9c59-f63efe3e178b","email":"noah.sanchez@me.com","message":"successfully processed after 7543 milliseconds."},{"id":"f8d1b589-a110-4333-864b-6db20c383ff9","email":"jack.thompson@me.com","message":"successfully parsed message, but message temporarily enqueued while system restarts."},{"id":"ee7a916e-864a-4b0f-80d1-9dd941505548","email":"olivia.wright@gmail.com","message":"failed to process due to datastore timeout of 30 seconds.  operation took 75 seconds."},{"id":"6c3b8a82-0986-4b7c-bf65-76f92ae68c06","email":"grace.moore@gmail.com","message":"successfully parsed message, but message temporarily enqueued while system restarts."},{"id":"47e8cefb-017a-4633-b207-ffe71a353ac8","email":"emma.thomas@me.com","message":"successfully handled skipped operation."},{"id":"72915a9b-0ae3-48a6-bfb0-88480332ef06","email":"aiden.johnson@microsoft.com","message":"successfully parsed message, but message temporarily enqueued while system restarts."},{"id":"5dcbdcd2-47ac-4705-b54d-67ba0ba2bf14","email":"madison.lewis@gmail.com","message":"successfully parsed message, but message temporarily enqueued while system restarts."},{"id":"896b3f86-96dc-442f-8ebb-ea96b627816f","email":"dylan.wilson@gmail.com","message":"failed to process due to datastore timeout of 30 seconds.  operation took 94 seconds."},{"id":"718e4479-b00d-46be-b91d-a346b9f64873","email":"ava.davis@gmail.com","message":"successfully handled skipped operation."},{"id":"c004a6ca-e987-4fe2-93dc-f4f119e985ee","email":"hannah.martin@dropbox.net","message":"failed to process due to datastore timeout of 30 seconds.  operation took 74 seconds."},{"id":"438c5db1-812d-4404-bb13-ea6a54924319","email":"mason.robinson@amerisave.com","message":"failed to process due to network exception."},{"id":"26d61a27-ef7c-4d9c-b6ac-d7329800a9ad","email":"alexander.williams@gmail.com","message":"successfully parsed message, but message temporarily enqueued while system restarts."},{"id":"15fa8bd2-5148-4c9d-99c2-557b824e0be0","email":"ryan.king@dropbox.net","message":"failed to process due to datastore timeout of 30 seconds.  operation took 75 seconds."},{"id":"691c849f-7c25-421f-b5ea-20c9ce4fbff5","email":"tyler.nelson@microsoft.com","message":"successfully handled skipped operation."},{"id":"95254533-5a20-4bf4-bfff-acff90ab7c42","email":"jackson.white@gmail.com","message":"successfully parsed message, but message temporarily enqueued while system restarts."},{"id":"ba963a14-5a60-41ec-8bd1-6e90b941e297","email":"dylan.wilson@gmail.com","message":"failed to process due to datastore timeout of 30 seconds.  operation took 73 seconds."},{"id":"933fee93-98ab-4f67-b36b-e1c918a7f7d5","email":"aiden.johnson@microsoft.com","message":"successfully handled skipped operation."},{"id":"4c8fb801-815e-47ef-9180-5275f1442fa7","email":"abigail.smith@amerisave.com","message":"successfully parsed message, but message temporarily enqueued while system restarts."},{"id":"6e1ee555-e963-431e-bda8-c65c67d6b59e","email":"aiden.johnson@microsoft.com","message":"failed to process due to datastore timeout of 30 seconds.  operation took 90 seconds."},{"id":"221ef04e-b510-4c42-95a1-5f3596ff46d5","email":"nathan.young@microsoft.com","message":"successfully parsed message, but message temporarily enqueued while system restarts."},{"id":"0d60e1bb-3832-4a36-aace-f3e2af0de39f","email":"logan.clark@dropbox.net","message":"successfully parsed message, but message temporarily enqueued while system restarts."},{"id":"f6654e46-6dbc-4ce0-85f5-84656caeea26","email":"michael.hall@dropbox.net","message":"failed to process due to datastore timeout of 30 seconds.  operation took 43 seconds."},{"id":"48efe131-2e5b-403f-9323-5c7c096c235c","email":"matthew.walker@amerisave.com","message":"successfully handled skipped operation."},{"id":"31fcbb74-00e9-4c14-aa62-1d7871edc5bb","email":"jackson.white@gmail.com","message":"successfully parsed message, but message temporarily enqueued while system restarts."},{"id":"52a27acd-7361-41d9-81d9-42a4585c7fb2","email":"alexis.brown@microsoft.com","message":"failed to process due to datastore timeout of 30 seconds.  operation took 116 seconds."},{"id":"a74519d7-85f9-409f-9cd6-9f259d58ecd4","email":"nicholas.allen@microsoft.com","message":"successfully handled skipped operation."},{"id":"d6af8ebe-2dae-4aa0-b81f-f2e2a71cbb9f","email":"chloe.garcia@dropbox.net","message":"failed to process due to datastore timeout of 30 seconds.  operation took 89 seconds."},{"id":"ceae8c02-2fa1-4ae3-9c1e-1aff9b0365ec","email":"grace.moore@gmail.com","message":"successfully processed after 4804 milliseconds."},{"id":"6d599d52-29db-45f1-b5f6-b919fa8ab69e","email":"daniel.rodriguez@amerisave.com","message":"successfully handled skipped operation."},{"id":"3a8faaeb-3c0d-4541-aeb2-5886d387e007","email":"nathan.young@microsoft.com","message":"successfully parsed message, but message temporarily enqueued while system restarts."},{"id":"75d11930-efea-4275-8dc0-1f07435ce732","email":"michael.hall@dropbox.net","message":"failed to process due to datastore timeout of 30 seconds.  operation took 54 seconds."},{"id":"753a6706-c784-4617-bdfd-91d61a58e186","email":"daniel.rodriguez@amerisave.com","message":"successfully parsed message, but message temporarily enqueued while system restarts."},{"id":"41c506f5-a342-4109-bd53-2c643e2126ea","email":"nicholas.allen@microsoft.com","message":"successfully parsed message, but message temporarily enqueued while system restarts."},{"id":"2c42cac6-3890-4b5b-a116-33ae09d2bc92","email":"nathan.young@microsoft.com","message":"successfully handled skipped operation."},{"id":"70d21d70-c2ab-4a38-8a7e-14de0ca7e62a","email":"sarah.green@amerisave.com","message":"successfully parsed message, but message temporarily enqueued while system restarts."},{"id":"84ee84f2-c840-4ccd-ade9-b8104223ea98","email":"nicholas.allen@microsoft.com","message":"successfully handled skipped operation."},{"id":"1e107e77-c311-4938-9ae4-6316bbb522c1","email":"tyler.nelson@microsoft.com","message":"successfully processed after 1847 milliseconds."},{"id":"f8f242b9-6fa1-454e-80e9-3e77b1efe499","email":"olivia.wright@gmail.com","message":"failed to process due to datastore timeout of 30 seconds.  operation took 104 seconds."},{"id":"ddc062eb-7e6e-4800-bf0b-4b90547899a9","email":"andrew.miller@gmail.com","message":"successfully processed after 9621 milliseconds."},{"id":"38cb27c3-717a-4931-ad73-d616e38803e0","email":"nicholas.allen@microsoft.com","message":"failed to process due to network exception."},{"id":"d9d84ea5-36d3-444f-9d58-c8b07d34b00b","email":"noah.sanchez@me.com","message":"failed to process due to datastore timeout of 30 seconds.  operation took 108 seconds."},{"id":"ac68694c-32e0-49d0-b929-5eba2c7c4178","email":"samantha.scott@me.com","message":"successfully parsed message, but message temporarily enqueued while system restarts."},{"id":"e8fb2c36-3720-4a58-9553-e31118a1b1b0","email":"mia.perez@me.com","message":"failed to process due to datastore timeout of 30 seconds.  operation took 91 seconds."},{"id":"1028dbce-955d-4a35-b849-145cdbb54695","email":"grace.moore@gmail.com","message":"successfully parsed message, but message temporarily enqueued while system restarts."},{"id":"cfdf02d0-a7a9-4aed-a6b1-1e6924f8b500","email":"alexander.williams@gmail.com","message":"successfully processed after 6682 milliseconds."},{"id":"6966e350-5cd7-4767-908f-26353de8338a","email":"chloe.garcia@dropbox.net","message":"successfully processed after 863 milliseconds."},{"id":"f36d2f51-382f-497b-bd46-dcdbfe0fabcb","email":"andrew.miller@gmail.com","message":"successfully handled skipped operation."},{"id":"8c4fe7c7-dd80-4dd9-9edc-13881171cc64","email":"ethan.hernandez@microsoft.com","message":"successfully handled skipped operation."},{"id":"14d6680f-b10a-40b5-ac7f-47d15ad55a25","email":"andrew.miller@gmail.com","message":"failed to process due to datastore timeout of 30 seconds.  operation took 47 seconds."},{"id":"f63da075-e358-4aa4-955c-a6cc9c5912ec","email":"abigail.smith@amerisave.com","message":"successfully handled skipped operation."},{"id":"6c059b25-0e4d-49c4-8ab2-83686a9f0873","email":"chloe.garcia@dropbox.net","message":"failed to process due to network exception."},{"id":"4cd1214e-ebdb-4002-8839-41442d07eb15","email":"jackson.white@gmail.com","message":"successfully handled skipped operation."},{"id":"9f52e57b-a3e2-48c0-9cd5-a2473ff0eaed","email":"tyler.nelson@microsoft.com","message":"failed to process due to network exception."},{"id":"312e2d45-33c9-4fea-bde8-9aa550257cfa","email":"daniel.rodriguez@amerisave.com","message":"successfully processed after 2153 milliseconds."},{"id":"95b928fb-d56d-419d-b4a3-47638f185383","email":"chloe.garcia@dropbox.net","message":"failed to process due to datastore timeout of 30 seconds.  operation took 113 seconds."},{"id":"eed9c5e4-57c9-4a81-9101-b9175f65b40c","email":"tyler.nelson@microsoft.com","message":"failed to process due to datastore timeout of 30 seconds.  operation took 44 seconds."},{"id":"f14126ee-75d7-4629-aa95-3dd3440e3baf","email":"aiden.johnson@microsoft.com","message":"failed to process due to network exception."},{"id":"fd66f791-32e9-4759-9812-8afb787d8363","email":"alyssa.jones@amerisave.com","message":"failed to process due to datastore timeout of 30 seconds.  operation took 128 seconds."},{"id":"9d5d3037-2fe0-4642-b2f5-e98895c352ed","email":"matthew.walker@amerisave.com","message":"failed to process due to network exception."},{"id":"9cdada56-53af-458a-bf64-1584bfd5efeb","email":"ella.anderson@dropbox.net","message":"successfully handled skipped operation."},{"id":"16b44d2f-5adf-4d66-83fc-e232d11e0ab2","email":"lily.harris@gmail.com","message":"successfully handled skipped operation."},{"id":"eb1c7f5e-8427-4fe5-add8-8d687a945385","email":"grace.moore@gmail.com","message":"failed to process due to datastore timeout of 30 seconds.  operation took 125 seconds."},{"id":"22340e2a-d807-409b-94dc-a8366cb78697","email":"samantha.scott@me.com","message":"failed to process due to datastore timeout of 30 seconds.  operation took 112 seconds."},{"id":"e021a16c-c87c-4eb3-9b8c-9bb06eb0855b","email":"hannah.martin@dropbox.net","message":"successfully processed after 2690 milliseconds."},{"id":"8f3edd1e-73ed-4b01-bb80-97a02c5c8109","email":"liam.gonzalez@me.com","message":"failed to process due to network exception."},{"id":"17091ca5-d506-47cc-a185-d1d6b7a21e8a","email":"lily.harris@gmail.com","message":"successfully parsed message, but message temporarily enqueued while system restarts."},{"id":"6a9877cb-7cb5-4089-860f-1463c99409a1","email":"ella.anderson@dropbox.net","message":"failed to process due to network exception."},{"id":"c3ad00a3-5647-41c5-a95e-b71c62dd9a62","email":"tyler.nelson@microsoft.com","message":"successfully processed after 707 milliseconds."},{"id":"4d565f34-4d85-431d-89db-d355ecc506c4","email":"mia.perez@me.com","message":"successfully processed after 7015 milliseconds."},{"id":"953c7d71-ac91-4c3c-b160-335adaa3b735","email":"nathan.young@microsoft.com","message":"successfully handled skipped operation."},{"id":"661d17c1-24e0-4e1f-94a1-c9ed1a0eceff","email":"noah.sanchez@me.com","message":"successfully processed after 9486 milliseconds."},{"id":"e60cf150-4c29-42b0-b042-0ae2d613fe32","email":"ethan.hernandez@microsoft.com","message":"successfully handled skipped operation."},{"id":"0bce87e7-2200-419b-a947-022ff535e9cd","email":"sophia.baker@dropbox.net","message":"failed to process due to network exception."},{"id":"74d3aae7-349f-4815-9689-3850ab51da60","email":"ella.anderson@dropbox.net","message":"failed to process due to network exception."},{"id":"d8a583d9-715f-4b76-9d09-f71348c6cf6f","email":"hannah.martin@dropbox.net","message":"successfully parsed message, but message temporarily enqueued while system restarts."},{"id":"3cac7dec-4d91-431f-9869-159a50374339","email":"logan.clark@dropbox.net","message":"failed to process due to datastore timeout of 30 seconds.  operation took 51 seconds."},{"id":"023067f0-8a26-4b7c-8db8-c8cf801444bc","email":"dylan.wilson@gmail.com","message":"failed to process due to datastore timeout of 30 seconds.  operation took 100 seconds."},{"id":"0da2520a-c4e2-4bc9-887d-188ed3d447ff","email":"aiden.johnson@microsoft.com","message":"failed to process due to network exception."},{"id":"02155b3f-0c34-471d-a8f5-d7dd33822506","email":"ryan.king@dropbox.net","message":"failed to process due to datastore timeout of 30 seconds.  operation took 42 seconds."},{"id":"597613fe-eb12-445f-80b4-f47f53d9623a","email":"abigail.smith@amerisave.com","message":"successfully handled skipped operation."},{"id":"3a3a9367-c544-413c-8345-262a1a0c0a28","email":"emily.taylor@gmail.com","message":"successfully parsed message, but message temporarily enqueued while system restarts."},{"id":"e96197c9-3ad9-4afa-8d49-798f0cb271ce","email":"daniel.rodriguez@amerisave.com","message":"successfully parsed message, but message temporarily enqueued while system restarts."},{"id":"cad0876b-46c7-40da-965c-4a9a36a71493","email":"alyssa.jones@amerisave.com","message":"successfully processed after 5944 milliseconds."},{"id":"d60f14b0-af85-4619-9e07-39b191449c70","email":"noah.sanchez@me.com","message":"successfully parsed message, but message temporarily enqueued while system restarts."},{"id":"4a3334fa-a299-41e0-875d-afb00d4b6ce0","email":"joshua.lee@gmail.com","message":"successfully handled skipped operation."},{"id":"5037f4ec-4f56-4914-be04-fa29e2fe3588","email":"emily.taylor@gmail.com","message":"successfully parsed message, but message temporarily enqueued while system restarts."},{"id":"1351db21-0056-428f-89eb-59e5d506a33b","email":"ethan.hernandez@microsoft.com","message":"successfully processed after 2366 milliseconds."},{"id":"1873c714-0a97-4887-8429-6fccc316141b","email":"logan.clark@dropbox.net","message":"successfully parsed message, but message temporarily enqueued while system restarts."},{"id":"0d89f27b-aa8e-4dc5-839c-0243264fc98d","email":"joshua.lee@gmail.com","message":"successfully handled skipped operation."},{"id":"f410cc38-19f7-43f1-90a4-615f15666428","email":"ava.davis@gmail.com","message":"successfully handled skipped operation."},{"id":"3447f287-3405-4d25-aa9a-4acffd06eb14","email":"grace.moore@gmail.com","message":"failed to process due to datastore timeout of 30 seconds.  operation took 124 seconds."},{"id":"409a68e4-e367-45a4-b1f2-b80c5dc70b0c","email":"ryan.king@dropbox.net","message":"successfully parsed message, but message temporarily enqueued while system restarts."},{"id":"2b0004d4-efb7-481a-bcd0-e26b72ab3b71","email":"liam.gonzalez@me.com","message":"failed to process due to network exception."},{"id":"823bf7e2-1fc3-4933-8094-f4b4514c90ae","email":"michael.hall@dropbox.net","message":"successfully parsed message, but message temporarily enqueued while system restarts."},{"id":"e96a2bf8-57aa-4d29-8e6f-38adac38028b","email":"sarah.green@amerisave.com","message":"successfully parsed message, but message temporarily enqueued while system restarts."},{"id":"cd21e6f4-36a9-4a38-9c22-2823acc8e4f4","email":"grace.moore@gmail.com","message":"failed to process due to datastore timeout of 30 seconds.  operation took 68 seconds."},{"id":"8be38128-5b2d-4e9d-ae5a-cbc4d6e329b4","email":"matthew.walker@amerisave.com","message":"successfully handled skipped operation."},{"id":"3ee9b435-e468-40fa-9d3f-273443a38e19","email":"samantha.scott@me.com","message":"successfully handled skipped operation."},{"id":"f45a8948-b7e7-4219-8783-6158fe2bed06","email":"elizabeth.martinez@dropbox.net","message":"failed to process due to datastore timeout of 30 seconds.  operation took 32 seconds."},{"id":"e9a4a1b0-b716-4497-a2c0-3e19ef8dbd5c","email":"mason.robinson@amerisave.com","message":"successfully processed after 7725 milliseconds."},{"id":"f46ee6d7-724f-4577-9877-4867af27771f","email":"emily.taylor@gmail.com","message":"successfully handled skipped operation."},{"id":"bdabf82d-1004-4a66-8914-59d9cf3220e4","email":"ava.davis@gmail.com","message":"failed to process due to datastore timeout of 30 seconds.  operation took 36 seconds."},{"id":"ccf7f4df-8960-428d-9996-30cb2dfe45c9","email":"noah.sanchez@me.com","message":"successfully parsed message, but message temporarily enqueued while system restarts."},{"id":"eca972d7-1974-459e-89f8-9470dc1d0d4d","email":"ryan.king@dropbox.net","message":"failed to process due to datastore timeout of 30 seconds.  operation took 82 seconds."},{"id":"4ce45ea5-06f4-4d73-b277-dcb2c431f394","email":"tyler.nelson@microsoft.com","message":"failed to process due to network exception."},{"id":"7391e7d9-e425-433b-afac-412c61aa3ee1","email":"jackson.white@gmail.com","message":"successfully handled skipped operation."},{"id":"45c125ad-cb2f-4135-87e1-f4ab40b46813","email":"jackson.white@gmail.com","message":"successfully handled skipped operation."},{"id":"05602d85-5f63-4dec-a2b8-aec0f51cba11","email":"ava.davis@gmail.com","message":"successfully handled skipped operation."},{"id":"c66f8405-5a16-4992-a8b5-8974bc1ae775","email":"logan.clark@dropbox.net","message":"successfully parsed message, but message temporarily enqueued while system restarts."},{"id":"10cd2020-57bc-46f6-ac83-1acec08a2eea","email":"matthew.walker@amerisave.com","message":"successfully parsed message, but message temporarily enqueued while system restarts."},{"id":"8891348d-bc5c-4128-b47b-80d3e09d3e34","email":"michael.hall@dropbox.net","message":"successfully processed after 3368 milliseconds."},{"id":"a38c5134-570a-47e2-8126-c0e86a6185f8","email":"jack.thompson@me.com","message":"failed to process due to datastore timeout of 30 seconds.  operation took 73 seconds."},{"id":"f00b1003-cde9-4fc1-af4c-a164537cb80b","email":"joshua.lee@gmail.com","message":"successfully parsed message, but message temporarily enqueued while system restarts."},{"id":"ed00639b-36b3-48fb-93f7-b670a02b9adb","email":"jack.thompson@me.com","message":"failed to process due to network exception."},{"id":"35bf9686-af20-454d-b75b-58f958c31e2b","email":"jackson.white@gmail.com","message":"successfully handled skipped operation."},{"id":"d5282007-45b8-4b94-9abb-434bc5201d96","email":"jackson.white@gmail.com","message":"failed to process due to datastore timeout of 30 seconds.  operation took 110 seconds."},{"id":"540ec2ce-989f-4f44-8896-94425c67ea08","email":"alexis.brown@microsoft.com","message":"successfully handled skipped operation."},{"id":"7bed6fb5-8cb5-4aaa-b6e8-9d2679c6aed7","email":"sophia.baker@dropbox.net","message":"successfully processed after 9810 milliseconds."},{"id":"8a522829-7d3f-4a90-91f0-0f4f792a4b78","email":"joshua.lee@gmail.com","message":"failed to process due to network exception."},{"id":"e73d5ea2-edab-43de-8976-e3304d3ef53d","email":"dylan.wilson@gmail.com","message":"successfully processed after 8179 milliseconds."},{"id":"7750f811-c5b8-4f86-92aa-adffec8aa5d4","email":"ryan.king@dropbox.net","message":"failed to process due to network exception."},{"id":"9fa776e3-650e-4b52-beb5-4e29fdd6d4dc","email":"andrew.miller@gmail.com","message":"successfully parsed message, but message temporarily enqueued while system restarts."},{"id":"35aecabb-ba0f-4241-ac93-40111fa5367d","email":"taylor.adams@gmail.com","message":"failed to process due to datastore timeout of 30 seconds.  operation took 83 seconds."},{"id":"861ac677-0609-46ab-96bc-4c90337b585f","email":"emily.taylor@gmail.com","message":"failed to process due to network exception."},{"id":"63b089f1-2bda-4ec7-b430-0833e0eba627","email":"liam.gonzalez@me.com","message":"failed to process due to network exception."},{"id":"37c71e39-ec31-4505-8faa-eb3a3a33faa3","email":"grace.moore@gmail.com","message":"successfully parsed message, but message temporarily enqueued while system restarts."},{"id":"c278e45b-1074-4cc5-8b76-2b65da5adc81","email":"aiden.johnson@microsoft.com","message":"successfully handled skipped operation."},{"id":"b1211cd8-2e66-4ecb-a855-778703f7287f","email":"mason.robinson@amerisave.com","message":"successfully parsed message, but message temporarily enqueued while system restarts."},{"id":"1e814e33-db2d-4903-ad2b-fba0bad5b289","email":"lily.harris@gmail.com","message":"failed to process due to network exception."},{"id":"2bbed1c9-04b0-41b9-8bbd-0dea49d6ba9e","email":"emily.taylor@gmail.com","message":"successfully parsed message, but message temporarily enqueued while system restarts."},{"id":"66fc9f11-4b75-4f29-9deb-581cbc94e172","email":"alexander.williams@gmail.com","message":"successfully parsed message, but message temporarily enqueued while system restarts."},{"id":"666ec87d-4d5c-4d3d-826f-9800cf0fce19","email":"liam.gonzalez@me.com","message":"successfully processed after 9999 milliseconds."},{"id":"5af1c405-b4f0-438c-8f38-7424e2ab981e","email":"joshua.lee@gmail.com","message":"failed to process due to datastore timeout of 30 seconds.  operation took 78 seconds."},{"id":"e2e7f20c-b3c4-4e29-bbba-36832ba9156a","email":"jacob.lopez@dropbox.net","message":"successfully handled skipped operation."},{"id":"a2ced4ec-8a34-4420-a2f6-994d4ddaa450","email":"mia.perez@me.com","message":"successfully parsed message, but message temporarily enqueued while system restarts."},{"id":"94c00a19-cb85-40cf-97b5-49de34287883","email":"nicholas.allen@microsoft.com","message":"successfully parsed message, but message temporarily enqueued while system restarts."},{"id":"9bf2b76c-5b38-4da2-8f14-8cb8a64ffff0","email":"jackson.white@gmail.com","message":"successfully processed after 3607 milliseconds."},{"id":"e07d845e-33c4-486f-990a-33799408f870","email":"nathan.young@microsoft.com","message":"failed to process due to network exception."},{"id":"d13892bf-8070-4ec1-a47f-511cf2a6ff12","email":"grace.moore@gmail.com","message":"successfully processed after 5125 milliseconds."},{"id":"83a9a61b-0eb4-4421-9b80-32670e5ba35f","email":"taylor.adams@gmail.com","message":"failed to process due to datastore timeout of 30 seconds.  operation took 73 seconds."},{"id":"af1d194e-bde6-4b9c-b5bb-cbce26c39c7d","email":"tyler.nelson@microsoft.com","message":"successfully handled skipped operation."},{"id":"0a75f1e2-7a22-40f1-828b-e2c92d91180b","email":"noah.sanchez@me.com","message":"failed to process due to datastore timeout of 30 seconds.  operation took 56 seconds."},{"id":"b8d342ca-58db-463d-884d-77b01b6062a1","email":"joshua.lee@gmail.com","message":"successfully processed after 4675 milliseconds."},{"id":"cc6ac505-5732-4e14-81b2-d3bd0a7e919d","email":"alexis.brown@microsoft.com","message":"failed to process due to datastore timeout of 30 seconds.  operation took 91 seconds."},{"id":"605a3791-95b6-4657-b43e-c776f7360d0d","email":"nathan.young@microsoft.com","message":"failed to process due to datastore timeout of 30 seconds.  operation took 90 seconds."},{"id":"1f4f08da-86a0-4768-87e9-a656d536a6c0","email":"madison.lewis@gmail.com","message":"successfully processed after 5862 milliseconds."},{"id":"0347d12e-5483-4030-b6cd-10c2ebb43ada","email":"nathan.young@microsoft.com","message":"failed to process due to network exception."},{"id":"d4cdc279-2b8f-4351-8cd1-e5a50621e528","email":"madison.lewis@gmail.com","message":"successfully processed after 9727 milliseconds."},{"id":"68644264-24d1-4c8f-b281-5e0b7ff9a9df","email":"ethan.hernandez@microsoft.com","message":"successfully parsed message, but message temporarily enqueued while system restarts."},{"id":"03f57ad9-8276-4afe-a214-59518152fd49","email":"sophia.baker@dropbox.net","message":"successfully processed after 7073 milliseconds."},{"id":"6a6ccaed-fc47-4e4a-a2ff-b8afeca2bbc0","email":"nicholas.allen@microsoft.com","message":"successfully handled skipped operation."},{"id":"09e9d711-6334-4130-8700-96260d181620","email":"tyler.nelson@microsoft.com","message":"successfully parsed message, but message temporarily enqueued while system restarts."},{"id":"9a45e425-3b7b-4875-a340-968392af8093","email":"taylor.adams@gmail.com","message":"failed to process due to datastore timeout of 30 seconds.  operation took 114 seconds."},{"id":"7a767a8d-b780-49d3-b5cc-21e5ef583ec9","email":"noah.sanchez@me.com","message":"successfully handled skipped operation."},{"id":"750ab2f2-c305-4cf6-ac38-d16c9b276b41","email":"noah.sanchez@me.com","message":"successfully parsed message, but message temporarily enqueued while system restarts."},{"id":"e6473c88-f6ec-40ae-9a1f-3c1002e22e98","email":"alexander.williams@gmail.com","message":"failed to process due to network exception."},{"id":"2bfb972b-11bd-4f88-9d0f-107585c9732d","email":"lily.harris@gmail.com","message":"successfully processed after 5292 milliseconds."},{"id":"abf70f0a-a7e2-44be-bb67-c7a0f630f654","email":"logan.clark@dropbox.net","message":"successfully parsed message, but message temporarily enqueued while system restarts."},{"id":"afdd78bb-ec2b-4836-bc1a-4caecf1927ba","email":"alexis.brown@microsoft.com","message":"successfully handled skipped operation."},{"id":"1fcad110-3581-4efb-9c3f-ee5fa16a33d0","email":"nathan.young@microsoft.com","message":"successfully parsed message, but message temporarily enqueued while system restarts."},{"id":"e7dcb395-c092-4393-9841-31bb344ad9c9","email":"jack.thompson@me.com","message":"failed to process due to datastore timeout of 30 seconds.  operation took 40 seconds."},{"id":"2b54b570-5139-4c9f-bc0d-957399785ce9","email":"abigail.smith@amerisave.com","message":"successfully handled skipped operation."},{"id":"65fc1cfb-041d-400a-b475-e725bcf1b893","email":"isabella.jackson@amerisave.com","message":"successfully handled skipped operation."},{"id":"0f80df3d-9700-4e03-89ab-34fe2a9791e8","email":"alexis.brown@microsoft.com","message":"successfully processed after 8095 milliseconds."},{"id":"6e30b6f4-1855-43e1-9312-4fe85bb03b22","email":"michael.hall@dropbox.net","message":"successfully processed after 9292 milliseconds."},{"id":"58362949-d4fa-428b-b281-4d864a98f02c","email":"joshua.lee@gmail.com","message":"failed to process due to datastore timeout of 30 seconds.  operation took 128 seconds."},{"id":"0dfd9e6a-ff7e-4d27-8f88-6c2c851d431d","email":"andrew.miller@gmail.com","message":"successfully parsed message, but message temporarily enqueued while system restarts."},{"id":"01b51a58-45c6-4136-ba68-00944c30ffa3","email":"michael.hall@dropbox.net","message":"successfully parsed message, but message temporarily enqueued while system restarts."},{"id":"6ee4ae1b-fbdd-4e5b-bd19-d78de3a1ba35","email":"nathan.young@microsoft.com","message":"successfully processed after 3438 milliseconds."},{"id":"e1c0c0db-237e-4fd3-8e65-0a0a745f8472","email":"jacob.lopez@dropbox.net","message":"successfully parsed message, but message temporarily enqueued while system restarts."},{"id":"bf3f49fa-6bd9-4f31-b868-d878d94f46f4","email":"joshua.lee@gmail.com","message":"failed to process due to datastore timeout of 30 seconds.  operation took 67 seconds."},{"id":"05143e63-0e65-4114-a2c1-98823f4c15ab","email":"emily.taylor@gmail.com","message":"successfully handled skipped operation."},{"id":"c0a6a547-f193-4004-a82b-c895f60d6cf9","email":"mia.perez@me.com","message":"failed to process due to network exception."},{"id":"33a2166d-d67d-4bed-867e-1c6c8317d0f1","email":"ella.anderson@dropbox.net","message":"successfully processed after 7786 milliseconds."},{"id":"38d7cd73-5a90-4544-b931-bc8bef51ad6c","email":"nathan.young@microsoft.com","message":"failed to process due to datastore timeout of 30 seconds.  operation took 49 seconds."},{"id":"700932d0-11f1-427d-93bf-2f61665217ea","email":"logan.clark@dropbox.net","message":"successfully handled skipped operation."},{"id":"0068f1f1-732b-4c8c-a9e3-ef4373954d31","email":"jack.thompson@me.com","message":"successfully processed after 5603 milliseconds."},{"id":"7a6799ea-d17b-44cc-b740-b748c5ed23d4","email":"andrew.miller@gmail.com","message":"successfully processed after 6388 milliseconds."},{"id":"93bcb9cc-f86e-4675-af1c-a14aff0c9f86","email":"ella.anderson@dropbox.net","message":"failed to process due to datastore timeout of 30 seconds.  operation took 73 seconds."},{"id":"bfdf4347-8a00-494f-b951-da1cce5ea090","email":"taylor.adams@gmail.com","message":"failed to process due to datastore timeout of 30 seconds.  operation took 112 seconds."},{"id":"0cc4e71b-0e3d-4fc3-80d6-1196b8bfad8b","email":"grace.moore@gmail.com","message":"failed to process due to network exception."},{"id":"fafe13e0-15ec-4edb-9002-2f41f34b98b0","email":"noah.sanchez@me.com","message":"failed to process due to network exception."},{"id":"c6d2fc51-a906-4be1-954b-1ce28480e436","email":"jack.thompson@me.com","message":"failed to process due to network exception."},{"id":"563e5b6e-58a2-4ccc-9c1b-3f1811d267c4","email":"ella.anderson@dropbox.net","message":"successfully handled skipped operation."},{"id":"39ccc004-a02a-4ba1-9c21-fdaf14a23b76","email":"elizabeth.martinez@dropbox.net","message":"failed to process due to network exception."},{"id":"ec974c04-ae79-4bcc-94aa-3e961f221ffb","email":"tyler.nelson@microsoft.com","message":"successfully parsed message, but message temporarily enqueued while system restarts."},{"id":"1bace8f5-0277-4f54-8802-b0802dd5c438","email":"emma.thomas@me.com","message":"failed to process due to network exception."},{"id":"bbe9ed2f-c9d2-471e-bfcb-ea1618e0fc1d","email":"ava.davis@gmail.com","message":"successfully processed after 60 milliseconds."},{"id":"f92aeb11-888e-45cd-8b8d-07bffe81d781","email":"olivia.wright@gmail.com","message":"successfully handled skipped operation."},{"id":"61807c45-7c22-41fc-bcb4-359e4e849237","email":"ryan.king@dropbox.net","message":"successfully parsed message, but message temporarily enqueued while system restarts."},{"id":"db62797e-b14b-4c88-9661-aaf1ea23613b","email":"daniel.rodriguez@amerisave.com","message":"failed to process due to datastore timeout of 30 seconds.  operation took 129 seconds."},{"id":"9694032a-adbb-4ac6-9d60-1242628e7cf2","email":"emily.taylor@gmail.com","message":"successfully handled skipped operation."},{"id":"15a6c319-7016-46ba-82b0-88b9f875796f","email":"tyler.nelson@microsoft.com","message":"failed to process due to network exception."},{"id":"443cd569-1ce4-44b9-93b1-5439cd8cd5ab","email":"alexis.brown@microsoft.com","message":"successfully parsed message, but message temporarily enqueued while system restarts."},{"id":"16529159-110f-465f-91da-16e2a7a22d18","email":"elizabeth.martinez@dropbox.net","message":"failed to process due to datastore timeout of 30 seconds.  operation took 54 seconds."},{"id":"5683728f-9770-4003-b3aa-017ed3a06a18","email":"ella.anderson@dropbox.net","message":"failed to process due to network exception."},{"id":"d4839321-5617-4c20-b5ba-6911f6d12bd3","email":"liam.gonzalez@me.com","message":"successfully handled skipped operation."},{"id":"ce0281f2-3c71-4e1f-85cc-a85f80416c08","email":"noah.sanchez@me.com","message":"failed to process due to datastore timeout of 30 seconds.  operation took 86 seconds."},{"id":"1cf3d1a0-63ea-4498-ba6d-9d794e0dc82b","email":"madison.lewis@gmail.com","message":"successfully parsed message, but message temporarily enqueued while system restarts."},{"id":"8a0f11fd-986f-41a8-85c5-29f5fa7a757c","email":"sophia.baker@dropbox.net","message":"successfully processed after 5961 milliseconds."},{"id":"ad4a3c6a-4d74-458f-bf88-a8e9d3505e4c","email":"ethan.hernandez@microsoft.com","message":"successfully handled skipped operation."},{"id":"46c5fe69-26c8-4dde-b080-c7f7d3609934","email":"joshua.lee@gmail.com","message":"successfully parsed message, but message temporarily enqueued while system restarts."},{"id":"8d3249b9-8112-4d92-8865-c6ccb4b02cb6","email":"grace.moore@gmail.com","message":"successfully processed after 1272 milliseconds."},{"id":"e7444b23-cba9-4aaa-8de2-2c47c5473a7f","email":"chloe.garcia@dropbox.net","message":"failed to process due to network exception."},{"id":"d2ffa555-85bf-4f8b-8784-b951d27bbb40","email":"jackson.white@gmail.com","message":"failed to process due to datastore timeout of 30 seconds.  operation took 67 seconds."},{"id":"8b05fa72-8bf1-492c-880a-bc807fa380aa","email":"olivia.wright@gmail.com","message":"successfully handled skipped operation."},{"id":"a9116e72-8070-49a1-a56d-381d89e281fa","email":"isabella.jackson@amerisave.com","message":"successfully handled skipped operation."},{"id":"e4e5a82c-966d-422b-953c-fb3b38656270","email":"alexis.brown@microsoft.com","message":"successfully processed after 8063 milliseconds."},{"id":"775f6cca-9885-4ae1-b53f-3aefa59ff5e8","email":"mason.robinson@amerisave.com","message":"successfully handled skipped operation."},{"id":"352fb3a0-b789-4a5b-abaf-0333ccf48575","email":"emma.thomas@me.com","message":"successfully processed after 3283 milliseconds."},{"id":"fafa7374-a46f-4af1-9d0f-4b3a052b2784","email":"nathan.young@microsoft.com","message":"successfully handled skipped operation."},{"id":"13c02f7b-f1cf-4967-8a65-8773e414230f","email":"emma.thomas@me.com","message":"successfully parsed message, but message temporarily enqueued while system restarts."},{"id":"be0cba0a-b67c-48af-894b-f6c6b3a01c29","email":"liam.gonzalez@me.com","message":"successfully parsed message, but message temporarily enqueued while system restarts."},{"id":"7624e45a-9194-4355-ba35-170a6cf1917c","email":"emily.taylor@gmail.com","message":"successfully parsed message, but message temporarily enqueued while system restarts."},{"id":"ea3104a9-5139-4da3-9828-9100132a02b2","email":"elizabeth.martinez@dropbox.net","message":"successfully processed after 1988 milliseconds."},{"id":"780873bf-e7d7-4a4c-af28-7827d43a32b7","email":"noah.sanchez@me.com","message":"successfully processed after 3051 milliseconds."},{"id":"a8d07739-82ed-4d9e-8f58-658386cbb4d3","email":"jackson.white@gmail.com","message":"failed to process due to datastore timeout of 30 seconds.  operation took 112 seconds."},{"id":"449caa3f-76cd-4228-bed6-09e7cc0ef012","email":"chloe.garcia@dropbox.net","message":"successfully handled skipped operation."},{"id":"ec2167a9-5884-4693-ae89-cc0e038937ed","email":"mia.perez@me.com","message":"failed to process due to datastore timeout of 30 seconds.  operation took 67 seconds."},{"id":"8be5ef66-2a79-4ecc-8cec-83789d62b665","email":"ethan.hernandez@microsoft.com","message":"successfully processed after 5053 milliseconds."},{"id":"3e6701e4-45c4-4ad6-ba56-6919093d4837","email":"abigail.smith@amerisave.com","message":"failed to process due to network exception."},{"id":"abe644dd-3a18-40ea-b66f-df9477a8594a","email":"nathan.young@microsoft.com","message":"successfully processed after 7312 milliseconds."},{"id":"9f325a4e-3632-466a-99da-50c21f7a0c01","email":"alexander.williams@gmail.com","message":"successfully handled skipped operation."},{"id":"6b8a0c6d-579d-4c61-99b7-e9367d09b0f5","email":"ava.davis@gmail.com","message":"successfully processed after 9015 milliseconds."},{"id":"61134cde-4c88-444b-81c4-51573c6c7114","email":"hannah.martin@dropbox.net","message":"successfully processed after 9980 milliseconds."},{"id":"b2f9c597-eace-4a6d-bbb5-4bf2c8f04055","email":"aiden.johnson@microsoft.com","message":"successfully handled skipped operation."},{"id":"e98fa5f5-0548-42db-8a8c-e9e691267e04","email":"joshua.lee@gmail.com","message":"failed to process due to datastore timeout of 30 seconds.  operation took 112 seconds."},{"id":"daf18ecf-15c8-4e06-8318-346be9aec05b","email":"joshua.lee@gmail.com","message":"successfully parsed message, but message temporarily enqueued while system restarts."},{"id":"0ad6d585-6137-45b5-812c-dd1f02359a87","email":"liam.gonzalez@me.com","message":"failed to process due to network exception."},{"id":"cb7412ea-015a-4778-aec7-f03281b4d398","email":"emma.thomas@me.com","message":"successfully processed after 3340 milliseconds."},{"id":"d709e728-8bf2-472e-aad6-3d6481aaf03a","email":"tyler.nelson@microsoft.com","message":"successfully parsed message, but message temporarily enqueued while system restarts."},{"id":"e10e8dd4-4fc0-44ea-8d54-0128d1f222d6","email":"taylor.adams@gmail.com","message":"successfully parsed message, but message temporarily enqueued while system restarts."},{"id":"9e867e66-865f-4f78-81ac-1ae6e0c03611","email":"elizabeth.martinez@dropbox.net","message":"failed to process due to datastore timeout of 30 seconds.  operation took 86 seconds."},{"id":"3d8713a3-cbba-4930-8fea-373e88a78cbc","email":"logan.clark@dropbox.net","message":"successfully parsed message, but message temporarily enqueued while system restarts."},{"id":"b8d995a6-3bad-4604-9987-5adb402ba346","email":"michael.hall@dropbox.net","message":"failed to process due to datastore timeout of 30 seconds.  operation took 129 seconds."},{"id":"1283af7d-fd33-4486-b526-3c8424e79190","email":"sophia.baker@dropbox.net","message":"failed to process due to datastore timeout of 30 seconds.  operation took 41 seconds."},{"id":"074c586e-cd93-4a4a-b904-fff4e16f4ce8","email":"joshua.lee@gmail.com","message":"successfully parsed message, but message temporarily enqueued while system restarts."},{"id":"ceb7838e-567f-4c10-b24e-c1c1565e6b41","email":"olivia.wright@gmail.com","message":"successfully processed after 2632 milliseconds."},{"id":"b0d565c6-a56c-47e5-b989-c5b2011944a5","email":"hannah.martin@dropbox.net","message":"successfully processed after 1993 milliseconds."},{"id":"211526fa-c206-4486-b49c-93d9c7efcd8f","email":"ava.davis@gmail.com","message":"successfully handled skipped operation."},{"id":"4fdcb479-f6e4-4c2c-bd47-c760177c36f0","email":"daniel.rodriguez@amerisave.com","message":"failed to process due to datastore timeout of 30 seconds.  operation took 80 seconds."},{"id":"ac5c67a8-8da7-4125-9f03-c74a541385c8","email":"michael.hall@dropbox.net","message":"successfully handled skipped operation."},{"id":"afc0154c-ede6-41a3-a863-7061f4dc5f3f","email":"jacob.lopez@dropbox.net","message":"successfully parsed message, but message temporarily enqueued while system restarts."},{"id":"a51ac55e-08b4-4843-bb33-621eee61f538","email":"ella.anderson@dropbox.net","message":"successfully processed after 1421 milliseconds."},{"id":"b6f92b8e-93d4-46b2-a999-1bee253184c6","email":"isabella.jackson@amerisave.com","message":"failed to process due to network exception."},{"id":"5a6e9ebf-4c71-4f15-bb39-772975fb7d38","email":"emma.thomas@me.com","message":"failed to process due to datastore timeout of 30 seconds.  operation took 40 seconds."},{"id":"78b24d3d-c414-44d3-974f-5947a1a45cc4","email":"grace.moore@gmail.com","message":"successfully processed after 474 milliseconds."},{"id":"0a60800f-89f5-4383-a598-f9917952bc36","email":"mason.robinson@amerisave.com","message":"failed to process due to network exception."},{"id":"acd53c7a-2301-4e0c-912c-685aae56ae88","email":"liam.gonzalez@me.com","message":"successfully processed after 5258 milliseconds."},{"id":"8a78f56a-8e97-4e57-bcf6-e926c61c6b8a","email":"logan.clark@dropbox.net","message":"successfully parsed message, but message temporarily enqueued while system restarts."},{"id":"c5b4cd8a-3120-44b5-a211-a5cf8259c2d6","email":"taylor.adams@gmail.com","message":"successfully processed after 5282 milliseconds."},{"id":"f6a511f4-6f89-4d0a-ac13-e956d30d1e8a","email":"tyler.nelson@microsoft.com","message":"successfully parsed message, but message temporarily enqueued while system restarts."},{"id":"1676fc7d-0e03-4d14-a761-ae548ff3c0d7","email":"alyssa.jones@amerisave.com","message":"successfully handled skipped operation."},{"id":"d4cb66a3-ec8d-480e-9f1a-233ed9d75d66","email":"jacob.lopez@dropbox.net","message":"successfully processed after 4749 milliseconds."},{"id":"893756e4-41d5-4b0a-8b58-4ab3941ccd98","email":"abigail.smith@amerisave.com","message":"failed to process due to network exception."},{"id":"2b0fdba3-7b3f-4bc3-bc57-0eabd9243130","email":"nathan.young@microsoft.com","message":"failed to process due to datastore timeout of 30 seconds.  operation took 104 seconds."},{"id":"0cf5f8d3-9579-4b65-a52c-db768d285398","email":"taylor.adams@gmail.com","message":"successfully handled skipped operation."},{"id":"f80a1e12-bbd2-435b-8ffd-6a28108b72bd","email":"olivia.wright@gmail.com","message":"failed to process due to datastore timeout of 30 seconds.  operation took 121 seconds."},{"id":"767bb92c-c3e3-4c6e-814b-03e832392f74","email":"aiden.johnson@microsoft.com","message":"successfully processed after 2279 milliseconds."},{"id":"65e4cddc-446a-498f-a58e-58ac87b78ee2","email":"daniel.rodriguez@amerisave.com","message":"failed to process due to datastore timeout of 30 seconds.  operation took 58 seconds."},{"id":"bd1b0b7f-dc49-4f6c-a02c-f84c0275c31b","email":"noah.sanchez@me.com","message":"failed to process due to network exception."},{"id":"a29ccc3f-0915-4e3f-a2a2-a1ca9009c9bd","email":"hannah.martin@dropbox.net","message":"failed to process due to datastore timeout of 30 seconds.  operation took 84 seconds."}],"id":"ba5708a0-6f94-408a-98f3-8b73148c6301"}