{"logs":[{"id":"5a92ab42-8db9-468b-bcca-4798935bfdcb","email":"dylan.wilson@gmail.com","message":"failed to process due to network exception."},{"id":"96c58f43-046c-402f-81e0-1dfbcb1b7107","email":"jackson.white@gmail.com","message":"failed to process due to network exception."},{"id":"9f66c37e-09a7-4527-afb4-9308dd4e7316","email":"mia.perez@me.com","message":"failed to process due to datastore timeout of 30 seconds.  operation took 104 seconds."},{"id":"ee603b3e-502f-4aa5-941d-dcd0e14c0afe","email":"aiden.johnson@microsoft.com","message":"successfully handled skipped operation."},{"id":"9c5ab368-1653-4ebe-8f61-c92487e3b288","email":"samantha.scott@me.com","message":"successfully parsed message, but message temporarily enqueued while system restarts."},{"id":"9c03ed17-2657-4f02-b5df-b6d2073f48be","email":"samantha.scott@me.com","message":"failed to process due to network exception."},{"id":"679948b2-5615-4d65-abc4-2f6e70fc5731","email":"jack.thompson@me.com","message":"failed to process due to network exception."},{"id":"86fb13a8-35ef-4cf8-907f-01a6a7ad0e0c","email":"grace.moore@gmail.com","message":"failed to process due to network exception."},{"id":"c2e1d7c7-a6a6-4f58-84b2-74d65fe2be67","email":"ryan.king@dropbox.net","message":"failed to process due to datastore timeout of 30 seconds.  operation took 78 seconds."},{"id":"45aeecc4-3dca-4bc7-936b-a2bc9a975e8a","email":"lily.harris@gmail.com","message":"failed to process due to network exception."},{"id":"fc396c9d-8670-4e6a-9c17-860304ec576e","email":"emma.thomas@me.com","message":"failed to process due to datastore timeout of 30 seconds.  operation took 53 seconds."},{"id":"c32d2219-1b1f-47d5-afa7-fe773c249e49","email":"samantha.scott@me.com","message":"failed to process due to datastore timeout of 30 seconds.  operation took 118 seconds."},{"id":"4243f73c-8c69-48c7-b2c7-b699a64eb2fe","email":"matthew.walker@amerisave.com","message":"failed to process due to network exception."},{"id":"0b2732cb-f701-429b-9dee-003e9cce0a63","email":"olivia.wright@gmail.com","message":"successfully handled skipped operation."},{"id":"ba38aaaf-4162-46aa-99d7-8ba305889243","email":"samantha.scott@me.com","message":"successfully handled skipped operation."},{"id":"a6b86f31-de49-489a-a426-382ed269cf9f","email":"liam.gonzalez@me.com","message":"successfully handled skipped operation."},{"id":"eb6ac320-353c-4e54-8b2c-16052f498045","email":"liam.gonzalez@me.com","message":"failed to process due to datastore timeout of 30 seconds.  operation took 103 seconds."},{"id":"a693dfd9-4bbf-482b-8b0e-cf465a30bbb9","email":"emily.taylor@gmail.com","message":"failed to process due to network exception."},{"id":"94f2eb59-de27-4fa2-aec0-c6f20d9da3a5","email":"abigail.smith@amerisave.com","message":"failed to process due to network exception."},{"id":"0612e8b1-6181-41ad-bd08-14c1b22f1c51","email":"sarah.green@amerisave.com","message":"failed to process due to network exception."},{"id":"50465aac-1cb0-41ad-a3cb-8b23c8ec1dd1","email":"elizabeth.martinez@dropbox.net","message":"failed to process due to datastore timeout of 30 seconds.  operation took 69 seconds."},{"id":"d2dcd80c-6b8d-4975-9600-08a508133c0d","email":"taylor.adams@gmail.com","message":"successfully handled skipped operation."},{"id":"14d3bbf9-8115-4e06-803d-3651f3694458","email":"ella.anderson@dropbox.net","message":"successfully parsed message, but message temporarily enqueued while system restarts."},{"id":"64868946-2509-40d8-b257-e67d77b2a94e","email":"sarah.green@amerisave.com","message":"successfully handled skipped operation."},{"id":"896b4efa-1654-4488-91bf-8e40265436a5","email":"mason.robinson@amerisave.com","message":"successfully processed after 5137 milliseconds."},{"id":"c85050c1-04b9-4f19-a974-b7801b624189","email":"sophia.baker@dropbox.net","message":"successfully handled skipped operation."},{"id":"18c23129-9ada-42dd-afba-1a1bb3059d38","email":"logan.clark@dropbox.net","message":"successfully processed after 6188 milliseconds."},{"id":"fadd7822-e531-4ca8-b006-8b542bf12f1e","email":"nicholas.allen@microsoft.com","message":"failed to process due to datastore timeout of 30 seconds.  operation took 73 seconds."},{"id":"8eae1f75-d981-4996-8ba0-ef6b1207cdd5","email":"olivia.wright@gmail.com","message":"successfully processed after 379 milliseconds."},{"id":"9608f671-c0a3-4a96-993b-c766401c9c5f","email":"abigail.smith@amerisave.com","message":"failed to process due to network exception."},{"id":"ad50de68-8ca1-4602-8709-33e12d65f0dd","email":"jackson.white@gmail.com","message":"failed to process due to network exception."},{"id":"29bbfd97-8616-4258-ad57-94873d311e2e","email":"alyssa.jones@amerisave.com","message":"successfully parsed message, but message temporarily enqueued while system restarts."},{"id":"7f5d81ba-3923-4f41-b2e4-cff7012c2f6f","email":"sarah.green@amerisave.com","message":"successfully handled skipped operation."},{"id":"f6d13d57-749c-40ad-8bbc-bc0661a23bda","email":"ryan.king@dropbox.net","message":"successfully handled skipped operation."},{"id":"b1b1f830-066b-49be-9181-de4dca17a3b7","email":"dylan.wilson@gmail.com","message":"successfully processed after 7604 milliseconds."},{"id":"8589acae-2514-4018-ab0c-66d3bc40ad48","email":"emily.taylor@gmail.com","message":"successfully handled skipped operation."},{"id":"c5411ec7-adf9-4a06-9f04-881dbb2f513b","email":"matthew.walker@amerisave.com","message":"successfully parsed message, but message temporarily enqueued while system restarts."},{"id":"aa853ab9-381f-4dba-88c8-773d16745043","email":"jacob.lopez@dropbox.net","message":"successfully handled skipped operation."},{"id":"289261de-44b4-4ae4-8d2d-50e530baec27","email":"isabella.jackson@amerisave.com","message":"successfully parsed message, but message temporarily enqueued while system restarts."},{"id":"89d8864a-2d94-40ed-afa8-3c3876115f8c","email":"lily.harris@gmail.com","message":"failed to process due to datastore timeout of 30 seconds.  operation took 119 seconds."},{"id":"7d5f560a-3ea4-4678-b602-a65897210488","email":"michael.hall@dropbox.net","message":"failed to process due to datastore timeout of 30 seconds.  operation took 83 seconds."},{"id":"554b5dfd-1d94-4c26-a680-7937362acd77","email":"lily.harris@gmail.com","message":"successfully handled skipped operation."},{"id":"686143cb-693b-4e94-b976-e04035b34376","email":"dylan.wilson@gmail.com","message":"successfully parsed message, but message temporarily enqueued while system restarts."},{"id":"d1c21cc5-c804-4e24-9cae-b1c094eb03a7","email":"sarah.green@amerisave.com","message":"successfully handled skipped operation."},{"id":"9da2ff6b-43c4-4ff0-baa8-06c954a35bd2","email":"andrew.miller@gmail.com","message":"failed to process due to datastore timeout of 30 seconds.  operation took 83 seconds."},{"id":"7cfc8e62-a5f3-4fa5-bd6b-b4a1e1c80791","email":"mia.perez@me.com","message":"failed to process due to datastore timeout of 30 seconds.  operation took 82 seconds."},{"id":"91912488-268e-4d91-a7cc-0c9bc9702a5f","email":"isabella.jackson@amerisave.com","message":"successfully handled skipped operation."},{"id":"602808ad-9094-4c1a-aafd-825d4a104e23","email":"liam.gonzalez@me.com","message":"successfully handled skipped operation."},{"id":"ed166963-4cd5-4d32-abd5-95bc4f8ad8af","email":"isabella.jackson@amerisave.com","message":"failed to process due to network exception."},{"id":"dc2aa89b-dfa6-4ba6-9d3b-7251a3796dda","email":"elizabeth.martinez@dropbox.net","message":"successfully parsed message, but message temporarily enqueued while system restarts."},{"id":"10aadade-3843-4e91-87f2-0bbe9b77a03c","email":"lily.harris@gmail.com","message":"successfully parsed message, but message temporarily enqueued while system restarts."},{"id":"d651fc23-9757-428e-ab3f-110b5cf16ffe","email":"tyler.nelson@microsoft.com","message":"successfully parsed message, but message temporarily enqueued while system restarts."},{"id":"7bbf5994-f9ea-45b1-823e-48cae5ea92b7","email":"daniel.rodriguez@amerisave.com","message":"failed to process due to network exception."},{"id":"c5dcc1fe-8bdd-4f66-8bd4-067be825ecf9","email":"grace.moore@gmail.com","message":"failed to process due to datastore timeout of 30 seconds.  operation took 111 seconds."},{"id":"a6f0b2cf-75d8-49fc-9725-b7e01469556b","email":"jacob.lopez@dropbox.net","message":"successfully parsed message, but message temporarily enqueued while system restarts."},{"id":"ae83ef0c-e990-4f98-8add-ea1a9af2604f","email":"mia.perez@me.com","message":"failed to process due to datastore timeout of 30 seconds.  operation took 40 seconds."},{"id":"d54c7386-fc79-4707-9165-990acd6c7dff","email":"samantha.scott@me.com","message":"successfully handled skipped operation."},{"id":"36092b8f-e9ed-4b56-a607-cd160d296999","email":"mason.robinson@amerisave.com","message":"successfully parsed message, but message temporarily enqueued while system restarts."},{"id":"183437ac-efbb-4089-a9aa-0a069d6350d4","email":"nathan.young@microsoft.com","message":"successfully parsed message, but message temporarily enqueued while system restarts."},{"id":"83831d9c-e98f-47dc-b3e0-9cd46361aeab","email":"jackson.white@gmail.com","message":"failed to process due to datastore timeout of 30 seconds.  operation took 35 seconds."},{"id":"e2b92b79-57b9-4ddf-bd7a-b54d0420f9e6","email":"matthew.walker@amerisave.com","message":"failed to process due to datastore timeout of 30 seconds.  operation took 111 seconds."},{"id":"5761935b-5135-4857-a9f9-54b3a30d93c1","email":"samantha.scott@me.com","message":"failed to process due to network exception."},{"id":"cc2abfc8-4a09-466e-8e5b-5c5bc66276e2","email":"ava.davis@gmail.com","message":"successfully parsed message, but message temporarily enqueued while system restarts."},{"id":"02ad8909-1d5e-4929-9c75-8c08e6359dbb","email":"joshua.lee@gmail.com","message":"successfully handled skipped operation."},{"id":"c47c9261-b05c-4db9-abad-0ec83c8944bf","email":"mia.perez@me.com","message":"successfully parsed message, but message temporarily enqueued while system restarts."},{"id":"afb91669-f9a4-4c10-9536-3b19199b8a33","email":"emily.taylor@gmail.com","message":"failed to process due to network exception."},{"id":"abd5ca71-34a0-4f53-81f6-b680b821cd79","email":"ella.anderson@dropbox.net","message":"successfully processed after 5101 milliseconds."},{"id":"8042da14-a1b4-4f2f-ae64-b626bd7de489","email":"ethan.hernandez@microsoft.com","message":"failed to process due to network exception."},{"id":"683f7505-f9f0-4fff-b803-c4a762f6916b","email":"liam.gonzalez@me.com","message":"successfully parsed message, but message temporarily enqueued while system restarts."},{"id":"3387eb6e-23ca-4bbd-a8a0-1a5e5d9292e9","email":"emily.taylor@gmail.com","message":"failed to process due to network exception."},{"id":"fdae98a8-ac32-4dcb-9bd4-e6daccd135ba","email":"elizabeth.martinez@dropbox.net","message":"successfully handled skipped operation."},{"id":"e2e57cbc-1a97-40d9-bcdb-66b7008b8402","email":"ella.anderson@dropbox.net","message":"successfully processed after 2370 milliseconds."},{"id":"d3d4b290-ea52-4985-8f4c-3507332c266f","email":"alexis.brown@microsoft.com","message":"successfully handled skipped operation."},{"id":"efad1fd3-8402-48ee-98d1-c411909d2752","email":"hannah.martin@dropbox.net","message":"failed to process due to datastore timeout of 30 seconds.  operation took 72 seconds."},{"id":"c1194efd-574b-453e-8010-5df1b3ad3986","email":"samantha.scott@me.com","message":"successfully handled skipped operation."},{"id":"9803c0c7-37f7-4aaf-ac6d-7bbe9c54f927","email":"samantha.scott@me.com","message":"successfully processed after 7988 milliseconds."},{"id":"5398c461-9755-4e30-ac20-ef03b758e3d8","email":"chloe.garcia@dropbox.net","message":"successfully parsed message, but message temporarily enqueued while system restarts."},{"id":"054e1779-ea18-4692-9248-c214c382c09f","email":"chloe.garcia@dropbox.net","message":"failed to process due to datastore timeout of 30 seconds.  operation took 119 seconds."},{"id":"d4003829-b39e-4bc7-a5ff-b61702acd94b","email":"logan.clark@dropbox.net","message":"successfully processed after 5712 milliseconds."},{"id":"f57702cc-62fb-437c-8d7a-1676ec7315d7","email":"grace.moore@gmail.com","message":"successfully parsed message, but message temporarily enqueued while system restarts."},{"id":"3a0b735e-9841-4b95-8f96-123dbc619d13","email":"joshua.lee@gmail.com","message":"failed to process due to datastore timeout of 30 seconds.  operation took 63 seconds."},{"id":"67223497-5d55-439e-96f5-ef211e884d04","email":"olivia.wright@gmail.com","message":"successfully parsed message, but message temporarily enqueued while system restarts."},{"id":"0bdf6f91-bee1-4f7d-8371-6fa9bda05585","email":"grace.moore@gmail.com","message":"successfully handled skipped operation."},{"id":"36ffa697-bd56-4a24-8d3e-e4ea0219034d","email":"nathan.young@microsoft.com","message":"failed to process due to datastore timeout of 30 seconds.  operation took 44 seconds."},{"id":"45bf5207-e2bb-4b46-8c58-e287e2ccd4da","email":"nicholas.allen@microsoft.com","message":"successfully processed after 670 milliseconds."},{"id":"41777e22-b1d6-433e-997d-d8df86c70685","email":"matthew.walker@amerisave.com","message":"successfully processed after 9099 milliseconds."},{"id":"8a52ff9d-ebd8-4fe5-a3fb-602ac61cb359","email":"abigail.smith@amerisave.com","message":"failed to process due to network exception."},{"id":"185be025-ae43-4beb-b082-33dd82ec4f34","email":"ethan.hernandez@microsoft.com","message":"failed to process due to datastore timeout of 30 seconds.  operation took 107 seconds."},{"id":"e4e8cf77-7a24-499c-8e75-57ad028e63ac","email":"madison.lewis@gmail.com","message":"failed to process due to network exception."},{"id":"59e5c1df-6a50-4615-9d55-a73d2b339c6a","email":"jack.thompson@me.com","message":"successfully handled skipped operation."},{"id":"7eb127ce-eeb8-4588-b746-c62a26e0e425","email":"dylan.wilson@gmail.com","message":"failed to process due to datastore timeout of 30 seconds.  operation took 84 seconds."},{"id":"bd6527a5-dc8f-426a-a814-2559527892f7","email":"michael.hall@dropbox.net","message":"failed to process due to network exception."},{"id":"a7cc13c2-5c77-4361-943a-18bced4f80b0","email":"tyler.nelson@microsoft.com","message":"failed to process due to datastore timeout of 30 seconds.  operation took 107 seconds."},{"id":"2fd15e2d-3b64-4898-9e02-eade5522c37e","email":"madison.lewis@gmail.com","message":"successfully parsed message, but message temporarily enqueued while system restarts."},{"id":"71ebab02-3685-4e2e-8d23-aff9dacc6079","email":"hannah.martin@dropbox.net","message":"successfully processed after 4446 milliseconds."},{"id":"4cc41404-1df0-4b57-9e38-dab1ea3f0ce1","email":"alyssa.jones@amerisave.com","message":"failed to process due to network exception."},{"id":"78cfb92e-b40f-4832-98a7-3453feaf729b","email":"emily.taylor@gmail.com","message":"successfully parsed message, but message temporarily enqueued while system restarts."},{"id":"ed96c126-f6c0-4105-95c5-091e0495a74d","email":"andrew.miller@gmail.com","message":"failed to process due to network exception."},{"id":"b95ba6bd-2a62-494d-9494-c459ea9f1135","email":"mia.perez@me.com","message":"failed to process due to datastore timeout of 30 seconds.  operation took 72 seconds."},{"id":"24d25310-c0f9-4a6f-8e80-2c6512f7b8c9","email":"emily.taylor@gmail.com","message":"successfully processed after 7615 milliseconds."},{"id":"3e2cb8b1-f299-4a19-a331-8174969ce414","email":"aiden.johnson@microsoft.com","message":"failed to process due to network exception."},{"id":"2d6bc7ef-8a2c-4994-ac78-ad44ddc594c2","email":"isabella.jackson@amerisave.com","message":"failed to process due to network exception."},{"id":"4ba6e3b9-21ac-4850-88b2-da6c4bf1300b","email":"alexis.brown@microsoft.com","message":"successfully parsed message, but message temporarily enqueued while system restarts."},{"id":"5aa5a8ce-be6b-42d1-944f-ede56a255083","email":"mia.perez@me.com","message":"successfully parsed message, but message temporarily enqueued while system restarts."},{"id":"f98298ba-f617-4b7c-b6ad-3ee1dbee4697","email":"jack.thompson@me.com","message":"successfully processed after 1382 milliseconds."},{"id":"f9ddc7b5-4957-4ba3-a6e0-0c261a7577b3","email":"michael.hall@dropbox.net","message":"successfully parsed message, but message temporarily enqueued while system restarts."},{"id":"954413e7-e8d4-4e9e-9920-801e420dea07","email":"dylan.wilson@gmail.com","message":"failed to process due to network exception."},{"id":"ec26a0a3-53a4-4de2-99d3-231a4f10a371","email":"tyler.nelson@microsoft.com","message":"successfully processed after 3372 milliseconds."},{"id":"2eeca9f0-c146-4d41-bbad-970d06fbc931","email":"aiden.johnson@microsoft.com","message":"successfully processed after 9087 milliseconds."},{"id":"e782c258-8de7-4b72-8b3a-d7d90f9ee104","email":"ryan.king@dropbox.net","message":"successfully processed after 8647 milliseconds."},{"id":"e41356bc-8cdd-417f-a6cf-b217cc975729","email":"alyssa.jones@amerisave.com","message":"failed to process due to datastore timeout of 30 seconds.  operation took 61 seconds."},{"id":"957493ac-6114-4436-be2d-62837a98a88e","email":"logan.clark@dropbox.net","message":"failed to process due to network exception."},{"id":"e06fd404-ed88-4cb5-bfe6-2db7d17c3d16","email":"mia.perez@me.com","message":"successfully parsed message, but message temporarily enqueued while system restarts."},{"id":"3a609a9a-05e0-4596-843a-fbde77f56bea","email":"isabella.jackson@amerisave.com","message":"failed to process due to datastore timeout of 30 seconds.  operation took 41 seconds."},{"id":"6f7f5388-009d-4e9b-a3e1-febf48f833c2","email":"jackson.white@gmail.com","message":"failed to process due to network exception."},{"id":"7589f7e8-4f4e-42dd-be67-d45c92e5c1f0","email":"grace.moore@gmail.com","message":"successfully processed after 7603 milliseconds."},{"id":"73105505-bdf3-4d67-93ac-6b94ace62c8d","email":"taylor.adams@gmail.com","message":"successfully handled skipped operation."},{"id":"337f707a-3f6a-424a-94b4-6d4d2d91ef0f","email":"grace.moore@gmail.com","message":"failed to process due to network exception."},{"id":"4e1e71e7-2d51-4776-8691-9edef1b2720d","email":"elizabeth.martinez@dropbox.net","message":"failed to process due to datastore timeout of 30 seconds.  operation took 42 seconds."},{"id":"9829b9f8-89d0-44ff-a027-9fd8443c0ced","email":"samantha.scott@me.com","message":"successfully handled skipped operation."},{"id":"a6d00713-084a-44c3-b303-c3bd637c1750","email":"chloe.garcia@dropbox.net","message":"successfully handled skipped operation."},{"id":"3d01d0ec-713a-483d-9c33-d842fb1a739d","email":"dylan.wilson@gmail.com","message":"failed to process due to datastore timeout of 30 seconds.  operation took 116 seconds."},{"id":"41ec399d-ed1e-41ab-94af-6ed9b675ff78","email":"hannah.martin@dropbox.net","message":"successfully parsed message, but message temporarily enqueued while system restarts."},{"id":"f6f311e7-afc5-4194-a69e-404246c61ab6","email":"mia.perez@me.com","message":"successfully parsed message, but message temporarily enqueued while system restarts."},{"id":"54ef26ba-6e54-4b7a-b1c5-b7df08148ce9","email":"joshua.lee@gmail.com","message":"failed to process due to network exception."},{"id":"451720c7-d235-44f1-8c1c-b99e8afec701","email":"aiden.johnson@microsoft.com","message":"successfully handled skipped operation."},{"id":"43bd39be-dcb2-4c4e-9d32-920027e5ada7","email":"aiden.johnson@microsoft.com","message":"successfully handled skipped operation."},{"id":"d54fe847-8a3f-4ca0-a344-7ef52d9d1157","email":"emily.taylor@gmail.com","message":"successfully processed after 237 milliseconds."},{"id":"3d4f3b9c-67b9-42ab-bb3e-3ffa9c9173ad","email":"taylor.adams@gmail.com","message":"successfully processed after 9019 milliseconds."},{"id":"e2338ce0-7a47-4d9e-9fd2-948b824e33c8","email":"aiden.johnson@microsoft.com","message":"successfully handled skipped operation."},{"id":"a9a19eb8-a466-4be0-9757-d14fa9acb35b","email":"ella.anderson@dropbox.net","message":"successfully handled skipped operation."},{"id":"57c12ae6-28c0-4dc7-b9e1-d0925cb2a62a","email":"emily.taylor@gmail.com","message":"successfully processed after 1085 milliseconds."},{"id":"87a6e31c-d944-413e-a3b4-64b41d9a72a3","email":"jacob.lopez@dropbox.net","message":"successfully handled skipped operation."},{"id":"ee3382b6-be1a-42a3-8cbd-14eb51201717","email":"emily.taylor@gmail.com","message":"successfully parsed message, but message temporarily enqueued while system restarts."},{"id":"fd40fd30-d3fd-4f63-af86-48c40cea13ed","email":"aiden.johnson@microsoft.com","message":"failed to process due to network exception."},{"id":"9d88c6cb-fe35-4e01-814b-018e3a38ea09","email":"mia.perez@me.com","message":"failed to process due to datastore timeout of 30 seconds.  operation took 32 seconds."},{"id":"2e83df47-eec5-42ba-a873-46d2cf0182bc","email":"chloe.garcia@dropbox.net","message":"successfully processed after 8530 milliseconds."},{"id":"5955f9c3-1e6d-4b09-94f1-c71b72881f51","email":"ryan.king@dropbox.net","message":"failed to process due to datastore timeout of 30 seconds.  operation took 40 seconds."},{"id":"7346e75c-63b4-4fab-aef8-f32a6d7ca497","email":"nicholas.allen@microsoft.com","message":"failed to process due to network exception."},{"id":"47be9ff4-5df9-4627-bb07-ecee498a46de","email":"logan.clark@dropbox.net","message":"failed to process due to datastore timeout of 30 seconds.  operation took 75 seconds."},{"id":"af72e510-908f-494d-bc1c-1d1822a30e8b","email":"emily.taylor@gmail.com","message":"failed to process due to datastore timeout of 30 seconds.  operation took 66 seconds."},{"id":"586aa4c1-11e9-4512-b548-fcd9cec7ef08","email":"taylor.adams@gmail.com","message":"failed to process due to network exception."},{"id":"28c43298-be4b-474b-89b2-0808b56e0f58","email":"liam.gonzalez@me.com","message":"failed to process due to network exception."},{"id":"50d54581-5d6b-4c43-b7d0-d0c910975995","email":"elizabeth.martinez@dropbox.net","message":"failed to process due to network exception."},{"id":"39202b61-9e2a-4bd5-8c38-61d040d1947c","email":"sophia.baker@dropbox.net","message":"failed to process due to network exception."},{"id":"e150f585-2751-440d-8ff0-15846f4ceb77","email":"joshua.lee@gmail.com","message":"successfully processed after 1435 milliseconds."},{"id":"123fcb3f-2886-47f3-9ebe-c98623c5f8d2","email":"ethan.hernandez@microsoft.com","message":"successfully parsed message, but message temporarily enqueued while system restarts."},{"id":"90e11ec4-8e4e-406a-89a5-bbb8e30e7d7c","email":"elizabeth.martinez@dropbox.net","message":"successfully processed after 8709 milliseconds."},{"id":"5d428913-cfc2-487e-983d-e6229fb7dc3e","email":"alexander.williams@gmail.com","message":"successfully processed after 6264 milliseconds."}],"id":"ec96b421-41d1-446d-9278-120dc75e30a1"}