{"logs":[{"id":"96eec8f8-6810-45a0-9dd8-d4e26c33a3c8","email":"aiden.johnson@microsoft.com","message":"failed to process due to datastore timeout of 30 seconds.  operation took 124 seconds."},{"id":"653836b2-fe04-4cc6-97b9-b6ddff42645b","email":"noah.sanchez@me.com","message":"successfully processed after 2469 milliseconds."},{"id":"9fb4d719-eaa0-4747-9079-20d640260d38","email":"logan.clark@dropbox.net","message":"successfully handled skipped operation."},{"id":"f02d1af9-31b9-4a20-a6fa-7469d975d5fa","email":"joshua.lee@gmail.com","message":"failed to process due to datastore timeout of 30 seconds.  operation took 100 seconds."},{"id":"887cb3c0-57fc-436b-ba76-9b4c9f18d2fa","email":"chloe.garcia@dropbox.net","message":"successfully handled skipped operation."},{"id":"4a97af54-05f8-4108-8380-a601dbf9ccad","email":"logan.clark@dropbox.net","message":"successfully handled skipped operation."},{"id":"0cd778c1-c6ae-495a-8eab-d2beec6070af","email":"noah.sanchez@me.com","message":"successfully handled skipped operation."},{"id":"91610f6a-d4bd-4c9f-9611-f7279e65b21e","email":"emma.thomas@me.com","message":"failed to process due to network exception."},{"id":"8e121984-2ba7-4095-838e-0da55bfd6aef","email":"abigail.smith@amerisave.com","message":"failed to process due to datastore timeout of 30 seconds.  operation took 58 seconds."},{"id":"4f6cfd4c-1f52-4277-8467-38a4746c507c","email":"taylor.adams@gmail.com","message":"successfully parsed message, but message temporarily enqueued while system restarts."},{"id":"6798ff8b-02b7-41d7-80a4-d6b9cbbcf6d8","email":"sophia.baker@dropbox.net","message":"failed to process due to network exception."},{"id":"a5810c9a-1861-411e-9654-cd7a76d416eb","email":"nicholas.allen@microsoft.com","message":"successfully processed after 682 milliseconds."},{"id":"11bf5bb1-d4a6-4ccc-8842-0f91128e93e1","email":"joshua.lee@gmail.com","message":"failed to process due to network exception."},{"id":"77daa713-7751-4ad7-bd23-262c33990ed0","email":"tyler.nelson@microsoft.com","message":"successfully parsed message, but message temporarily enqueued while system restarts."},{"id":"18b1c749-f4ff-40e7-932d-024661a2014d","email":"olivia.wright@gmail.com","message":"successfully parsed message, but message temporarily enqueued while system restarts."},{"id":"9222490d-ba2b-4b02-87f6-b3ecc973f89e","email":"andrew.miller@gmail.com","message":"successfully processed after 1715 milliseconds."},{"id":"250e6ed4-1735-43df-89cb-c76aad9d6a29","email":"matthew.walker@amerisave.com","message":"successfully parsed message, but message temporarily enqueued while system restarts."},{"id":"3d25eba1-fa04-4387-8b81-6e7133a8bb34","email":"ella.anderson@dropbox.net","message":"successfully handled skipped operation."},{"id":"085fd17b-6197-4894-b1f2-13aa63778e85","email":"emma.thomas@me.com","message":"failed to process due to datastore timeout of 30 seconds.  operation took 45 seconds."},{"id":"ade2d35e-1fc5-411d-9504-bd216e953a14","email":"taylor.adams@gmail.com","message":"failed to process due to datastore timeout of 30 seconds.  operation took 114 seconds."},{"id":"3cff0c1d-81cf-41cf-8aa4-ed5ee4abb61b","email":"jack.thompson@me.com","message":"failed to process due to network exception."},{"id":"0155c371-c6b2-4ad7-8700-8dc8df0c39f9","email":"liam.gonzalez@me.com","message":"successfully handled skipped operation."},{"id":"42c91fe8-d169-44ef-9d79-73d8cbe752cc","email":"taylor.adams@gmail.com","message":"successfully parsed message, but message temporarily enqueued while system restarts."},{"id":"f392fa91-dfb8-468d-9315-2e125ac7bac5","email":"samantha.scott@me.com","message":"failed to process due to datastore timeout of 30 seconds.  operation took 121 seconds."},{"id":"a485fc85-c0d9-4aa0-bc25-60e7889226b4","email":"matthew.walker@amerisave.com","message":"failed to process due to network exception."},{"id":"3bed06fa-5607-4096-9402-08d82a99fcdd","email":"ella.anderson@dropbox.net","message":"failed to process due to datastore timeout of 30 seconds.  operation took 83 seconds."},{"id":"e6a371e2-c3a6-47e8-abb3-f46af01825b4","email":"nicholas.allen@microsoft.com","message":"successfully processed after 570 milliseconds."},{"id":"844cb537-1050-4747-a19a-611aea2d05ea","email":"alexis.brown@microsoft.com","message":"successfully processed after 211 milliseconds."},{"id":"8e2b1353-7a4d-4c58-9e2c-133572f2add1","email":"matthew.walker@amerisave.com","message":"successfully parsed message, but message temporarily enqueued while system restarts."},{"id":"a0dace94-fab0-48ce-8a78-bb01633a1109","email":"tyler.nelson@microsoft.com","message":"successfully processed after 8505 milliseconds."},{"id":"db436f92-cf69-4bd8-8039-c5ca08fdf848","email":"michael.hall@dropbox.net","message":"failed to process due to datastore timeout of 30 seconds.  operation took 84 seconds."},{"id":"3464dfe5-b2d0-4509-a9bf-327fea73db61","email":"michael.hall@dropbox.net","message":"successfully processed after 728 milliseconds."},{"id":"48a9d69a-b08c-41b4-b426-cc8d32c558c3","email":"samantha.scott@me.com","message":"successfully parsed message, but message temporarily enqueued while system restarts."},{"id":"93b8b6a7-79df-461a-bcd4-0f5d5dc76ec1","email":"daniel.rodriguez@amerisave.com","message":"successfully processed after 5878 milliseconds."},{"id":"67b9b91f-fcb5-41b9-bda6-e55549c01696","email":"daniel.rodriguez@amerisave.com","message":"failed to process due to network exception."},{"id":"6fd4580b-7f04-4d30-ba45-06317ce97481","email":"joshua.lee@gmail.com","message":"successfully processed after 1489 milliseconds."},{"id":"bead7330-03da-4189-91bb-97dcad205036","email":"sophia.baker@dropbox.net","message":"successfully handled skipped operation."},{"id":"f074dd59-a7fb-457f-91c3-a9abfaf4cbe5","email":"joshua.lee@gmail.com","message":"successfully handled skipped operation."},{"id":"f34c7d05-5702-42bb-ae9f-0b13d66c6f80","email":"noah.sanchez@me.com","message":"successfully handled skipped operation."},{"id":"1cf0f815-f8fc-4f04-a269-6c2cfc2f4687","email":"lily.harris@gmail.com","message":"successfully processed after 5330 milliseconds."},{"id":"79f1793b-7205-4da4-a236-cb11caae6cf6","email":"emily.taylor@gmail.com","message":"failed to process due to network exception."},{"id":"db46f521-177f-436c-ab00-9c8a55831f7f","email":"lily.harris@gmail.com","message":"successfully handled skipped operation."},{"id":"9db89882-dd19-4901-9f1e-508198424bd3","email":"mason.robinson@amerisave.com","message":"successfully handled skipped operation."},{"id":"fbdf1685-fb2a-4063-8a32-e3a763eda175","email":"mia.perez@me.com","message":"successfully processed after 2979 milliseconds."},{"id":"d2932394-1e6a-4f1d-bf23-3c20f4aeaf31","email":"jackson.white@gmail.com","message":"successfully handled skipped operation."},{"id":"d04a69ce-538b-4d81-a139-81a9194f0817","email":"tyler.nelson@microsoft.com","message":"failed to process due to network exception."},{"id":"7f504b9f-f493-4a0d-831f-c5e431e72992","email":"ryan.king@dropbox.net","message":"successfully processed after 3878 milliseconds."},{"id":"a554904a-2b6e-4c55-9b6d-e9b94f61aff8","email":"grace.moore@gmail.com","message":"successfully processed after 1017 milliseconds."},{"id":"08d87bf3-8f34-4934-a8d1-f491bcc6d129","email":"elizabeth.martinez@dropbox.net","message":"successfully parsed message, but message temporarily enqueued while system restarts."},{"id":"0ddb2a87-34e4-4cdf-8b3c-3df18d8f1006","email":"ethan.hernandez@microsoft.com","message":"failed to process due to network exception."},{"id":"a8ec3722-c186-432a-863b-fdd82e81cc39","email":"jackson.white@gmail.com","message":"failed to process due to datastore timeout of 30 seconds.  operation took 39 seconds."},{"id":"6e38a959-94c5-4a3f-8b45-df5237eb787a","email":"michael.hall@dropbox.net","message":"successfully parsed message, but message temporarily enqueued while system restarts."},{"id":"81ae3331-b5ce-4bd3-a9db-0007f4f284f8","email":"nathan.young@microsoft.com","message":"successfully processed after 6171 milliseconds."},{"id":"c569be9f-6bab-45bf-8558-ff668ab89397","email":"emma.thomas@me.com","message":"successfully handled skipped operation."},{"id":"18833eaf-a991-43b9-af98-9859ac66aa50","email":"ethan.hernandez@microsoft.com","message":"successfully handled skipped operation."},{"id":"32668d7b-f97c-4568-b5e0-5e8cff13c421","email":"alexis.brown@microsoft.com","message":"successfully handled skipped operation."},{"id":"28a821b4-2d0c-465a-a3a6-b5f47123d688","email":"olivia.wright@gmail.com","message":"failed to process due to network exception."},{"id":"846fdb2a-09b3-438b-b183-6c996f7d23e1","email":"mason.robinson@amerisave.com","message":"failed to process due to datastore timeout of 30 seconds.  operation took 123 seconds."},{"id":"92515ade-90e0-4e81-bf73-81295aec36e4","email":"michael.hall@dropbox.net","message":"failed to process due to datastore timeout of 30 seconds.  operation took 63 seconds."},{"id":"4133397a-a7e2-4025-800d-41434890e52a","email":"ava.davis@gmail.com","message":"successfully parsed message, but message temporarily enqueued while system restarts."},{"id":"fd59f284-bed5-4c59-b828-1012e8a4b6b8","email":"madison.lewis@gmail.com","message":"successfully processed after 9553 milliseconds."},{"id":"37b09890-9f7b-4b01-9977-cc1e7b44264c","email":"nathan.young@microsoft.com","message":"successfully processed after 9017 milliseconds."},{"id":"f3cc789f-282b-4a3b-9965-c7b9d6871218","email":"mason.robinson@amerisave.com","message":"successfully parsed message, but message temporarily enqueued while system restarts."},{"id":"65b8d14b-16af-48b9-b344-1a6d12bf1fb1","email":"dylan.wilson@gmail.com","message":"successfully parsed message, but message temporarily enqueued while system restarts."},{"id":"e14c35ee-aaa4-4ae9-a2aa-9ff8ee360e12","email":"olivia.wright@gmail.com","message":"failed to process due to datastore timeout of 30 seconds.  operation took 125 seconds."},{"id":"155a4aea-c081-4e06-aa89-c3105e3ebc9e","email":"sophia.baker@dropbox.net","message":"successfully parsed message, but message temporarily enqueued while system restarts."},{"id":"839a123b-9473-40d0-b054-a00c5b8983a3","email":"samantha.scott@me.com","message":"failed to process due to datastore timeout of 30 seconds.  operation took 130 seconds."},{"id":"39964fe5-80e8-4062-ab45-afbcc5ab4746","email":"andrew.miller@gmail.com","message":"successfully processed after 9462 milliseconds."},{"id":"2d5b8361-dce8-4d6c-bb2b-2801770c47e6","email":"samantha.scott@me.com","message":"successfully parsed message, but message temporarily enqueued while system restarts."},{"id":"12fb38fc-c08c-443f-9a3d-0e3482c7730b","email":"nathan.young@microsoft.com","message":"failed to process due to datastore timeout of 30 seconds.  operation took 97 seconds."},{"id":"f78b1f94-ecdc-424c-bd3a-07fd8f68ca79","email":"andrew.miller@gmail.com","message":"failed to process due to datastore timeout of 30 seconds.  operation took 122 seconds."},{"id":"8b3640df-648f-4c6c-824d-4c7e87193a43","email":"tyler.nelson@microsoft.com","message":"failed to process due to network exception."},{"id":"8cd201cb-0eec-4eb5-a174-5f023fab6ec0","email":"isabella.jackson@amerisave.com","message":"successfully processed after 7619 milliseconds."},{"id":"9c054660-de54-4033-b0e6-9ac3b4822f55","email":"joshua.lee@gmail.com","message":"failed to process due to datastore timeout of 30 seconds.  operation took 117 seconds."},{"id":"3e5ecd25-fd0b-43b7-b8ab-e70df16ff1c1","email":"mason.robinson@amerisave.com","message":"failed to process due to network exception."},{"id":"fdc3c0fb-37fc-4a97-99fd-932d63eae375","email":"sarah.green@amerisave.com","message":"successfully parsed message, but message temporarily enqueued while system restarts."},{"id":"338068af-c11f-40ff-8b9b-2db13692822d","email":"taylor.adams@gmail.com","message":"failed to process due to datastore timeout of 30 seconds.  operation took 63 seconds."},{"id":"aad3b451-fbd2-45a4-ba1b-fa14609aae26","email":"olivia.wright@gmail.com","message":"successfully parsed message, but message temporarily enqueued while system restarts."},{"id":"2b8c1e43-cfc7-4bfe-969e-60522d2ce8d0","email":"daniel.rodriguez@amerisave.com","message":"failed to process due to network exception."},{"id":"e8e1da42-610c-4c5f-a095-26bae8366cce","email":"alyssa.jones@amerisave.com","message":"successfully parsed message, but message temporarily enqueued while system restarts."},{"id":"8e3a8501-cc06-4b36-b03b-fe8b00380aaf","email":"noah.sanchez@me.com","message":"successfully parsed message, but message temporarily enqueued while system restarts."},{"id":"87c53a21-b033-4fbe-8e1d-c5ee890a37da","email":"daniel.rodriguez@amerisave.com","message":"failed to process due to datastore timeout of 30 seconds.  operation took 60 seconds."},{"id":"5d64b847-16e0-4755-bc3c-4a439e54b7f2","email":"daniel.rodriguez@amerisave.com","message":"successfully processed after 6918 milliseconds."},{"id":"f07fcf74-331a-4fb0-858b-fa2caebe5a03","email":"nathan.young@microsoft.com","message":"successfully processed after 4492 milliseconds."},{"id":"cd1f568b-8097-401d-bac2-9f62ea96a4fe","email":"isabella.jackson@amerisave.com","message":"successfully handled skipped operation."},{"id":"7d4dcf05-749c-42c9-9672-a27d3e0b9fbc","email":"jack.thompson@me.com","message":"successfully processed after 2807 milliseconds."},{"id":"5cb743f2-bfc3-4db1-bac8-0312f6081d7b","email":"mason.robinson@amerisave.com","message":"successfully processed after 8332 milliseconds."}],"id":"b3d22b24-d7ac-473b-b789-f3cd56f52415"}