{"logs":[{"id":"e4a666ba-e43c-4b5f-819c-726d8a8570b6","email":"daniel.rodriguez@amerisave.com","message":"failed to process due to network exception."},{"id":"9320d838-fa5d-4176-a0dc-30b1f24d0733","email":"taylor.adams@gmail.com","message":"successfully handled skipped operation."},{"id":"1a5bcf72-75ad-49c3-ad9e-b5ba52796a47","email":"alyssa.jones@amerisave.com","message":"successfully handled skipped operation."},{"id":"f07463b6-1b8c-469f-b230-45cf1af88a33","email":"jacob.lopez@dropbox.net","message":"successfully processed after 1238 milliseconds."},{"id":"e3b47fd0-6fc4-4ff1-b0f5-febbab7974ee","email":"jacob.lopez@dropbox.net","message":"failed to process due to datastore timeout of 30 seconds.  operation took 51 seconds."},{"id":"645ee379-7107-4f44-b443-69e2c5a69488","email":"chloe.garcia@dropbox.net","message":"successfully handled skipped operation."},{"id":"1333e48b-680a-45c4-afe3-e6482ac49130","email":"liam.gonzalez@me.com","message":"failed to process due to datastore timeout of 30 seconds.  operation took 69 seconds."},{"id":"43166f95-e6a5-4985-9895-894c88e62bb0","email":"lily.harris@gmail.com","message":"failed to process due to network exception."},{"id":"605fe4ad-52e3-4181-a8f8-9de856f0dc33","email":"sophia.baker@dropbox.net","message":"failed to process due to datastore timeout of 30 seconds.  operation took 76 seconds."},{"id":"df2ae1b5-d121-4717-a59d-f7d4635b78ad","email":"joshua.lee@gmail.com","message":"failed to process due to network exception."},{"id":"4c98f48e-4067-4719-a2b1-b3a759c99cf5","email":"tyler.nelson@microsoft.com","message":"successfully parsed message, but message temporarily enqueued while system restarts."},{"id":"f8438814-9e2c-463a-b483-1f5640053c9c","email":"sarah.green@amerisave.com","message":"failed to process due to datastore timeout of 30 seconds.  operation took 66 seconds."},{"id":"695d823d-8c80-4a2d-ba36-17a575db73f1","email":"emma.thomas@me.com","message":"successfully processed after 2359 milliseconds."},{"id":"3d047764-b0d8-4dee-b1fb-1c94fa27cbea","email":"grace.moore@gmail.com","message":"failed to process due to datastore timeout of 30 seconds.  operation took 35 seconds."},{"id":"81b5fa73-55fc-409f-bce5-3c0c30cef2ed","email":"olivia.wright@gmail.com","message":"successfully parsed message, but message temporarily enqueued while system restarts."},{"id":"b5520d7b-dc41-49bf-9347-4cd991102e6d","email":"nicholas.allen@microsoft.com","message":"failed to process due to datastore timeout of 30 seconds.  operation took 88 seconds."},{"id":"2263ed6d-fa5f-433f-9500-2992bc512dc2","email":"isabella.jackson@amerisave.com","message":"successfully handled skipped operation."},{"id":"99a0f395-8473-4d0e-b149-104c0ab1ec4a","email":"daniel.rodriguez@amerisave.com","message":"successfully processed after 3634 milliseconds."},{"id":"dd70e707-0d57-49bf-88c9-1a3b18401252","email":"alyssa.jones@amerisave.com","message":"successfully parsed message, but message temporarily enqueued while system restarts."},{"id":"90512e25-2d91-4fde-933a-4ce55791fc9c","email":"ethan.hernandez@microsoft.com","message":"failed to process due to datastore timeout of 30 seconds.  operation took 82 seconds."},{"id":"30845b60-2b5d-462a-b86f-73e568e2054d","email":"tyler.nelson@microsoft.com","message":"failed to process due to network exception."},{"id":"31c3133c-4a96-4923-81b2-aa3afb636ef5","email":"sophia.baker@dropbox.net","message":"failed to process due to datastore timeout of 30 seconds.  operation took 116 seconds."},{"id":"f3f9c14d-66db-4625-97e4-822bbb8a5c0f","email":"dylan.wilson@gmail.com","message":"successfully parsed message, but message temporarily enqueued while system restarts."},{"id":"716ffe4d-1208-4078-b373-f5ba1c7f78a2","email":"elizabeth.martinez@dropbox.net","message":"successfully processed after 2791 milliseconds."},{"id":"a77841e8-83a0-452b-a254-f665e15b998c","email":"samantha.scott@me.com","message":"successfully handled skipped operation."},{"id":"d8d4f0a3-91db-40e8-93fd-c1e42d3956c9","email":"matthew.walker@amerisave.com","message":"successfully processed after 83 milliseconds."},{"id":"46baeee4-5303-4944-8f16-085090811ddf","email":"sophia.baker@dropbox.net","message":"failed to process due to network exception."},{"id":"21c3fc36-ddb8-436c-9e3d-70e10ab62b00","email":"nathan.young@microsoft.com","message":"successfully processed after 6563 milliseconds."},{"id":"3ac2066b-6249-43c9-a5f7-684c86feec67","email":"matthew.walker@amerisave.com","message":"successfully processed after 4923 milliseconds."},{"id":"d2d68df4-e1d6-4aee-806e-ca11c6c47b1c","email":"sophia.baker@dropbox.net","message":"successfully parsed message, but message temporarily enqueued while system restarts."},{"id":"bdd37348-7bc8-4ebc-9b0c-e4b41c1f4904","email":"ella.anderson@dropbox.net","message":"successfully parsed message, but message temporarily enqueued while system restarts."},{"id":"1d5b73ba-8237-45e6-ae95-3feb47dff3cb","email":"ella.anderson@dropbox.net","message":"successfully handled skipped operation."},{"id":"c170c1eb-f2ed-43bb-a099-080c647f22fb","email":"alexis.brown@microsoft.com","message":"failed to process due to network exception."},{"id":"54c87bf8-3b9a-458c-9b7f-e721f54fedb4","email":"elizabeth.martinez@dropbox.net","message":"successfully parsed message, but message temporarily enqueued while system restarts."},{"id":"05cc86d2-2e25-41e1-a1b5-16c19a050ba4","email":"nicholas.allen@microsoft.com","message":"successfully parsed message, but message temporarily enqueued while system restarts."},{"id":"1f4e6c5b-e77f-4693-9bad-0feb3c48866f","email":"alexis.brown@microsoft.com","message":"failed to process due to network exception."},{"id":"837726eb-661b-437b-b203-81ca8d8a6a52","email":"alexis.brown@microsoft.com","message":"failed to process due to datastore timeout of 30 seconds.  operation took 41 seconds."},{"id":"a76fb208-45db-418e-b161-693d8996b7e4","email":"sarah.green@amerisave.com","message":"successfully handled skipped operation."},{"id":"d30c58ed-3884-4a37-8692-3fa34d2e2139","email":"michael.hall@dropbox.net","message":"failed to process due to network exception."},{"id":"d507f069-cdd3-4735-890c-d703f08756df","email":"jacob.lopez@dropbox.net","message":"successfully handled skipped operation."},{"id":"1be6671c-717d-4e31-a6bc-2af4d203d532","email":"mason.robinson@amerisave.com","message":"successfully processed after 3598 milliseconds."},{"id":"edc3c89f-722a-45c4-b30c-474705cf1de4","email":"jackson.white@gmail.com","message":"failed to process due to datastore timeout of 30 seconds.  operation took 33 seconds."},{"id":"719e5163-2c47-4f0e-a0b5-f838acafbb45","email":"mia.perez@me.com","message":"successfully parsed message, but message temporarily enqueued while system restarts."},{"id":"5bf04186-5556-43dd-8599-547c0771b82c","email":"emma.thomas@me.com","message":"successfully parsed message, but message temporarily enqueued while system restarts."},{"id":"8029704f-e19c-45bd-a309-2ee92b702200","email":"alyssa.jones@amerisave.com","message":"successfully handled skipped operation."},{"id":"e3aa1342-6a22-427f-9b55-6cd67b8a6a22","email":"joshua.lee@gmail.com","message":"successfully handled skipped operation."},{"id":"34cab502-9b5f-4d53-a312-22d17c1a90e4","email":"andrew.miller@gmail.com","message":"successfully parsed message, but message temporarily enqueued while system restarts."},{"id":"fcd64c82-c9d1-434e-a83e-9a4c5091dfce","email":"liam.gonzalez@me.com","message":"successfully processed after 2150 milliseconds."},{"id":"32c70578-affb-470b-9fe2-c1c7ec18cba1","email":"mason.robinson@amerisave.com","message":"failed to process due to datastore timeout of 30 seconds.  operation took 46 seconds."},{"id":"7703d44b-4b11-42df-9155-7e96d707be18","email":"joshua.lee@gmail.com","message":"successfully parsed message, but message temporarily enqueued while system restarts."},{"id":"becb758d-1db8-4983-80bc-917c7f3168bd","email":"joshua.lee@gmail.com","message":"successfully handled skipped operation."},{"id":"4c98fbc3-865e-4fd0-8c29-7d060f94dfbd","email":"jackson.white@gmail.com","message":"successfully handled skipped operation."},{"id":"0456b696-f1ec-4d08-a762-92f3424ba3fc","email":"alyssa.jones@amerisave.com","message":"successfully parsed message, but message temporarily enqueued while system restarts."},{"id":"9e7530ed-074b-4469-bf6d-717bc3e0041d","email":"nicholas.allen@microsoft.com","message":"successfully handled skipped operation."}],"id":"1be059ec-88c5-4248-b27e-d4f1241c97a8"}