{"logs":[{"id":"a323e7ee-1f0a-4d62-9a9b-2b47470a0994","email":"elizabeth.martinez@dropbox.net","message":"successfully handled skipped operation."},{"id":"c34b7b62-f91c-4b7c-bc51-f3f713adb692","email":"abigail.smith@amerisave.com","message":"failed to process due to network exception."},{"id":"4c3be4a4-efa6-43ec-94bc-7cce76785f28","email":"jacob.lopez@dropbox.net","message":"failed to process due to datastore timeout of 30 seconds.  operation took 63 seconds."},{"id":"791bad85-98b3-417b-91da-1342eaff7e33","email":"ethan.hernandez@microsoft.com","message":"failed to process due to datastore timeout of 30 seconds.  operation took 40 seconds."},{"id":"29d42637-21c8-4775-8b1f-662ed8a346ab","email":"chloe.garcia@dropbox.net","message":"failed to process due to network exception."},{"id":"387b22f0-6636-445b-8e54-11fd4aef67be","email":"noah.sanchez@me.com","message":"failed to process due to datastore timeout of 30 seconds.  operation took 68 seconds."},{"id":"c39c7a55-7a4a-4192-a874-d87a74f426c6","email":"ava.davis@gmail.com","message":"failed to process due to datastore timeout of 30 seconds.  operation took 124 seconds."},{"id":"de6aa032-a9b7-407c-a940-ee68e2c861a0","email":"sophia.baker@dropbox.net","message":"failed to process due to datastore timeout of 30 seconds.  operation took 83 seconds."},{"id":"9edd44ec-e18f-423a-9014-aabdc48e14a8","email":"emily.taylor@gmail.com","message":"successfully parsed message, but message temporarily enqueued while system restarts."},{"id":"ae57a8b9-659f-42be-926c-03cedc13094f","email":"alexis.brown@microsoft.com","message":"successfully handled skipped operation."},{"id":"6f62312f-d88f-44a3-8824-4d3ceab6d6d0","email":"samantha.scott@me.com","message":"successfully handled skipped operation."},{"id":"7e297416-aa2d-44a4-9fbe-416f2c2b8e38","email":"alexander.williams@gmail.com","message":"successfully parsed message, but message temporarily enqueued while system restarts."},{"id":"5edbd19d-d5f5-4539-80e4-c0c75fc3c944","email":"nicholas.allen@microsoft.com","message":"successfully handled skipped operation."},{"id":"b0653c1d-c0fa-4618-a383-d3aa0460ee93","email":"mason.robinson@amerisave.com","message":"failed to process due to network exception."},{"id":"09327fe6-8870-42d7-804b-fe3d5b11e0e4","email":"nicholas.allen@microsoft.com","message":"successfully processed after 5434 milliseconds."},{"id":"45400912-682d-4f00-87a9-b66e8fde7f84","email":"nathan.young@microsoft.com","message":"successfully parsed message, but message temporarily enqueued while system restarts."},{"id":"fc131494-c4c2-4cf5-be7e-bcc17d6520f8","email":"chloe.garcia@dropbox.net","message":"successfully processed after 9376 milliseconds."},{"id":"4c5bc5cc-439c-44b1-afda-f4f5d2818bf2","email":"michael.hall@dropbox.net","message":"failed to process due to datastore timeout of 30 seconds.  operation took 73 seconds."},{"id":"b05b00d7-c438-4212-aaea-7b3301c8d09f","email":"daniel.rodriguez@amerisave.com","message":"failed to process due to network exception."},{"id":"76967487-f7da-465a-a0e5-5ad4d05c927c","email":"hannah.martin@dropbox.net","message":"successfully handled skipped operation."},{"id":"db5c609e-add5-4124-92ca-049a01af5108","email":"madison.lewis@gmail.com","message":"failed to process due to datastore timeout of 30 seconds.  operation took 89 seconds."},{"id":"2cd25f17-0453-4293-88a4-f8901eafad94","email":"jack.thompson@me.com","message":"failed to process due to network exception."},{"id":"cbe53ed1-9c52-4468-a555-beec7fc4b498","email":"sophia.baker@dropbox.net","message":"successfully parsed message, but message temporarily enqueued while system restarts."},{"id":"9a2b45c6-a9e0-486c-820e-eccc5c4c9528","email":"hannah.martin@dropbox.net","message":"failed to process due to datastore timeout of 30 seconds.  operation took 96 seconds."},{"id":"2ad14a52-31f7-40fc-baa8-c47bd05d4023","email":"ryan.king@dropbox.net","message":"failed to process due to network exception."},{"id":"1042aed0-787f-4acd-a765-65960a8d4eaa","email":"dylan.wilson@gmail.com","message":"successfully parsed message, but message temporarily enqueued while system restarts."},{"id":"08e937b7-fe1b-458c-bf7f-ae092f5f85a5","email":"nicholas.allen@microsoft.com","message":"successfully processed after 5078 milliseconds."},{"id":"d8da473d-f973-419b-994b-9efa394d81e9","email":"mason.robinson@amerisave.com","message":"successfully handled skipped operation."},{"id":"1c6c2a4a-8ab1-4c4c-a8f4-a6a1979c3a4e","email":"sarah.green@amerisave.com","message":"successfully processed after 6218 milliseconds."},{"id":"3acda5a5-5cbc-4c40-b5a5-96f55352acaa","email":"olivia.wright@gmail.com","message":"failed to process due to datastore timeout of 30 seconds.  operation took 69 seconds."},{"id":"dda35263-e5aa-4033-bb0a-d8f2f3b144f8","email":"olivia.wright@gmail.com","message":"failed to process due to network exception."},{"id":"1b4cd0f1-9591-476c-91ce-e1b33e629e19","email":"ella.anderson@dropbox.net","message":"successfully processed after 8031 milliseconds."},{"id":"2cdb737b-24d0-478e-8702-fedf96ce61fe","email":"alexander.williams@gmail.com","message":"successfully handled skipped operation."},{"id":"986044b1-4fe2-43cc-971b-3324e7eaeb27","email":"ava.davis@gmail.com","message":"successfully parsed message, but message temporarily enqueued while system restarts."},{"id":"2c587aa7-67fd-4b6e-82ae-7226dd16d71c","email":"samantha.scott@me.com","message":"successfully processed after 4639 milliseconds."},{"id":"c9ec992e-0a88-4c0e-9d86-460d6ab1e0c6","email":"emma.thomas@me.com","message":"successfully processed after 4762 milliseconds."},{"id":"6a45de5f-438f-4ef1-9ebe-c199172d1d69","email":"ethan.hernandez@microsoft.com","message":"failed to process due to network exception."},{"id":"bc0dae64-55b5-48c8-a204-2858c1fd9c69","email":"madison.lewis@gmail.com","message":"successfully processed after 7198 milliseconds."},{"id":"df71e10a-254e-4ce8-9356-6c7524a74e1a","email":"grace.moore@gmail.com","message":"failed to process due to datastore timeout of 30 seconds.  operation took 108 seconds."},{"id":"09cdf932-d223-4554-9c7a-28ff13d0233a","email":"grace.moore@gmail.com","message":"failed to process due to network exception."},{"id":"8cebade4-c4a0-45ec-a1a8-f78ba4b5ffb3","email":"ava.davis@gmail.com","message":"failed to process due to datastore timeout of 30 seconds.  operation took 31 seconds."},{"id":"29e0c515-ab79-4aa3-9fd7-da41c8ba5784","email":"emily.taylor@gmail.com","message":"failed to process due to network exception."},{"id":"9dff7202-b21a-4c70-b94f-fc29eba69548","email":"ryan.king@dropbox.net","message":"failed to process due to datastore timeout of 30 seconds.  operation took 32 seconds."},{"id":"d91ad48f-8ea3-496a-bdbc-4577e7881a40","email":"alexis.brown@microsoft.com","message":"failed to process due to datastore timeout of 30 seconds.  operation took 60 seconds."},{"id":"669ec07d-1e7c-4b09-b036-a2c1b5a38168","email":"mason.robinson@amerisave.com","message":"failed to process due to network exception."},{"id":"7a8b597e-efc2-4fa4-bbc0-f4b650084cb2","email":"ryan.king@dropbox.net","message":"failed to process due to datastore timeout of 30 seconds.  operation took 72 seconds."},{"id":"d713cce6-d70a-4374-a51a-145b0d51cd0b","email":"jackson.white@gmail.com","message":"successfully parsed message, but message temporarily enqueued while system restarts."},{"id":"1626d3e7-4c4f-4ecf-a296-8ee0442c9174","email":"dylan.wilson@gmail.com","message":"successfully processed after 8703 milliseconds."},{"id":"fddfdffd-d619-49c7-a3e6-b0612cec162b","email":"taylor.adams@gmail.com","message":"successfully processed after 6198 milliseconds."},{"id":"099fb670-785e-4b15-ba53-572aec916e0b","email":"noah.sanchez@me.com","message":"failed to process due to network exception."},{"id":"7e782869-906d-483a-b8d5-5613b449535a","email":"olivia.wright@gmail.com","message":"successfully processed after 2983 milliseconds."},{"id":"5e7a8f2e-1d2d-4555-913f-80c055df8089","email":"ella.anderson@dropbox.net","message":"successfully processed after 3182 milliseconds."},{"id":"d6459a92-b3f4-4424-96dc-dc3f8c69e1a0","email":"emily.taylor@gmail.com","message":"failed to process due to datastore timeout of 30 seconds.  operation took 107 seconds."},{"id":"a980fecb-d5de-445b-bfcb-8ba83228ee93","email":"isabella.jackson@amerisave.com","message":"failed to process due to network exception."},{"id":"f5df55ca-6ca7-4b18-b2a3-5007fe9bdf79","email":"jackson.white@gmail.com","message":"failed to process due to network exception."},{"id":"184b6668-0321-424a-bf46-e699531970f0","email":"hannah.martin@dropbox.net","message":"failed to process due to datastore timeout of 30 seconds.  operation took 54 seconds."},{"id":"287c44ce-29ac-4e25-82aa-24c29994cd6f","email":"alexander.williams@gmail.com","message":"failed to process due to network exception."},{"id":"162c00af-a69a-44a8-aaef-0b899b41ea9f","email":"tyler.nelson@microsoft.com","message":"successfully handled skipped operation."},{"id":"9ed54916-b19c-4b5a-a257-bbd8bd90a002","email":"mia.perez@me.com","message":"successfully processed after 9219 milliseconds."},{"id":"c7605746-d74b-4dab-a492-153312dd58c0","email":"liam.gonzalez@me.com","message":"successfully parsed message, but message temporarily enqueued while system restarts."},{"id":"b07a90f2-5bce-4db9-a67f-a1cce42aff2b","email":"matthew.walker@amerisave.com","message":"successfully parsed message, but message temporarily enqueued while system restarts."},{"id":"20e77680-1415-4c61-b2bc-f770375026c8","email":"andrew.miller@gmail.com","message":"successfully handled skipped operation."},{"id":"16a8f7a5-b204-46b4-a274-dd6ff66f3a6f","email":"mia.perez@me.com","message":"successfully processed after 9863 milliseconds."},{"id":"bbdfa68d-3916-4ba5-93ae-b0061b8fd43d","email":"emily.taylor@gmail.com","message":"successfully parsed message, but message temporarily enqueued while system restarts."},{"id":"fb478db2-d365-44a2-8167-750b31ee8e56","email":"dylan.wilson@gmail.com","message":"successfully handled skipped operation."},{"id":"8e1f9675-fdbd-42dd-bb9d-c298309903d5","email":"alyssa.jones@amerisave.com","message":"failed to process due to network exception."},{"id":"07d7d78d-e4a3-4d75-99b2-fb11b13160a0","email":"ava.davis@gmail.com","message":"failed to process due to datastore timeout of 30 seconds.  operation took 48 seconds."},{"id":"54aa7146-325b-4d68-8684-9507d880c61c","email":"nathan.young@microsoft.com","message":"failed to process due to network exception."},{"id":"d11d9823-b9f3-4d7b-a6ca-1ae62c1c3816","email":"taylor.adams@gmail.com","message":"successfully processed after 7992 milliseconds."},{"id":"51ccfcfd-6976-4316-93bd-7f2b36dbf631","email":"mia.perez@me.com","message":"successfully parsed message, but message temporarily enqueued while system restarts."},{"id":"a06a8e7a-e433-4ef7-a18d-4494e8ea1238","email":"logan.clark@dropbox.net","message":"successfully handled skipped operation."},{"id":"5c36db5d-f37d-4ae6-8c32-15035f36c492","email":"ryan.king@dropbox.net","message":"successfully handled skipped operation."},{"id":"6bf1f5be-4a16-4813-87b4-ccee4a8cbedc","email":"jacob.lopez@dropbox.net","message":"successfully parsed message, but message temporarily enqueued while system restarts."},{"id":"490453e5-aefa-4692-8d3d-d889070100f6","email":"madison.lewis@gmail.com","message":"successfully processed after 8369 milliseconds."},{"id":"5b74323f-5ec2-408d-8645-7bc183d16313","email":"dylan.wilson@gmail.com","message":"failed to process due to network exception."},{"id":"d9d5964a-5085-4ec5-a394-55c83a036c2a","email":"abigail.smith@amerisave.com","message":"failed to process due to datastore timeout of 30 seconds.  operation took 115 seconds."},{"id":"54e0aeed-4f43-4366-9ab2-c8913d916f4b","email":"madison.lewis@gmail.com","message":"successfully parsed message, but message temporarily enqueued while system restarts."},{"id":"35145b5b-bec3-422f-8c51-e44fdf468b65","email":"lily.harris@gmail.com","message":"successfully processed after 3622 milliseconds."},{"id":"5bd17e35-c56f-4c6a-b521-1f9b73195766","email":"isabella.jackson@amerisave.com","message":"failed to process due to datastore timeout of 30 seconds.  operation took 120 seconds."},{"id":"50ca8d0d-b071-45ed-a06f-d453b17ef5b6","email":"matthew.walker@amerisave.com","message":"successfully handled skipped operation."},{"id":"b5c7db1d-a6e4-44ee-822e-00f0a5c968a3","email":"alexis.brown@microsoft.com","message":"failed to process due to datastore timeout of 30 seconds.  operation took 32 seconds."},{"id":"3ebfb752-9b20-48d9-8132-a5e70b771341","email":"chloe.garcia@dropbox.net","message":"failed to process due to datastore timeout of 30 seconds.  operation took 84 seconds."},{"id":"b0b4f4d5-4969-404c-953a-6c81a53cbc90","email":"chloe.garcia@dropbox.net","message":"successfully handled skipped operation."},{"id":"046c56bf-f1c2-42e7-9c9d-f4bfd619721a","email":"isabella.jackson@amerisave.com","message":"successfully handled skipped operation."},{"id":"2666d56b-cc33-4396-91df-f54a28fe7890","email":"dylan.wilson@gmail.com","message":"successfully parsed message, but message temporarily enqueued while system restarts."},{"id":"509ab52d-d4b5-4922-abb2-897c9860e404","email":"jackson.white@gmail.com","message":"failed to process due to network exception."},{"id":"adee1c60-b605-485f-8609-368f9f2ff5e7","email":"logan.clark@dropbox.net","message":"failed to process due to network exception."},{"id":"a392d92d-6f96-4e61-ab29-94b25181d3dd","email":"noah.sanchez@me.com","message":"successfully handled skipped operation."},{"id":"535c0717-b017-4923-be56-bc5014613a09","email":"tyler.nelson@microsoft.com","message":"successfully handled skipped operation."},{"id":"78cf7cdf-4e33-4b60-acc5-666d340c0874","email":"liam.gonzalez@me.com","message":"successfully processed after 1223 milliseconds."},{"id":"8efca212-057c-456d-9299-f27a2e005277","email":"ryan.king@dropbox.net","message":"failed to process due to datastore timeout of 30 seconds.  operation took 80 seconds."},{"id":"c031aa10-b0d7-4a55-a315-91cc3071469a","email":"liam.gonzalez@me.com","message":"failed to process due to network exception."},{"id":"1639bf10-249c-4345-8df3-d6b3a75d8972","email":"jackson.white@gmail.com","message":"failed to process due to datastore timeout of 30 seconds.  operation took 123 seconds."},{"id":"af926385-37a3-4f31-8082-80f904a0f2e6","email":"ella.anderson@dropbox.net","message":"failed to process due to network exception."},{"id":"97505a47-a10e-45f0-81be-2d3ab4a4a307","email":"emma.thomas@me.com","message":"failed to process due to datastore timeout of 30 seconds.  operation took 107 seconds."},{"id":"50208a8f-80f8-4357-9944-098da9df52a5","email":"samantha.scott@me.com","message":"successfully parsed message, but message temporarily enqueued while system restarts."},{"id":"394f18aa-c3be-4fb5-8887-edf437656035","email":"grace.moore@gmail.com","message":"failed to process due to network exception."},{"id":"98e6dd2a-d97f-4c9b-8e05-c0b651595b0f","email":"tyler.nelson@microsoft.com","message":"failed to process due to network exception."},{"id":"3db89673-c0e4-4351-b3d9-f431dee6a63e","email":"ethan.hernandez@microsoft.com","message":"successfully parsed message, but message temporarily enqueued while system restarts."},{"id":"56e716c1-d34e-478f-bec1-16211684d757","email":"sarah.green@amerisave.com","message":"successfully parsed message, but message temporarily enqueued while system restarts."},{"id":"ab3c9071-5697-4645-968a-6ef1de6ba173","email":"taylor.adams@gmail.com","message":"failed to process due to datastore timeout of 30 seconds.  operation took 57 seconds."},{"id":"3415be41-2345-4e89-ab02-9eab72723651","email":"andrew.miller@gmail.com","message":"successfully handled skipped operation."},{"id":"2f496d6a-8ffe-4680-a99f-740cdf064410","email":"aiden.johnson@microsoft.com","message":"successfully parsed message, but message temporarily enqueued while system restarts."},{"id":"38e27d04-eb49-478b-a6bb-df2d6aaca947","email":"joshua.lee@gmail.com","message":"failed to process due to datastore timeout of 30 seconds.  operation took 34 seconds."},{"id":"9f8d51bd-4651-4794-9c0f-31b9739e70b6","email":"andrew.miller@gmail.com","message":"failed to process due to datastore timeout of 30 seconds.  operation took 127 seconds."},{"id":"83723006-807a-4c9f-afa0-4f2d8da3bf86","email":"isabella.jackson@amerisave.com","message":"successfully processed after 9034 milliseconds."},{"id":"56b2a35b-a21a-4c27-901c-f6da7a481bac","email":"logan.clark@dropbox.net","message":"failed to process due to datastore timeout of 30 seconds.  operation took 51 seconds."},{"id":"1b70b360-9d38-46d9-8a76-c9e39b83a74d","email":"ava.davis@gmail.com","message":"successfully handled skipped operation."},{"id":"fc233e8f-517d-4cf5-99b2-7e7336e4ae56","email":"lily.harris@gmail.com","message":"successfully processed after 1942 milliseconds."},{"id":"5106ed97-c725-4b0c-9e1a-39ddce980e1d","email":"ella.anderson@dropbox.net","message":"successfully processed after 6149 milliseconds."},{"id":"a0d9265f-63f0-4971-b5c2-d6bec954c66a","email":"madison.lewis@gmail.com","message":"successfully parsed message, but message temporarily enqueued while system restarts."},{"id":"b33f93ab-4425-4134-880b-03dfde032a9f","email":"hannah.martin@dropbox.net","message":"successfully parsed message, but message temporarily enqueued while system restarts."},{"id":"169002b0-6d37-4297-baf3-6e204df0e9ea","email":"taylor.adams@gmail.com","message":"successfully handled skipped operation."},{"id":"294509cd-1a98-451b-b2fe-ab04e9ae28ed","email":"ava.davis@gmail.com","message":"failed to process due to network exception."},{"id":"9899e7ff-e695-4456-8efd-5918707baf17","email":"sarah.green@amerisave.com","message":"successfully processed after 1851 milliseconds."},{"id":"9130cc9a-ca14-4ba2-bc48-131ee979979f","email":"michael.hall@dropbox.net","message":"failed to process due to network exception."},{"id":"8350dc07-377e-4d64-877a-d347572e5523","email":"mason.robinson@amerisave.com","message":"successfully handled skipped operation."},{"id":"16afb72f-1564-4bed-8afe-b3cbd7df38ad","email":"tyler.nelson@microsoft.com","message":"failed to process due to datastore timeout of 30 seconds.  operation took 82 seconds."},{"id":"b997f553-ebfa-40b2-aa2c-e4830dcc3455","email":"olivia.wright@gmail.com","message":"failed to process due to network exception."},{"id":"fbb4a4c4-038f-4aeb-9af6-0905800eb937","email":"elizabeth.martinez@dropbox.net","message":"failed to process due to datastore timeout of 30 seconds.  operation took 121 seconds."},{"id":"6b66ce82-adcb-4d3f-a553-86e28df9c71b","email":"daniel.rodriguez@amerisave.com","message":"failed to process due to network exception."},{"id":"95b35461-0c1e-45b2-8dc5-91f3c5cd2ebf","email":"chloe.garcia@dropbox.net","message":"failed to process due to network exception."},{"id":"381aa431-72c9-4ca2-90b8-860c254040a3","email":"alexis.brown@microsoft.com","message":"successfully processed after 3682 milliseconds."},{"id":"8c79fc7b-c5f3-4c66-b845-143b6e0e0b74","email":"madison.lewis@gmail.com","message":"successfully handled skipped operation."},{"id":"c63c3e20-7851-4cc8-8235-6555f298e991","email":"dylan.wilson@gmail.com","message":"successfully handled skipped operation."},{"id":"1b3cb18c-a595-4a3a-bec6-8105cb547c52","email":"taylor.adams@gmail.com","message":"successfully handled skipped operation."},{"id":"88ec380e-3c76-49c8-93c1-283f97380eaa","email":"jack.thompson@me.com","message":"successfully parsed message, but message temporarily enqueued while system restarts."},{"id":"51d661f2-61ea-442e-997a-bdca90e53944","email":"elizabeth.martinez@dropbox.net","message":"successfully handled skipped operation."},{"id":"f9a4b060-f952-4779-b006-e36f880b479e","email":"chloe.garcia@dropbox.net","message":"successfully handled skipped operation."},{"id":"1ecd5b34-d661-413a-9717-329676f1f90b","email":"chloe.garcia@dropbox.net","message":"successfully parsed message, but message temporarily enqueued while system restarts."},{"id":"e610a1a3-8d15-405a-97e4-76d31985c7ed","email":"michael.hall@dropbox.net","message":"successfully parsed message, but message temporarily enqueued while system restarts."},{"id":"a89ac71e-38d6-4d61-8294-48d1a29b67e1","email":"mason.robinson@amerisave.com","message":"failed to process due to network exception."},{"id":"f62ccc04-4c5f-4ea9-a2dd-89762cc39827","email":"ryan.king@dropbox.net","message":"successfully handled skipped operation."},{"id":"bad316f2-d51a-4f8f-b055-59f13c076806","email":"mason.robinson@amerisave.com","message":"failed to process due to datastore timeout of 30 seconds.  operation took 38 seconds."},{"id":"c34a6816-4a47-494d-b0cd-9398d37f024b","email":"matthew.walker@amerisave.com","message":"successfully handled skipped operation."},{"id":"0eb2d060-7109-4b1d-8a39-251115816e2b","email":"aiden.johnson@microsoft.com","message":"failed to process due to datastore timeout of 30 seconds.  operation took 56 seconds."},{"id":"a3b2109a-076c-4543-9be4-0b0b70aee820","email":"ethan.hernandez@microsoft.com","message":"successfully parsed message, but message temporarily enqueued while system restarts."},{"id":"f1a98c4d-fa7f-447a-9419-bf354426f886","email":"mia.perez@me.com","message":"successfully processed after 2867 milliseconds."},{"id":"dfcb93a4-d5e2-4d01-af2f-3b2c90631172","email":"andrew.miller@gmail.com","message":"successfully parsed message, but message temporarily enqueued while system restarts."},{"id":"d362bcf2-26e6-4f1f-8b48-84a53ee68b4d","email":"grace.moore@gmail.com","message":"failed to process due to datastore timeout of 30 seconds.  operation took 59 seconds."},{"id":"4b69e708-e6d9-48ed-ab85-03bea9953f56","email":"ella.anderson@dropbox.net","message":"failed to process due to datastore timeout of 30 seconds.  operation took 66 seconds."},{"id":"79566b86-9618-43fa-b30c-64f974b39bf2","email":"jack.thompson@me.com","message":"successfully handled skipped operation."},{"id":"bec3ba38-ba2c-4eea-a040-bf983febdc72","email":"isabella.jackson@amerisave.com","message":"failed to process due to datastore timeout of 30 seconds.  operation took 69 seconds."},{"id":"74e21204-79ab-45f2-9229-9bc75d3760b6","email":"taylor.adams@gmail.com","message":"failed to process due to datastore timeout of 30 seconds.  operation took 76 seconds."}],"id":"4070ac01-7e39-4e67-b274-06f4654fff07"}