{"logs":[{"id":"4ca20af0-5161-490a-b4f3-5b3dbcb4b563","email":"dylan.wilson@gmail.com","message":"successfully handled skipped operation."},{"id":"0c3d6b3e-5c31-49a0-b0b9-29a61f7c1503","email":"mia.perez@me.com","message":"successfully handled skipped operation."},{"id":"c9c7d323-c926-43b4-b277-d39b0adf34bb","email":"grace.moore@gmail.com","message":"successfully parsed message, but message temporarily enqueued while system restarts."},{"id":"9ae8014a-7c7d-4722-b3ae-ce18269e384e","email":"andrew.miller@gmail.com","message":"failed to process due to network exception."},{"id":"4beb9644-0497-44a3-93e3-6bb5971415ef","email":"chloe.garcia@dropbox.net","message":"failed to process due to datastore timeout of 30 seconds.  operation took 58 seconds."},{"id":"b740b0cf-e3f8-4fc2-a473-87bcd0ed6ee2","email":"matthew.walker@amerisave.com","message":"successfully handled skipped operation."},{"id":"1e76115c-f62a-4c23-8150-a9dfea877b46","email":"ava.davis@gmail.com","message":"failed to process due to network exception."},{"id":"d5c63f51-2853-4ec0-afb8-f4b3b8866fa2","email":"chloe.garcia@dropbox.net","message":"successfully handled skipped operation."},{"id":"ea72dc98-6e1e-4a35-858a-8d3af4db178f","email":"elizabeth.martinez@dropbox.net","message":"successfully parsed message, but message temporarily enqueued while system restarts."},{"id":"5ca97d00-8c03-4166-8003-851a392615ab","email":"andrew.miller@gmail.com","message":"failed to process due to network exception."},{"id":"5ccf6d1a-569b-4942-9aed-d8ce06d3d6a0","email":"madison.lewis@gmail.com","message":"failed to process due to datastore timeout of 30 seconds.  operation took 55 seconds."},{"id":"317c8b71-5ef6-4220-9658-cb586d45e33e","email":"liam.gonzalez@me.com","message":"successfully processed after 682 milliseconds."},{"id":"7b024171-b044-447f-88a3-07a8a025906f","email":"isabella.jackson@amerisave.com","message":"failed to process due to network exception."},{"id":"1a0c4de1-d6d3-4ca5-9fd2-55c4025452c3","email":"ryan.king@dropbox.net","message":"successfully handled skipped operation."},{"id":"9b1af86d-3815-4444-96c5-31d9e741fbce","email":"elizabeth.martinez@dropbox.net","message":"successfully processed after 4610 milliseconds."},{"id":"0631d30f-7447-4ce4-83dc-70b61b4f8303","email":"andrew.miller@gmail.com","message":"successfully parsed message, but message temporarily enqueued while system restarts."},{"id":"a620093a-191e-4656-b638-5d4d8fb31917","email":"matthew.walker@amerisave.com","message":"successfully handled skipped operation."},{"id":"03f551ae-e93f-42b3-a229-ed8553354d87","email":"daniel.rodriguez@amerisave.com","message":"successfully handled skipped operation."},{"id":"845aae54-f2d4-455f-812e-a4b59ee9a649","email":"tyler.nelson@microsoft.com","message":"successfully processed after 7488 milliseconds."},{"id":"dbfea590-b1cb-462d-9d1e-6cc38dcdb1a7","email":"chloe.garcia@dropbox.net","message":"successfully handled skipped operation."},{"id":"08535a4e-c36b-43d1-a8d9-038a0ce1a567","email":"michael.hall@dropbox.net","message":"failed to process due to datastore timeout of 30 seconds.  operation took 70 seconds."},{"id":"563cfa0c-b971-44db-8a81-b369dc57333a","email":"dylan.wilson@gmail.com","message":"successfully processed after 6555 milliseconds."},{"id":"a5a27ace-744b-469e-bed3-24a1af6dd467","email":"chloe.garcia@dropbox.net","message":"failed to process due to network exception."},{"id":"d9dc2065-d438-4541-b48c-2c3c9c88e3ea","email":"olivia.wright@gmail.com","message":"failed to process due to datastore timeout of 30 seconds.  operation took 68 seconds."},{"id":"4189de5f-16a9-498e-a778-e98c46578a5b","email":"sarah.green@amerisave.com","message":"successfully processed after 4292 milliseconds."},{"id":"02a4faf2-17e2-4349-92f1-ec4f194b1e28","email":"ryan.king@dropbox.net","message":"failed to process due to datastore timeout of 30 seconds.  operation took 35 seconds."},{"id":"a958cb8a-99c4-4811-87df-a65c03c051e2","email":"emma.thomas@me.com","message":"successfully parsed message, but message temporarily enqueued while system restarts."},{"id":"937010d5-15b5-43d7-a96a-2d11b2467cd0","email":"ella.anderson@dropbox.net","message":"successfully handled skipped operation."},{"id":"3d4b14d7-e128-40ef-80b0-80db2939a750","email":"emily.taylor@gmail.com","message":"successfully parsed message, but message temporarily enqueued while system restarts."},{"id":"c816ad20-d48b-4bea-9d60-8ff276a9f0ec","email":"nathan.young@microsoft.com","message":"failed to process due to network exception."},{"id":"8fafd000-2fa6-4954-8918-b5aef3a88d34","email":"ryan.king@dropbox.net","message":"failed to process due to datastore timeout of 30 seconds.  operation took 85 seconds."},{"id":"f7e050e4-b6eb-4b94-9900-0271146e07bb","email":"liam.gonzalez@me.com","message":"failed to process due to datastore timeout of 30 seconds.  operation took 41 seconds."},{"id":"52ab04ef-d9fb-4649-85d5-2024e391b52a","email":"alyssa.jones@amerisave.com","message":"failed to process due to datastore timeout of 30 seconds.  operation took 109 seconds."},{"id":"ad2eb528-1d85-4ff6-999a-11bad3ae38cd","email":"elizabeth.martinez@dropbox.net","message":"failed to process due to datastore timeout of 30 seconds.  operation took 35 seconds."},{"id":"6dd67508-7f66-4eca-8b36-6a5471fb95d4","email":"ethan.hernandez@microsoft.com","message":"failed to process due to network exception."},{"id":"2613259d-76c3-4a3b-b523-06cdc1b46fc2","email":"ella.anderson@dropbox.net","message":"successfully handled skipped operation."},{"id":"b0eab3d2-817f-4e6f-823c-b2bfd38e02ce","email":"tyler.nelson@microsoft.com","message":"failed to process due to network exception."},{"id":"0cf5a57a-5aae-48bb-a6ac-be59ab193cea","email":"isabella.jackson@amerisave.com","message":"successfully handled skipped operation."},{"id":"95c07845-5409-480b-9f02-b7cbf489be2d","email":"ethan.hernandez@microsoft.com","message":"successfully processed after 9647 milliseconds."},{"id":"5de1ebfc-bc27-4167-ba49-ae7e954cab8c","email":"taylor.adams@gmail.com","message":"successfully handled skipped operation."},{"id":"7c6632f5-8e17-4160-a373-f7b53c73bc08","email":"olivia.wright@gmail.com","message":"successfully handled skipped operation."},{"id":"67bc7f18-b424-44b4-bcb3-3e5332cde29b","email":"jackson.white@gmail.com","message":"successfully processed after 2159 milliseconds."},{"id":"a316d5a0-582a-411b-ad24-d4e40d9cbf2e","email":"madison.lewis@gmail.com","message":"successfully handled skipped operation."},{"id":"0dfdbf3a-e9c1-4da4-9f2f-a64a7a013f4c","email":"logan.clark@dropbox.net","message":"successfully parsed message, but message temporarily enqueued while system restarts."},{"id":"1b344e07-d46a-4457-b194-81c7b007e7f2","email":"michael.hall@dropbox.net","message":"failed to process due to network exception."},{"id":"57c33bff-1837-4d9f-92dc-78d8427d816b","email":"andrew.miller@gmail.com","message":"successfully parsed message, but message temporarily enqueued while system restarts."},{"id":"f554a780-1d59-4048-8354-8fd36a5c49bc","email":"ryan.king@dropbox.net","message":"successfully parsed message, but message temporarily enqueued while system restarts."},{"id":"84ad949d-9c9f-408f-b301-b67669048d67","email":"joshua.lee@gmail.com","message":"successfully handled skipped operation."},{"id":"c221d77b-5f37-46fd-a5e3-4778b94d662f","email":"sophia.baker@dropbox.net","message":"failed to process due to network exception."},{"id":"0fa51fc6-50ae-4340-97be-ead6bd9d12a2","email":"elizabeth.martinez@dropbox.net","message":"failed to process due to datastore timeout of 30 seconds.  operation took 42 seconds."},{"id":"0d1e20ce-76cd-4b96-ac91-62b6c8b22581","email":"samantha.scott@me.com","message":"successfully processed after 1570 milliseconds."},{"id":"9920766c-734e-458e-bf58-049c18b1ac8d","email":"hannah.martin@dropbox.net","message":"failed to process due to datastore timeout of 30 seconds.  operation took 31 seconds."},{"id":"759a383d-2363-425b-9876-642f1dab6760","email":"lily.harris@gmail.com","message":"successfully handled skipped operation."},{"id":"560ebc80-d55f-44a8-8e11-7d9e6dcaad03","email":"noah.sanchez@me.com","message":"failed to process due to datastore timeout of 30 seconds.  operation took 88 seconds."},{"id":"ce1df217-039c-4261-9a2d-122a595ea759","email":"noah.sanchez@me.com","message":"failed to process due to datastore timeout of 30 seconds.  operation took 119 seconds."},{"id":"8e7913e2-5bef-4d4b-a8f2-8ef285180f60","email":"michael.hall@dropbox.net","message":"successfully handled skipped operation."},{"id":"9dce3e50-e023-45b2-97f2-e8565857270b","email":"jackson.white@gmail.com","message":"failed to process due to datastore timeout of 30 seconds.  operation took 86 seconds."},{"id":"863a3b11-318e-40ec-ba82-eee60e7d0a2e","email":"jacob.lopez@dropbox.net","message":"successfully processed after 3176 milliseconds."},{"id":"599d3c3e-a31f-4bbb-b22e-46552f21c6f8","email":"michael.hall@dropbox.net","message":"successfully processed after 3981 milliseconds."},{"id":"aa65dcca-e0d2-405c-8c89-fb0b6a45d48b","email":"dylan.wilson@gmail.com","message":"successfully parsed message, but message temporarily enqueued while system restarts."},{"id":"bcd25be4-4151-4248-b649-c8fd2acf304c","email":"alexander.williams@gmail.com","message":"successfully parsed message, but message temporarily enqueued while system restarts."},{"id":"94ebac8a-4ce8-4eaa-bf80-610356076e4d","email":"joshua.lee@gmail.com","message":"successfully processed after 9871 milliseconds."},{"id":"4b84b691-7e11-4e28-86e3-374a032ffc87","email":"emma.thomas@me.com","message":"failed to process due to network exception."},{"id":"2016ea2a-5424-449c-8486-fe435ec7ce21","email":"hannah.martin@dropbox.net","message":"successfully parsed message, but message temporarily enqueued while system restarts."},{"id":"b59c0e00-f0e9-4776-956a-72457f5fce6c","email":"nicholas.allen@microsoft.com","message":"successfully handled skipped operation."},{"id":"57a2a30f-271c-41b2-9b39-fc92541efcab","email":"ella.anderson@dropbox.net","message":"failed to process due to network exception."},{"id":"779ed66c-08b4-477f-8cdc-2b52a0d80a68","email":"alexis.brown@microsoft.com","message":"successfully parsed message, but message temporarily enqueued while system restarts."},{"id":"83918e6a-5b16-4622-b5d9-0b411210b78e","email":"lily.harris@gmail.com","message":"failed to process due to network exception."},{"id":"66535c9e-6db0-4010-ac25-9ec2651d9444","email":"jacob.lopez@dropbox.net","message":"successfully processed after 8395 milliseconds."},{"id":"c0c74a2a-22d9-4936-b141-bb18abbb07e3","email":"sarah.green@amerisave.com","message":"failed to process due to network exception."},{"id":"a06bddaf-2ffa-4e66-b0f2-b17eebe974b4","email":"lily.harris@gmail.com","message":"successfully parsed message, but message temporarily enqueued while system restarts."},{"id":"90e4217f-1ef9-4fe2-ae60-0e58e8d0f095","email":"ella.anderson@dropbox.net","message":"successfully parsed message, but message temporarily enqueued while system restarts."},{"id":"f11e91f8-08e9-479e-8284-c4199517f54a","email":"chloe.garcia@dropbox.net","message":"successfully processed after 7049 milliseconds."},{"id":"531598ec-7445-46dc-b925-a22398018ace","email":"noah.sanchez@me.com","message":"successfully processed after 7502 milliseconds."},{"id":"ab40af36-d839-41b7-91b5-818fdcf66fa8","email":"sarah.green@amerisave.com","message":"successfully parsed message, but message temporarily enqueued while system restarts."},{"id":"68ea5801-eae7-417e-802e-0f31ea8ded6a","email":"matthew.walker@amerisave.com","message":"successfully handled skipped operation."},{"id":"db2e7e31-c13f-483a-8cce-da6355ebc3c5","email":"alyssa.jones@amerisave.com","message":"successfully processed after 1858 milliseconds."},{"id":"dc4a88aa-911a-4202-8514-85044ef1876f","email":"alexis.brown@microsoft.com","message":"successfully processed after 8569 milliseconds."},{"id":"e240c491-a4ac-49b4-bad3-9c8f322cb063","email":"ryan.king@dropbox.net","message":"successfully handled skipped operation."},{"id":"5a7288cb-b6ab-4a5f-807d-437d67db0b86","email":"emily.taylor@gmail.com","message":"successfully handled skipped operation."},{"id":"9037fa80-39ab-410a-9c68-abc7034f16ab","email":"ava.davis@gmail.com","message":"successfully processed after 6206 milliseconds."},{"id":"dddd475c-b51d-4843-a61d-c177654b6863","email":"tyler.nelson@microsoft.com","message":"successfully handled skipped operation."}],"id":"f8f170f7-2177-4c69-ad33-a5866ae427d6"}