{"logs":[{"id":"9b23cf50-4f21-4f65-9c9f-6bd99d66f0e5","email":"tyler.nelson@microsoft.com","message":"failed to process due to datastore timeout of 30 seconds.  operation took 33 seconds."},{"id":"c425ee02-86dc-420c-a489-eeb2df56afa4","email":"logan.clark@dropbox.net","message":"failed to process due to network exception."},{"id":"24f9b5ad-e37e-4000-9109-0af429a0da77","email":"sarah.green@amerisave.com","message":"successfully parsed message, but message temporarily enqueued while system restarts."},{"id":"0541ef4f-f306-4914-87e7-74ef43aefae6","email":"matthew.walker@amerisave.com","message":"failed to process due to datastore timeout of 30 seconds.  operation took 120 seconds."},{"id":"163edf3e-e166-4b0b-8026-584337e49644","email":"daniel.rodriguez@amerisave.com","message":"successfully parsed message, but message temporarily enqueued while system restarts."},{"id":"c05947ea-168f-46ee-932a-67d16df9d012","email":"ethan.hernandez@microsoft.com","message":"failed to process due to network exception."},{"id":"d182d27b-8ee4-454f-a1ab-136d3844b220","email":"mia.perez@me.com","message":"failed to process due to network exception."},{"id":"2d39a5f2-960e-417c-84ca-87e3a79e6080","email":"joshua.lee@gmail.com","message":"successfully parsed message, but message temporarily enqueued while system restarts."},{"id":"8aa2095e-f70e-41b5-814a-1dd37ab8fea8","email":"olivia.wright@gmail.com","message":"failed to process due to network exception."},{"id":"73b04f00-7627-4586-a04b-c405c03301d8","email":"olivia.wright@gmail.com","message":"failed to process due to network exception."},{"id":"e74bb324-983c-4cd6-bbef-1a20963a89e1","email":"alyssa.jones@amerisave.com","message":"successfully parsed message, but message temporarily enqueued while system restarts."},{"id":"4097e8f6-9599-4994-8e14-3a71319acbb1","email":"sarah.green@amerisave.com","message":"successfully processed after 6845 milliseconds."},{"id":"b0c03bf3-a242-4ee7-9fb1-855d65037354","email":"nathan.young@microsoft.com","message":"failed to process due to network exception."},{"id":"fbcac33b-8192-455f-ba5c-732832798aa2","email":"ava.davis@gmail.com","message":"failed to process due to datastore timeout of 30 seconds.  operation took 102 seconds."},{"id":"4e87d9da-3292-482f-a9eb-76abb513c065","email":"ethan.hernandez@microsoft.com","message":"failed to process due to datastore timeout of 30 seconds.  operation took 49 seconds."},{"id":"1f8d357c-261e-40cf-85c6-ff12afc9df67","email":"hannah.martin@dropbox.net","message":"failed to process due to datastore timeout of 30 seconds.  operation took 33 seconds."},{"id":"ec178350-6a05-4897-aa4f-64f6103b2538","email":"mia.perez@me.com","message":"successfully processed after 5154 milliseconds."},{"id":"c0125a46-fab9-4ae2-baac-3f86c8e04854","email":"dylan.wilson@gmail.com","message":"successfully handled skipped operation."},{"id":"e2c90ed6-ad00-41b7-a7a0-154be26fdc66","email":"dylan.wilson@gmail.com","message":"successfully processed after 9599 milliseconds."},{"id":"038527be-a1aa-4b2b-bf3e-07c213f92695","email":"sarah.green@amerisave.com","message":"successfully handled skipped operation."},{"id":"d402286d-f3ea-495c-b146-14cac526304c","email":"nicholas.allen@microsoft.com","message":"successfully handled skipped operation."},{"id":"1b480c31-0603-4427-9cbe-c42fb7d567a9","email":"chloe.garcia@dropbox.net","message":"failed to process due to datastore timeout of 30 seconds.  operation took 108 seconds."},{"id":"3d503057-64b6-441c-adc5-8a50ad086707","email":"ethan.hernandez@microsoft.com","message":"failed to process due to network exception."},{"id":"127fd56b-0475-46ac-a1cf-875be58f8af2","email":"ella.anderson@dropbox.net","message":"failed to process due to datastore timeout of 30 seconds.  operation took 86 seconds."},{"id":"59f14ea4-45eb-417f-877b-8430e65be2b7","email":"ava.davis@gmail.com","message":"failed to process due to network exception."},{"id":"b1d7289b-0cad-42cd-be09-08b5d80b15ac","email":"alyssa.jones@amerisave.com","message":"successfully processed after 6640 milliseconds."},{"id":"fbeffd93-9d04-4062-bd74-6890de650015","email":"noah.sanchez@me.com","message":"successfully processed after 8921 milliseconds."},{"id":"809f481a-e1e7-4691-831d-3c1039a7fd24","email":"alexander.williams@gmail.com","message":"failed to process due to datastore timeout of 30 seconds.  operation took 56 seconds."},{"id":"fb0f2879-be42-4c93-8148-2f5e711ce8c8","email":"tyler.nelson@microsoft.com","message":"successfully parsed message, but message temporarily enqueued while system restarts."},{"id":"6a6f66ff-a0b1-4689-ada3-c4f1896141ba","email":"alexis.brown@microsoft.com","message":"successfully handled skipped operation."},{"id":"1fb6621c-9846-4704-992a-efcc30e63f09","email":"ella.anderson@dropbox.net","message":"successfully processed after 3618 milliseconds."},{"id":"ffcfd55e-a672-4cb2-834d-d69d451e2496","email":"madison.lewis@gmail.com","message":"failed to process due to datastore timeout of 30 seconds.  operation took 119 seconds."},{"id":"861a3fc9-18c7-49e3-8c1a-d67ad6de440b","email":"matthew.walker@amerisave.com","message":"successfully parsed message, but message temporarily enqueued while system restarts."},{"id":"5c895b4d-5741-4e70-b96b-d1da3ad549b4","email":"michael.hall@dropbox.net","message":"failed to process due to network exception."},{"id":"e1769163-f8ee-4142-93ad-aa6c99f8336e","email":"jack.thompson@me.com","message":"failed to process due to datastore timeout of 30 seconds.  operation took 51 seconds."},{"id":"9290e6a2-b560-4fed-b822-9f8022ee197a","email":"elizabeth.martinez@dropbox.net","message":"failed to process due to datastore timeout of 30 seconds.  operation took 67 seconds."},{"id":"5740e8ae-69b4-4483-a998-adeb7127f8e1","email":"lily.harris@gmail.com","message":"successfully parsed message, but message temporarily enqueued while system restarts."},{"id":"5fe840b3-8f0c-4b7e-b2a3-5e93e4a232f7","email":"liam.gonzalez@me.com","message":"successfully parsed message, but message temporarily enqueued while system restarts."},{"id":"c785b048-7344-4f9a-871e-2f21ef39b154","email":"mia.perez@me.com","message":"failed to process due to network exception."},{"id":"d3519e33-f96d-45b6-bf06-a065e03652fb","email":"isabella.jackson@amerisave.com","message":"failed to process due to datastore timeout of 30 seconds.  operation took 53 seconds."},{"id":"c6f5f265-1826-4cc2-87fe-ea700c9be009","email":"ava.davis@gmail.com","message":"failed to process due to datastore timeout of 30 seconds.  operation took 40 seconds."},{"id":"490177d6-bc94-41ad-b66b-5dd45eea8f62","email":"nicholas.allen@microsoft.com","message":"failed to process due to datastore timeout of 30 seconds.  operation took 113 seconds."},{"id":"b26abe35-c6e8-48b7-98a7-3c0394767170","email":"emily.taylor@gmail.com","message":"successfully processed after 5306 milliseconds."},{"id":"fcf5caf9-f26c-4130-bfcb-46e063f77142","email":"ella.anderson@dropbox.net","message":"successfully parsed message, but message temporarily enqueued while system restarts."},{"id":"ca35fe62-486e-4cce-9b70-955b0c291c25","email":"samantha.scott@me.com","message":"successfully parsed message, but message temporarily enqueued while system restarts."},{"id":"c83b8e01-f013-4eed-9cc0-fb1e4c05427f","email":"sarah.green@amerisave.com","message":"successfully processed after 1239 milliseconds."},{"id":"5cce097c-0219-4087-95cf-7d93e7877e59","email":"samantha.scott@me.com","message":"successfully parsed message, but message temporarily enqueued while system restarts."},{"id":"fedee6df-0901-4276-b4f7-02169ada7057","email":"madison.lewis@gmail.com","message":"successfully parsed message, but message temporarily enqueued while system restarts."},{"id":"12f3ba56-1bea-467e-b50c-bb106eee1b91","email":"jack.thompson@me.com","message":"failed to process due to network exception."},{"id":"a012ec6c-32de-4de8-b102-8297ad401f5b","email":"ella.anderson@dropbox.net","message":"successfully processed after 8128 milliseconds."},{"id":"37f07c4e-73ee-4799-9b3d-4b1c71bf20b3","email":"alyssa.jones@amerisave.com","message":"successfully processed after 8071 milliseconds."},{"id":"c0e041d7-0d53-4db1-84d3-d7efe2634f51","email":"nathan.young@microsoft.com","message":"successfully parsed message, but message temporarily enqueued while system restarts."},{"id":"40b58c51-cf2b-4e2d-8061-d7faad1b6cb9","email":"hannah.martin@dropbox.net","message":"successfully parsed message, but message temporarily enqueued while system restarts."},{"id":"8b89ee22-ac81-4518-82dd-019c7288b892","email":"olivia.wright@gmail.com","message":"failed to process due to datastore timeout of 30 seconds.  operation took 42 seconds."},{"id":"8f32531d-fd62-4633-94c7-faaf8b7408c7","email":"liam.gonzalez@me.com","message":"successfully handled skipped operation."},{"id":"c5c76e3a-0c69-49fb-a8fd-55340eab8ecb","email":"alyssa.jones@amerisave.com","message":"successfully handled skipped operation."},{"id":"9efad792-05dc-4e4b-bbb8-6193a6c11a1b","email":"hannah.martin@dropbox.net","message":"successfully handled skipped operation."},{"id":"07a12c76-554c-46f8-91c6-910631ab1018","email":"daniel.rodriguez@amerisave.com","message":"failed to process due to network exception."},{"id":"54e5d87a-ea73-4940-a98b-b0c4ae5607da","email":"sophia.baker@dropbox.net","message":"successfully processed after 4526 milliseconds."},{"id":"b1c2c508-70cf-4290-b5a0-572e0cc2b104","email":"lily.harris@gmail.com","message":"failed to process due to network exception."},{"id":"e36da22f-2a0f-4d5a-ae65-f5dd589cd8fb","email":"mason.robinson@amerisave.com","message":"successfully parsed message, but message temporarily enqueued while system restarts."},{"id":"a9fec40c-80f4-4b56-b398-f4dece23b1fb","email":"dylan.wilson@gmail.com","message":"successfully processed after 7199 milliseconds."},{"id":"ffc13b02-6de2-4af8-bf85-4f3bde0922a6","email":"jackson.white@gmail.com","message":"failed to process due to datastore timeout of 30 seconds.  operation took 91 seconds."},{"id":"6c5313c0-d425-46cf-a1c1-156c26fff159","email":"mason.robinson@amerisave.com","message":"failed to process due to datastore timeout of 30 seconds.  operation took 111 seconds."},{"id":"dd73836f-6faf-4b09-9267-5347371cb560","email":"ryan.king@dropbox.net","message":"successfully parsed message, but message temporarily enqueued while system restarts."},{"id":"845e43bd-2c62-4bbf-bc59-f1c5c514b4e6","email":"emily.taylor@gmail.com","message":"failed to process due to network exception."},{"id":"f685fda8-37b3-4bf4-8001-b3fc0e9c8d45","email":"taylor.adams@gmail.com","message":"successfully parsed message, but message temporarily enqueued while system restarts."},{"id":"f33c8e65-82e0-479d-ae66-925b065aed35","email":"madison.lewis@gmail.com","message":"failed to process due to datastore timeout of 30 seconds.  operation took 103 seconds."},{"id":"6934206d-c457-49fc-93fa-84a7b7ebd185","email":"ethan.hernandez@microsoft.com","message":"failed to process due to datastore timeout of 30 seconds.  operation took 49 seconds."},{"id":"92ff4d4c-7d85-4b0b-8a82-256cb603feee","email":"olivia.wright@gmail.com","message":"successfully parsed message, but message temporarily enqueued while system restarts."},{"id":"27bd8425-2c48-4a56-bee5-89de68958b3c","email":"abigail.smith@amerisave.com","message":"failed to process due to datastore timeout of 30 seconds.  operation took 107 seconds."},{"id":"6463d014-e6fd-469e-b62e-dcf4fbb8658e","email":"lily.harris@gmail.com","message":"successfully handled skipped operation."},{"id":"89decb60-6b08-4151-9f7f-57f38313fb17","email":"nicholas.allen@microsoft.com","message":"successfully handled skipped operation."},{"id":"b0b593b5-5cdb-4e7b-9ca1-815114cfe1cc","email":"logan.clark@dropbox.net","message":"failed to process due to network exception."},{"id":"2e898788-8a6e-4640-9a61-a376b17de13c","email":"michael.hall@dropbox.net","message":"failed to process due to network exception."},{"id":"8e0ed90e-2ba0-49f6-8571-c7ccef3044f9","email":"tyler.nelson@microsoft.com","message":"successfully parsed message, but message temporarily enqueued while system restarts."},{"id":"bd214389-8a79-4de9-a637-17772499eb6e","email":"chloe.garcia@dropbox.net","message":"failed to process due to datastore timeout of 30 seconds.  operation took 74 seconds."},{"id":"58e12031-4ef7-4dd4-ab49-14dd9847df07","email":"joshua.lee@gmail.com","message":"successfully parsed message, but message temporarily enqueued while system restarts."},{"id":"a6570d7e-6b86-406a-8a5e-442d7da9a6a2","email":"abigail.smith@amerisave.com","message":"successfully parsed message, but message temporarily enqueued while system restarts."},{"id":"45b7ce23-38de-4aaf-89ac-ade9db22d943","email":"sophia.baker@dropbox.net","message":"failed to process due to network exception."},{"id":"d9bd8516-6947-4073-b157-790085f98a5a","email":"sarah.green@amerisave.com","message":"successfully handled skipped operation."},{"id":"e7d76471-6288-45f6-8461-b080ef514fae","email":"nathan.young@microsoft.com","message":"successfully handled skipped operation."},{"id":"f413f4d5-42e2-44ca-ad5b-a65e8e7f0a86","email":"isabella.jackson@amerisave.com","message":"failed to process due to network exception."},{"id":"66d43301-dc1d-4a7d-b04c-b1f74628c83d","email":"ava.davis@gmail.com","message":"failed to process due to network exception."},{"id":"e026c366-a317-414a-bd5c-f2be5eaf2955","email":"elizabeth.martinez@dropbox.net","message":"successfully processed after 6820 milliseconds."},{"id":"162e0d79-e209-40be-8498-320c43acf7aa","email":"emma.thomas@me.com","message":"successfully parsed message, but message temporarily enqueued while system restarts."},{"id":"8518ad8b-ed01-4271-b23b-46161e62c024","email":"hannah.martin@dropbox.net","message":"successfully parsed message, but message temporarily enqueued while system restarts."},{"id":"510cea56-bef9-4a4b-83a5-3e22c8ba4501","email":"ethan.hernandez@microsoft.com","message":"failed to process due to datastore timeout of 30 seconds.  operation took 66 seconds."},{"id":"e108ce38-4d18-46f5-ad88-916051b3bfcc","email":"abigail.smith@amerisave.com","message":"failed to process due to datastore timeout of 30 seconds.  operation took 81 seconds."},{"id":"8a10c264-f624-47f4-801c-b6e1af48b75e","email":"jacob.lopez@dropbox.net","message":"successfully parsed message, but message temporarily enqueued while system restarts."},{"id":"c16a2252-4d6d-4f19-a86b-a0316634ca00","email":"samantha.scott@me.com","message":"failed to process due to network exception."},{"id":"b31969ba-64d0-431e-8b49-5d0fd8e8d8ee","email":"sarah.green@amerisave.com","message":"successfully parsed message, but message temporarily enqueued while system restarts."},{"id":"7c8040ca-ee39-477b-9ec4-243450036ad3","email":"emily.taylor@gmail.com","message":"failed to process due to datastore timeout of 30 seconds.  operation took 36 seconds."},{"id":"f759521f-07a1-4fab-a092-b32b0e92247a","email":"alyssa.jones@amerisave.com","message":"failed to process due to datastore timeout of 30 seconds.  operation took 79 seconds."},{"id":"a4165eef-0b69-4990-97e6-fcb3c7b2c374","email":"jacob.lopez@dropbox.net","message":"successfully processed after 1477 milliseconds."},{"id":"deb26642-e824-451c-8366-e6107a48549a","email":"andrew.miller@gmail.com","message":"successfully handled skipped operation."},{"id":"8c3d3cf0-e52d-4bd5-a349-b6ccc2e9aa45","email":"ella.anderson@dropbox.net","message":"failed to process due to network exception."},{"id":"893f8ec5-dc0a-4f49-8a3f-7eab27438a40","email":"lily.harris@gmail.com","message":"successfully processed after 6422 milliseconds."},{"id":"bbd54d37-52c6-4462-94ef-e832819a2476","email":"lily.harris@gmail.com","message":"successfully processed after 3773 milliseconds."},{"id":"ff83e276-8496-4bad-b548-a9ed4b5bd3a5","email":"emily.taylor@gmail.com","message":"successfully processed after 9576 milliseconds."},{"id":"59486b69-8905-4d1c-a533-d2fb7e93dfd5","email":"matthew.walker@amerisave.com","message":"failed to process due to datastore timeout of 30 seconds.  operation took 66 seconds."},{"id":"0afeea9e-807c-4c75-9718-e843954d8b1d","email":"joshua.lee@gmail.com","message":"failed to process due to datastore timeout of 30 seconds.  operation took 61 seconds."},{"id":"1bcf2581-fef2-4564-8188-99359e4691c5","email":"michael.hall@dropbox.net","message":"successfully processed after 7660 milliseconds."},{"id":"1579c67b-c7cb-4a2a-9b95-cb80c35a9b2e","email":"isabella.jackson@amerisave.com","message":"failed to process due to datastore timeout of 30 seconds.  operation took 69 seconds."},{"id":"74b1255a-81a0-4c22-9fd7-9ae6bb87162a","email":"andrew.miller@gmail.com","message":"failed to process due to datastore timeout of 30 seconds.  operation took 101 seconds."},{"id":"43845580-1056-4467-b00f-02e181c48e79","email":"samantha.scott@me.com","message":"failed to process due to datastore timeout of 30 seconds.  operation took 56 seconds."},{"id":"5df4cd64-7d54-4174-b3bc-45a77bf807b5","email":"tyler.nelson@microsoft.com","message":"failed to process due to network exception."},{"id":"7a9b908f-56e2-4aab-b2b1-7cc6942e96f6","email":"logan.clark@dropbox.net","message":"failed to process due to datastore timeout of 30 seconds.  operation took 39 seconds."},{"id":"6145fa03-9e0b-4b62-b73f-c4cc1e739712","email":"ella.anderson@dropbox.net","message":"failed to process due to datastore timeout of 30 seconds.  operation took 124 seconds."},{"id":"375d4a1c-bdba-4651-a296-3b378bf18620","email":"emma.thomas@me.com","message":"failed to process due to network exception."},{"id":"a04b9cd1-3301-4c84-97b9-8e449cdada9a","email":"emily.taylor@gmail.com","message":"failed to process due to network exception."},{"id":"2d96054c-0541-4490-a4a8-993cc385ea5b","email":"samantha.scott@me.com","message":"failed to process due to network exception."},{"id":"587ee864-cdcd-4f5b-82cf-f0674ee1ca0a","email":"alexander.williams@gmail.com","message":"successfully processed after 6041 milliseconds."},{"id":"3cd73536-1f1f-4b5c-87f2-7563c931326b","email":"alexander.williams@gmail.com","message":"successfully parsed message, but message temporarily enqueued while system restarts."},{"id":"65f40791-8b85-4582-ac2d-ab372bd10569","email":"tyler.nelson@microsoft.com","message":"successfully parsed message, but message temporarily enqueued while system restarts."},{"id":"8dd4cea0-ebe9-466c-a54a-c9dcda7047ea","email":"hannah.martin@dropbox.net","message":"failed to process due to datastore timeout of 30 seconds.  operation took 81 seconds."},{"id":"e94ba41c-99ab-48a7-84cc-f32fa90cd045","email":"emma.thomas@me.com","message":"successfully handled skipped operation."},{"id":"e2e837cc-9de4-48b5-8d70-8027a19143e7","email":"ryan.king@dropbox.net","message":"successfully handled skipped operation."},{"id":"a76736a3-afe7-43bd-8e00-c00d530189e9","email":"liam.gonzalez@me.com","message":"failed to process due to network exception."},{"id":"e4508094-9e7c-4307-a42e-4ffd645b359a","email":"grace.moore@gmail.com","message":"successfully processed after 9476 milliseconds."},{"id":"5e2c9f02-99b4-4a9e-a1be-a4759d7ee5af","email":"liam.gonzalez@me.com","message":"failed to process due to network exception."},{"id":"0fd3d6db-7da3-45ae-aaaf-0afee9ef2b10","email":"tyler.nelson@microsoft.com","message":"failed to process due to network exception."},{"id":"b851ce36-ad81-4e6f-ac30-2224bb8e941c","email":"elizabeth.martinez@dropbox.net","message":"successfully handled skipped operation."},{"id":"189a338f-b095-4594-9c1b-5feeb10409a6","email":"sophia.baker@dropbox.net","message":"failed to process due to datastore timeout of 30 seconds.  operation took 81 seconds."},{"id":"6b1be309-7550-40b4-abc7-b681291104e9","email":"hannah.martin@dropbox.net","message":"successfully processed after 8695 milliseconds."},{"id":"dbc3493b-a3be-417e-96a7-3a29daf08058","email":"ava.davis@gmail.com","message":"failed to process due to datastore timeout of 30 seconds.  operation took 113 seconds."},{"id":"9d3eb6eb-fe9e-45a1-9a6b-4363162bc7d5","email":"dylan.wilson@gmail.com","message":"failed to process due to datastore timeout of 30 seconds.  operation took 117 seconds."},{"id":"897b38cd-d85b-4993-a633-9ac2698f0500","email":"aiden.johnson@microsoft.com","message":"successfully processed after 100 milliseconds."},{"id":"7c5b0604-5742-4ab4-8cfd-e833c5496a9c","email":"chloe.garcia@dropbox.net","message":"failed to process due to network exception."},{"id":"66cfb3e8-67b2-4c4a-86b8-c0d00dcdcfc0","email":"joshua.lee@gmail.com","message":"successfully handled skipped operation."},{"id":"830c866a-b2c0-483f-914f-05ff4451e3f2","email":"abigail.smith@amerisave.com","message":"successfully parsed message, but message temporarily enqueued while system restarts."},{"id":"ebf164ee-24e1-48c6-94e5-fd44234a4b39","email":"taylor.adams@gmail.com","message":"failed to process due to network exception."},{"id":"e2c2f746-6199-4e6f-bdfd-0998b9fd2965","email":"nathan.young@microsoft.com","message":"failed to process due to network exception."},{"id":"5ac58934-5808-4da0-9423-58650d9b5959","email":"ethan.hernandez@microsoft.com","message":"failed to process due to datastore timeout of 30 seconds.  operation took 73 seconds."},{"id":"671daef7-ddb6-4ff9-a849-986e35209e31","email":"ethan.hernandez@microsoft.com","message":"successfully processed after 5239 milliseconds."},{"id":"01b6d3ac-3730-4023-a734-37bee637e331","email":"mason.robinson@amerisave.com","message":"failed to process due to network exception."},{"id":"4dbc1af6-dc31-464f-bd33-8bb123b49a69","email":"ella.anderson@dropbox.net","message":"successfully parsed message, but message temporarily enqueued while system restarts."},{"id":"b94ce50e-0a55-43e8-ad3f-ed73ddc51d07","email":"chloe.garcia@dropbox.net","message":"successfully processed after 7140 milliseconds."},{"id":"5214dfcd-4e39-402c-9a6e-d4dfd39674a3","email":"matthew.walker@amerisave.com","message":"failed to process due to datastore timeout of 30 seconds.  operation took 97 seconds."},{"id":"d6951799-b01a-4a2b-841e-3456507917fd","email":"nathan.young@microsoft.com","message":"successfully handled skipped operation."},{"id":"4bfde74b-c520-4426-ada3-36ac861437ea","email":"michael.hall@dropbox.net","message":"successfully processed after 6097 milliseconds."},{"id":"a4397678-4ca8-4846-b422-2e22a697b62e","email":"tyler.nelson@microsoft.com","message":"successfully handled skipped operation."},{"id":"7369512f-a191-4c78-a326-d490376887ac","email":"nicholas.allen@microsoft.com","message":"failed to process due to network exception."},{"id":"3159f666-989c-47d1-962c-48b76ab0cd18","email":"sarah.green@amerisave.com","message":"successfully parsed message, but message temporarily enqueued while system restarts."},{"id":"00d9e0a7-01ca-40a8-9c50-21009666b6e8","email":"alexis.brown@microsoft.com","message":"successfully handled skipped operation."},{"id":"611d089f-c3e1-49cb-aa68-8b69d93a8a72","email":"grace.moore@gmail.com","message":"successfully parsed message, but message temporarily enqueued while system restarts."},{"id":"62d84d2f-db93-4700-89a5-94dd1384c31f","email":"madison.lewis@gmail.com","message":"successfully parsed message, but message temporarily enqueued while system restarts."},{"id":"13481292-88fc-4fba-be41-a092cf6a4266","email":"jacob.lopez@dropbox.net","message":"successfully parsed message, but message temporarily enqueued while system restarts."},{"id":"e308561e-fa0b-4f89-a08b-94c5c083b1c9","email":"jacob.lopez@dropbox.net","message":"successfully handled skipped operation."},{"id":"98c86af3-b540-4427-8e5d-a6ecbd9d47ae","email":"emily.taylor@gmail.com","message":"successfully handled skipped operation."},{"id":"7c3543ae-a314-40e0-b758-7a7657d6be9e","email":"ella.anderson@dropbox.net","message":"successfully handled skipped operation."},{"id":"03616665-8703-4405-8e78-dcd984dec1db","email":"lily.harris@gmail.com","message":"successfully processed after 3684 milliseconds."},{"id":"509788bf-cbba-4bfc-93be-11ebf437734a","email":"joshua.lee@gmail.com","message":"failed to process due to datastore timeout of 30 seconds.  operation took 101 seconds."},{"id":"624d1056-36aa-4d97-817e-0a428853f8d0","email":"ethan.hernandez@microsoft.com","message":"failed to process due to datastore timeout of 30 seconds.  operation took 115 seconds."},{"id":"815a4b6d-70db-4501-ac29-96a8823ee695","email":"daniel.rodriguez@amerisave.com","message":"successfully parsed message, but message temporarily enqueued while system restarts."},{"id":"b0b93c8d-4d8a-4e58-a710-26cb1e2920c2","email":"madison.lewis@gmail.com","message":"failed to process due to network exception."},{"id":"61a7f02c-2908-488d-915b-c68779e00ad9","email":"alexander.williams@gmail.com","message":"successfully processed after 5790 milliseconds."},{"id":"b1957f0a-405d-4a6b-968b-22fc70d88612","email":"alexander.williams@gmail.com","message":"successfully parsed message, but message temporarily enqueued while system restarts."},{"id":"10839c2c-fce6-407e-b78c-c2cb8234b937","email":"noah.sanchez@me.com","message":"successfully parsed message, but message temporarily enqueued while system restarts."},{"id":"d7fa35d9-6f09-4d14-8d28-3c444475158d","email":"daniel.rodriguez@amerisave.com","message":"successfully handled skipped operation."},{"id":"39349335-990d-4674-8979-959b9583292b","email":"alyssa.jones@amerisave.com","message":"successfully handled skipped operation."},{"id":"a01cf016-2222-40b5-a898-3490b6753ea4","email":"alexis.brown@microsoft.com","message":"failed to process due to datastore timeout of 30 seconds.  operation took 71 seconds."},{"id":"84deada2-2c48-48f5-b207-ee1f789c5fe1","email":"samantha.scott@me.com","message":"failed to process due to network exception."},{"id":"7f88febf-9d1a-4274-8c93-c031143b9e20","email":"michael.hall@dropbox.net","message":"successfully parsed message, but message temporarily enqueued while system restarts."},{"id":"621ad658-91f5-46ca-96ac-47525f282f57","email":"andrew.miller@gmail.com","message":"successfully processed after 4435 milliseconds."},{"id":"ecd9f365-4c03-4e8e-8be5-52284f0386f0","email":"chloe.garcia@dropbox.net","message":"successfully parsed message, but message temporarily enqueued while system restarts."},{"id":"c0ce1cd4-ca57-4597-a57e-c850404fbb2f","email":"taylor.adams@gmail.com","message":"failed to process due to network exception."},{"id":"473d829e-c927-4c71-9aae-db010ec2789f","email":"ryan.king@dropbox.net","message":"failed to process due to network exception."},{"id":"d31ff00d-f598-4ed4-91e4-7232e81ace80","email":"emma.thomas@me.com","message":"successfully handled skipped operation."},{"id":"731e7251-591d-4ddf-99a0-5057d1b0646f","email":"noah.sanchez@me.com","message":"successfully processed after 8058 milliseconds."},{"id":"babbe03c-f017-465f-ac0c-c91c3b5eacfe","email":"logan.clark@dropbox.net","message":"successfully handled skipped operation."},{"id":"889acff1-6f8b-4e58-bf91-f24de89ab6b9","email":"michael.hall@dropbox.net","message":"successfully handled skipped operation."},{"id":"d6bc23b4-78bc-49fc-bbad-41549ba0d1d9","email":"emma.thomas@me.com","message":"successfully parsed message, but message temporarily enqueued while system restarts."},{"id":"588ba7d5-a531-4606-a1a3-70afb1beb503","email":"ryan.king@dropbox.net","message":"failed to process due to datastore timeout of 30 seconds.  operation took 78 seconds."},{"id":"dea08741-56dd-4b86-bf34-7352a54f8446","email":"dylan.wilson@gmail.com","message":"successfully parsed message, but message temporarily enqueued while system restarts."},{"id":"6c50759d-1e21-4528-99bd-a80c23820423","email":"andrew.miller@gmail.com","message":"successfully processed after 1767 milliseconds."},{"id":"148efc9e-57f8-40e4-bc0f-ea2282eb9d6e","email":"logan.clark@dropbox.net","message":"successfully handled skipped operation."},{"id":"c92cbd2e-7d6d-4722-83e6-99422e7cd16d","email":"liam.gonzalez@me.com","message":"failed to process due to datastore timeout of 30 seconds.  operation took 106 seconds."},{"id":"547b3a19-413e-4bc9-86e7-13a73d33d9fa","email":"aiden.johnson@microsoft.com","message":"failed to process due to datastore timeout of 30 seconds.  operation took 72 seconds."},{"id":"2797541c-aeb9-4482-970b-b9789c8e440b","email":"tyler.nelson@microsoft.com","message":"successfully processed after 2906 milliseconds."},{"id":"6172eba4-092d-4467-b015-e4131e55928c","email":"jack.thompson@me.com","message":"successfully parsed message, but message temporarily enqueued while system restarts."},{"id":"241bf312-ba64-4ac8-8b6a-091053818bc9","email":"elizabeth.martinez@dropbox.net","message":"successfully parsed message, but message temporarily enqueued while system restarts."},{"id":"f6ba5f73-fbe7-4fe2-b4e2-9a7f34c366eb","email":"jackson.white@gmail.com","message":"failed to process due to datastore timeout of 30 seconds.  operation took 125 seconds."},{"id":"3eaace89-6bc6-4723-9c6a-762a66eb3d79","email":"olivia.wright@gmail.com","message":"successfully handled skipped operation."},{"id":"9e01c058-5eb6-4b02-881a-d74d449a519d","email":"olivia.wright@gmail.com","message":"failed to process due to datastore timeout of 30 seconds.  operation took 120 seconds."},{"id":"2654722d-61c4-4a64-9bfd-90de456b1f1a","email":"liam.gonzalez@me.com","message":"successfully parsed message, but message temporarily enqueued while system restarts."},{"id":"fa4997ab-573e-4c9b-94b1-63297444ef57","email":"andrew.miller@gmail.com","message":"successfully handled skipped operation."},{"id":"e89f1446-d498-454e-a0b7-264a6c746322","email":"emily.taylor@gmail.com","message":"successfully parsed message, but message temporarily enqueued while system restarts."},{"id":"b7c04f5c-d51e-4730-881a-f21a585607ae","email":"tyler.nelson@microsoft.com","message":"successfully parsed message, but message temporarily enqueued while system restarts."},{"id":"9cf0a362-7813-4e17-a73c-78a9c05f3d18","email":"ella.anderson@dropbox.net","message":"successfully processed after 94 milliseconds."},{"id":"bef09d51-7fc0-4fb7-8501-35c99627b7bb","email":"jacob.lopez@dropbox.net","message":"successfully processed after 3136 milliseconds."},{"id":"7092e4a8-b962-4049-b7f4-aa76c4fe1ec2","email":"grace.moore@gmail.com","message":"failed to process due to network exception."},{"id":"66a8622b-62ce-4985-9e4a-2f673f3e8c3a","email":"tyler.nelson@microsoft.com","message":"successfully handled skipped operation."},{"id":"44b1b0cd-f68b-40c0-b7b3-4697a1c68e24","email":"alexis.brown@microsoft.com","message":"failed to process due to datastore timeout of 30 seconds.  operation took 84 seconds."},{"id":"9c79eeb1-9437-4c39-a6bf-ce2b02d3881b","email":"sarah.green@amerisave.com","message":"successfully processed after 1089 milliseconds."},{"id":"0964da05-e44c-4c5b-bd10-e9e93e4476d8","email":"alexander.williams@gmail.com","message":"failed to process due to network exception."},{"id":"2d9e7d54-d095-4df5-ba2f-f08d19676d7c","email":"abigail.smith@amerisave.com","message":"successfully processed after 2648 milliseconds."},{"id":"469456ce-e77e-4714-a576-8ef2ef505268","email":"jackson.white@gmail.com","message":"failed to process due to datastore timeout of 30 seconds.  operation took 121 seconds."},{"id":"f78aed77-f4d7-4805-a8aa-9696f4f5613e","email":"nicholas.allen@microsoft.com","message":"failed to process due to network exception."},{"id":"a8c537bd-15ed-4183-b7f3-8ac0941cdd8c","email":"elizabeth.martinez@dropbox.net","message":"successfully parsed message, but message temporarily enqueued while system restarts."},{"id":"4a6893b9-3ab0-4df3-afff-800a4b99dfe7","email":"isabella.jackson@amerisave.com","message":"successfully parsed message, but message temporarily enqueued while system restarts."},{"id":"4eda9893-86c3-4894-86ab-5c166ebb56ae","email":"matthew.walker@amerisave.com","message":"failed to process due to datastore timeout of 30 seconds.  operation took 57 seconds."},{"id":"a93a4638-cc08-48c9-8904-1546ceed6ad9","email":"tyler.nelson@microsoft.com","message":"successfully parsed message, but message temporarily enqueued while system restarts."},{"id":"29c74d1d-b249-4f7f-a921-b5f8db36a66e","email":"matthew.walker@amerisave.com","message":"successfully parsed message, but message temporarily enqueued while system restarts."},{"id":"6f4030d1-1e2e-4afe-b86b-933127c61446","email":"abigail.smith@amerisave.com","message":"successfully processed after 4012 milliseconds."},{"id":"d9440b12-bc14-4755-8018-8249b1781d5a","email":"abigail.smith@amerisave.com","message":"failed to process due to datastore timeout of 30 seconds.  operation took 89 seconds."},{"id":"08805b0f-4768-4bf2-963f-1b8409996f2c","email":"tyler.nelson@microsoft.com","message":"failed to process due to datastore timeout of 30 seconds.  operation took 85 seconds."},{"id":"46954d0d-f6c4-4842-91a0-ab050f00c889","email":"mia.perez@me.com","message":"failed to process due to network exception."},{"id":"a6b75a41-3d27-489d-a819-2242f7c243ff","email":"jack.thompson@me.com","message":"successfully parsed message, but message temporarily enqueued while system restarts."},{"id":"bbcb3502-0013-497e-b2e5-1cf28d2667f3","email":"sarah.green@amerisave.com","message":"successfully parsed message, but message temporarily enqueued while system restarts."},{"id":"e7cfbb18-253c-4018-9c97-27c6f69e0b7b","email":"olivia.wright@gmail.com","message":"failed to process due to datastore timeout of 30 seconds.  operation took 54 seconds."},{"id":"f85902eb-e160-4491-b1e8-513897884ee6","email":"andrew.miller@gmail.com","message":"failed to process due to network exception."},{"id":"ab9e49cc-4188-43c3-b0e9-2276c8786d24","email":"tyler.nelson@microsoft.com","message":"failed to process due to datastore timeout of 30 seconds.  operation took 114 seconds."},{"id":"db8e0e54-138a-4f60-863f-a2171096d88e","email":"emily.taylor@gmail.com","message":"failed to process due to network exception."},{"id":"1b066c39-f450-47a2-96fd-6009c6f7c4c5","email":"taylor.adams@gmail.com","message":"successfully parsed message, but message temporarily enqueued while system restarts."},{"id":"f3b20e62-8e55-4775-8a50-4136fa258b13","email":"matthew.walker@amerisave.com","message":"successfully processed after 1215 milliseconds."},{"id":"7fbcc207-172c-4588-8b39-5556f246b549","email":"lily.harris@gmail.com","message":"failed to process due to network exception."},{"id":"c66f1bdf-f628-4814-b9d7-b71a65579e35","email":"tyler.nelson@microsoft.com","message":"successfully handled skipped operation."},{"id":"be7f3f57-3069-4236-84bc-5b71d8868096","email":"chloe.garcia@dropbox.net","message":"failed to process due to network exception."},{"id":"23e49d13-288d-4bcc-9600-8488521defe6","email":"alexis.brown@microsoft.com","message":"successfully parsed message, but message temporarily enqueued while system restarts."},{"id":"12fce061-07e7-4489-9bfd-541772ba8c73","email":"michael.hall@dropbox.net","message":"successfully handled skipped operation."},{"id":"e88e1add-5e0b-4d9e-b345-10d4e53473ff","email":"daniel.rodriguez@amerisave.com","message":"failed to process due to network exception."},{"id":"853faef6-2ca7-4c4e-9184-7ff884732a7d","email":"taylor.adams@gmail.com","message":"failed to process due to datastore timeout of 30 seconds.  operation took 81 seconds."},{"id":"7f73cd09-116e-42f7-aad6-41d754a90194","email":"elizabeth.martinez@dropbox.net","message":"successfully parsed message, but message temporarily enqueued while system restarts."},{"id":"90728f3a-280b-4e25-ad10-2ec5c829be77","email":"madison.lewis@gmail.com","message":"failed to process due to datastore timeout of 30 seconds.  operation took 103 seconds."},{"id":"72d54375-6f09-4d91-adda-f7a451941ab1","email":"liam.gonzalez@me.com","message":"successfully handled skipped operation."},{"id":"30a0e35e-a8f0-4005-9198-bfe4a3bf66c6","email":"hannah.martin@dropbox.net","message":"failed to process due to network exception."},{"id":"60258a7a-775a-48ca-a5ea-aa76bc8bf412","email":"andrew.miller@gmail.com","message":"successfully processed after 9541 milliseconds."},{"id":"b1798774-f855-4886-a86d-31902af746c1","email":"sophia.baker@dropbox.net","message":"failed to process due to network exception."},{"id":"1f35814a-f18f-4322-b045-59cff59dace3","email":"mason.robinson@amerisave.com","message":"successfully parsed message, but message temporarily enqueued while system restarts."},{"id":"a30db03c-06b7-4888-8044-d07ccfd32053","email":"taylor.adams@gmail.com","message":"successfully processed after 183 milliseconds."},{"id":"56db5a4d-c6fd-43ff-b8c8-6e68d09bcb19","email":"michael.hall@dropbox.net","message":"successfully processed after 5826 milliseconds."},{"id":"40b6c677-b55f-42cd-8144-68d8066fa3b8","email":"abigail.smith@amerisave.com","message":"failed to process due to datastore timeout of 30 seconds.  operation took 89 seconds."},{"id":"e812c969-e3ac-479a-ad0e-e296c69ef272","email":"aiden.johnson@microsoft.com","message":"successfully handled skipped operation."},{"id":"a75045b9-1bac-462e-a1d2-da01f69d6ad4","email":"liam.gonzalez@me.com","message":"successfully handled skipped operation."},{"id":"e51e1066-bf64-4a7a-82dd-a8a38516ca38","email":"tyler.nelson@microsoft.com","message":"successfully handled skipped operation."},{"id":"69254511-10e1-4cc7-924c-17b9788fe056","email":"alexis.brown@microsoft.com","message":"failed to process due to datastore timeout of 30 seconds.  operation took 85 seconds."},{"id":"350356b7-cf2e-42d0-90c5-4a76e6216ac7","email":"sophia.baker@dropbox.net","message":"successfully parsed message, but message temporarily enqueued while system restarts."},{"id":"16703a0e-f5bd-4a25-8d56-b1f8b2518b46","email":"liam.gonzalez@me.com","message":"successfully processed after 9318 milliseconds."},{"id":"cee3ea03-43a1-4ca5-9704-6d4d31b37427","email":"andrew.miller@gmail.com","message":"successfully parsed message, but message temporarily enqueued while system restarts."},{"id":"15d69f2b-c82f-437e-bd88-ae19575df0ca","email":"samantha.scott@me.com","message":"successfully processed after 6861 milliseconds."},{"id":"81ef9edf-ba1a-4571-a109-4aed545694ac","email":"jack.thompson@me.com","message":"successfully handled skipped operation."}],"id":"7d41c813-bddd-40de-86d9-b0d20c090897"}