{"logs":[{"id":"1b17e34d-932c-4818-af48-f79d593c69fd","email":"ava.davis@gmail.com","message":"successfully parsed message, but message temporarily enqueued while system restarts."},{"id":"7bd6121b-562c-482f-afd8-a7e3f0643d7e","email":"chloe.garcia@dropbox.net","message":"failed to process due to datastore timeout of 30 seconds.  operation took 98 seconds."},{"id":"213a84fd-eb75-43ad-8b19-90b337dcc908","email":"michael.hall@dropbox.net","message":"failed to process due to datastore timeout of 30 seconds.  operation took 116 seconds."},{"id":"d4932689-3bc7-4ff7-ac03-aa777e17d6bc","email":"olivia.wright@gmail.com","message":"successfully processed after 9380 milliseconds."},{"id":"aab9eb83-b1e2-4c8c-8106-133aced603bb","email":"jacob.lopez@dropbox.net","message":"failed to process due to datastore timeout of 30 seconds.  operation took 48 seconds."},{"id":"d41857ba-4da2-4527-bba6-53461bde286b","email":"nicholas.allen@microsoft.com","message":"failed to process due to datastore timeout of 30 seconds.  operation took 121 seconds."},{"id":"5351a2d5-38a8-4caa-9aa0-28e6a92a6086","email":"emily.taylor@gmail.com","message":"failed to process due to datastore timeout of 30 seconds.  operation took 113 seconds."},{"id":"d3e86805-e651-433d-bb70-5693eb670b28","email":"sarah.green@amerisave.com","message":"successfully parsed message, but message temporarily enqueued while system restarts."},{"id":"bf39971c-38c5-4bee-a5f9-5c1a05ae0638","email":"logan.clark@dropbox.net","message":"successfully processed after 601 milliseconds."},{"id":"ccd7f0f4-e608-4927-b931-776dfa8841b8","email":"tyler.nelson@microsoft.com","message":"failed to process due to network exception."},{"id":"804ca605-68dc-4711-a549-9c84cbc78a0b","email":"ethan.hernandez@microsoft.com","message":"successfully processed after 6918 milliseconds."},{"id":"cec3569b-d735-4191-af30-6c7238c2fbcd","email":"jack.thompson@me.com","message":"failed to process due to network exception."},{"id":"23970be4-caaa-4f16-9747-5ec3b925f525","email":"michael.hall@dropbox.net","message":"successfully parsed message, but message temporarily enqueued while system restarts."},{"id":"31e251c1-0068-4b12-9298-f39df317781d","email":"jack.thompson@me.com","message":"successfully parsed message, but message temporarily enqueued while system restarts."},{"id":"1caae1cb-d6ef-4676-9902-96429ebf06c6","email":"alexander.williams@gmail.com","message":"successfully parsed message, but message temporarily enqueued while system restarts."},{"id":"03f0b438-fa7b-459c-864f-951ecaed7263","email":"matthew.walker@amerisave.com","message":"successfully parsed message, but message temporarily enqueued while system restarts."},{"id":"a60ef920-9c32-4fe2-9264-aa64a1a67722","email":"liam.gonzalez@me.com","message":"failed to process due to datastore timeout of 30 seconds.  operation took 128 seconds."},{"id":"9484326a-6956-4ff9-a91b-9cbc5ef7aaca","email":"jacob.lopez@dropbox.net","message":"successfully processed after 8616 milliseconds."},{"id":"c54bdf7d-3ddc-468c-9fd0-d2ae82469642","email":"nathan.young@microsoft.com","message":"failed to process due to datastore timeout of 30 seconds.  operation took 110 seconds."},{"id":"aa1a2074-be3c-4c5e-8da7-8ea6ddf2a577","email":"andrew.miller@gmail.com","message":"successfully processed after 8123 milliseconds."},{"id":"74b709d1-cbd2-41d8-a9a9-650dd1a03bd4","email":"taylor.adams@gmail.com","message":"failed to process due to network exception."},{"id":"7df60db9-a719-4992-9b10-da9d331d534b","email":"mia.perez@me.com","message":"failed to process due to datastore timeout of 30 seconds.  operation took 40 seconds."},{"id":"63827b29-b6d9-4681-8bed-dde94b83e8e3","email":"matthew.walker@amerisave.com","message":"successfully parsed message, but message temporarily enqueued while system restarts."},{"id":"42b7df59-32a2-435f-9fb7-9718770398d2","email":"abigail.smith@amerisave.com","message":"failed to process due to datastore timeout of 30 seconds.  operation took 35 seconds."},{"id":"25cbd2c5-31cf-48d5-b0a0-4879cad672d3","email":"michael.hall@dropbox.net","message":"failed to process due to network exception."},{"id":"b81db1ba-6218-4c1f-83be-17fbe01a038d","email":"michael.hall@dropbox.net","message":"failed to process due to network exception."},{"id":"07ed0c01-a020-406e-800f-68ccb7cbd15d","email":"liam.gonzalez@me.com","message":"successfully handled skipped operation."},{"id":"291358bb-7338-4a2c-a08e-a638674a74df","email":"alyssa.jones@amerisave.com","message":"successfully parsed message, but message temporarily enqueued while system restarts."},{"id":"a78fcc8e-9388-49d3-bb12-272e9b24b357","email":"sophia.baker@dropbox.net","message":"failed to process due to datastore timeout of 30 seconds.  operation took 51 seconds."},{"id":"5edfb120-05de-4b91-b37d-1099cadca40a","email":"abigail.smith@amerisave.com","message":"failed to process due to network exception."},{"id":"06e70898-9754-4dea-a9c3-6fc890679dc0","email":"mason.robinson@amerisave.com","message":"successfully handled skipped operation."},{"id":"56ab5aa4-18a1-4447-8dc7-93649396041a","email":"emily.taylor@gmail.com","message":"failed to process due to network exception."},{"id":"f33ab527-05a2-45f0-ba95-45171126190a","email":"liam.gonzalez@me.com","message":"failed to process due to network exception."},{"id":"61e4b858-4eef-4f05-9fc4-bd2351c3b0a1","email":"abigail.smith@amerisave.com","message":"successfully parsed message, but message temporarily enqueued while system restarts."},{"id":"c5d8b279-88a2-408d-b5f8-1c9638efb38b","email":"lily.harris@gmail.com","message":"failed to process due to network exception."},{"id":"ae3e6731-3c34-4b83-a252-7ea6e36c9adf","email":"lily.harris@gmail.com","message":"failed to process due to network exception."},{"id":"4022c958-a9cc-4d4f-bf22-43c130d82fbc","email":"joshua.lee@gmail.com","message":"successfully processed after 7040 milliseconds."},{"id":"af9b447f-fe59-4534-b6ec-9b4467c919e2","email":"jackson.white@gmail.com","message":"successfully parsed message, but message temporarily enqueued while system restarts."},{"id":"acfdf8d4-d2be-4427-95cb-007d8a802b9a","email":"daniel.rodriguez@amerisave.com","message":"successfully parsed message, but message temporarily enqueued while system restarts."},{"id":"d10e4f4e-bd77-484f-969a-5992a6d37e4a","email":"ethan.hernandez@microsoft.com","message":"successfully parsed message, but message temporarily enqueued while system restarts."},{"id":"9faee614-290a-4109-9472-07ac42f1c398","email":"aiden.johnson@microsoft.com","message":"failed to process due to datastore timeout of 30 seconds.  operation took 105 seconds."},{"id":"077935af-d676-4b88-a443-c5bc2de2ef66","email":"madison.lewis@gmail.com","message":"failed to process due to network exception."},{"id":"e3d2bc69-e93a-4173-ac13-cdb9988e39ea","email":"abigail.smith@amerisave.com","message":"successfully parsed message, but message temporarily enqueued while system restarts."},{"id":"c6b3b54e-19d8-4f9c-9089-2b1a6ef2e8bf","email":"jacob.lopez@dropbox.net","message":"failed to process due to datastore timeout of 30 seconds.  operation took 103 seconds."},{"id":"99a8b4f2-d238-47da-b38d-8c6b3037f311","email":"mia.perez@me.com","message":"successfully processed after 5379 milliseconds."},{"id":"5cebf0c5-53a1-453e-aaf9-bc0883e0db2d","email":"matthew.walker@amerisave.com","message":"successfully handled skipped operation."},{"id":"a597719f-d8f5-440d-a4eb-bb878094bd7b","email":"noah.sanchez@me.com","message":"successfully processed after 8192 milliseconds."},{"id":"6011e577-8cd3-4dab-9c73-4e93e40a6a8d","email":"isabella.jackson@amerisave.com","message":"successfully parsed message, but message temporarily enqueued while system restarts."},{"id":"4c65b0e9-2ceb-4094-9209-6b679ffea58f","email":"mia.perez@me.com","message":"failed to process due to datastore timeout of 30 seconds.  operation took 94 seconds."},{"id":"42b3a0cb-556b-4ae8-9254-30f01ee957b1","email":"madison.lewis@gmail.com","message":"failed to process due to network exception."},{"id":"de469378-1c58-4a43-b8bc-a023c36f1b7b","email":"ella.anderson@dropbox.net","message":"successfully parsed message, but message temporarily enqueued while system restarts."},{"id":"7c6669dc-648e-400b-8d98-e1ab2b031572","email":"nicholas.allen@microsoft.com","message":"successfully processed after 7981 milliseconds."},{"id":"75c51408-ae47-454d-9b93-f59552b18889","email":"abigail.smith@amerisave.com","message":"failed to process due to network exception."},{"id":"25ca6b7d-d4b0-4248-903a-29516b61ef7e","email":"emma.thomas@me.com","message":"successfully processed after 7196 milliseconds."},{"id":"acd574a8-defd-4404-b5db-89434a82b3e9","email":"sarah.green@amerisave.com","message":"failed to process due to datastore timeout of 30 seconds.  operation took 102 seconds."},{"id":"347425fe-20c1-4e3d-86f6-134ca6dbd8fe","email":"liam.gonzalez@me.com","message":"successfully processed after 5264 milliseconds."},{"id":"ddb866ed-49b1-4e63-ba97-1e8c4ec0f928","email":"madison.lewis@gmail.com","message":"successfully parsed message, but message temporarily enqueued while system restarts."},{"id":"70267715-6293-46be-9490-ec87d83e1270","email":"emma.thomas@me.com","message":"successfully handled skipped operation."},{"id":"2f1b7abe-1fa8-409e-8ed9-34d952c82a41","email":"joshua.lee@gmail.com","message":"successfully processed after 3305 milliseconds."},{"id":"cd63174d-ff14-4a07-b17a-e8457f3094de","email":"grace.moore@gmail.com","message":"successfully parsed message, but message temporarily enqueued while system restarts."},{"id":"ac8aac34-16a6-4952-90cf-bf69a7697782","email":"isabella.jackson@amerisave.com","message":"successfully processed after 9037 milliseconds."},{"id":"cf34db48-cc2b-42e6-97a3-084c295b3c3e","email":"daniel.rodriguez@amerisave.com","message":"failed to process due to datastore timeout of 30 seconds.  operation took 43 seconds."},{"id":"05dc7d9f-b4d8-4e5a-bd5d-e094389efa30","email":"mason.robinson@amerisave.com","message":"successfully handled skipped operation."},{"id":"7980b2b6-ad82-4473-9f17-03e6899cfcb6","email":"sarah.green@amerisave.com","message":"successfully handled skipped operation."},{"id":"51412e22-129b-4906-a647-245db460ff88","email":"sophia.baker@dropbox.net","message":"successfully processed after 1341 milliseconds."},{"id":"3e34a806-349b-4bd6-b718-3bf1976a952c","email":"tyler.nelson@microsoft.com","message":"successfully handled skipped operation."},{"id":"209312f4-34c4-467f-b6d9-52646416b15e","email":"ryan.king@dropbox.net","message":"failed to process due to network exception."},{"id":"b589e1f4-49fd-4c5e-9455-c75c5708fa54","email":"grace.moore@gmail.com","message":"successfully handled skipped operation."},{"id":"555102af-e368-40af-8b01-3c53a1afcaea","email":"andrew.miller@gmail.com","message":"successfully processed after 4968 milliseconds."},{"id":"a2efaa2b-c5dc-42b8-9274-2e56f1067c1e","email":"emily.taylor@gmail.com","message":"successfully processed after 2983 milliseconds."},{"id":"e409f6c5-7710-4014-b5fe-034cff3e41ee","email":"alexander.williams@gmail.com","message":"successfully handled skipped operation."},{"id":"8ed536b4-8ad7-44a2-9eb9-8ed7758177f2","email":"andrew.miller@gmail.com","message":"successfully parsed message, but message temporarily enqueued while system restarts."},{"id":"68b0ba5b-6172-4835-999d-8e243e03c54a","email":"nathan.young@microsoft.com","message":"successfully handled skipped operation."},{"id":"f439264b-37da-4d62-8002-2289d6300069","email":"joshua.lee@gmail.com","message":"failed to process due to network exception."},{"id":"30e2a791-aeb6-440c-93bf-ae2193e7bd0e","email":"isabella.jackson@amerisave.com","message":"successfully handled skipped operation."},{"id":"bf8e544c-f35c-407c-ad83-6841a0fc771e","email":"nathan.young@microsoft.com","message":"successfully parsed message, but message temporarily enqueued while system restarts."},{"id":"9c555cb7-23d2-4672-99eb-b1c7c1994a66","email":"ava.davis@gmail.com","message":"successfully processed after 6840 milliseconds."},{"id":"ff7c6a49-0b47-448c-bc7b-0f1caf36bd19","email":"matthew.walker@amerisave.com","message":"failed to process due to network exception."},{"id":"5763cfc2-e079-4e35-9ce1-4500f89e6d2c","email":"ryan.king@dropbox.net","message":"failed to process due to network exception."},{"id":"6f8ffae8-5bbe-45ac-9b3b-ec29291dc7ce","email":"samantha.scott@me.com","message":"failed to process due to datastore timeout of 30 seconds.  operation took 93 seconds."},{"id":"e388ce98-e192-49a1-8af4-66600c375e8a","email":"lily.harris@gmail.com","message":"failed to process due to network exception."},{"id":"03143376-59b1-49c3-8c20-ff3bef6a58ad","email":"ava.davis@gmail.com","message":"successfully parsed message, but message temporarily enqueued while system restarts."},{"id":"24c7fac3-f0e5-4fb9-8819-de67edfeca0d","email":"tyler.nelson@microsoft.com","message":"failed to process due to network exception."},{"id":"36311973-b410-4e2b-aec8-05a0ef7b10fe","email":"elizabeth.martinez@dropbox.net","message":"failed to process due to network exception."},{"id":"28146bd3-07d1-4cdc-aed0-095c88846e1b","email":"alexander.williams@gmail.com","message":"failed to process due to network exception."},{"id":"958aa5e1-f4ac-4e13-8323-ba614759b0f8","email":"joshua.lee@gmail.com","message":"successfully parsed message, but message temporarily enqueued while system restarts."},{"id":"d930163b-10df-4b8b-80c4-9dda7be82884","email":"daniel.rodriguez@amerisave.com","message":"successfully processed after 6495 milliseconds."},{"id":"a6a06327-140e-4783-a1dd-1b84b34490b0","email":"joshua.lee@gmail.com","message":"successfully parsed message, but message temporarily enqueued while system restarts."},{"id":"7b465aba-fc9f-48ea-aecf-77e83a848781","email":"olivia.wright@gmail.com","message":"failed to process due to datastore timeout of 30 seconds.  operation took 77 seconds."},{"id":"5bae25fd-6ea1-45ff-bb10-d3885fca924d","email":"nicholas.allen@microsoft.com","message":"successfully processed after 8124 milliseconds."},{"id":"15717562-bea0-4391-8134-2ed0d4616024","email":"alyssa.jones@amerisave.com","message":"successfully handled skipped operation."},{"id":"222b65d8-c276-4784-893f-defb0ae9cd13","email":"ryan.king@dropbox.net","message":"successfully parsed message, but message temporarily enqueued while system restarts."},{"id":"b6fd7b7e-5457-4e92-aa7c-eff37c320a29","email":"abigail.smith@amerisave.com","message":"successfully handled skipped operation."},{"id":"6fe03b5b-6127-402a-92dc-d237e7a77aa7","email":"samantha.scott@me.com","message":"failed to process due to network exception."},{"id":"b8fa58fb-4c60-40ce-9595-6957ffdb2004","email":"jack.thompson@me.com","message":"failed to process due to datastore timeout of 30 seconds.  operation took 90 seconds."},{"id":"18d121a8-ca85-4e93-b141-23d7926fa0d1","email":"andrew.miller@gmail.com","message":"successfully parsed message, but message temporarily enqueued while system restarts."},{"id":"dd723ab4-edda-48c8-b337-fdc34065d4c4","email":"hannah.martin@dropbox.net","message":"successfully parsed message, but message temporarily enqueued while system restarts."},{"id":"c8c92a16-7536-4287-8622-c348fbcdbfd9","email":"andrew.miller@gmail.com","message":"successfully processed after 9751 milliseconds."},{"id":"b3427034-f156-441c-82db-30439f433d4d","email":"mia.perez@me.com","message":"successfully processed after 8137 milliseconds."},{"id":"a16c487c-61dd-4d96-865d-d9c29489cc24","email":"ryan.king@dropbox.net","message":"failed to process due to network exception."},{"id":"f6b58e82-2a1c-432f-9f42-e5fefe4957f0","email":"ella.anderson@dropbox.net","message":"successfully processed after 7665 milliseconds."},{"id":"ec5e0546-d611-42cc-9d96-fe453c59bcf0","email":"olivia.wright@gmail.com","message":"failed to process due to datastore timeout of 30 seconds.  operation took 107 seconds."},{"id":"6391dd72-c4eb-44f5-bd9b-5263e7777f60","email":"chloe.garcia@dropbox.net","message":"successfully parsed message, but message temporarily enqueued while system restarts."},{"id":"1e819537-6aa7-4823-b102-15b5a9b43b08","email":"ava.davis@gmail.com","message":"successfully handled skipped operation."},{"id":"cdaf8dc7-3c4d-437d-b7e7-144de7667806","email":"ella.anderson@dropbox.net","message":"successfully processed after 3344 milliseconds."},{"id":"b3d4558c-23a2-4483-8ea0-417465e5a797","email":"michael.hall@dropbox.net","message":"failed to process due to datastore timeout of 30 seconds.  operation took 116 seconds."},{"id":"47658e85-8037-4216-8e95-b3d46959d4b7","email":"michael.hall@dropbox.net","message":"failed to process due to datastore timeout of 30 seconds.  operation took 97 seconds."},{"id":"704d41ba-7a33-4624-8d26-3ca44d02296f","email":"michael.hall@dropbox.net","message":"successfully handled skipped operation."},{"id":"07479b2c-0072-4069-96a4-e6fddd8f4ff1","email":"abigail.smith@amerisave.com","message":"successfully handled skipped operation."},{"id":"375ed728-ea29-4dcb-a65b-dedd01e39741","email":"jacob.lopez@dropbox.net","message":"failed to process due to datastore timeout of 30 seconds.  operation took 114 seconds."},{"id":"b5edd1af-3b56-4f3b-9aa5-2548f54ca65e","email":"samantha.scott@me.com","message":"successfully handled skipped operation."},{"id":"53184c80-d532-4f44-9a81-7b4e4e18b042","email":"alexander.williams@gmail.com","message":"successfully processed after 2251 milliseconds."},{"id":"94682ab7-2d45-4e2b-bcc0-3a3286469134","email":"ava.davis@gmail.com","message":"successfully handled skipped operation."},{"id":"717336a3-cbb0-4e38-9db9-e9b9617b0c73","email":"samantha.scott@me.com","message":"successfully parsed message, but message temporarily enqueued while system restarts."},{"id":"b3d7c10b-a4b5-4009-8b43-492e05aaf15e","email":"ella.anderson@dropbox.net","message":"successfully parsed message, but message temporarily enqueued while system restarts."},{"id":"53b0719f-b56e-4555-b157-77a04ffa1d61","email":"nicholas.allen@microsoft.com","message":"successfully parsed message, but message temporarily enqueued while system restarts."},{"id":"44f3880d-b66f-4d80-8813-0d44352d2c8d","email":"ella.anderson@dropbox.net","message":"successfully parsed message, but message temporarily enqueued while system restarts."},{"id":"bc7a8ebc-8fd2-451f-bed0-81acfce31a90","email":"ella.anderson@dropbox.net","message":"failed to process due to datastore timeout of 30 seconds.  operation took 37 seconds."},{"id":"2a963363-6db6-4ae6-9c5d-1548be944c63","email":"sophia.baker@dropbox.net","message":"successfully parsed message, but message temporarily enqueued while system restarts."},{"id":"73048a77-8907-4373-b567-1847d5c0e710","email":"logan.clark@dropbox.net","message":"successfully handled skipped operation."},{"id":"ea009583-0ed1-4cc6-bfd6-82bc5a4c2049","email":"tyler.nelson@microsoft.com","message":"failed to process due to datastore timeout of 30 seconds.  operation took 42 seconds."},{"id":"7761c4c7-397d-444a-8bb7-10f3a3adee8f","email":"sarah.green@amerisave.com","message":"successfully parsed message, but message temporarily enqueued while system restarts."},{"id":"1bd48ec8-9b60-4e43-80eb-2e14d414f858","email":"emily.taylor@gmail.com","message":"successfully parsed message, but message temporarily enqueued while system restarts."},{"id":"2e8269ef-254b-449c-9e4a-c8c366f3f56a","email":"ava.davis@gmail.com","message":"successfully handled skipped operation."},{"id":"ee17cea1-8322-458a-a9da-6dd2dc6c5af8","email":"emma.thomas@me.com","message":"successfully processed after 6722 milliseconds."},{"id":"8c8debb4-4cab-4fdb-bcab-66ddba126494","email":"jacob.lopez@dropbox.net","message":"failed to process due to datastore timeout of 30 seconds.  operation took 83 seconds."},{"id":"7a8bb429-1555-414b-bce6-89fe5a5162cb","email":"mia.perez@me.com","message":"successfully processed after 4639 milliseconds."},{"id":"5d362f68-0423-4b3c-8b59-7ef322bbf054","email":"ava.davis@gmail.com","message":"successfully parsed message, but message temporarily enqueued while system restarts."},{"id":"7fb0eedb-66c2-4750-9999-ce4e7cdb853a","email":"jack.thompson@me.com","message":"failed to process due to datastore timeout of 30 seconds.  operation took 50 seconds."},{"id":"e7d8b51d-b2b7-474e-8e05-4f6375b1c25c","email":"lily.harris@gmail.com","message":"successfully handled skipped operation."},{"id":"13581701-d1fb-41ed-a5f4-a24656cd05bb","email":"andrew.miller@gmail.com","message":"failed to process due to datastore timeout of 30 seconds.  operation took 118 seconds."},{"id":"227d58ff-80a3-4580-85f3-e4729bf452f4","email":"olivia.wright@gmail.com","message":"failed to process due to datastore timeout of 30 seconds.  operation took 126 seconds."},{"id":"24fe4263-d650-4747-80a3-bb586b28171d","email":"lily.harris@gmail.com","message":"failed to process due to network exception."},{"id":"cd138215-7e2e-4344-b2ad-097d819a6842","email":"madison.lewis@gmail.com","message":"successfully processed after 2520 milliseconds."},{"id":"d2e7c475-83cb-4ff3-b104-0d88be96e1b9","email":"mia.perez@me.com","message":"failed to process due to network exception."},{"id":"0995e46b-883d-45d2-a9c1-1e10d980db8f","email":"elizabeth.martinez@dropbox.net","message":"successfully processed after 978 milliseconds."},{"id":"f751b755-213d-46da-bc23-0a3335a7f702","email":"isabella.jackson@amerisave.com","message":"successfully processed after 4152 milliseconds."},{"id":"6ae344ef-8c38-43e0-a7fe-7fb54d001e81","email":"sarah.green@amerisave.com","message":"failed to process due to network exception."},{"id":"912256a4-76b5-4bb9-acdf-87fa3facfc33","email":"sophia.baker@dropbox.net","message":"failed to process due to datastore timeout of 30 seconds.  operation took 41 seconds."},{"id":"86ccb073-cbab-4054-bdd0-1ac9a19e8bfb","email":"mason.robinson@amerisave.com","message":"successfully handled skipped operation."},{"id":"1777661a-7f0e-4280-8f87-f5dbeebb036e","email":"liam.gonzalez@me.com","message":"failed to process due to datastore timeout of 30 seconds.  operation took 33 seconds."},{"id":"ed2ab74e-264e-4ebb-8feb-6157631d27b6","email":"liam.gonzalez@me.com","message":"failed to process due to datastore timeout of 30 seconds.  operation took 128 seconds."},{"id":"3605f456-c839-4d95-abd5-9d62866966ec","email":"ava.davis@gmail.com","message":"failed to process due to datastore timeout of 30 seconds.  operation took 62 seconds."},{"id":"92816d5a-bb34-4dfd-9b82-db150653e4f0","email":"michael.hall@dropbox.net","message":"failed to process due to network exception."},{"id":"af6aac6c-963c-4c1b-a616-43830cf4c0b7","email":"jackson.white@gmail.com","message":"successfully processed after 5411 milliseconds."},{"id":"ce8fb08a-6221-4ae6-a5a2-6f0ad0e6d7d9","email":"taylor.adams@gmail.com","message":"successfully parsed message, but message temporarily enqueued while system restarts."},{"id":"acd9ada4-d014-46db-b057-106f3d5c96eb","email":"ava.davis@gmail.com","message":"successfully handled skipped operation."},{"id":"2f328ebe-5575-4d41-974f-a6a061fdc49d","email":"aiden.johnson@microsoft.com","message":"successfully parsed message, but message temporarily enqueued while system restarts."},{"id":"4204159f-7730-4e34-a1e0-a4256a6d66a2","email":"emily.taylor@gmail.com","message":"successfully processed after 2074 milliseconds."},{"id":"da341407-f2cd-4747-98c2-b79d34a5fe8e","email":"jacob.lopez@dropbox.net","message":"failed to process due to datastore timeout of 30 seconds.  operation took 80 seconds."},{"id":"43c0ebda-bb18-4152-9f86-302a86fc31d2","email":"jacob.lopez@dropbox.net","message":"failed to process due to datastore timeout of 30 seconds.  operation took 36 seconds."},{"id":"4382f321-6741-46c2-ae87-faec634b1865","email":"ella.anderson@dropbox.net","message":"successfully handled skipped operation."},{"id":"f7d990a0-d53d-4197-9335-6ee857a3b0c7","email":"andrew.miller@gmail.com","message":"successfully parsed message, but message temporarily enqueued while system restarts."},{"id":"069e6c02-c44f-424c-8b3a-40f7648cc788","email":"samantha.scott@me.com","message":"successfully parsed message, but message temporarily enqueued while system restarts."},{"id":"3ce62895-d1fb-4368-a2c3-b66b034250c4","email":"emma.thomas@me.com","message":"successfully processed after 5805 milliseconds."},{"id":"a5abdcdb-d94d-477f-9ccc-05448d16636b","email":"samantha.scott@me.com","message":"successfully parsed message, but message temporarily enqueued while system restarts."},{"id":"cbf330ff-309b-4817-b51c-820cd02287f5","email":"lily.harris@gmail.com","message":"successfully parsed message, but message temporarily enqueued while system restarts."},{"id":"25e0b971-833a-4ac9-8552-0ae1921553cd","email":"nicholas.allen@microsoft.com","message":"failed to process due to network exception."},{"id":"aed02334-3e5a-4da7-bd2f-abc165a266cf","email":"daniel.rodriguez@amerisave.com","message":"failed to process due to network exception."},{"id":"1789e0aa-546d-4979-bb37-3c1998efe533","email":"matthew.walker@amerisave.com","message":"failed to process due to network exception."},{"id":"699743d0-f471-4848-b380-bb9e02460d96","email":"mason.robinson@amerisave.com","message":"successfully handled skipped operation."},{"id":"a90c38c6-c4b6-4d6a-9b3b-bf261309e990","email":"jack.thompson@me.com","message":"successfully processed after 1108 milliseconds."},{"id":"7b4819bc-8936-4537-9f7d-c33c6552164e","email":"alexis.brown@microsoft.com","message":"failed to process due to network exception."},{"id":"6431d2f2-c5b8-4427-90ef-83afb2131d92","email":"liam.gonzalez@me.com","message":"successfully parsed message, but message temporarily enqueued while system restarts."},{"id":"a0b6e7c3-9c03-4302-b184-e9269a49fece","email":"emily.taylor@gmail.com","message":"failed to process due to network exception."},{"id":"28569e58-e49c-4d75-a82d-5c607bf35ebb","email":"lily.harris@gmail.com","message":"successfully processed after 1578 milliseconds."},{"id":"0a4f8269-7f4e-42aa-8171-d5c864bf1278","email":"jack.thompson@me.com","message":"successfully parsed message, but message temporarily enqueued while system restarts."},{"id":"f564a2dd-5248-4dd7-9a26-c22dc95f3969","email":"jack.thompson@me.com","message":"successfully processed after 2725 milliseconds."},{"id":"46b5e93b-68bd-451e-a409-0be147f530d1","email":"chloe.garcia@dropbox.net","message":"successfully parsed message, but message temporarily enqueued while system restarts."},{"id":"72e53088-1457-48e0-8889-e9e762b0c2d4","email":"michael.hall@dropbox.net","message":"successfully parsed message, but message temporarily enqueued while system restarts."},{"id":"532663ff-8aa3-4f4d-bc48-557e101d5ac6","email":"daniel.rodriguez@amerisave.com","message":"successfully parsed message, but message temporarily enqueued while system restarts."},{"id":"38c59468-7441-45c4-a684-154b758fd977","email":"ella.anderson@dropbox.net","message":"failed to process due to network exception."},{"id":"8c0b8de1-c66f-4e18-a923-d24b006c45fc","email":"logan.clark@dropbox.net","message":"successfully handled skipped operation."},{"id":"d010d837-7dd2-4f21-affc-0616a9e07c1f","email":"jackson.white@gmail.com","message":"successfully processed after 6369 milliseconds."},{"id":"25944130-100c-430e-8ebc-1c70af41c257","email":"ryan.king@dropbox.net","message":"successfully processed after 9358 milliseconds."},{"id":"107fbd68-be01-4be1-ac66-d41082580cfd","email":"taylor.adams@gmail.com","message":"failed to process due to network exception."},{"id":"7936eb37-d1a0-485a-b30d-e2b38856412c","email":"grace.moore@gmail.com","message":"failed to process due to network exception."},{"id":"59ec6fd2-e582-4e54-bdbc-c042fae93ff1","email":"taylor.adams@gmail.com","message":"successfully handled skipped operation."},{"id":"d9837452-97e2-4234-828b-31c3ee742361","email":"samantha.scott@me.com","message":"successfully handled skipped operation."},{"id":"6170e2af-085a-48c1-b7cc-9accb8e71c80","email":"alexis.brown@microsoft.com","message":"failed to process due to network exception."},{"id":"527e888d-4aa9-40e1-b6df-e99bda3868b9","email":"sophia.baker@dropbox.net","message":"failed to process due to datastore timeout of 30 seconds.  operation took 47 seconds."},{"id":"5bf8361c-f3a8-4111-82a9-26e9bcf8b5cf","email":"sarah.green@amerisave.com","message":"failed to process due to network exception."},{"id":"d945fe65-4bd0-43ac-ac9b-9b6421b41539","email":"mason.robinson@amerisave.com","message":"successfully processed after 4875 milliseconds."},{"id":"bc454e1d-eda6-4b80-8b56-9a823db6b57a","email":"alexander.williams@gmail.com","message":"successfully parsed message, but message temporarily enqueued while system restarts."},{"id":"aaa5222c-882c-4ae1-b64b-cba6b5a64b06","email":"jacob.lopez@dropbox.net","message":"successfully processed after 4714 milliseconds."},{"id":"9f9ddf24-c178-4c06-b7e0-2def5b7561f6","email":"andrew.miller@gmail.com","message":"successfully handled skipped operation."},{"id":"26e4c21d-d995-4f16-aec1-1eada3bfd73d","email":"elizabeth.martinez@dropbox.net","message":"successfully parsed message, but message temporarily enqueued while system restarts."},{"id":"5bffce6b-acdd-4385-872d-18f08282087c","email":"liam.gonzalez@me.com","message":"failed to process due to network exception."},{"id":"7c357c8b-e9c8-49a1-8e0d-8237f392cd7f","email":"jackson.white@gmail.com","message":"successfully processed after 7368 milliseconds."},{"id":"367ee683-c16e-4e9d-940b-e328ed6295df","email":"sophia.baker@dropbox.net","message":"successfully parsed message, but message temporarily enqueued while system restarts."},{"id":"6be8bd99-9e08-4d2a-8cf8-cbb9cfca6695","email":"alyssa.jones@amerisave.com","message":"successfully handled skipped operation."},{"id":"51f41cb3-b1c6-4325-9e0a-ee1a1cfbdf9e","email":"abigail.smith@amerisave.com","message":"successfully processed after 9941 milliseconds."},{"id":"9d088023-be9a-4fc9-b0f8-8211930e73d3","email":"jackson.white@gmail.com","message":"successfully handled skipped operation."},{"id":"326a21de-bcc0-4a50-b83b-1ce5f3454377","email":"nicholas.allen@microsoft.com","message":"successfully handled skipped operation."},{"id":"567793c6-5cfc-4546-a4c3-68f8028189f7","email":"jack.thompson@me.com","message":"successfully processed after 3054 milliseconds."},{"id":"e183563f-13ae-46bd-b51c-221f04519bad","email":"matthew.walker@amerisave.com","message":"failed to process due to datastore timeout of 30 seconds.  operation took 82 seconds."},{"id":"3a6edf09-5262-4c6e-a1d3-d84722a3d22f","email":"liam.gonzalez@me.com","message":"successfully handled skipped operation."},{"id":"f7eb65cb-7b15-4264-b771-ca64c92f5d48","email":"ella.anderson@dropbox.net","message":"successfully processed after 1048 milliseconds."},{"id":"5b09eff4-41a6-454e-8166-e12057aefea0","email":"liam.gonzalez@me.com","message":"successfully parsed message, but message temporarily enqueued while system restarts."},{"id":"3b8f72c3-b397-4713-91dd-c46fb75cca5b","email":"lily.harris@gmail.com","message":"successfully parsed message, but message temporarily enqueued while system restarts."},{"id":"00dd9979-5dcf-4cbf-b6ec-80678978cabc","email":"daniel.rodriguez@amerisave.com","message":"successfully processed after 42 milliseconds."},{"id":"a6ba966f-47fd-4902-b628-d697f900134b","email":"hannah.martin@dropbox.net","message":"successfully processed after 3848 milliseconds."},{"id":"0aee6ea8-2f15-4a57-acfb-313d1d7f320a","email":"mason.robinson@amerisave.com","message":"failed to process due to network exception."},{"id":"dec8c2c6-dff6-45b9-a374-802bf0dbd065","email":"ava.davis@gmail.com","message":"failed to process due to datastore timeout of 30 seconds.  operation took 47 seconds."},{"id":"65aa9082-4fd4-4734-9170-2eb2c52713a2","email":"chloe.garcia@dropbox.net","message":"successfully processed after 6244 milliseconds."},{"id":"e17958df-4eb6-4b1a-bd01-e24602f602a4","email":"hannah.martin@dropbox.net","message":"failed to process due to network exception."},{"id":"5d130fd2-1a66-43c6-b3c4-f7ed9e8b9c44","email":"chloe.garcia@dropbox.net","message":"failed to process due to network exception."},{"id":"e529a3dc-0649-450d-b30e-6bc07eb48a8c","email":"taylor.adams@gmail.com","message":"failed to process due to datastore timeout of 30 seconds.  operation took 73 seconds."},{"id":"7f4881eb-563b-42c4-b96d-d1e166faa663","email":"daniel.rodriguez@amerisave.com","message":"successfully processed after 1344 milliseconds."},{"id":"f4e77335-2697-4d5d-bdbe-aec8964182a8","email":"taylor.adams@gmail.com","message":"failed to process due to datastore timeout of 30 seconds.  operation took 68 seconds."},{"id":"11333918-8eb2-428b-a578-d7ef83e658ed","email":"olivia.wright@gmail.com","message":"failed to process due to network exception."},{"id":"26ba6d0a-cb52-4dc5-a519-7dbe65395154","email":"ella.anderson@dropbox.net","message":"failed to process due to datastore timeout of 30 seconds.  operation took 65 seconds."},{"id":"50f73c9e-3926-4e3a-856e-2a9c21285f32","email":"mia.perez@me.com","message":"successfully handled skipped operation."},{"id":"d21e8999-8614-4a63-824b-c3398092574c","email":"olivia.wright@gmail.com","message":"failed to process due to datastore timeout of 30 seconds.  operation took 102 seconds."},{"id":"50c48322-9149-4635-9576-7a2a25378220","email":"taylor.adams@gmail.com","message":"failed to process due to datastore timeout of 30 seconds.  operation took 57 seconds."},{"id":"f0c98277-0fc4-45df-9542-fa3582ed1af9","email":"olivia.wright@gmail.com","message":"successfully parsed message, but message temporarily enqueued while system restarts."},{"id":"4cbbc940-d78d-48e2-bcf7-31cdd5bfeb74","email":"dylan.wilson@gmail.com","message":"successfully parsed message, but message temporarily enqueued while system restarts."},{"id":"2aca6b23-2c91-47e7-b0e1-527ec9e1d3e8","email":"mason.robinson@amerisave.com","message":"successfully parsed message, but message temporarily enqueued while system restarts."},{"id":"f1c49864-01f3-465c-89e2-48a3ed63a777","email":"logan.clark@dropbox.net","message":"successfully parsed message, but message temporarily enqueued while system restarts."},{"id":"50aa5fd2-1d12-4925-a6e9-37d12d1d5c26","email":"hannah.martin@dropbox.net","message":"successfully processed after 8829 milliseconds."},{"id":"f341eea7-b33f-45aa-851f-d36940d52c7f","email":"isabella.jackson@amerisave.com","message":"successfully parsed message, but message temporarily enqueued while system restarts."},{"id":"f197f507-3fd3-455f-9c4d-1526b1330767","email":"alyssa.jones@amerisave.com","message":"failed to process due to datastore timeout of 30 seconds.  operation took 104 seconds."},{"id":"b13c7053-f239-4b44-b471-f2ff3d338d43","email":"grace.moore@gmail.com","message":"failed to process due to datastore timeout of 30 seconds.  operation took 44 seconds."},{"id":"2a3ee645-6dcf-4436-80c5-e600ccf193cf","email":"ava.davis@gmail.com","message":"failed to process due to datastore timeout of 30 seconds.  operation took 61 seconds."},{"id":"92f724f6-bc74-4847-9642-d11768080986","email":"hannah.martin@dropbox.net","message":"failed to process due to network exception."},{"id":"f5541d0e-8613-4039-b9b5-93f80c43a2e0","email":"sarah.green@amerisave.com","message":"failed to process due to datastore timeout of 30 seconds.  operation took 93 seconds."},{"id":"a0346edb-effb-4136-a62b-6168d9baa0f3","email":"chloe.garcia@dropbox.net","message":"successfully handled skipped operation."},{"id":"cef9ec41-7339-45b0-825c-784e2a1d7762","email":"logan.clark@dropbox.net","message":"successfully processed after 5945 milliseconds."},{"id":"24ec0a36-60a6-4cd2-b761-7732de9788a1","email":"noah.sanchez@me.com","message":"failed to process due to datastore timeout of 30 seconds.  operation took 80 seconds."},{"id":"bb78f16a-8faf-4609-b3e5-fb8145c99203","email":"nathan.young@microsoft.com","message":"successfully processed after 8744 milliseconds."},{"id":"64995186-76c6-4dbf-b588-9c70d696ec61","email":"lily.harris@gmail.com","message":"failed to process due to network exception."},{"id":"fd41515e-748a-4cf0-ba45-3d4e54640c76","email":"grace.moore@gmail.com","message":"failed to process due to network exception."},{"id":"7dc89ebd-77b9-49af-bebc-c3446e012168","email":"madison.lewis@gmail.com","message":"successfully parsed message, but message temporarily enqueued while system restarts."},{"id":"4d0fcf93-d9fd-4eff-a7e6-7a2365a6e077","email":"grace.moore@gmail.com","message":"successfully processed after 1649 milliseconds."},{"id":"34cb3640-1589-48ab-b59b-6d869b818cc4","email":"emily.taylor@gmail.com","message":"successfully processed after 7300 milliseconds."},{"id":"44d622b9-dadb-4387-8b50-268d03c1b5a1","email":"nathan.young@microsoft.com","message":"successfully processed after 2738 milliseconds."},{"id":"cdc93b3b-265a-4af0-84f9-70a53d55c848","email":"lily.harris@gmail.com","message":"successfully parsed message, but message temporarily enqueued while system restarts."},{"id":"7c519327-8400-4baa-9740-95577304aef2","email":"samantha.scott@me.com","message":"successfully handled skipped operation."},{"id":"41687ba0-3da6-4450-8dcf-610999d604a2","email":"ethan.hernandez@microsoft.com","message":"failed to process due to datastore timeout of 30 seconds.  operation took 101 seconds."},{"id":"d425bbab-915a-4bcd-af4a-8c28832d0f7d","email":"grace.moore@gmail.com","message":"successfully processed after 7558 milliseconds."},{"id":"16a3e6df-9b62-477d-8866-e12b2f9f1acf","email":"jacob.lopez@dropbox.net","message":"failed to process due to network exception."},{"id":"2d170438-ece6-4f5d-83b9-acc1682cc6a4","email":"jackson.white@gmail.com","message":"failed to process due to datastore timeout of 30 seconds.  operation took 83 seconds."},{"id":"b29ce0ed-4a66-4ffd-ba7d-2e88f7c019aa","email":"olivia.wright@gmail.com","message":"failed to process due to network exception."},{"id":"457c3fd6-798c-4a13-a224-fc0cad64d683","email":"noah.sanchez@me.com","message":"failed to process due to datastore timeout of 30 seconds.  operation took 91 seconds."},{"id":"179a1834-4437-40e8-bff5-b30fb502c8d1","email":"sophia.baker@dropbox.net","message":"successfully processed after 3223 milliseconds."},{"id":"03e8ca26-5c96-407a-9826-8c5383699502","email":"joshua.lee@gmail.com","message":"failed to process due to datastore timeout of 30 seconds.  operation took 38 seconds."},{"id":"99531ae4-6f5f-4319-b73e-5f88456228d0","email":"hannah.martin@dropbox.net","message":"successfully parsed message, but message temporarily enqueued while system restarts."},{"id":"46d2ab55-c93b-4d01-9c41-1ad0180c219e","email":"mason.robinson@amerisave.com","message":"successfully handled skipped operation."},{"id":"0031161d-717e-49dd-89ab-72d9fa3743bd","email":"liam.gonzalez@me.com","message":"failed to process due to datastore timeout of 30 seconds.  operation took 109 seconds."},{"id":"644796be-b08a-49ce-8ffb-9af3d87d2eb3","email":"sarah.green@amerisave.com","message":"successfully parsed message, but message temporarily enqueued while system restarts."},{"id":"358deaac-93d4-48b8-8554-caa7d2e8aeb2","email":"tyler.nelson@microsoft.com","message":"successfully handled skipped operation."},{"id":"e73ea5c1-80a3-4c8a-82bd-0481a1a4d741","email":"matthew.walker@amerisave.com","message":"failed to process due to network exception."},{"id":"94d41bb3-cf0d-4273-bc88-7ec708b23a3c","email":"ryan.king@dropbox.net","message":"successfully parsed message, but message temporarily enqueued while system restarts."},{"id":"da148fab-83d8-4a2d-8cf5-473195a17701","email":"sarah.green@amerisave.com","message":"failed to process due to network exception."},{"id":"c7ea39d0-bc6f-4251-97b7-6af9bdb740bd","email":"sophia.baker@dropbox.net","message":"successfully handled skipped operation."},{"id":"7790da46-80af-4416-b43e-836b264a0e5d","email":"jackson.white@gmail.com","message":"successfully handled skipped operation."},{"id":"5484ee3c-e75e-4083-afec-5844bdca8851","email":"emily.taylor@gmail.com","message":"failed to process due to datastore timeout of 30 seconds.  operation took 99 seconds."},{"id":"450461da-6c70-4b3b-8fad-e34eb596814b","email":"logan.clark@dropbox.net","message":"successfully handled skipped operation."},{"id":"e3f0eab8-665d-410a-88e8-5c346d1eec76","email":"emma.thomas@me.com","message":"failed to process due to network exception."},{"id":"2c6dd0f3-52c2-4ee3-8beb-6405e0af7f69","email":"tyler.nelson@microsoft.com","message":"successfully handled skipped operation."},{"id":"5694600b-7b35-4b33-a872-f64bb554ad13","email":"sarah.green@amerisave.com","message":"successfully processed after 9429 milliseconds."},{"id":"bbd71ae4-933d-4da7-8e5c-94f768ada6e8","email":"madison.lewis@gmail.com","message":"failed to process due to datastore timeout of 30 seconds.  operation took 82 seconds."},{"id":"8712e9a6-b16d-4f7d-a711-91f48d424e5b","email":"madison.lewis@gmail.com","message":"failed to process due to network exception."},{"id":"1a0a5aab-cefe-44b6-b195-6b8dd5e5cda8","email":"elizabeth.martinez@dropbox.net","message":"failed to process due to network exception."},{"id":"b5d6c4c5-396e-4d60-b5e8-0849ac9e479b","email":"jackson.white@gmail.com","message":"successfully handled skipped operation."},{"id":"69bb290c-335b-40c7-b56f-97645371efb6","email":"ella.anderson@dropbox.net","message":"successfully handled skipped operation."},{"id":"67abc367-353d-49f8-8814-0d812c0cb4e6","email":"hannah.martin@dropbox.net","message":"successfully handled skipped operation."},{"id":"a0d9d8cb-d54d-4b0f-8ca1-d2a06a730ca4","email":"emma.thomas@me.com","message":"failed to process due to datastore timeout of 30 seconds.  operation took 130 seconds."},{"id":"533ba9a4-dc53-4964-acd0-027b70097fe1","email":"alexis.brown@microsoft.com","message":"successfully parsed message, but message temporarily enqueued while system restarts."},{"id":"84c5d8c1-29f8-4a70-a705-7d5dbdbf9bbc","email":"michael.hall@dropbox.net","message":"successfully handled skipped operation."},{"id":"4622dc02-25b6-4848-b993-4ca34cec6e5b","email":"sophia.baker@dropbox.net","message":"failed to process due to datastore timeout of 30 seconds.  operation took 105 seconds."},{"id":"f4fb0700-bef3-451d-8306-ba81ba8fb832","email":"emma.thomas@me.com","message":"successfully handled skipped operation."},{"id":"c1e5912c-a3db-48a0-a5e4-ef876b9307ca","email":"chloe.garcia@dropbox.net","message":"successfully processed after 6058 milliseconds."},{"id":"68fc3752-d8df-4d3c-87bf-470942f2384f","email":"alyssa.jones@amerisave.com","message":"failed to process due to network exception."},{"id":"22bd2f91-2c3d-4439-81df-1873573b8980","email":"olivia.wright@gmail.com","message":"successfully processed after 1930 milliseconds."},{"id":"698d0232-5e24-4cd5-85b6-c5d4b823c20d","email":"jacob.lopez@dropbox.net","message":"successfully parsed message, but message temporarily enqueued while system restarts."},{"id":"c59b2f94-ea23-4c79-9aff-f0cf3d815497","email":"matthew.walker@amerisave.com","message":"failed to process due to network exception."},{"id":"ceca89ba-c7d9-45cc-be1a-2369167b73b0","email":"emily.taylor@gmail.com","message":"failed to process due to network exception."},{"id":"1212bfbb-ba67-4b84-bd10-b47225fc1f16","email":"elizabeth.martinez@dropbox.net","message":"successfully processed after 331 milliseconds."},{"id":"899ecda0-12f5-4526-b142-7fec8f65ef23","email":"noah.sanchez@me.com","message":"successfully parsed message, but message temporarily enqueued while system restarts."},{"id":"c901b46f-5c57-45bb-b760-e50c062febcc","email":"abigail.smith@amerisave.com","message":"failed to process due to datastore timeout of 30 seconds.  operation took 93 seconds."},{"id":"c7cb4d80-9c91-49d0-96ec-dc86de2a3dc5","email":"logan.clark@dropbox.net","message":"successfully processed after 4717 milliseconds."},{"id":"18db01b9-cf95-44a7-9d35-50291373416f","email":"michael.hall@dropbox.net","message":"successfully parsed message, but message temporarily enqueued while system restarts."},{"id":"904d7052-c940-4b09-bdf3-9a3f26b2c85a","email":"chloe.garcia@dropbox.net","message":"successfully parsed message, but message temporarily enqueued while system restarts."},{"id":"651e8a5f-b8e2-4cd7-941d-fa8fa3370db6","email":"samantha.scott@me.com","message":"successfully parsed message, but message temporarily enqueued while system restarts."},{"id":"3f36aac4-adff-4f1a-89e3-5f2e84eb6fab","email":"ethan.hernandez@microsoft.com","message":"successfully handled skipped operation."},{"id":"fe13cdce-f85c-4c58-a6b3-3b37bf2075bf","email":"emily.taylor@gmail.com","message":"successfully processed after 7274 milliseconds."},{"id":"601eb34b-099d-46bd-84af-b14b7caa79df","email":"elizabeth.martinez@dropbox.net","message":"failed to process due to datastore timeout of 30 seconds.  operation took 83 seconds."},{"id":"a0a9fb1c-c1e2-4667-9db0-e7e26500094d","email":"tyler.nelson@microsoft.com","message":"failed to process due to datastore timeout of 30 seconds.  operation took 87 seconds."},{"id":"fc384495-aa5d-4c19-8c55-474c62b56e39","email":"isabella.jackson@amerisave.com","message":"successfully parsed message, but message temporarily enqueued while system restarts."},{"id":"128eaa05-be76-4120-9c6f-41cfe758405c","email":"matthew.walker@amerisave.com","message":"successfully handled skipped operation."},{"id":"0f05ca6a-c531-45a6-a8b3-7d3d6de7d655","email":"alexander.williams@gmail.com","message":"successfully handled skipped operation."},{"id":"6ed37a80-8ac0-40c8-9d6d-8bac5950d69e","email":"olivia.wright@gmail.com","message":"failed to process due to network exception."},{"id":"3ba9e0c0-2144-430a-80ad-c1d4e7cb29d5","email":"grace.moore@gmail.com","message":"failed to process due to network exception."},{"id":"da7aabe0-65f4-4a18-8d35-ee239811b6dd","email":"olivia.wright@gmail.com","message":"successfully handled skipped operation."},{"id":"331abcd6-0e87-4406-b21d-f038c559f65b","email":"emily.taylor@gmail.com","message":"failed to process due to network exception."},{"id":"719f9875-a52a-4c20-b37c-99f210c56960","email":"dylan.wilson@gmail.com","message":"successfully parsed message, but message temporarily enqueued while system restarts."},{"id":"d77175c5-c51c-4b72-a01a-104473a737e6","email":"jacob.lopez@dropbox.net","message":"failed to process due to network exception."},{"id":"949e3eb3-2ef6-4d86-812e-47793e2b3fe4","email":"ella.anderson@dropbox.net","message":"successfully parsed message, but message temporarily enqueued while system restarts."},{"id":"f91dab40-9173-4941-ae78-318fe5efa576","email":"emily.taylor@gmail.com","message":"successfully handled skipped operation."},{"id":"79e67224-8f87-4cce-9df2-3d55b8eaaeee","email":"jack.thompson@me.com","message":"successfully handled skipped operation."},{"id":"65fe9d7c-a9b4-4616-9dcd-4595017e28d1","email":"elizabeth.martinez@dropbox.net","message":"failed to process due to datastore timeout of 30 seconds.  operation took 84 seconds."},{"id":"2110de98-bd89-42da-a591-57366ba3adaf","email":"abigail.smith@amerisave.com","message":"successfully parsed message, but message temporarily enqueued while system restarts."},{"id":"4998beac-8f3f-440e-94f5-52003883af85","email":"sarah.green@amerisave.com","message":"successfully processed after 2461 milliseconds."},{"id":"e700e139-f36a-4e46-aba8-8fff249cdf57","email":"nicholas.allen@microsoft.com","message":"failed to process due to network exception."},{"id":"0adc473a-6e12-4ac0-94b1-fea0a2ab6573","email":"alyssa.jones@amerisave.com","message":"successfully handled skipped operation."},{"id":"55a3af0b-d2a7-4a8b-b92d-3ccb680e6561","email":"dylan.wilson@gmail.com","message":"failed to process due to datastore timeout of 30 seconds.  operation took 79 seconds."},{"id":"8c8f526c-31f2-4dd7-a22c-f491e1bb58b5","email":"ryan.king@dropbox.net","message":"successfully handled skipped operation."},{"id":"06bfea0d-d4b7-4209-b43e-80eb56323f08","email":"daniel.rodriguez@amerisave.com","message":"successfully processed after 1051 milliseconds."},{"id":"c4117052-c1c9-4501-bd1d-dbf5196ddc88","email":"jacob.lopez@dropbox.net","message":"successfully processed after 3560 milliseconds."}],"id":"644e09b9-2421-4c34-a200-314d2de094c7"}