{"logs":[{"id":"99239303-42e4-455d-a94f-837cf5df4f6e","email":"isabella.jackson@amerisave.com","message":"failed to process due to datastore timeout of 30 seconds.  operation took 33 seconds."},{"id":"02e03431-e0e6-472d-9595-72eae73e4cbf","email":"joshua.lee@gmail.com","message":"successfully processed after 1715 milliseconds."},{"id":"8f8b3c03-00d6-4ae1-861c-7db800d22fb3","email":"jack.thompson@me.com","message":"successfully processed after 3670 milliseconds."},{"id":"249e671f-1e49-4390-abe6-ce0e56db3609","email":"jack.thompson@me.com","message":"failed to process due to network exception."},{"id":"c03bc4e4-25aa-4ebe-a99d-7a3b46805bc9","email":"jackson.white@gmail.com","message":"successfully handled skipped operation."},{"id":"5eb951d4-b00f-447d-80f7-df8fd8b4b4d2","email":"taylor.adams@gmail.com","message":"failed to process due to datastore timeout of 30 seconds.  operation took 43 seconds."},{"id":"8d15f3d7-6b7e-4ae9-9c59-9616289c8906","email":"sarah.green@amerisave.com","message":"successfully parsed message, but message temporarily enqueued while system restarts."},{"id":"ae9914fe-8ef1-4411-a86a-2566273f676b","email":"olivia.wright@gmail.com","message":"successfully processed after 9757 milliseconds."},{"id":"0c9455d2-bb1b-4279-8edf-b75dd7056277","email":"nicholas.allen@microsoft.com","message":"successfully parsed message, but message temporarily enqueued while system restarts."},{"id":"c8425bb4-628d-451b-bb65-00a8072ea925","email":"emma.thomas@me.com","message":"failed to process due to network exception."},{"id":"31b9dd4d-ed8f-499d-9c34-714bcac287dd","email":"jacob.lopez@dropbox.net","message":"failed to process due to datastore timeout of 30 seconds.  operation took 104 seconds."},{"id":"5638cadd-c1df-46a4-85e0-4ee95786d3b6","email":"joshua.lee@gmail.com","message":"successfully handled skipped operation."},{"id":"b97a697c-4ad8-4703-bc2e-66d7481230d3","email":"ava.davis@gmail.com","message":"failed to process due to network exception."},{"id":"1196981f-d02c-49fc-8d17-5a7dd3cf4a41","email":"nicholas.allen@microsoft.com","message":"successfully handled skipped operation."},{"id":"fcbf1090-ce13-4928-ab2a-7b19218058ff","email":"jacob.lopez@dropbox.net","message":"failed to process due to datastore timeout of 30 seconds.  operation took 92 seconds."},{"id":"67f9895c-0e62-4c3f-a6ce-816109eea492","email":"liam.gonzalez@me.com","message":"successfully handled skipped operation."},{"id":"fca2f119-864a-4469-a601-d6662e3f6473","email":"michael.hall@dropbox.net","message":"successfully handled skipped operation."},{"id":"c55e89d9-1805-462f-b0a7-28c7615827ab","email":"jack.thompson@me.com","message":"failed to process due to datastore timeout of 30 seconds.  operation took 118 seconds."},{"id":"aa87b92f-7287-4e56-b40c-e23bdf5af239","email":"emily.taylor@gmail.com","message":"failed to process due to datastore timeout of 30 seconds.  operation took 94 seconds."},{"id":"8d3bac44-31ce-49ed-a303-eeea0c061f0a","email":"madison.lewis@gmail.com","message":"successfully handled skipped operation."},{"id":"9c70ce6d-0348-4711-970a-6865f370f28d","email":"dylan.wilson@gmail.com","message":"successfully processed after 5357 milliseconds."},{"id":"6fbd4927-ce84-4cfa-a691-6c695bac28d7","email":"lily.harris@gmail.com","message":"successfully parsed message, but message temporarily enqueued while system restarts."},{"id":"1ea1164b-ff0e-433f-83b5-4abd43ae78ea","email":"mason.robinson@amerisave.com","message":"successfully handled skipped operation."},{"id":"713b36db-6b25-4e28-8042-c817f2348d6d","email":"ava.davis@gmail.com","message":"failed to process due to datastore timeout of 30 seconds.  operation took 78 seconds."},{"id":"591e107f-9644-4023-b565-d927702613e9","email":"aiden.johnson@microsoft.com","message":"failed to process due to network exception."},{"id":"1f525d42-b4ac-4089-832a-e4d6a60d65fe","email":"taylor.adams@gmail.com","message":"successfully handled skipped operation."},{"id":"1b6bc703-2ea7-4e80-a353-a585be046913","email":"sophia.baker@dropbox.net","message":"successfully processed after 8168 milliseconds."},{"id":"258145b7-35e5-4edc-ad00-ea0a59bc865f","email":"daniel.rodriguez@amerisave.com","message":"failed to process due to datastore timeout of 30 seconds.  operation took 76 seconds."},{"id":"05914b4e-ebab-49e3-a66b-cf6faa1f4bd7","email":"samantha.scott@me.com","message":"successfully parsed message, but message temporarily enqueued while system restarts."},{"id":"260b25c6-dcfa-4c20-963d-3439e461dfc2","email":"liam.gonzalez@me.com","message":"failed to process due to network exception."},{"id":"40ee685a-c59a-4d7d-8bed-5b3609065e28","email":"alyssa.jones@amerisave.com","message":"successfully processed after 1977 milliseconds."},{"id":"34fd0190-e4aa-4ff4-aabc-b8496b4b4d07","email":"liam.gonzalez@me.com","message":"failed to process due to network exception."},{"id":"e5c405c0-8337-44ee-bbed-a3d6c2897faa","email":"nicholas.allen@microsoft.com","message":"failed to process due to datastore timeout of 30 seconds.  operation took 99 seconds."},{"id":"6939b0e9-4513-4aaf-84f0-c11f8c1c8904","email":"samantha.scott@me.com","message":"successfully handled skipped operation."},{"id":"f4b77f79-fdca-42c2-bdb6-41671e4b8b9b","email":"ella.anderson@dropbox.net","message":"successfully handled skipped operation."},{"id":"d7d6f07b-a280-427a-ac68-29849e4c4864","email":"alexis.brown@microsoft.com","message":"successfully handled skipped operation."},{"id":"660223b5-ddd5-4d84-b4a7-962294e2a0c2","email":"noah.sanchez@me.com","message":"failed to process due to datastore timeout of 30 seconds.  operation took 68 seconds."},{"id":"031fad98-d0ac-461b-bd9b-c6c38aea9fe2","email":"isabella.jackson@amerisave.com","message":"successfully processed after 9739 milliseconds."},{"id":"831da622-d977-4454-8c40-5da7ee1084ce","email":"mia.perez@me.com","message":"successfully parsed message, but message temporarily enqueued while system restarts."},{"id":"4ca4fb48-2b7d-41da-8069-cb01dcaa3a51","email":"chloe.garcia@dropbox.net","message":"successfully handled skipped operation."},{"id":"e5088d64-1912-406d-b9d8-e9223b7e9df2","email":"abigail.smith@amerisave.com","message":"failed to process due to network exception."},{"id":"afe61792-8ec5-4998-abd7-d44e2140aab6","email":"alexander.williams@gmail.com","message":"successfully processed after 7320 milliseconds."},{"id":"c720f7b5-e21c-42b7-9943-54e49faac0fd","email":"dylan.wilson@gmail.com","message":"failed to process due to network exception."},{"id":"8221b338-9452-4c7b-8cfd-f8d73862e4dd","email":"elizabeth.martinez@dropbox.net","message":"successfully parsed message, but message temporarily enqueued while system restarts."},{"id":"88e0bdef-848d-4b97-a22f-f4f06250ddff","email":"andrew.miller@gmail.com","message":"successfully parsed message, but message temporarily enqueued while system restarts."},{"id":"8b149ab4-380f-4536-b2aa-ad2621f0eed7","email":"madison.lewis@gmail.com","message":"failed to process due to datastore timeout of 30 seconds.  operation took 86 seconds."},{"id":"6f2185a0-a48c-4fe7-bd28-935c3f7d0189","email":"liam.gonzalez@me.com","message":"successfully handled skipped operation."},{"id":"33bfb0ba-3cbd-4ef1-a766-fccb27c2bb00","email":"ella.anderson@dropbox.net","message":"successfully parsed message, but message temporarily enqueued while system restarts."},{"id":"82bba7c3-a330-47b6-be0b-16da9de4884a","email":"jacob.lopez@dropbox.net","message":"successfully handled skipped operation."},{"id":"e68bfa42-f9e1-4459-82c6-a5fe8cae5e25","email":"jacob.lopez@dropbox.net","message":"failed to process due to network exception."},{"id":"94cc1e79-44fb-4516-ace0-5d9edea1dbe9","email":"daniel.rodriguez@amerisave.com","message":"successfully parsed message, but message temporarily enqueued while system restarts."},{"id":"74d1a8ed-189d-4f33-83ca-156ffa6b8520","email":"ava.davis@gmail.com","message":"successfully parsed message, but message temporarily enqueued while system restarts."},{"id":"e4a5c7e8-8790-431a-af83-d9260659b4ba","email":"alexander.williams@gmail.com","message":"failed to process due to datastore timeout of 30 seconds.  operation took 114 seconds."},{"id":"f06eb888-3e14-4d15-ba79-f3d61ab2d5e2","email":"jackson.white@gmail.com","message":"failed to process due to network exception."},{"id":"9e93cec1-84f0-434d-b59f-2c367e019729","email":"olivia.wright@gmail.com","message":"failed to process due to network exception."},{"id":"cd82f54b-30b7-47c5-a50d-dd89278aa715","email":"emma.thomas@me.com","message":"successfully processed after 5516 milliseconds."},{"id":"5f4ffcd6-39ee-4516-bb0d-557683cb7e0e","email":"abigail.smith@amerisave.com","message":"successfully handled skipped operation."},{"id":"814df073-09c0-41d1-9d38-01a36c5ace11","email":"ava.davis@gmail.com","message":"successfully parsed message, but message temporarily enqueued while system restarts."},{"id":"a89b5fef-ddbc-4de9-9c96-d31011d9cdbd","email":"liam.gonzalez@me.com","message":"successfully handled skipped operation."},{"id":"3a2640fb-9e51-4cab-b0e9-9634ea30f56e","email":"matthew.walker@amerisave.com","message":"successfully handled skipped operation."},{"id":"cc1dfa44-6be1-415b-b801-05d88c823293","email":"mason.robinson@amerisave.com","message":"failed to process due to network exception."},{"id":"d50c8c40-fadb-45c1-8a24-40908d723afa","email":"lily.harris@gmail.com","message":"successfully parsed message, but message temporarily enqueued while system restarts."},{"id":"1ce3fffe-2df8-488f-baf9-fc0d371f1039","email":"tyler.nelson@microsoft.com","message":"failed to process due to datastore timeout of 30 seconds.  operation took 67 seconds."},{"id":"526e3f86-dd15-4d19-b955-75471b101b95","email":"ethan.hernandez@microsoft.com","message":"successfully handled skipped operation."},{"id":"9a42ab02-e78a-45cf-861b-0951d0d6e1c1","email":"michael.hall@dropbox.net","message":"successfully parsed message, but message temporarily enqueued while system restarts."},{"id":"f15d2b3d-3f04-41f0-9138-cf6f65dd0f79","email":"logan.clark@dropbox.net","message":"failed to process due to datastore timeout of 30 seconds.  operation took 91 seconds."},{"id":"c4147d0f-d1d7-450f-a9be-7e515da7dc08","email":"elizabeth.martinez@dropbox.net","message":"failed to process due to network exception."},{"id":"e073ee20-099e-4d8c-8233-ce5862e71284","email":"alexis.brown@microsoft.com","message":"failed to process due to network exception."},{"id":"8600b55a-3563-49ab-855c-be404af58a88","email":"dylan.wilson@gmail.com","message":"failed to process due to datastore timeout of 30 seconds.  operation took 59 seconds."},{"id":"f1fd1375-286b-48d3-bc4d-b0034b71f75d","email":"michael.hall@dropbox.net","message":"successfully handled skipped operation."},{"id":"cad04208-34f4-4d83-83bf-195a8ee9396e","email":"mia.perez@me.com","message":"successfully processed after 4626 milliseconds."},{"id":"04eda7c9-6104-47b4-804b-b2e32c501ded","email":"alyssa.jones@amerisave.com","message":"successfully parsed message, but message temporarily enqueued while system restarts."},{"id":"77bd4cc6-d61b-4daa-b8fe-3f2843ea792e","email":"lily.harris@gmail.com","message":"successfully handled skipped operation."},{"id":"b05c8a15-f7f5-444a-8b9d-f10a7d2b5b4f","email":"joshua.lee@gmail.com","message":"successfully handled skipped operation."},{"id":"c69957ea-808b-415c-84cf-9128b9f3884c","email":"sarah.green@amerisave.com","message":"failed to process due to datastore timeout of 30 seconds.  operation took 54 seconds."},{"id":"c23c6481-c585-4192-82e0-ce5a5542c08a","email":"chloe.garcia@dropbox.net","message":"failed to process due to datastore timeout of 30 seconds.  operation took 87 seconds."},{"id":"41657ef1-70ac-480c-a820-a577a5160c72","email":"alexander.williams@gmail.com","message":"failed to process due to network exception."},{"id":"1e2b737c-6a5b-4c2b-831a-c6876ba50223","email":"samantha.scott@me.com","message":"failed to process due to network exception."},{"id":"7593871f-c7b2-4f8c-9f8b-26bd89c14c4e","email":"liam.gonzalez@me.com","message":"successfully handled skipped operation."},{"id":"aaedc75b-3e62-4767-a721-b8391f0b9bc9","email":"abigail.smith@amerisave.com","message":"successfully handled skipped operation."},{"id":"8e3e3207-246d-4c76-9e08-6b7092be9213","email":"hannah.martin@dropbox.net","message":"successfully handled skipped operation."},{"id":"f3a1095d-e115-49ec-8ea6-23a21cab5491","email":"emily.taylor@gmail.com","message":"failed to process due to datastore timeout of 30 seconds.  operation took 121 seconds."},{"id":"ef94f531-c2c9-438c-a938-15055a251d53","email":"ryan.king@dropbox.net","message":"failed to process due to datastore timeout of 30 seconds.  operation took 127 seconds."},{"id":"10c48ec2-70b9-466f-a692-6d8e3d97066f","email":"olivia.wright@gmail.com","message":"failed to process due to network exception."},{"id":"7b7da9c5-c305-4fd4-9327-d598f1c4b3f9","email":"alexis.brown@microsoft.com","message":"failed to process due to datastore timeout of 30 seconds.  operation took 88 seconds."},{"id":"df7b827b-3e98-4416-bd42-ed09ea59393c","email":"sarah.green@amerisave.com","message":"failed to process due to datastore timeout of 30 seconds.  operation took 48 seconds."},{"id":"abeae3e2-426b-440e-a6bf-98f61900ed82","email":"hannah.martin@dropbox.net","message":"failed to process due to datastore timeout of 30 seconds.  operation took 116 seconds."},{"id":"e7a8350d-1c94-406b-b763-35eba07e4a3e","email":"isabella.jackson@amerisave.com","message":"failed to process due to datastore timeout of 30 seconds.  operation took 127 seconds."},{"id":"d3eaea67-b8e9-4a5d-8a8b-60648236ba81","email":"abigail.smith@amerisave.com","message":"successfully handled skipped operation."},{"id":"43c29d0e-fb8b-4230-800f-2b5f86403c6c","email":"hannah.martin@dropbox.net","message":"successfully parsed message, but message temporarily enqueued while system restarts."},{"id":"a428d7e6-6f48-4784-b5cb-7604a0ac7f76","email":"abigail.smith@amerisave.com","message":"successfully processed after 545 milliseconds."},{"id":"47b43b86-7388-442f-9f32-7f351feeeccd","email":"nathan.young@microsoft.com","message":"successfully parsed message, but message temporarily enqueued while system restarts."},{"id":"2de62763-a8b9-402f-a5f6-54e32945067d","email":"elizabeth.martinez@dropbox.net","message":"failed to process due to datastore timeout of 30 seconds.  operation took 54 seconds."},{"id":"f2598f10-ce5e-4508-8a6e-3fddc07b7f93","email":"taylor.adams@gmail.com","message":"successfully handled skipped operation."},{"id":"2e7ecf71-3951-468f-b960-f0b9a4ad1a6e","email":"alyssa.jones@amerisave.com","message":"failed to process due to network exception."},{"id":"020f999b-52b0-4aff-a713-89cb2cf501cd","email":"ethan.hernandez@microsoft.com","message":"successfully processed after 8390 milliseconds."},{"id":"86102e44-1dcb-45b5-b6a5-f87b8c737a18","email":"dylan.wilson@gmail.com","message":"failed to process due to network exception."},{"id":"2b05a881-1fb9-43ef-8572-13c89414299e","email":"jack.thompson@me.com","message":"successfully handled skipped operation."},{"id":"ee32d472-b928-44f5-87d4-ed6364536a96","email":"grace.moore@gmail.com","message":"failed to process due to datastore timeout of 30 seconds.  operation took 73 seconds."},{"id":"65786810-6c9d-476e-8129-5510eb68cd4d","email":"sophia.baker@dropbox.net","message":"successfully handled skipped operation."},{"id":"f5a4af07-6af7-4c64-b25f-883cacdd543f","email":"daniel.rodriguez@amerisave.com","message":"successfully parsed message, but message temporarily enqueued while system restarts."},{"id":"dd67f025-389b-4c78-bf61-ea6f4730e503","email":"dylan.wilson@gmail.com","message":"successfully handled skipped operation."},{"id":"4e9de21f-7138-48c3-9011-40a562220e47","email":"liam.gonzalez@me.com","message":"failed to process due to datastore timeout of 30 seconds.  operation took 105 seconds."},{"id":"9672eb47-4fe4-4db0-a6fb-ad83bfcb2ea1","email":"jack.thompson@me.com","message":"successfully processed after 4514 milliseconds."},{"id":"70e6be22-77aa-4fab-91cc-afe12d702a11","email":"nicholas.allen@microsoft.com","message":"successfully handled skipped operation."},{"id":"3ffeb423-ebd8-4da7-8e43-942a3295df1e","email":"emily.taylor@gmail.com","message":"failed to process due to network exception."},{"id":"55c315fd-cc2b-47e7-9301-a7518ca520b5","email":"michael.hall@dropbox.net","message":"successfully handled skipped operation."},{"id":"42e7b34c-2dca-42ef-9022-ccdfaaa40411","email":"emily.taylor@gmail.com","message":"successfully handled skipped operation."},{"id":"62c82cfa-c85f-4e82-a641-ba5555482fee","email":"mia.perez@me.com","message":"successfully processed after 3901 milliseconds."},{"id":"b598e041-a5eb-4569-85e6-e893e7b4c8a2","email":"mason.robinson@amerisave.com","message":"successfully processed after 7822 milliseconds."},{"id":"a4dec76c-9715-46b1-bcfc-c3f11a3ac0a4","email":"taylor.adams@gmail.com","message":"failed to process due to network exception."},{"id":"88aee01e-fbab-4b81-9b68-cdf26e398002","email":"olivia.wright@gmail.com","message":"successfully parsed message, but message temporarily enqueued while system restarts."},{"id":"d6743c9b-442a-43fe-9843-753dc37f60aa","email":"tyler.nelson@microsoft.com","message":"successfully handled skipped operation."},{"id":"d9acf85f-f62d-493b-b460-7ada120428fc","email":"alexis.brown@microsoft.com","message":"successfully parsed message, but message temporarily enqueued while system restarts."},{"id":"66136412-92d5-4c7f-bfc0-b1ff42292e99","email":"jack.thompson@me.com","message":"failed to process due to network exception."},{"id":"39d46a60-2cd6-44aa-8975-7613e2dafdd4","email":"elizabeth.martinez@dropbox.net","message":"successfully handled skipped operation."},{"id":"83ca0c5f-e9c2-4945-9fb3-6b63820737c0","email":"chloe.garcia@dropbox.net","message":"successfully handled skipped operation."},{"id":"e1fc8281-0bda-4083-8bd9-301a02d74a2f","email":"joshua.lee@gmail.com","message":"successfully handled skipped operation."},{"id":"c52fc0ee-1bda-4af6-9fce-cce591c93db9","email":"olivia.wright@gmail.com","message":"failed to process due to network exception."},{"id":"48f5ceed-e716-4ff5-ab11-853ff4a52fa7","email":"jacob.lopez@dropbox.net","message":"successfully processed after 8035 milliseconds."},{"id":"ca09949d-db34-45bd-b889-da2be9bc2576","email":"ella.anderson@dropbox.net","message":"successfully processed after 4828 milliseconds."},{"id":"6b9e67a4-77ff-4ba1-8e15-148f8ef0461e","email":"alexis.brown@microsoft.com","message":"successfully handled skipped operation."},{"id":"a392dca1-01f5-494d-97f4-98327d82da62","email":"tyler.nelson@microsoft.com","message":"successfully parsed message, but message temporarily enqueued while system restarts."},{"id":"932f7d90-74c3-4c15-a473-df7fefd78142","email":"daniel.rodriguez@amerisave.com","message":"failed to process due to network exception."},{"id":"0c26fa6e-3e5e-40e1-bbda-cbf0f434d949","email":"abigail.smith@amerisave.com","message":"successfully handled skipped operation."},{"id":"d55ee4a6-9c98-49cf-89d5-3e1a42504e52","email":"alyssa.jones@amerisave.com","message":"failed to process due to network exception."},{"id":"2412f7ce-26f2-452d-aded-7a75ecfd91c9","email":"emily.taylor@gmail.com","message":"successfully handled skipped operation."},{"id":"876138e2-f9ff-48b8-a4ec-74bf2eebaec8","email":"madison.lewis@gmail.com","message":"failed to process due to datastore timeout of 30 seconds.  operation took 55 seconds."},{"id":"6c5c66cb-f4cd-445f-9588-f387684b2531","email":"sophia.baker@dropbox.net","message":"failed to process due to datastore timeout of 30 seconds.  operation took 67 seconds."},{"id":"9d07127a-cda6-4cda-abec-f21a4efc5d5d","email":"lily.harris@gmail.com","message":"failed to process due to datastore timeout of 30 seconds.  operation took 46 seconds."},{"id":"0bbaab77-a556-4231-acb6-c3068b3e546a","email":"madison.lewis@gmail.com","message":"failed to process due to datastore timeout of 30 seconds.  operation took 114 seconds."},{"id":"fa51983a-7172-441c-986b-14a8d2b39b29","email":"sophia.baker@dropbox.net","message":"successfully processed after 6114 milliseconds."},{"id":"604d474e-f0f3-4503-aed2-0994394e7ce9","email":"ava.davis@gmail.com","message":"failed to process due to network exception."},{"id":"f726d4a7-1d3e-431e-8233-4f63bba0d531","email":"nicholas.allen@microsoft.com","message":"successfully parsed message, but message temporarily enqueued while system restarts."},{"id":"9e806a97-77f7-4bc6-a6ad-5f26e5aa0e1b","email":"tyler.nelson@microsoft.com","message":"successfully processed after 1681 milliseconds."},{"id":"5e760238-f15a-4829-afa8-2a16e5db37d9","email":"tyler.nelson@microsoft.com","message":"successfully parsed message, but message temporarily enqueued while system restarts."},{"id":"348f0010-a2e0-4f93-88fa-edef0f065eba","email":"mason.robinson@amerisave.com","message":"failed to process due to network exception."},{"id":"280d743b-e372-4242-b5f3-2db15cb775c2","email":"lily.harris@gmail.com","message":"successfully parsed message, but message temporarily enqueued while system restarts."},{"id":"ba9fccc7-4152-49ac-83b9-4d9f24a176dd","email":"nicholas.allen@microsoft.com","message":"successfully processed after 7714 milliseconds."},{"id":"5bc61d55-9904-4589-8884-96d65a7e0845","email":"ava.davis@gmail.com","message":"failed to process due to network exception."},{"id":"7a16b339-58f1-4979-8f0f-813636634260","email":"michael.hall@dropbox.net","message":"failed to process due to network exception."},{"id":"3dea6d3a-341f-46e0-8972-1facf5f5e8ef","email":"nicholas.allen@microsoft.com","message":"failed to process due to network exception."},{"id":"687677c9-d814-4200-b733-3cbd3b8eff34","email":"nathan.young@microsoft.com","message":"successfully parsed message, but message temporarily enqueued while system restarts."},{"id":"e0c5c54f-61e1-4804-8075-ef1834b30ae2","email":"nicholas.allen@microsoft.com","message":"successfully processed after 2529 milliseconds."},{"id":"111ec2f3-4cc6-4fe2-93d2-fc184ac47f0b","email":"mia.perez@me.com","message":"successfully handled skipped operation."},{"id":"d9494f26-5afb-4282-91ed-ced9279d0c75","email":"jack.thompson@me.com","message":"successfully processed after 1637 milliseconds."},{"id":"1454ec8b-5ad4-4474-8916-b6da85a6a588","email":"ethan.hernandez@microsoft.com","message":"failed to process due to network exception."},{"id":"d4aaa081-f302-4f36-9b6f-5824df1fdd42","email":"ethan.hernandez@microsoft.com","message":"successfully handled skipped operation."},{"id":"a003180d-4956-4c04-a16a-c56227587c53","email":"liam.gonzalez@me.com","message":"failed to process due to network exception."},{"id":"a22cdce8-c690-40a2-a472-da9066fadad8","email":"alexis.brown@microsoft.com","message":"successfully handled skipped operation."},{"id":"180dfff2-98ec-4548-ab97-86f96a509e63","email":"sarah.green@amerisave.com","message":"successfully processed after 3697 milliseconds."},{"id":"af097e75-3bb2-4538-94c7-d1f9a100379e","email":"madison.lewis@gmail.com","message":"failed to process due to datastore timeout of 30 seconds.  operation took 44 seconds."},{"id":"756f1d99-b4a2-4401-b75e-a8609ed201b9","email":"lily.harris@gmail.com","message":"successfully parsed message, but message temporarily enqueued while system restarts."},{"id":"9ac6ff3c-f101-412f-93c0-a78e1cd29928","email":"mason.robinson@amerisave.com","message":"failed to process due to network exception."},{"id":"9c991dce-2470-4a82-8a97-e864fbb4d94d","email":"isabella.jackson@amerisave.com","message":"failed to process due to network exception."},{"id":"57e67b1e-6655-492f-84f9-6bc4e3401901","email":"isabella.jackson@amerisave.com","message":"failed to process due to datastore timeout of 30 seconds.  operation took 106 seconds."},{"id":"b451010b-1ddd-4edf-8642-b079ac3ec145","email":"andrew.miller@gmail.com","message":"successfully processed after 2506 milliseconds."},{"id":"653b19e2-ff0d-4e66-90f0-4f13f83ee8a2","email":"aiden.johnson@microsoft.com","message":"failed to process due to network exception."},{"id":"79a41f53-f07e-40f0-b2e9-0bcc315a7147","email":"michael.hall@dropbox.net","message":"successfully handled skipped operation."},{"id":"5e201056-b672-4441-8578-c724de1e3073","email":"logan.clark@dropbox.net","message":"successfully processed after 8513 milliseconds."},{"id":"df722439-46e3-4662-a388-070794270a3b","email":"tyler.nelson@microsoft.com","message":"successfully parsed message, but message temporarily enqueued while system restarts."},{"id":"84a6305e-c189-4e87-8988-a638c9962907","email":"olivia.wright@gmail.com","message":"successfully processed after 1914 milliseconds."},{"id":"d11a8205-5e5a-494e-9869-668e8453be4c","email":"matthew.walker@amerisave.com","message":"successfully processed after 8034 milliseconds."},{"id":"76628aa9-f7ac-4a44-ad6b-43bbe78c8f2e","email":"abigail.smith@amerisave.com","message":"failed to process due to network exception."},{"id":"e8205a94-3891-4158-a66d-13cdd95fce28","email":"madison.lewis@gmail.com","message":"successfully handled skipped operation."},{"id":"7fc9732c-3e7f-4c28-a860-49aee24e2217","email":"abigail.smith@amerisave.com","message":"successfully processed after 4762 milliseconds."},{"id":"9b9588c2-231c-4e59-b88d-846c4781a3c3","email":"sophia.baker@dropbox.net","message":"successfully handled skipped operation."},{"id":"1da45a6d-a1ba-4856-8630-7d330b30a4a9","email":"emma.thomas@me.com","message":"successfully handled skipped operation."},{"id":"c9593fb5-ab36-40ae-ae87-2a9c4079b221","email":"abigail.smith@amerisave.com","message":"successfully handled skipped operation."},{"id":"e49071de-d901-44b1-a6fd-72c0192b0953","email":"jackson.white@gmail.com","message":"successfully processed after 9412 milliseconds."},{"id":"121a523e-99d2-4c2f-a1a0-a8f624d2b248","email":"alexis.brown@microsoft.com","message":"successfully parsed message, but message temporarily enqueued while system restarts."},{"id":"65751e48-2f93-4c0e-b3ff-1e42f7ae1dd6","email":"ethan.hernandez@microsoft.com","message":"failed to process due to network exception."},{"id":"e342da17-cf4b-4016-9e90-a1ad50fcac18","email":"olivia.wright@gmail.com","message":"successfully handled skipped operation."},{"id":"c151763e-88e5-4c6f-9007-b79a9ae3eefb","email":"hannah.martin@dropbox.net","message":"successfully handled skipped operation."},{"id":"bb0f265c-e6b7-4405-b917-fa48970e4c71","email":"ryan.king@dropbox.net","message":"successfully handled skipped operation."},{"id":"5c86f38d-827f-4a0f-a7d3-8e6d8138dbf3","email":"michael.hall@dropbox.net","message":"failed to process due to network exception."},{"id":"b5783271-3f9d-4009-a146-256ddb7295d6","email":"noah.sanchez@me.com","message":"successfully processed after 3313 milliseconds."},{"id":"d7a30673-be71-4e4d-a8a5-148eba92bf77","email":"emily.taylor@gmail.com","message":"successfully parsed message, but message temporarily enqueued while system restarts."},{"id":"98278574-6558-4598-98a2-56947a04dd64","email":"chloe.garcia@dropbox.net","message":"failed to process due to network exception."},{"id":"1360fb54-31fc-4214-9638-ccc5aa371f6c","email":"nathan.young@microsoft.com","message":"failed to process due to network exception."},{"id":"ee9a6027-dc5d-4441-ab81-8c12f04f53e4","email":"liam.gonzalez@me.com","message":"successfully handled skipped operation."},{"id":"a1aee956-bd8b-4526-91db-db298c114453","email":"ryan.king@dropbox.net","message":"failed to process due to network exception."},{"id":"746e8e6d-4b2f-4298-8506-c1e83097020e","email":"nathan.young@microsoft.com","message":"successfully parsed message, but message temporarily enqueued while system restarts."},{"id":"ff54b43b-52ba-4482-ad23-cfa99c1122ef","email":"daniel.rodriguez@amerisave.com","message":"successfully processed after 151 milliseconds."},{"id":"67c1648b-e731-431f-a461-f80e747bea91","email":"alexis.brown@microsoft.com","message":"successfully processed after 5141 milliseconds."},{"id":"08806541-38e5-47dd-bd8e-60aae0ed8fe2","email":"daniel.rodriguez@amerisave.com","message":"failed to process due to datastore timeout of 30 seconds.  operation took 112 seconds."},{"id":"4a1fd478-9dba-4313-8ba1-7f93559c1e7c","email":"emma.thomas@me.com","message":"failed to process due to network exception."},{"id":"c03ebade-a9cb-429b-868a-ba40fefa534a","email":"ethan.hernandez@microsoft.com","message":"successfully handled skipped operation."},{"id":"c745382f-b759-4fb0-8ea1-915b62e1f314","email":"ethan.hernandez@microsoft.com","message":"failed to process due to datastore timeout of 30 seconds.  operation took 111 seconds."},{"id":"812110cf-907d-4fd3-85d7-9b94bfa91d77","email":"nathan.young@microsoft.com","message":"failed to process due to network exception."},{"id":"b3c73e08-3e92-4b12-9b65-6a113afee4f4","email":"nicholas.allen@microsoft.com","message":"successfully processed after 6345 milliseconds."},{"id":"25693125-57e8-4476-a0a4-23eec92ad16f","email":"jacob.lopez@dropbox.net","message":"successfully processed after 2410 milliseconds."},{"id":"d6fbecc2-e4c1-4757-9042-edd11d7c9248","email":"jack.thompson@me.com","message":"successfully parsed message, but message temporarily enqueued while system restarts."},{"id":"ec51f53d-553b-429a-99de-33f8483d532b","email":"madison.lewis@gmail.com","message":"failed to process due to datastore timeout of 30 seconds.  operation took 69 seconds."},{"id":"782bcf6d-d1eb-4d0a-a81e-07344d7c8b59","email":"michael.hall@dropbox.net","message":"failed to process due to datastore timeout of 30 seconds.  operation took 92 seconds."},{"id":"47b0a4ae-f6ae-4bbe-9010-060a302797d9","email":"joshua.lee@gmail.com","message":"successfully handled skipped operation."},{"id":"2d21cb5e-8b19-40e4-941a-bd70c3ff8e69","email":"alyssa.jones@amerisave.com","message":"failed to process due to datastore timeout of 30 seconds.  operation took 31 seconds."},{"id":"5b33f7ed-77da-4440-b0a7-b0e2091b9616","email":"aiden.johnson@microsoft.com","message":"successfully processed after 2446 milliseconds."},{"id":"5e178994-c305-447f-b2c9-b908ad90f0a6","email":"aiden.johnson@microsoft.com","message":"successfully processed after 4569 milliseconds."},{"id":"3a807826-45a1-47ea-98ef-40fafcc577b9","email":"sarah.green@amerisave.com","message":"successfully processed after 1171 milliseconds."},{"id":"38e5e50a-479d-4ec7-a1f8-700f24a4821e","email":"alyssa.jones@amerisave.com","message":"successfully handled skipped operation."},{"id":"c2a01c8e-6df1-4d2d-8804-6e929d06bc52","email":"daniel.rodriguez@amerisave.com","message":"failed to process due to network exception."},{"id":"306e973e-54d9-45c9-a677-a61a982437e3","email":"ryan.king@dropbox.net","message":"successfully processed after 9023 milliseconds."},{"id":"6dd4fe10-b921-4d6e-adfe-36e80dcab7c0","email":"grace.moore@gmail.com","message":"successfully handled skipped operation."},{"id":"79467929-4146-40d3-a639-65a0449b76cb","email":"aiden.johnson@microsoft.com","message":"successfully parsed message, but message temporarily enqueued while system restarts."},{"id":"07e4fc1a-f940-43eb-8177-0993dd72dc11","email":"emma.thomas@me.com","message":"successfully handled skipped operation."},{"id":"93a753aa-d1e7-4165-b6b0-4787e9d81a12","email":"mason.robinson@amerisave.com","message":"failed to process due to datastore timeout of 30 seconds.  operation took 124 seconds."},{"id":"8039d57a-c41a-4a5d-9cb1-409f91f6bc59","email":"ethan.hernandez@microsoft.com","message":"successfully processed after 1312 milliseconds."},{"id":"17bc5697-f5dd-4d5c-9e4f-70fc7121cb34","email":"daniel.rodriguez@amerisave.com","message":"failed to process due to network exception."},{"id":"872149d9-9c30-42d5-a8bc-aa4e131c3053","email":"aiden.johnson@microsoft.com","message":"successfully handled skipped operation."},{"id":"0a06c1b5-aa58-4923-81c0-5e6bb21d2f96","email":"logan.clark@dropbox.net","message":"successfully parsed message, but message temporarily enqueued while system restarts."},{"id":"c75e1373-8d4e-4399-bcbd-faab020de936","email":"abigail.smith@amerisave.com","message":"failed to process due to network exception."},{"id":"26f89b93-c734-4428-a2f9-678b84d7b730","email":"grace.moore@gmail.com","message":"successfully handled skipped operation."},{"id":"fb54cd21-940e-4117-97be-8efb7055c080","email":"daniel.rodriguez@amerisave.com","message":"failed to process due to datastore timeout of 30 seconds.  operation took 101 seconds."},{"id":"58694706-8a7f-4d81-9149-40be601def59","email":"sophia.baker@dropbox.net","message":"failed to process due to datastore timeout of 30 seconds.  operation took 81 seconds."},{"id":"79c7c626-41b7-4cdc-9a46-fa28acfb83a3","email":"ella.anderson@dropbox.net","message":"failed to process due to datastore timeout of 30 seconds.  operation took 123 seconds."},{"id":"0ad2539b-b3bb-40cf-9691-be97ce0522e3","email":"dylan.wilson@gmail.com","message":"failed to process due to network exception."},{"id":"9e550c38-a7d7-401e-85cc-f63bcf7e5c91","email":"emily.taylor@gmail.com","message":"failed to process due to network exception."},{"id":"a7183fca-b2cd-4ca8-bd5c-ac1a6cb1e67f","email":"madison.lewis@gmail.com","message":"successfully handled skipped operation."},{"id":"f65778a1-fd33-4adf-8919-e41fd2411e91","email":"dylan.wilson@gmail.com","message":"successfully handled skipped operation."},{"id":"ac3e3492-1bbe-49ea-9a25-09627357675c","email":"olivia.wright@gmail.com","message":"successfully handled skipped operation."},{"id":"259a813f-54af-4c12-b20f-d8351c2f0c0e","email":"michael.hall@dropbox.net","message":"failed to process due to datastore timeout of 30 seconds.  operation took 56 seconds."},{"id":"46841c53-ec79-473e-be2e-fc08f2ff4d93","email":"daniel.rodriguez@amerisave.com","message":"successfully parsed message, but message temporarily enqueued while system restarts."},{"id":"206de645-168b-4068-836b-c50a98483004","email":"alexander.williams@gmail.com","message":"failed to process due to datastore timeout of 30 seconds.  operation took 111 seconds."},{"id":"749a6976-491d-4bf6-9a68-03be6159c95d","email":"tyler.nelson@microsoft.com","message":"successfully processed after 7418 milliseconds."},{"id":"9fe83d90-c2c0-4b01-afeb-10fc55ec2223","email":"nathan.young@microsoft.com","message":"successfully processed after 5362 milliseconds."},{"id":"5a0e62bf-bea5-46ef-98dc-04da8b1775ab","email":"jacob.lopez@dropbox.net","message":"successfully handled skipped operation."},{"id":"f5918c2b-16c1-4461-961e-f09f948b2062","email":"tyler.nelson@microsoft.com","message":"failed to process due to network exception."},{"id":"d482760c-1026-4dab-9451-210ad656015e","email":"matthew.walker@amerisave.com","message":"successfully processed after 4302 milliseconds."},{"id":"02c6aa52-eb73-4397-b2c3-a044ad20f951","email":"ella.anderson@dropbox.net","message":"successfully parsed message, but message temporarily enqueued while system restarts."},{"id":"b48ea17e-ea9f-4078-9c76-b8fea5be43e4","email":"nicholas.allen@microsoft.com","message":"successfully processed after 6981 milliseconds."},{"id":"d66dbacd-3519-47e7-b441-1a09b71deaf8","email":"emily.taylor@gmail.com","message":"successfully parsed message, but message temporarily enqueued while system restarts."},{"id":"9c0a47b6-47e5-4e5c-ba0f-8a5ab4c803d9","email":"nathan.young@microsoft.com","message":"successfully handled skipped operation."},{"id":"7f28d5b7-7bc5-46d4-8ae5-bf54fcf257ff","email":"daniel.rodriguez@amerisave.com","message":"failed to process due to network exception."},{"id":"957639f5-0667-4738-af93-39f596c3fc89","email":"isabella.jackson@amerisave.com","message":"successfully handled skipped operation."},{"id":"355b86e1-980d-47e0-94e2-86df720b564a","email":"olivia.wright@gmail.com","message":"failed to process due to network exception."},{"id":"1f9e249b-b20b-422d-b13a-4f0fea9759d3","email":"tyler.nelson@microsoft.com","message":"successfully handled skipped operation."},{"id":"a2a35a12-19b7-48fd-94f8-f62507f10871","email":"ethan.hernandez@microsoft.com","message":"successfully handled skipped operation."},{"id":"69fff607-dede-43aa-bc3f-05bd479fc3d5","email":"alexander.williams@gmail.com","message":"successfully processed after 5039 milliseconds."},{"id":"449c7808-9616-4c88-bac7-5bfa2c4ce446","email":"hannah.martin@dropbox.net","message":"successfully parsed message, but message temporarily enqueued while system restarts."},{"id":"c3e7fd80-dade-4857-b75e-d9154215e4da","email":"grace.moore@gmail.com","message":"successfully parsed message, but message temporarily enqueued while system restarts."},{"id":"13892cac-8fac-4716-a238-27182328765f","email":"abigail.smith@amerisave.com","message":"failed to process due to network exception."},{"id":"e8625bb5-1841-4c95-81f4-43f772d6e087","email":"abigail.smith@amerisave.com","message":"failed to process due to datastore timeout of 30 seconds.  operation took 89 seconds."},{"id":"f29c0876-12f3-4921-a47f-9e3f5fd23381","email":"jacob.lopez@dropbox.net","message":"failed to process due to datastore timeout of 30 seconds.  operation took 43 seconds."},{"id":"7dc03f07-83f0-4203-8295-4d689d728364","email":"elizabeth.martinez@dropbox.net","message":"failed to process due to network exception."},{"id":"547b2eb0-5d7a-4b15-b7d4-c587fcf9407c","email":"samantha.scott@me.com","message":"failed to process due to network exception."},{"id":"e6781b78-656a-40da-ac54-0a982ab3b494","email":"andrew.miller@gmail.com","message":"failed to process due to datastore timeout of 30 seconds.  operation took 106 seconds."},{"id":"de21ad0f-659e-4c81-89d0-88f109eb5eba","email":"joshua.lee@gmail.com","message":"successfully handled skipped operation."},{"id":"9604dee9-e422-4325-abef-dad05e5b3111","email":"joshua.lee@gmail.com","message":"failed to process due to network exception."},{"id":"0f91d635-b430-4675-aad4-d790efd07eeb","email":"ryan.king@dropbox.net","message":"successfully parsed message, but message temporarily enqueued while system restarts."},{"id":"9766fd5e-d3fb-48b0-919d-0aaefc5155b8","email":"liam.gonzalez@me.com","message":"successfully parsed message, but message temporarily enqueued while system restarts."},{"id":"7cad8ca9-ad9e-48b6-9c3e-9206f7777d94","email":"noah.sanchez@me.com","message":"successfully parsed message, but message temporarily enqueued while system restarts."},{"id":"dd329817-3959-4619-b33f-a330fa081cba","email":"alexis.brown@microsoft.com","message":"failed to process due to network exception."},{"id":"b894b805-66e3-4592-9b49-d0e55a25245d","email":"madison.lewis@gmail.com","message":"failed to process due to network exception."},{"id":"d7c57d16-3996-44e0-acc7-73d4af7d9734","email":"ella.anderson@dropbox.net","message":"successfully parsed message, but message temporarily enqueued while system restarts."},{"id":"be1595a6-c906-401f-9d3d-172160870ea3","email":"samantha.scott@me.com","message":"failed to process due to datastore timeout of 30 seconds.  operation took 60 seconds."}],"id":"f972bd1b-49a9-43de-8989-b725b21b4845"}