{"logs":[{"id":"1f7ae909-80e8-41d1-a9d3-dbd0f0ac32a1","email":"alyssa.jones@amerisave.com","message":"successfully processed after 2381 milliseconds."},{"id":"62e387b4-e035-46d4-bf2b-53991fea8fd5","email":"elizabeth.martinez@dropbox.net","message":"successfully handled skipped operation."},{"id":"59758ffb-fa4f-461f-af4c-f1bd8a687baf","email":"andrew.miller@gmail.com","message":"successfully handled skipped operation."},{"id":"f216c10c-7b51-4a4d-83f2-0ffaa6fcb193","email":"alexander.williams@gmail.com","message":"successfully processed after 7816 milliseconds."},{"id":"73b5b42f-e79f-46fa-b6fe-b911ac447d7e","email":"noah.sanchez@me.com","message":"successfully parsed message, but message temporarily enqueued while system restarts."},{"id":"46c9b5d3-b115-4fb4-93c4-f82308e9a84c","email":"liam.gonzalez@me.com","message":"successfully parsed message, but message temporarily enqueued while system restarts."},{"id":"5cfa0ffa-47e9-45a3-bd7d-a2bd5c18d02a","email":"taylor.adams@gmail.com","message":"successfully handled skipped operation."},{"id":"b796fced-685d-4800-8f3d-f4aca3e55c8d","email":"elizabeth.martinez@dropbox.net","message":"successfully parsed message, but message temporarily enqueued while system restarts."},{"id":"0f026de5-3c1a-4e52-8db3-8d23e48dcd31","email":"elizabeth.martinez@dropbox.net","message":"successfully handled skipped operation."},{"id":"d3c463bc-d949-45a0-b167-da85ef22429a","email":"chloe.garcia@dropbox.net","message":"successfully handled skipped operation."},{"id":"8b5343f9-bcd2-4558-a682-828920d7e568","email":"taylor.adams@gmail.com","message":"failed to process due to datastore timeout of 30 seconds.  operation took 113 seconds."},{"id":"bbf0128f-e0e9-4b46-879c-241dde02bd38","email":"nathan.young@microsoft.com","message":"successfully parsed message, but message temporarily enqueued while system restarts."},{"id":"4d47a4d4-f86a-473a-a96d-0ea6672ddcfe","email":"madison.lewis@gmail.com","message":"failed to process due to datastore timeout of 30 seconds.  operation took 32 seconds."},{"id":"25872426-6e59-462c-afdb-fffc4a2a54e2","email":"matthew.walker@amerisave.com","message":"failed to process due to network exception."},{"id":"6f26ce55-8bcc-4b29-84f6-f7d58ffce574","email":"aiden.johnson@microsoft.com","message":"successfully handled skipped operation."},{"id":"bc977590-5b90-4879-ab41-5fd78028cf41","email":"olivia.wright@gmail.com","message":"failed to process due to network exception."},{"id":"c79ad13d-429a-4bd8-a782-6ec21f9e3209","email":"michael.hall@dropbox.net","message":"successfully parsed message, but message temporarily enqueued while system restarts."},{"id":"300caf1e-435b-4a8c-a6e0-7eb3b22d10e7","email":"jacob.lopez@dropbox.net","message":"successfully processed after 6865 milliseconds."},{"id":"da013985-dd86-4760-88fc-f32ac7db1934","email":"alexander.williams@gmail.com","message":"failed to process due to datastore timeout of 30 seconds.  operation took 78 seconds."},{"id":"e955c0bc-8dd3-4a7c-9fe4-e187f7d10fcd","email":"jackson.white@gmail.com","message":"successfully parsed message, but message temporarily enqueued while system restarts."},{"id":"b26b29e6-61fc-4c07-8f91-393df13425d3","email":"daniel.rodriguez@amerisave.com","message":"successfully handled skipped operation."},{"id":"fba280a0-9494-4d15-962a-fdf277084dcd","email":"mason.robinson@amerisave.com","message":"successfully parsed message, but message temporarily enqueued while system restarts."},{"id":"16d8fdd8-b12c-43c6-9668-7a95ad0dd121","email":"grace.moore@gmail.com","message":"failed to process due to network exception."},{"id":"01ef152b-a360-4d25-b58d-c0b4609e63d4","email":"aiden.johnson@microsoft.com","message":"successfully parsed message, but message temporarily enqueued while system restarts."},{"id":"e7c2fe8a-5247-4011-bc7d-7c24a3c68a08","email":"samantha.scott@me.com","message":"successfully parsed message, but message temporarily enqueued while system restarts."},{"id":"bb9c4d18-c803-4597-a10c-bf3ac90e3db7","email":"aiden.johnson@microsoft.com","message":"successfully parsed message, but message temporarily enqueued while system restarts."},{"id":"a0c6cb06-9bc5-422f-b239-4ba44b685d95","email":"taylor.adams@gmail.com","message":"successfully parsed message, but message temporarily enqueued while system restarts."},{"id":"a4bd53ed-8caf-4f96-8da2-5fd7d2d88d30","email":"sophia.baker@dropbox.net","message":"failed to process due to network exception."},{"id":"48977c6a-250c-454b-b679-56e3a537d676","email":"mason.robinson@amerisave.com","message":"failed to process due to datastore timeout of 30 seconds.  operation took 113 seconds."},{"id":"b72d00b3-3f63-4cff-98c1-ad9998316d48","email":"jacob.lopez@dropbox.net","message":"successfully handled skipped operation."},{"id":"53c9d509-4dce-4bd0-b045-2c779e06c69f","email":"sarah.green@amerisave.com","message":"failed to process due to network exception."},{"id":"8de2894b-f8b2-4e2b-9d6b-d7accbe27b4b","email":"dylan.wilson@gmail.com","message":"successfully parsed message, but message temporarily enqueued while system restarts."},{"id":"442fd186-aff9-47ad-b6ea-9d3ce19fe132","email":"jacob.lopez@dropbox.net","message":"failed to process due to network exception."},{"id":"35716b39-9823-4a55-8db4-60e360d20229","email":"nicholas.allen@microsoft.com","message":"successfully parsed message, but message temporarily enqueued while system restarts."},{"id":"a7ea412a-d016-4fa6-ab53-e6016f1c481b","email":"taylor.adams@gmail.com","message":"successfully parsed message, but message temporarily enqueued while system restarts."},{"id":"73a93269-4152-4f2c-b08d-4cb770de35f3","email":"taylor.adams@gmail.com","message":"successfully processed after 5106 milliseconds."},{"id":"6160ec79-56d9-479e-bfd5-94bd3e8d7e12","email":"andrew.miller@gmail.com","message":"failed to process due to network exception."},{"id":"9c77c2ae-a39f-40a8-ab58-4da818e9633c","email":"daniel.rodriguez@amerisave.com","message":"successfully parsed message, but message temporarily enqueued while system restarts."},{"id":"a4db9d89-78b3-4d24-bd0f-251835b46faa","email":"jack.thompson@me.com","message":"failed to process due to network exception."},{"id":"3252f483-86ca-4b97-9846-03ad7fc3d891","email":"alyssa.jones@amerisave.com","message":"failed to process due to datastore timeout of 30 seconds.  operation took 57 seconds."},{"id":"650f7a87-5f91-4bc9-a6e5-1063c0cb5510","email":"michael.hall@dropbox.net","message":"failed to process due to datastore timeout of 30 seconds.  operation took 42 seconds."},{"id":"569fa4d6-3a7c-40c9-895b-0b4599e3594f","email":"lily.harris@gmail.com","message":"successfully processed after 2002 milliseconds."},{"id":"f726385f-8569-428d-bef9-d09bff8d5fe1","email":"ethan.hernandez@microsoft.com","message":"successfully parsed message, but message temporarily enqueued while system restarts."},{"id":"88cd2ebf-d50a-4f54-9f71-429a378c9af4","email":"aiden.johnson@microsoft.com","message":"successfully processed after 8782 milliseconds."},{"id":"20c098cd-d9cc-4e5d-b252-fd27de339c1a","email":"tyler.nelson@microsoft.com","message":"successfully parsed message, but message temporarily enqueued while system restarts."},{"id":"a0350797-3c10-437c-b4ff-a2af5cd68638","email":"taylor.adams@gmail.com","message":"successfully processed after 7069 milliseconds."},{"id":"92ba8ed4-e95f-4f74-87dc-8134e0d6ce29","email":"sophia.baker@dropbox.net","message":"failed to process due to network exception."},{"id":"79552e24-43d3-48b4-957f-639b39ecd00b","email":"aiden.johnson@microsoft.com","message":"successfully processed after 667 milliseconds."},{"id":"379abd84-e1ab-4b6c-81f9-ea56aa1988a2","email":"chloe.garcia@dropbox.net","message":"successfully processed after 7266 milliseconds."},{"id":"e32bc4ff-8b1c-400e-ad3d-524e6559a636","email":"tyler.nelson@microsoft.com","message":"successfully parsed message, but message temporarily enqueued while system restarts."},{"id":"3ac88289-c408-4b58-8ab7-1e7ea09e69dc","email":"taylor.adams@gmail.com","message":"successfully processed after 2106 milliseconds."},{"id":"620b6491-f129-431e-88ab-67d7fb874dfc","email":"emily.taylor@gmail.com","message":"successfully handled skipped operation."},{"id":"0b964bbc-5bb7-4ae3-90c8-a96f1f8e7b4c","email":"matthew.walker@amerisave.com","message":"failed to process due to datastore timeout of 30 seconds.  operation took 66 seconds."},{"id":"20c7f52c-88b1-4a7e-a5f9-45737d486900","email":"samantha.scott@me.com","message":"failed to process due to datastore timeout of 30 seconds.  operation took 92 seconds."},{"id":"07852a6c-855e-47bd-b2d3-8427ba5edf30","email":"logan.clark@dropbox.net","message":"successfully parsed message, but message temporarily enqueued while system restarts."},{"id":"cd4a8097-7ead-478a-bcd0-6164a86ef874","email":"hannah.martin@dropbox.net","message":"failed to process due to datastore timeout of 30 seconds.  operation took 113 seconds."},{"id":"fe651101-91da-4f64-b966-73631670b3cd","email":"tyler.nelson@microsoft.com","message":"failed to process due to network exception."},{"id":"7f29c2e3-9a1b-4b5d-9579-6bdd8a8780ee","email":"olivia.wright@gmail.com","message":"successfully parsed message, but message temporarily enqueued while system restarts."},{"id":"b2cd5af1-c67a-4df6-969f-3cbc3bf5c544","email":"jack.thompson@me.com","message":"successfully processed after 1541 milliseconds."},{"id":"6dcc760d-723d-46db-ad6f-fe0ccdee00fb","email":"sarah.green@amerisave.com","message":"failed to process due to network exception."},{"id":"b849f67d-4e39-4e7f-bc60-b0dba670ffa4","email":"ella.anderson@dropbox.net","message":"failed to process due to datastore timeout of 30 seconds.  operation took 112 seconds."},{"id":"42fe249e-4e9b-4b17-b39d-dc51cae01971","email":"daniel.rodriguez@amerisave.com","message":"failed to process due to network exception."},{"id":"259b09d0-9848-4874-879e-e0693d035080","email":"sarah.green@amerisave.com","message":"failed to process due to network exception."},{"id":"7dc4c58b-e07b-47b3-8953-48bb705607d3","email":"chloe.garcia@dropbox.net","message":"successfully parsed message, but message temporarily enqueued while system restarts."},{"id":"c1cdc2c8-5369-4cfe-8936-a01e81b0d075","email":"jackson.white@gmail.com","message":"failed to process due to network exception."},{"id":"1247f834-05bb-4f78-aa09-2aae3c79201e","email":"mason.robinson@amerisave.com","message":"failed to process due to network exception."},{"id":"be9eeb35-fa8f-4eee-b666-3c1a05d17411","email":"noah.sanchez@me.com","message":"successfully parsed message, but message temporarily enqueued while system restarts."},{"id":"0966953b-02ef-4062-8f30-ec1727c9a171","email":"jack.thompson@me.com","message":"successfully parsed message, but message temporarily enqueued while system restarts."},{"id":"7f6351a3-1200-4a02-8bdf-30ddfca8225b","email":"jacob.lopez@dropbox.net","message":"successfully handled skipped operation."},{"id":"5dbb57cb-553d-4eba-8a78-b39e669da647","email":"ryan.king@dropbox.net","message":"failed to process due to datastore timeout of 30 seconds.  operation took 62 seconds."},{"id":"fc5863fd-c864-46f7-b1ac-1fd8d714e4e9","email":"lily.harris@gmail.com","message":"failed to process due to datastore timeout of 30 seconds.  operation took 117 seconds."},{"id":"7a7bdbec-a150-4af0-8a31-da1a76ca1b28","email":"aiden.johnson@microsoft.com","message":"successfully processed after 3792 milliseconds."},{"id":"311e56fb-be40-498d-99c7-c6bd599381af","email":"abigail.smith@amerisave.com","message":"failed to process due to datastore timeout of 30 seconds.  operation took 65 seconds."},{"id":"2c88bded-89ef-43ed-9879-8b032319c238","email":"michael.hall@dropbox.net","message":"failed to process due to network exception."},{"id":"588cad4f-e05b-4dcd-a678-770550ba024e","email":"madison.lewis@gmail.com","message":"failed to process due to datastore timeout of 30 seconds.  operation took 58 seconds."},{"id":"0e633d57-75bb-4400-a9be-f3b2d0922a53","email":"chloe.garcia@dropbox.net","message":"successfully handled skipped operation."},{"id":"7a436bca-2528-4426-a741-e92bc5eb3901","email":"ryan.king@dropbox.net","message":"successfully handled skipped operation."},{"id":"d359f1fb-54a9-47e8-8515-ee98a468a6f4","email":"dylan.wilson@gmail.com","message":"failed to process due to datastore timeout of 30 seconds.  operation took 102 seconds."},{"id":"f27a7144-bdf6-4bf2-a56f-ddd4d8ca8761","email":"logan.clark@dropbox.net","message":"failed to process due to datastore timeout of 30 seconds.  operation took 123 seconds."},{"id":"35d85429-f971-4a86-823f-fc7970f7487d","email":"noah.sanchez@me.com","message":"successfully processed after 8560 milliseconds."},{"id":"7d6c34a6-7126-40d8-8218-eb24facf06e2","email":"emma.thomas@me.com","message":"successfully processed after 9657 milliseconds."},{"id":"4ab7d3e3-968c-4a37-8283-adc84034411a","email":"madison.lewis@gmail.com","message":"failed to process due to datastore timeout of 30 seconds.  operation took 101 seconds."},{"id":"e567486a-d29c-4153-891d-1342dea634c6","email":"jacob.lopez@dropbox.net","message":"failed to process due to datastore timeout of 30 seconds.  operation took 102 seconds."},{"id":"4434efbd-79d7-470b-a2f8-14f9a15abb90","email":"jack.thompson@me.com","message":"failed to process due to datastore timeout of 30 seconds.  operation took 38 seconds."},{"id":"2e0db6a1-b520-41aa-a95f-d4920218e5bd","email":"ethan.hernandez@microsoft.com","message":"successfully handled skipped operation."},{"id":"214a67b1-ea24-4051-8ab7-ba12f99a6c82","email":"michael.hall@dropbox.net","message":"failed to process due to network exception."},{"id":"d19abe16-b068-404e-955d-23b727283bd6","email":"andrew.miller@gmail.com","message":"successfully parsed message, but message temporarily enqueued while system restarts."},{"id":"3b2f11ca-2b29-48f4-8667-3dc455a26cc5","email":"alexander.williams@gmail.com","message":"successfully processed after 56 milliseconds."},{"id":"f998db75-4a7b-4f82-b68d-6db65e94e42e","email":"taylor.adams@gmail.com","message":"failed to process due to network exception."},{"id":"ed7af684-dfbe-439a-92ae-0659c5e541d3","email":"matthew.walker@amerisave.com","message":"successfully processed after 6062 milliseconds."},{"id":"9cff51da-aaf0-4b36-aabf-b55373e33bea","email":"tyler.nelson@microsoft.com","message":"failed to process due to datastore timeout of 30 seconds.  operation took 63 seconds."},{"id":"473cbf67-30eb-498b-afc9-d459eddaae17","email":"lily.harris@gmail.com","message":"successfully processed after 536 milliseconds."},{"id":"f0093cc3-4b8a-435b-8249-7b878229fed0","email":"nicholas.allen@microsoft.com","message":"successfully handled skipped operation."},{"id":"9850f0f4-592f-4a2f-a4f8-13661735a606","email":"andrew.miller@gmail.com","message":"failed to process due to network exception."},{"id":"8cf20dca-894b-4ee9-9ef8-8b07d883ecc3","email":"emma.thomas@me.com","message":"successfully processed after 400 milliseconds."},{"id":"e40c71f3-c905-45fa-8c37-fdc1f48384cd","email":"ethan.hernandez@microsoft.com","message":"successfully processed after 3865 milliseconds."},{"id":"d2d9dbcc-bff7-470b-b762-58e8af388f42","email":"nathan.young@microsoft.com","message":"failed to process due to network exception."},{"id":"172c30de-3983-4beb-9b73-bfb5c872e00b","email":"daniel.rodriguez@amerisave.com","message":"successfully parsed message, but message temporarily enqueued while system restarts."},{"id":"cc9067c0-4cd3-4a5a-b2f1-89d179d7e78a","email":"ava.davis@gmail.com","message":"failed to process due to datastore timeout of 30 seconds.  operation took 62 seconds."},{"id":"f920b38e-17e5-4530-a5b0-c3a8a68122d7","email":"sarah.green@amerisave.com","message":"failed to process due to datastore timeout of 30 seconds.  operation took 56 seconds."},{"id":"21f76eaf-fc48-4fe2-94e8-063f2847e865","email":"ethan.hernandez@microsoft.com","message":"successfully processed after 8848 milliseconds."},{"id":"0ebf9ab2-f49d-4363-ad4a-69c8e3656d82","email":"chloe.garcia@dropbox.net","message":"failed to process due to network exception."},{"id":"a0f0bde4-2731-471c-b74c-887dd3944842","email":"daniel.rodriguez@amerisave.com","message":"failed to process due to datastore timeout of 30 seconds.  operation took 75 seconds."},{"id":"b42d5df4-a698-4f30-a016-b3ea2c53cf75","email":"liam.gonzalez@me.com","message":"successfully handled skipped operation."},{"id":"2a2f6dcb-c84e-4632-a93e-b606b50071b2","email":"andrew.miller@gmail.com","message":"successfully processed after 3732 milliseconds."},{"id":"f22efbf0-9f8a-4990-a817-770d3cea0de0","email":"jacob.lopez@dropbox.net","message":"failed to process due to datastore timeout of 30 seconds.  operation took 124 seconds."},{"id":"f648b7ee-fec6-41be-b072-659f433050e4","email":"alexis.brown@microsoft.com","message":"failed to process due to datastore timeout of 30 seconds.  operation took 70 seconds."},{"id":"05d10294-53ef-456c-b877-157b86a66af6","email":"andrew.miller@gmail.com","message":"successfully handled skipped operation."},{"id":"2af650f7-55d5-43aa-bf5b-f6420d18e895","email":"hannah.martin@dropbox.net","message":"successfully processed after 304 milliseconds."},{"id":"f2f3aa0b-c94b-4703-82e2-b84ada4861ae","email":"logan.clark@dropbox.net","message":"successfully handled skipped operation."},{"id":"c5ba502a-00be-4864-8aa1-d75e5520c4fa","email":"andrew.miller@gmail.com","message":"failed to process due to network exception."},{"id":"546fb210-0501-4311-9a68-12ad4f96e43f","email":"alexander.williams@gmail.com","message":"successfully handled skipped operation."},{"id":"c6a8b9f3-ca59-45a5-8085-5a2f844711ee","email":"mia.perez@me.com","message":"successfully handled skipped operation."},{"id":"351b7f48-e8df-4824-a9aa-d08f8ba203d4","email":"jackson.white@gmail.com","message":"failed to process due to network exception."},{"id":"0d1e4864-6dfb-4ffd-a739-8c9ea902ecea","email":"ava.davis@gmail.com","message":"failed to process due to datastore timeout of 30 seconds.  operation took 120 seconds."},{"id":"e0c20220-6f2a-4062-a6c2-ad6fd324dc67","email":"olivia.wright@gmail.com","message":"successfully processed after 5680 milliseconds."},{"id":"570f871d-782b-4326-aa36-3accaa7f15c2","email":"emily.taylor@gmail.com","message":"successfully handled skipped operation."},{"id":"d11a9adb-99d7-4613-8b6f-565eaf1562d9","email":"elizabeth.martinez@dropbox.net","message":"successfully handled skipped operation."},{"id":"47cc4143-8a15-4829-94dc-8bdf74caf5d1","email":"aiden.johnson@microsoft.com","message":"failed to process due to datastore timeout of 30 seconds.  operation took 39 seconds."},{"id":"a52fa5f7-8112-458f-a664-239237743891","email":"sarah.green@amerisave.com","message":"successfully parsed message, but message temporarily enqueued while system restarts."},{"id":"646b1717-3d7e-4b2a-908e-65319bda799c","email":"chloe.garcia@dropbox.net","message":"failed to process due to network exception."},{"id":"c9e0cf16-260a-4094-952c-f1c7002dff43","email":"emily.taylor@gmail.com","message":"failed to process due to network exception."},{"id":"1b51ba81-264f-41b0-a9f6-949f0ba77fa2","email":"isabella.jackson@amerisave.com","message":"failed to process due to network exception."},{"id":"bddfce2d-a7b7-4620-a85f-df3e659f2c0e","email":"abigail.smith@amerisave.com","message":"successfully parsed message, but message temporarily enqueued while system restarts."},{"id":"30d63971-93fa-4f20-844f-196e2cf79a40","email":"mason.robinson@amerisave.com","message":"successfully handled skipped operation."},{"id":"708612e3-8e9f-4fe2-95b1-2dabc3781890","email":"mia.perez@me.com","message":"successfully processed after 7358 milliseconds."},{"id":"73c6d38a-d3da-400c-800b-5914a3c9c2b4","email":"nathan.young@microsoft.com","message":"successfully parsed message, but message temporarily enqueued while system restarts."},{"id":"eb95e767-664a-4baa-8802-9284cbb2061c","email":"taylor.adams@gmail.com","message":"failed to process due to network exception."},{"id":"14b50004-25a1-4767-8448-83a5f48cdc92","email":"abigail.smith@amerisave.com","message":"failed to process due to network exception."},{"id":"d11f6a77-42e0-47de-bb12-7a6f3bc6a525","email":"elizabeth.martinez@dropbox.net","message":"successfully processed after 4399 milliseconds."},{"id":"0fe90d8f-062a-4460-857e-399586345ce8","email":"sarah.green@amerisave.com","message":"successfully processed after 2984 milliseconds."},{"id":"ac2c223e-471d-4feb-8d8b-33db5e58833a","email":"mason.robinson@amerisave.com","message":"successfully handled skipped operation."},{"id":"5b009a7a-6835-440e-90dd-ffd26123f9a8","email":"aiden.johnson@microsoft.com","message":"successfully processed after 1271 milliseconds."},{"id":"deaabba5-fe5f-41ec-a344-edf4cf0ae2c9","email":"daniel.rodriguez@amerisave.com","message":"successfully parsed message, but message temporarily enqueued while system restarts."},{"id":"ed9f9908-4465-447f-9a7a-57df9b9f02a5","email":"olivia.wright@gmail.com","message":"failed to process due to datastore timeout of 30 seconds.  operation took 78 seconds."},{"id":"9524084c-ab56-4bdb-8608-fe5b83e0fd1f","email":"lily.harris@gmail.com","message":"failed to process due to datastore timeout of 30 seconds.  operation took 36 seconds."},{"id":"9e9be3f8-a1d5-4925-b0a4-ddf2b6aa3a11","email":"nathan.young@microsoft.com","message":"failed to process due to datastore timeout of 30 seconds.  operation took 94 seconds."},{"id":"1fd91609-17c1-4d64-815d-58a81822d7b0","email":"matthew.walker@amerisave.com","message":"successfully handled skipped operation."},{"id":"00ca3336-7eb3-40e7-baa9-393a6818a09f","email":"taylor.adams@gmail.com","message":"failed to process due to network exception."},{"id":"c01563ec-a264-478c-bf02-8783b477409c","email":"andrew.miller@gmail.com","message":"failed to process due to network exception."},{"id":"e0715808-f548-453e-acb1-8878e0ae3cfd","email":"sarah.green@amerisave.com","message":"successfully handled skipped operation."},{"id":"d5effe27-beec-4d96-b83b-5b705924c2a7","email":"emily.taylor@gmail.com","message":"successfully handled skipped operation."},{"id":"951b5572-3dea-42cf-aad4-a7d8cd0b0f39","email":"noah.sanchez@me.com","message":"failed to process due to datastore timeout of 30 seconds.  operation took 60 seconds."},{"id":"6f5c3811-ada9-4b2e-8b5c-28314cec10a0","email":"daniel.rodriguez@amerisave.com","message":"successfully parsed message, but message temporarily enqueued while system restarts."},{"id":"7c6a3098-0cb9-4ad9-bbeb-57e645270749","email":"mason.robinson@amerisave.com","message":"failed to process due to datastore timeout of 30 seconds.  operation took 83 seconds."},{"id":"cee06f93-3d27-4e29-b942-824c73c6e411","email":"alexander.williams@gmail.com","message":"successfully parsed message, but message temporarily enqueued while system restarts."},{"id":"d534af2a-3757-4b72-8801-4e1ff8ed02eb","email":"jack.thompson@me.com","message":"successfully handled skipped operation."},{"id":"fd175bfe-e9ba-400b-9607-e89fdd4ccc3f","email":"jacob.lopez@dropbox.net","message":"failed to process due to network exception."},{"id":"bc4dd40a-b8d1-42fd-baa2-9824bc1106f7","email":"mia.perez@me.com","message":"successfully handled skipped operation."},{"id":"4e167c9f-ee26-40ca-98ab-53f7f526ebee","email":"alexis.brown@microsoft.com","message":"successfully processed after 9981 milliseconds."},{"id":"6fd4382f-1ad0-4d71-b1e1-6b9a4eaa17e7","email":"isabella.jackson@amerisave.com","message":"successfully processed after 742 milliseconds."},{"id":"0ec48f21-bb56-4856-bfd3-2dfe7222afc8","email":"ryan.king@dropbox.net","message":"failed to process due to datastore timeout of 30 seconds.  operation took 50 seconds."},{"id":"edfb2bdf-71b1-4953-97c0-c7526194c32f","email":"olivia.wright@gmail.com","message":"successfully handled skipped operation."},{"id":"e982d5e4-0e22-4ec5-943a-5d35a8015ccc","email":"abigail.smith@amerisave.com","message":"successfully processed after 6794 milliseconds."},{"id":"11b38516-8f7f-495d-9dda-def6bed7a40c","email":"liam.gonzalez@me.com","message":"failed to process due to network exception."},{"id":"aecc2914-b481-4aec-8221-18357c507442","email":"liam.gonzalez@me.com","message":"failed to process due to datastore timeout of 30 seconds.  operation took 108 seconds."},{"id":"162f2f15-e741-4b7d-b100-70138257005b","email":"ryan.king@dropbox.net","message":"successfully processed after 3302 milliseconds."},{"id":"2c34f17c-7565-413c-8600-d59d018ee92d","email":"andrew.miller@gmail.com","message":"failed to process due to network exception."},{"id":"1cc06e73-4f13-4e1d-b4a0-fa1bfa5f3ce5","email":"dylan.wilson@gmail.com","message":"successfully handled skipped operation."},{"id":"d5cf2068-fa58-4fe8-8ccd-f660f3736195","email":"emily.taylor@gmail.com","message":"failed to process due to datastore timeout of 30 seconds.  operation took 45 seconds."},{"id":"489d6d39-c793-40ab-af6e-df06e15c5913","email":"madison.lewis@gmail.com","message":"successfully handled skipped operation."},{"id":"5c16906f-8cdc-44ad-bada-db651d57cdef","email":"elizabeth.martinez@dropbox.net","message":"successfully handled skipped operation."},{"id":"9e7f029b-fcff-48d7-8fb6-b8a50d9bddc9","email":"andrew.miller@gmail.com","message":"successfully processed after 3529 milliseconds."},{"id":"839e092c-ce60-4ece-87c0-fddfbcd20d51","email":"alexander.williams@gmail.com","message":"successfully processed after 6299 milliseconds."},{"id":"0e3dbfcb-b092-4930-a2b3-d0d4b8218e47","email":"jackson.white@gmail.com","message":"failed to process due to datastore timeout of 30 seconds.  operation took 105 seconds."},{"id":"18a2c107-bb5c-4421-9673-5006fbb43863","email":"ava.davis@gmail.com","message":"successfully handled skipped operation."},{"id":"722e605a-1be2-4e27-8b8a-63ecff465ed1","email":"michael.hall@dropbox.net","message":"successfully handled skipped operation."},{"id":"73a0c13e-3a96-492a-b73e-9bcb1254eb2b","email":"matthew.walker@amerisave.com","message":"successfully processed after 7894 milliseconds."},{"id":"ef7c4ba1-8699-4825-a6b1-9c67336fa1b0","email":"jackson.white@gmail.com","message":"failed to process due to network exception."},{"id":"483dabbc-2ce3-4f45-9d41-3996829334d8","email":"hannah.martin@dropbox.net","message":"successfully processed after 3336 milliseconds."},{"id":"4636f0d4-b7d4-4096-92ba-9ecc99474848","email":"noah.sanchez@me.com","message":"failed to process due to network exception."},{"id":"e6afbeb9-260e-4c30-8f59-8f5c750a20ab","email":"madison.lewis@gmail.com","message":"failed to process due to network exception."},{"id":"d46059cd-314c-4813-a3e6-a0336852e25e","email":"sarah.green@amerisave.com","message":"successfully parsed message, but message temporarily enqueued while system restarts."},{"id":"d0d79086-1e74-47e8-bff4-b838684e569e","email":"andrew.miller@gmail.com","message":"successfully handled skipped operation."},{"id":"931557e8-c25e-430f-ad5b-c7f02c9e2d5d","email":"jackson.white@gmail.com","message":"failed to process due to network exception."},{"id":"0ea06159-0e21-4800-bb24-7aa008b421ea","email":"ethan.hernandez@microsoft.com","message":"successfully handled skipped operation."},{"id":"d8e8d286-e782-410e-9fd3-3c857a164ba4","email":"nathan.young@microsoft.com","message":"successfully handled skipped operation."},{"id":"eecfbfd3-7fcd-4fcc-8838-88adeeec6290","email":"lily.harris@gmail.com","message":"successfully processed after 5681 milliseconds."},{"id":"ee6760d8-0ca5-4f8e-9f3b-cb6ada1698d3","email":"grace.moore@gmail.com","message":"failed to process due to network exception."},{"id":"d7abe88e-b783-450f-b191-3ecb87c5e9a7","email":"ella.anderson@dropbox.net","message":"successfully processed after 2556 milliseconds."},{"id":"7ea6a683-849e-4886-ab5d-5d61b8dd25be","email":"dylan.wilson@gmail.com","message":"failed to process due to network exception."},{"id":"3335ec8e-6131-4397-8ec9-f055f43acd63","email":"ava.davis@gmail.com","message":"failed to process due to datastore timeout of 30 seconds.  operation took 60 seconds."},{"id":"add749eb-9e30-4298-a562-711104baad08","email":"jackson.white@gmail.com","message":"failed to process due to datastore timeout of 30 seconds.  operation took 67 seconds."},{"id":"a38e6e5f-4716-4e03-ad88-0cce05c392a9","email":"abigail.smith@amerisave.com","message":"successfully parsed message, but message temporarily enqueued while system restarts."},{"id":"8287413a-4693-4185-bd70-58e40e2fa318","email":"taylor.adams@gmail.com","message":"failed to process due to datastore timeout of 30 seconds.  operation took 106 seconds."},{"id":"d2a2ee3d-2512-4996-87ca-ad833d4410a3","email":"aiden.johnson@microsoft.com","message":"failed to process due to network exception."},{"id":"2a57e185-f2a1-4098-91fc-6b6766dc489d","email":"samantha.scott@me.com","message":"successfully handled skipped operation."},{"id":"583cd822-e58e-4abe-8220-df0bfcf158a6","email":"sophia.baker@dropbox.net","message":"failed to process due to datastore timeout of 30 seconds.  operation took 38 seconds."},{"id":"6dd4c888-d7e1-44a1-b0e7-ae0636188656","email":"nathan.young@microsoft.com","message":"successfully processed after 8154 milliseconds."},{"id":"d1970b72-ab69-4ed8-8894-334b10024fef","email":"ethan.hernandez@microsoft.com","message":"failed to process due to datastore timeout of 30 seconds.  operation took 63 seconds."},{"id":"0a5c6f01-6d66-4599-871d-3d896d75019c","email":"nicholas.allen@microsoft.com","message":"successfully handled skipped operation."},{"id":"1a7dc855-58a0-433e-8b63-0cfd09c30002","email":"isabella.jackson@amerisave.com","message":"failed to process due to network exception."},{"id":"27c9d7df-bac7-4aa0-a790-e4fdf66511be","email":"tyler.nelson@microsoft.com","message":"failed to process due to datastore timeout of 30 seconds.  operation took 46 seconds."},{"id":"07670ac8-782d-4f04-829c-184e847e32bb","email":"taylor.adams@gmail.com","message":"successfully parsed message, but message temporarily enqueued while system restarts."},{"id":"548e9314-4cd8-4f2e-93f3-0641f6ab37fc","email":"jackson.white@gmail.com","message":"successfully parsed message, but message temporarily enqueued while system restarts."},{"id":"2220b7b9-47ac-4c63-a3d1-3661cc85ff50","email":"nathan.young@microsoft.com","message":"failed to process due to network exception."},{"id":"33b7c206-3843-4781-95fc-4d5af0541b30","email":"samantha.scott@me.com","message":"successfully handled skipped operation."},{"id":"6a0f4aad-9291-4f85-8510-0708d8e773d5","email":"andrew.miller@gmail.com","message":"successfully parsed message, but message temporarily enqueued while system restarts."},{"id":"9775ddca-9c3f-4c41-83de-e30b1d195eda","email":"dylan.wilson@gmail.com","message":"failed to process due to network exception."},{"id":"e2b74fca-7223-4905-96f4-da21201a3fff","email":"ella.anderson@dropbox.net","message":"failed to process due to datastore timeout of 30 seconds.  operation took 93 seconds."},{"id":"a56a4e1e-e95a-412a-953a-e4d30e4b0df3","email":"ethan.hernandez@microsoft.com","message":"successfully parsed message, but message temporarily enqueued while system restarts."},{"id":"baca2706-c7b5-4c94-84ce-f81faaa3f815","email":"jackson.white@gmail.com","message":"failed to process due to network exception."},{"id":"83486fae-96b1-4d66-917a-2b6331a7aa69","email":"emily.taylor@gmail.com","message":"failed to process due to network exception."},{"id":"9a74db9b-7b98-426b-900b-e116531c4185","email":"noah.sanchez@me.com","message":"successfully parsed message, but message temporarily enqueued while system restarts."},{"id":"4233caaa-d8e3-484f-bc9a-75491057af3e","email":"taylor.adams@gmail.com","message":"successfully handled skipped operation."},{"id":"8c18f7df-453f-4069-a59a-bdcdd2c18d96","email":"jacob.lopez@dropbox.net","message":"failed to process due to datastore timeout of 30 seconds.  operation took 56 seconds."},{"id":"f3f743bb-f84d-47a6-b173-334d8935086a","email":"nathan.young@microsoft.com","message":"failed to process due to datastore timeout of 30 seconds.  operation took 95 seconds."},{"id":"3a6e96c4-530d-493f-89a4-a8217123d2b9","email":"ella.anderson@dropbox.net","message":"successfully processed after 3085 milliseconds."},{"id":"993a9ce7-478a-4c10-b592-c4f625486f55","email":"olivia.wright@gmail.com","message":"successfully parsed message, but message temporarily enqueued while system restarts."},{"id":"8831e8a3-bb56-4fa6-9b76-4e619a1d7973","email":"daniel.rodriguez@amerisave.com","message":"successfully processed after 198 milliseconds."},{"id":"846a2b07-aea4-419c-8372-55abf1a93db4","email":"jacob.lopez@dropbox.net","message":"failed to process due to network exception."},{"id":"761dc5c5-d911-4206-9ae6-72dbcd6230f4","email":"mia.perez@me.com","message":"failed to process due to network exception."},{"id":"79f897bd-36fd-4737-b990-f4e56999d387","email":"jacob.lopez@dropbox.net","message":"successfully processed after 6388 milliseconds."},{"id":"89dd1d94-fe27-4840-8eb1-6d4ed205ce24","email":"abigail.smith@amerisave.com","message":"failed to process due to network exception."},{"id":"d910d98d-f53f-4ad3-ae89-4c3e98b0a17e","email":"joshua.lee@gmail.com","message":"failed to process due to network exception."},{"id":"0c9ded85-e2c3-4eb0-998a-515aaccfedaf","email":"jacob.lopez@dropbox.net","message":"successfully parsed message, but message temporarily enqueued while system restarts."},{"id":"27c086da-d5c4-4a02-9974-75a2674dc560","email":"jack.thompson@me.com","message":"failed to process due to network exception."},{"id":"76dbbbca-cb9c-4687-8bcd-14d9074ac065","email":"alexander.williams@gmail.com","message":"failed to process due to datastore timeout of 30 seconds.  operation took 114 seconds."},{"id":"3da2d16f-47a0-47a0-a58e-9f4ffe8eb82e","email":"nathan.young@microsoft.com","message":"successfully processed after 7870 milliseconds."},{"id":"ef120fdc-a25e-43e3-9ee4-0336476e8ff7","email":"alexander.williams@gmail.com","message":"successfully processed after 6593 milliseconds."},{"id":"f79b4d88-4bc3-463c-ae7b-f9db57135389","email":"aiden.johnson@microsoft.com","message":"successfully processed after 8908 milliseconds."},{"id":"d676713a-b8a0-4d0a-ac7e-4dd766b4f75c","email":"michael.hall@dropbox.net","message":"failed to process due to network exception."},{"id":"f23a0c1c-273f-44ae-b1a9-f6a11741b1b7","email":"nathan.young@microsoft.com","message":"successfully processed after 4758 milliseconds."},{"id":"b84b80e8-21f1-435f-a1ef-a1eaf5ccc802","email":"ella.anderson@dropbox.net","message":"failed to process due to datastore timeout of 30 seconds.  operation took 51 seconds."},{"id":"3a1b158b-9e8f-4ef3-8849-6beba8aa39f0","email":"alexis.brown@microsoft.com","message":"failed to process due to network exception."},{"id":"a85ba000-1a2f-4d4a-ba7d-e04042c77a0a","email":"samantha.scott@me.com","message":"failed to process due to datastore timeout of 30 seconds.  operation took 85 seconds."},{"id":"951b68b8-2cc1-497f-a77f-7ed763ca0930","email":"grace.moore@gmail.com","message":"successfully processed after 9098 milliseconds."},{"id":"475ea1c2-e417-4049-ae1b-2afbdc58c131","email":"emma.thomas@me.com","message":"successfully parsed message, but message temporarily enqueued while system restarts."},{"id":"683c05fe-dae9-4a22-90c4-1c69ab92d600","email":"hannah.martin@dropbox.net","message":"successfully handled skipped operation."},{"id":"7f10bba5-ca10-46a7-858d-01bce6d8fe37","email":"liam.gonzalez@me.com","message":"failed to process due to network exception."},{"id":"d5581ecd-ea77-49d8-960f-b29acd613a38","email":"andrew.miller@gmail.com","message":"failed to process due to network exception."},{"id":"185f2ea6-3e4d-4feb-b936-736560d9dead","email":"grace.moore@gmail.com","message":"failed to process due to datastore timeout of 30 seconds.  operation took 39 seconds."},{"id":"3c830605-9583-4cb8-930f-c055df7c45ca","email":"madison.lewis@gmail.com","message":"failed to process due to datastore timeout of 30 seconds.  operation took 117 seconds."},{"id":"dc8d96bd-6b8d-4a99-8582-d31cff00a54b","email":"andrew.miller@gmail.com","message":"failed to process due to datastore timeout of 30 seconds.  operation took 99 seconds."},{"id":"5f654a25-856a-4d61-a809-e026b585de3c","email":"samantha.scott@me.com","message":"successfully handled skipped operation."},{"id":"96a5eb28-8d30-42cb-9a65-8c730df6f42e","email":"jack.thompson@me.com","message":"successfully parsed message, but message temporarily enqueued while system restarts."},{"id":"13104d9a-830b-4419-804a-f1ba223e94ed","email":"ava.davis@gmail.com","message":"successfully processed after 493 milliseconds."},{"id":"4a84abee-3912-4938-aba6-fd9f50d2ffdf","email":"ella.anderson@dropbox.net","message":"failed to process due to network exception."},{"id":"a9ecf592-621a-43a5-b502-effea866ac2c","email":"elizabeth.martinez@dropbox.net","message":"successfully processed after 4032 milliseconds."},{"id":"e629956e-bf74-422d-ae46-ac252a4ddf86","email":"elizabeth.martinez@dropbox.net","message":"failed to process due to network exception."},{"id":"ecae6d70-ef63-43e0-b5e0-50a42c0b33c1","email":"joshua.lee@gmail.com","message":"failed to process due to datastore timeout of 30 seconds.  operation took 78 seconds."},{"id":"47fa3186-14e5-47f2-b21e-063d1198f159","email":"ethan.hernandez@microsoft.com","message":"successfully handled skipped operation."},{"id":"5a03cf4e-fa06-41d4-9b4e-616935bc2191","email":"jack.thompson@me.com","message":"failed to process due to datastore timeout of 30 seconds.  operation took 41 seconds."},{"id":"8eb417bc-0222-471f-8dd8-b4c489836438","email":"jack.thompson@me.com","message":"successfully parsed message, but message temporarily enqueued while system restarts."},{"id":"76bf25f3-23e6-4c3e-9887-cbae63016463","email":"logan.clark@dropbox.net","message":"failed to process due to network exception."},{"id":"dc7590ad-15ee-4cd1-93b3-03089beb42c7","email":"chloe.garcia@dropbox.net","message":"failed to process due to network exception."},{"id":"e87c2b66-9a96-43db-a6ad-f44084efd6ac","email":"mia.perez@me.com","message":"failed to process due to network exception."},{"id":"50518c7c-3c06-46ea-830f-7c92c0a1fa6e","email":"matthew.walker@amerisave.com","message":"failed to process due to datastore timeout of 30 seconds.  operation took 45 seconds."},{"id":"f3a0528b-d6b1-4e41-86f8-813d26b8ebea","email":"sophia.baker@dropbox.net","message":"failed to process due to network exception."},{"id":"921de715-e0f9-49cd-8fce-848c4cc60ca6","email":"matthew.walker@amerisave.com","message":"successfully processed after 3790 milliseconds."},{"id":"9d69f7e0-28d1-4392-8506-c91efde455e3","email":"alexis.brown@microsoft.com","message":"successfully processed after 411 milliseconds."},{"id":"401ceb57-56c2-4d4d-93f1-bbfe3b18b44b","email":"liam.gonzalez@me.com","message":"failed to process due to datastore timeout of 30 seconds.  operation took 124 seconds."},{"id":"6060eafe-929e-457c-a00c-483b38a807d5","email":"mason.robinson@amerisave.com","message":"successfully processed after 7550 milliseconds."},{"id":"1aeb5b21-3de3-49b2-b0a4-9834449d0bb6","email":"daniel.rodriguez@amerisave.com","message":"successfully processed after 9120 milliseconds."},{"id":"be33d653-d967-410c-b932-df56ab1d3148","email":"ava.davis@gmail.com","message":"successfully parsed message, but message temporarily enqueued while system restarts."},{"id":"4c80fbb0-bcd9-4b07-ac4b-ff91430eef56","email":"noah.sanchez@me.com","message":"failed to process due to network exception."},{"id":"6ce47230-b9c4-42e7-843e-bb5f625f6070","email":"sarah.green@amerisave.com","message":"successfully parsed message, but message temporarily enqueued while system restarts."},{"id":"cac271f7-c32f-4412-845d-b2b4df8c9ba9","email":"ryan.king@dropbox.net","message":"successfully handled skipped operation."},{"id":"ccd4c7b6-7f5d-4ee3-b89f-3c19e556482d","email":"joshua.lee@gmail.com","message":"failed to process due to network exception."},{"id":"3ae5aa5b-761b-425a-8a39-751cbcb0d259","email":"aiden.johnson@microsoft.com","message":"successfully handled skipped operation."}],"id":"5f567b2f-4be9-45fc-9b05-ed12e180109a"}