{"logs":[{"id":"611100ca-980a-4f79-8e98-46c33403f6c4","email":"jack.thompson@me.com","message":"successfully handled skipped operation."},{"id":"120acc04-c72d-48e3-a6ab-f6d0bfd1ee57","email":"daniel.rodriguez@amerisave.com","message":"successfully handled skipped operation."},{"id":"95ff9708-95c0-445a-84ce-134196bf8478","email":"liam.gonzalez@me.com","message":"failed to process due to network exception."},{"id":"7fabbdd7-452e-405d-8730-d12362051105","email":"jacob.lopez@dropbox.net","message":"failed to process due to datastore timeout of 30 seconds.  operation took 64 seconds."},{"id":"de6563b7-cd4f-4d64-87d9-8d2a4de1ecd0","email":"alexis.brown@microsoft.com","message":"successfully handled skipped operation."},{"id":"c5e00ce6-64ae-4812-8ca0-d080d6e2e810","email":"chloe.garcia@dropbox.net","message":"failed to process due to network exception."},{"id":"9dfdf6a4-91bc-4b7e-adc9-cefca7bbaab1","email":"lily.harris@gmail.com","message":"successfully handled skipped operation."},{"id":"ced067ff-d5e2-472c-80eb-2b4aae3cc955","email":"chloe.garcia@dropbox.net","message":"successfully processed after 9546 milliseconds."},{"id":"371ec18d-9738-4806-af91-a662ea8966b0","email":"samantha.scott@me.com","message":"successfully processed after 751 milliseconds."},{"id":"bc71d54b-3eb6-49e5-81cd-e9e1b6b8262d","email":"matthew.walker@amerisave.com","message":"failed to process due to datastore timeout of 30 seconds.  operation took 109 seconds."},{"id":"c1c01923-0ad2-44c5-8437-2db462f8c24f","email":"abigail.smith@amerisave.com","message":"failed to process due to network exception."},{"id":"591efe50-7e35-487a-87b2-c6d857e9102b","email":"olivia.wright@gmail.com","message":"successfully handled skipped operation."},{"id":"7a4d03a7-aacf-4c96-b226-dd14c10643d1","email":"mason.robinson@amerisave.com","message":"successfully handled skipped operation."},{"id":"bdab121a-e54c-42ba-a326-683b8a4a5b77","email":"taylor.adams@gmail.com","message":"successfully handled skipped operation."},{"id":"e3103b12-f425-4432-98e3-f877d1f4a5f4","email":"matthew.walker@amerisave.com","message":"successfully handled skipped operation."},{"id":"fbf552c1-8707-4742-a8ab-780eb7ba006f","email":"alexis.brown@microsoft.com","message":"failed to process due to network exception."},{"id":"b32798f2-368c-42f6-a41f-63030533895f","email":"jacob.lopez@dropbox.net","message":"failed to process due to network exception."},{"id":"48f18ea0-9b00-4fc9-b287-18342d08282d","email":"jacob.lopez@dropbox.net","message":"successfully processed after 5803 milliseconds."},{"id":"7b5042fe-ccc7-4393-8c36-cdb2e9253efc","email":"jack.thompson@me.com","message":"failed to process due to network exception."},{"id":"e0bd8379-643d-4da8-b221-c7926a3fd905","email":"aiden.johnson@microsoft.com","message":"successfully handled skipped operation."},{"id":"8bc64755-b2a3-408d-9914-68324f1a0729","email":"emma.thomas@me.com","message":"failed to process due to network exception."},{"id":"5ba3997b-c0d4-4b3a-8294-82197d84d1f8","email":"taylor.adams@gmail.com","message":"successfully parsed message, but message temporarily enqueued while system restarts."},{"id":"014fffce-6cd2-4260-9008-5b863814bc8b","email":"logan.clark@dropbox.net","message":"successfully processed after 8133 milliseconds."},{"id":"3bf025ac-1c4f-4d5c-8686-bb9dbfed6d4d","email":"grace.moore@gmail.com","message":"failed to process due to network exception."},{"id":"7abecb49-c405-491c-a534-fbd813e7d5fb","email":"elizabeth.martinez@dropbox.net","message":"successfully handled skipped operation."},{"id":"b7c66455-4941-44c8-ac9f-a422ff106d0d","email":"michael.hall@dropbox.net","message":"failed to process due to network exception."},{"id":"342867ca-9369-4587-a996-07b348977a8b","email":"dylan.wilson@gmail.com","message":"failed to process due to datastore timeout of 30 seconds.  operation took 101 seconds."},{"id":"eb5f26f4-dbc8-4c70-9da6-7d94fc469cdb","email":"ella.anderson@dropbox.net","message":"successfully processed after 9173 milliseconds."},{"id":"0db21cdd-b9c3-43de-8d81-da9c278b1a14","email":"samantha.scott@me.com","message":"successfully parsed message, but message temporarily enqueued while system restarts."},{"id":"00121e53-1603-4959-9ce9-c98da80bca5e","email":"taylor.adams@gmail.com","message":"successfully processed after 1479 milliseconds."},{"id":"7c3221bd-b3b6-46fe-938b-d4a7959f7c63","email":"jackson.white@gmail.com","message":"successfully handled skipped operation."},{"id":"656e555c-5d8e-4a12-ad2f-5b66867f8029","email":"tyler.nelson@microsoft.com","message":"successfully parsed message, but message temporarily enqueued while system restarts."},{"id":"94d48810-b7be-457a-a2f6-e9d643424985","email":"alexander.williams@gmail.com","message":"successfully parsed message, but message temporarily enqueued while system restarts."},{"id":"a349e21f-4bc1-4234-aab6-ad9a9909b2c5","email":"samantha.scott@me.com","message":"successfully processed after 5641 milliseconds."},{"id":"1a067a4c-d214-415c-a826-75c190c85f25","email":"abigail.smith@amerisave.com","message":"failed to process due to network exception."},{"id":"5179f953-ca5a-4f70-ae2a-31f3507aac7f","email":"matthew.walker@amerisave.com","message":"successfully parsed message, but message temporarily enqueued while system restarts."},{"id":"e115defa-d4b6-4f82-a91c-229917cb4379","email":"abigail.smith@amerisave.com","message":"successfully handled skipped operation."},{"id":"b43a7b34-9c41-47e7-899d-30883664da83","email":"chloe.garcia@dropbox.net","message":"failed to process due to datastore timeout of 30 seconds.  operation took 63 seconds."},{"id":"6c739d6b-861e-4f3a-963f-db98eab34f5f","email":"jack.thompson@me.com","message":"failed to process due to datastore timeout of 30 seconds.  operation took 76 seconds."},{"id":"267cd625-1721-483e-8576-0f01fa76a516","email":"jackson.white@gmail.com","message":"failed to process due to datastore timeout of 30 seconds.  operation took 97 seconds."},{"id":"cb59c5ca-99f5-4771-9b4b-339c1c3e0efe","email":"olivia.wright@gmail.com","message":"failed to process due to datastore timeout of 30 seconds.  operation took 37 seconds."},{"id":"efaca3cd-8949-46f0-a1c8-78dc61b138ee","email":"grace.moore@gmail.com","message":"successfully parsed message, but message temporarily enqueued while system restarts."},{"id":"e4a95605-71ba-44fc-905f-1048991bc0c6","email":"jackson.white@gmail.com","message":"successfully parsed message, but message temporarily enqueued while system restarts."},{"id":"e80fbaee-5049-4ff5-a641-405408cc459b","email":"sarah.green@amerisave.com","message":"failed to process due to datastore timeout of 30 seconds.  operation took 76 seconds."},{"id":"12c61120-7663-4e56-a2df-d742284aa410","email":"sarah.green@amerisave.com","message":"failed to process due to datastore timeout of 30 seconds.  operation took 120 seconds."},{"id":"62f3142a-e8d9-4d57-ac77-3ac4db59df78","email":"sophia.baker@dropbox.net","message":"failed to process due to datastore timeout of 30 seconds.  operation took 93 seconds."},{"id":"774cee1e-c0dc-40f5-8854-a22cba4579a8","email":"tyler.nelson@microsoft.com","message":"failed to process due to network exception."},{"id":"b719ffba-973b-49ef-a868-430b43b7d0f3","email":"lily.harris@gmail.com","message":"successfully processed after 8652 milliseconds."},{"id":"5e2bdc8f-2a8e-4b86-8d90-a95a14bdfa24","email":"emma.thomas@me.com","message":"successfully processed after 6177 milliseconds."},{"id":"934ca7ca-3af6-4fb6-993c-e065a14cc4d7","email":"ava.davis@gmail.com","message":"failed to process due to network exception."},{"id":"9e4e0571-572c-43af-8378-26c15b60e3c4","email":"jacob.lopez@dropbox.net","message":"failed to process due to datastore timeout of 30 seconds.  operation took 56 seconds."},{"id":"2959ad1d-bd86-4b60-badc-5a743b943725","email":"alexis.brown@microsoft.com","message":"successfully parsed message, but message temporarily enqueued while system restarts."},{"id":"ad9368de-1053-4e75-ba5c-91635796877b","email":"madison.lewis@gmail.com","message":"failed to process due to datastore timeout of 30 seconds.  operation took 121 seconds."},{"id":"df659915-45f9-47f2-b1f1-cfccd1ec933b","email":"michael.hall@dropbox.net","message":"successfully processed after 8456 milliseconds."},{"id":"6755eb64-5ebc-45ca-9d0a-70df032cd3f8","email":"nicholas.allen@microsoft.com","message":"failed to process due to datastore timeout of 30 seconds.  operation took 65 seconds."},{"id":"4afddf7a-ea57-4be9-9a2b-ebe881c2c510","email":"matthew.walker@amerisave.com","message":"failed to process due to datastore timeout of 30 seconds.  operation took 106 seconds."},{"id":"ca2a4745-9bb3-43fc-853b-717ac093851d","email":"taylor.adams@gmail.com","message":"failed to process due to network exception."},{"id":"203f6f36-b687-4004-8d7b-ebe63bb27f87","email":"liam.gonzalez@me.com","message":"failed to process due to datastore timeout of 30 seconds.  operation took 93 seconds."},{"id":"60eac560-5459-45c5-b18a-c8ad2d2c1047","email":"alexander.williams@gmail.com","message":"failed to process due to datastore timeout of 30 seconds.  operation took 65 seconds."},{"id":"f7ac668d-8a8d-45db-8da1-a84fef3530b0","email":"emily.taylor@gmail.com","message":"successfully handled skipped operation."},{"id":"f779a160-0459-4647-af41-b00ddb703bc8","email":"dylan.wilson@gmail.com","message":"successfully handled skipped operation."},{"id":"263e4ff6-ac54-4efc-a52f-2e472b081762","email":"sarah.green@amerisave.com","message":"failed to process due to datastore timeout of 30 seconds.  operation took 55 seconds."},{"id":"41ef90fc-17f9-482d-878d-8c2d0b2912c5","email":"sophia.baker@dropbox.net","message":"failed to process due to network exception."},{"id":"c9503676-2700-4eae-9cf7-fd7e418f1272","email":"nathan.young@microsoft.com","message":"successfully handled skipped operation."},{"id":"68f241cc-5dfb-41cb-87b1-e025c9bee51b","email":"jack.thompson@me.com","message":"successfully parsed message, but message temporarily enqueued while system restarts."},{"id":"6128d8ff-0ee5-4d5e-8fd3-e719feb9ec24","email":"andrew.miller@gmail.com","message":"successfully handled skipped operation."},{"id":"1097a1b0-6d88-4fbf-b46f-4e11254602c4","email":"jacob.lopez@dropbox.net","message":"failed to process due to network exception."},{"id":"003539fa-5fe2-4401-ad44-0cdd6f54fbe2","email":"alexander.williams@gmail.com","message":"successfully processed after 12 milliseconds."},{"id":"02f1812c-1745-40ff-be03-60235c1b050b","email":"emily.taylor@gmail.com","message":"failed to process due to network exception."},{"id":"a8aa06e9-9abd-48b5-880f-1159841066d4","email":"jacob.lopez@dropbox.net","message":"successfully parsed message, but message temporarily enqueued while system restarts."},{"id":"edb7ba79-8105-4362-8452-eccb3ce6a692","email":"elizabeth.martinez@dropbox.net","message":"successfully processed after 7983 milliseconds."},{"id":"f5e5641a-139f-41bc-abb4-c7b7f7f78c69","email":"alexander.williams@gmail.com","message":"failed to process due to network exception."},{"id":"205c828b-9196-46cf-aff3-ef23d27c0c85","email":"alexander.williams@gmail.com","message":"successfully parsed message, but message temporarily enqueued while system restarts."},{"id":"60bf9b5d-e551-4cb7-9244-4d2890216c79","email":"alexis.brown@microsoft.com","message":"successfully processed after 1167 milliseconds."},{"id":"54473d8c-d836-40fc-bef7-07783c2315d4","email":"jackson.white@gmail.com","message":"successfully handled skipped operation."},{"id":"0b6ed596-b431-4e9f-a98b-a04b516249e7","email":"elizabeth.martinez@dropbox.net","message":"failed to process due to datastore timeout of 30 seconds.  operation took 97 seconds."},{"id":"dae52f69-b77a-42a1-8017-68312310892d","email":"jack.thompson@me.com","message":"successfully handled skipped operation."},{"id":"b7a23935-6ef6-42c5-9d34-62745e34f51f","email":"grace.moore@gmail.com","message":"successfully handled skipped operation."},{"id":"1b003e6c-5af9-40d9-9a41-a3c07b04d431","email":"liam.gonzalez@me.com","message":"successfully parsed message, but message temporarily enqueued while system restarts."},{"id":"0a2d03c3-1a6b-4e0d-badf-9af33cfb4a2e","email":"matthew.walker@amerisave.com","message":"failed to process due to datastore timeout of 30 seconds.  operation took 119 seconds."},{"id":"b17f534d-aa0a-4842-aa23-b20bb660e20e","email":"daniel.rodriguez@amerisave.com","message":"failed to process due to datastore timeout of 30 seconds.  operation took 50 seconds."},{"id":"2e9059a5-19a1-4f97-9c31-dfd60646130f","email":"joshua.lee@gmail.com","message":"successfully parsed message, but message temporarily enqueued while system restarts."},{"id":"7072c43a-5986-4959-9b96-6b8b7e5231eb","email":"abigail.smith@amerisave.com","message":"successfully processed after 7611 milliseconds."},{"id":"72aeaa74-5bba-4809-9149-8172727203de","email":"liam.gonzalez@me.com","message":"successfully handled skipped operation."},{"id":"e533d930-4a9b-49a2-b514-0d6f343614e2","email":"sophia.baker@dropbox.net","message":"failed to process due to datastore timeout of 30 seconds.  operation took 91 seconds."},{"id":"21c69aca-2c8d-40b3-b6dd-7167aef5e398","email":"mason.robinson@amerisave.com","message":"failed to process due to network exception."},{"id":"0a574704-942a-4aab-814f-1e9a74421b8f","email":"lily.harris@gmail.com","message":"successfully parsed message, but message temporarily enqueued while system restarts."},{"id":"8b50f78e-0631-498d-b1d4-b63f967beb0c","email":"hannah.martin@dropbox.net","message":"failed to process due to datastore timeout of 30 seconds.  operation took 126 seconds."},{"id":"e8dea517-6335-4839-8dab-94c5ca697ef6","email":"aiden.johnson@microsoft.com","message":"failed to process due to network exception."},{"id":"ae009457-3edd-420e-b948-3d30be0c9659","email":"aiden.johnson@microsoft.com","message":"successfully parsed message, but message temporarily enqueued while system restarts."},{"id":"02c5c6fc-3a92-4bcc-91a0-7aba809c0fdc","email":"michael.hall@dropbox.net","message":"failed to process due to datastore timeout of 30 seconds.  operation took 80 seconds."},{"id":"b1caf6eb-a800-40c3-9dd2-37c5ae4098e9","email":"joshua.lee@gmail.com","message":"failed to process due to network exception."},{"id":"06379b38-d5df-4b7a-a01b-4b83199493d5","email":"samantha.scott@me.com","message":"failed to process due to network exception."},{"id":"e29fc201-a7f1-4dd6-beb5-a10421c4055a","email":"madison.lewis@gmail.com","message":"successfully handled skipped operation."},{"id":"e992ddad-a620-4db2-a9c6-d9667bcd05e3","email":"elizabeth.martinez@dropbox.net","message":"successfully parsed message, but message temporarily enqueued while system restarts."},{"id":"84d8ccb9-77c8-4153-a82e-19e72eef8905","email":"elizabeth.martinez@dropbox.net","message":"successfully parsed message, but message temporarily enqueued while system restarts."},{"id":"6517d71f-2d81-4727-b984-1d6d71884c3d","email":"nicholas.allen@microsoft.com","message":"successfully parsed message, but message temporarily enqueued while system restarts."},{"id":"dbbea72b-c0f4-465d-a79c-1e98ba956902","email":"alexander.williams@gmail.com","message":"failed to process due to network exception."},{"id":"6306b0a0-0ea5-432c-a20d-922165b447b2","email":"joshua.lee@gmail.com","message":"successfully handled skipped operation."},{"id":"64d3125a-1de5-4a0e-a4eb-d532bfc62b24","email":"sarah.green@amerisave.com","message":"failed to process due to network exception."},{"id":"b7145a1f-8e8a-47b6-95ac-e3794e488fe6","email":"tyler.nelson@microsoft.com","message":"failed to process due to datastore timeout of 30 seconds.  operation took 68 seconds."},{"id":"f536ea7f-7e57-403f-8981-d3f1a85c304f","email":"chloe.garcia@dropbox.net","message":"failed to process due to network exception."},{"id":"1e9bd2d9-e05a-4147-9ad5-a72060edc488","email":"emily.taylor@gmail.com","message":"failed to process due to network exception."},{"id":"d4810e29-3ffc-4d39-864f-6d321a313fdc","email":"grace.moore@gmail.com","message":"successfully parsed message, but message temporarily enqueued while system restarts."},{"id":"d74cc100-16fa-4f4b-935c-e11ec8ceb450","email":"mason.robinson@amerisave.com","message":"successfully parsed message, but message temporarily enqueued while system restarts."},{"id":"b5f6f065-7ff1-4e81-b7f5-be9572e3a65d","email":"ethan.hernandez@microsoft.com","message":"failed to process due to datastore timeout of 30 seconds.  operation took 99 seconds."},{"id":"95afb9e2-6e74-4d99-ae0e-b71ae17ed75f","email":"olivia.wright@gmail.com","message":"successfully handled skipped operation."},{"id":"c89eda2e-975c-46a0-beb5-8bb9f514d630","email":"dylan.wilson@gmail.com","message":"failed to process due to network exception."},{"id":"a56eab17-0476-4082-9069-58fa62bf61f5","email":"liam.gonzalez@me.com","message":"failed to process due to datastore timeout of 30 seconds.  operation took 55 seconds."},{"id":"52c25f5a-25e9-4c79-aafb-8ddea0709d36","email":"jack.thompson@me.com","message":"failed to process due to datastore timeout of 30 seconds.  operation took 93 seconds."},{"id":"aae1b5ff-6f2e-4113-8b82-515a4b511cb5","email":"jack.thompson@me.com","message":"successfully processed after 5257 milliseconds."},{"id":"d607738a-4409-44d7-8db4-40eb9b96f9e3","email":"noah.sanchez@me.com","message":"successfully parsed message, but message temporarily enqueued while system restarts."},{"id":"91063643-fc40-41d2-84e6-8267c1fc116c","email":"mia.perez@me.com","message":"failed to process due to network exception."},{"id":"69301875-d53e-4f13-bc81-fac5852ff544","email":"ella.anderson@dropbox.net","message":"successfully processed after 8425 milliseconds."},{"id":"21eeb7e7-0d2d-49cb-8d93-585a51e4e4bb","email":"liam.gonzalez@me.com","message":"successfully handled skipped operation."},{"id":"2c61cd04-782c-42c8-9d29-001c9bb49e3d","email":"abigail.smith@amerisave.com","message":"failed to process due to network exception."},{"id":"e8308582-dcf6-4621-9914-5386c163cf14","email":"daniel.rodriguez@amerisave.com","message":"successfully processed after 515 milliseconds."},{"id":"bfd45cf5-e2b2-4c74-b1f9-9d86491ec71b","email":"hannah.martin@dropbox.net","message":"successfully handled skipped operation."},{"id":"32001a98-f4b7-4ea0-acb4-b3c2a10f2e94","email":"isabella.jackson@amerisave.com","message":"failed to process due to datastore timeout of 30 seconds.  operation took 108 seconds."},{"id":"0919cba5-b291-40a8-b121-bb382157c34f","email":"abigail.smith@amerisave.com","message":"successfully processed after 6943 milliseconds."},{"id":"474bbe39-cc25-4030-9cd7-290fae8608f4","email":"alyssa.jones@amerisave.com","message":"successfully handled skipped operation."},{"id":"32b64d5d-eab8-4484-921c-a836f9fbc933","email":"madison.lewis@gmail.com","message":"failed to process due to network exception."},{"id":"1f9fb684-b570-4a9c-a2f0-a0e30c3bc7c4","email":"mia.perez@me.com","message":"successfully parsed message, but message temporarily enqueued while system restarts."},{"id":"e42b35c4-c8e7-40a6-87e7-25aae432f378","email":"emily.taylor@gmail.com","message":"successfully processed after 5677 milliseconds."},{"id":"9cbcdf05-458c-4dcd-ba15-7a4d1db46e8e","email":"lily.harris@gmail.com","message":"successfully parsed message, but message temporarily enqueued while system restarts."},{"id":"ead9b926-a9a3-40b2-b983-8d75787347a3","email":"ella.anderson@dropbox.net","message":"successfully processed after 4011 milliseconds."},{"id":"9df56ae5-1622-4bf8-a250-cdf66b33a96b","email":"hannah.martin@dropbox.net","message":"successfully parsed message, but message temporarily enqueued while system restarts."},{"id":"353c97e3-6853-438e-95bc-88211046dc4e","email":"matthew.walker@amerisave.com","message":"successfully parsed message, but message temporarily enqueued while system restarts."},{"id":"fcb3fe40-4ea4-457b-8d3f-9ba2ecb697c1","email":"samantha.scott@me.com","message":"successfully handled skipped operation."},{"id":"db36ca16-1cd3-418a-b646-40168b39c552","email":"madison.lewis@gmail.com","message":"failed to process due to datastore timeout of 30 seconds.  operation took 87 seconds."},{"id":"55ae737a-d39e-4669-ab58-06283793b143","email":"matthew.walker@amerisave.com","message":"successfully handled skipped operation."},{"id":"107a12d5-a01b-4fcd-bc4f-b1e90f8b8f0d","email":"ella.anderson@dropbox.net","message":"successfully parsed message, but message temporarily enqueued while system restarts."},{"id":"a9e26d34-a657-4af9-9ca5-5303e3d06e21","email":"hannah.martin@dropbox.net","message":"failed to process due to datastore timeout of 30 seconds.  operation took 59 seconds."},{"id":"254d28a6-2e03-4ae0-8d9b-8bf08df5408c","email":"emily.taylor@gmail.com","message":"failed to process due to network exception."},{"id":"db746b0a-c888-419d-8fe3-605b1c809d38","email":"abigail.smith@amerisave.com","message":"failed to process due to network exception."},{"id":"65d357b7-c32e-4478-a665-f782f10b43c0","email":"ava.davis@gmail.com","message":"failed to process due to network exception."},{"id":"43f7936d-d797-4ad8-b52b-33e46811ca99","email":"mia.perez@me.com","message":"successfully processed after 3064 milliseconds."},{"id":"163bf204-61fd-400b-b72d-1c5ca9a04bdb","email":"matthew.walker@amerisave.com","message":"failed to process due to datastore timeout of 30 seconds.  operation took 51 seconds."},{"id":"9b8dfa63-d47a-4f2f-918a-472786073c9a","email":"sarah.green@amerisave.com","message":"failed to process due to network exception."},{"id":"b94734ed-80cd-454e-b21e-7197ecd29b36","email":"ryan.king@dropbox.net","message":"successfully processed after 5434 milliseconds."},{"id":"0a86c793-1076-4b24-8e03-9a1269b57af3","email":"grace.moore@gmail.com","message":"failed to process due to datastore timeout of 30 seconds.  operation took 120 seconds."},{"id":"af076807-cb83-4554-b55b-887b5f079854","email":"madison.lewis@gmail.com","message":"failed to process due to network exception."},{"id":"ce24e729-234f-45e1-af6b-d3f58792c943","email":"grace.moore@gmail.com","message":"failed to process due to network exception."},{"id":"9dde449c-8bb1-4db9-b554-407198cf6b66","email":"emily.taylor@gmail.com","message":"successfully processed after 4224 milliseconds."},{"id":"cb3e0281-5efe-4fe2-b5aa-16586476bc57","email":"liam.gonzalez@me.com","message":"successfully processed after 7218 milliseconds."},{"id":"15a0d779-bb97-41c8-a5fb-a8b79b4c834f","email":"alyssa.jones@amerisave.com","message":"failed to process due to network exception."},{"id":"f240c2e8-959f-4443-b225-72c2692fe59d","email":"abigail.smith@amerisave.com","message":"successfully handled skipped operation."},{"id":"6d7b7e27-dc78-4b63-a0dd-63e75702031b","email":"alexander.williams@gmail.com","message":"successfully parsed message, but message temporarily enqueued while system restarts."},{"id":"89aa185d-f89f-4448-8f05-68f4d6f2069f","email":"ethan.hernandez@microsoft.com","message":"failed to process due to network exception."},{"id":"7dc0296b-e968-4457-b80e-71e4899d7046","email":"hannah.martin@dropbox.net","message":"successfully parsed message, but message temporarily enqueued while system restarts."},{"id":"0b9d0523-154b-4dc2-be21-e4e1f8790b09","email":"joshua.lee@gmail.com","message":"successfully handled skipped operation."},{"id":"8a16e87b-8d6a-4d61-bc08-417d6f96507b","email":"olivia.wright@gmail.com","message":"failed to process due to network exception."},{"id":"d5e4b693-f12b-4c43-b511-028150644fb3","email":"nathan.young@microsoft.com","message":"failed to process due to datastore timeout of 30 seconds.  operation took 44 seconds."},{"id":"b2e1d861-30f3-41df-afa2-145afd23f9bf","email":"isabella.jackson@amerisave.com","message":"successfully processed after 4066 milliseconds."},{"id":"86b581b1-9ddb-4bc0-998a-4d5f1cfdf607","email":"noah.sanchez@me.com","message":"successfully parsed message, but message temporarily enqueued while system restarts."},{"id":"d9877ccd-99f4-4cef-b87e-a35be88a9457","email":"mia.perez@me.com","message":"successfully processed after 4134 milliseconds."},{"id":"75d3db5a-5496-46b2-b139-66655f3bd92c","email":"ella.anderson@dropbox.net","message":"successfully processed after 4880 milliseconds."},{"id":"1ee1dbfa-035d-476f-ac7f-31d4c9ec6aa7","email":"isabella.jackson@amerisave.com","message":"failed to process due to network exception."},{"id":"5d92846b-f9a2-42b2-b477-1a86f49b27de","email":"isabella.jackson@amerisave.com","message":"successfully handled skipped operation."},{"id":"0aeed335-5880-47e1-a85f-8fd91e0473b2","email":"jack.thompson@me.com","message":"failed to process due to datastore timeout of 30 seconds.  operation took 90 seconds."},{"id":"6d50c417-86a2-44ca-93e0-d227e9552139","email":"jack.thompson@me.com","message":"successfully parsed message, but message temporarily enqueued while system restarts."},{"id":"982d7b00-7aa4-4844-9445-1d1867dfe771","email":"ryan.king@dropbox.net","message":"failed to process due to network exception."},{"id":"20b3156b-8a2e-4ed5-88fa-72e66fbebfcb","email":"alexis.brown@microsoft.com","message":"successfully parsed message, but message temporarily enqueued while system restarts."},{"id":"3ff75107-1edf-488c-8e37-3bd5ed3337e9","email":"ryan.king@dropbox.net","message":"failed to process due to network exception."},{"id":"92593395-450e-44b7-9d4c-191037ed53ea","email":"aiden.johnson@microsoft.com","message":"successfully processed after 5576 milliseconds."},{"id":"41e712a1-9bcf-4e81-9f83-f42d4455cca7","email":"mason.robinson@amerisave.com","message":"failed to process due to datastore timeout of 30 seconds.  operation took 39 seconds."},{"id":"6f93ee6e-df1b-4752-882c-2e6906cebae1","email":"isabella.jackson@amerisave.com","message":"successfully handled skipped operation."},{"id":"4295761e-b401-4fc7-9350-93736c192d59","email":"emily.taylor@gmail.com","message":"successfully parsed message, but message temporarily enqueued while system restarts."},{"id":"ebefddf5-d84d-4642-91e4-d52a100caed8","email":"liam.gonzalez@me.com","message":"failed to process due to datastore timeout of 30 seconds.  operation took 106 seconds."},{"id":"0b6347fd-a6fe-4f02-8870-bdeaa4c3ae22","email":"emily.taylor@gmail.com","message":"successfully handled skipped operation."},{"id":"ac686cee-e30c-417e-95fa-b083787e94d3","email":"alexander.williams@gmail.com","message":"failed to process due to network exception."},{"id":"53198a7f-796c-4aaf-993b-06caf4b3331a","email":"alyssa.jones@amerisave.com","message":"successfully parsed message, but message temporarily enqueued while system restarts."},{"id":"75b6e2cd-61b5-406a-8156-d7f5cba9227e","email":"ethan.hernandez@microsoft.com","message":"successfully parsed message, but message temporarily enqueued while system restarts."},{"id":"be68b140-5a02-43fe-bf16-875fa51a5826","email":"mason.robinson@amerisave.com","message":"successfully parsed message, but message temporarily enqueued while system restarts."},{"id":"736ef03d-66ef-4be4-98ca-eb92df41e474","email":"isabella.jackson@amerisave.com","message":"successfully processed after 2951 milliseconds."},{"id":"12fc9df9-474f-40b5-9160-4df92302b5f1","email":"tyler.nelson@microsoft.com","message":"successfully parsed message, but message temporarily enqueued while system restarts."},{"id":"be808ddf-77d6-4b76-ae8f-0bf203a871bf","email":"isabella.jackson@amerisave.com","message":"failed to process due to network exception."},{"id":"6d7c71fb-6e0d-4a26-b6db-c8976b30cc9b","email":"taylor.adams@gmail.com","message":"failed to process due to datastore timeout of 30 seconds.  operation took 44 seconds."},{"id":"ec54bf3e-cc6e-4a5c-be16-13aa7718c560","email":"abigail.smith@amerisave.com","message":"failed to process due to network exception."},{"id":"9b1a3dc8-5253-4d40-9736-c8c9cf87d8c1","email":"ryan.king@dropbox.net","message":"successfully processed after 1895 milliseconds."},{"id":"526e3d70-b630-47a5-b4a0-910b7449e8b3","email":"emily.taylor@gmail.com","message":"successfully processed after 5852 milliseconds."},{"id":"f530d50d-381f-4869-8617-982151c80619","email":"grace.moore@gmail.com","message":"successfully handled skipped operation."},{"id":"85b7c302-9678-4edc-810d-cb91a4fab290","email":"sarah.green@amerisave.com","message":"successfully handled skipped operation."},{"id":"1374850a-9183-4eaa-bfbb-48db045befd7","email":"sarah.green@amerisave.com","message":"failed to process due to datastore timeout of 30 seconds.  operation took 74 seconds."},{"id":"46856ec4-89a4-46e3-8287-18fa3c7c97a4","email":"abigail.smith@amerisave.com","message":"successfully processed after 1131 milliseconds."},{"id":"c862bc3a-6ec3-4272-806a-26f8c30fd125","email":"dylan.wilson@gmail.com","message":"successfully processed after 7901 milliseconds."},{"id":"650c229f-91d4-4f18-a66a-72356bf94af0","email":"emma.thomas@me.com","message":"failed to process due to network exception."},{"id":"c5ed3bb6-2910-4683-a177-94f2e9b6c3bf","email":"ethan.hernandez@microsoft.com","message":"failed to process due to datastore timeout of 30 seconds.  operation took 115 seconds."},{"id":"8973fedf-b8af-411a-929a-6c02f0b54b37","email":"joshua.lee@gmail.com","message":"successfully parsed message, but message temporarily enqueued while system restarts."},{"id":"71919988-3895-402a-b6b7-203b4cfe9dc8","email":"ella.anderson@dropbox.net","message":"successfully parsed message, but message temporarily enqueued while system restarts."},{"id":"f4d38444-d396-4aa7-9cad-34d0b624d367","email":"mia.perez@me.com","message":"successfully handled skipped operation."},{"id":"b19a2923-a40e-4686-9c3b-dd488e4838a9","email":"ella.anderson@dropbox.net","message":"successfully processed after 5511 milliseconds."},{"id":"1889d861-5fdd-40b8-8b9b-c7037dc62575","email":"andrew.miller@gmail.com","message":"successfully handled skipped operation."},{"id":"ca710af7-b48b-4d62-97b8-c84f322e0a78","email":"abigail.smith@amerisave.com","message":"successfully parsed message, but message temporarily enqueued while system restarts."},{"id":"909c69a9-2ffe-4204-834d-1c02a6e8dc91","email":"alexis.brown@microsoft.com","message":"successfully processed after 2922 milliseconds."},{"id":"c7a42171-0ac9-4cd2-9a6a-a8789405f7c3","email":"logan.clark@dropbox.net","message":"successfully parsed message, but message temporarily enqueued while system restarts."},{"id":"ee401f3e-90f2-43e1-896f-2dae73f118c8","email":"alyssa.jones@amerisave.com","message":"failed to process due to network exception."},{"id":"2d8e01a7-0f02-4d62-992a-dbd01674a6f5","email":"nicholas.allen@microsoft.com","message":"failed to process due to datastore timeout of 30 seconds.  operation took 76 seconds."},{"id":"9bb7eda2-0f38-487e-a3e9-84ec61f8db85","email":"hannah.martin@dropbox.net","message":"successfully parsed message, but message temporarily enqueued while system restarts."},{"id":"ef81409d-40d9-4a44-bb0c-84763153c3b9","email":"alyssa.jones@amerisave.com","message":"failed to process due to network exception."},{"id":"410a4098-f54e-480f-9e48-893f89df1ae9","email":"andrew.miller@gmail.com","message":"failed to process due to datastore timeout of 30 seconds.  operation took 128 seconds."},{"id":"c5e891aa-05f4-49e2-a0b6-c7ae0ef089df","email":"alexander.williams@gmail.com","message":"failed to process due to datastore timeout of 30 seconds.  operation took 86 seconds."},{"id":"cb26e7c7-d7d2-4c2d-8220-28f81a229cdc","email":"hannah.martin@dropbox.net","message":"failed to process due to network exception."},{"id":"f4079758-869a-488e-b50e-a0287426181e","email":"matthew.walker@amerisave.com","message":"successfully processed after 612 milliseconds."},{"id":"94d45952-377c-4396-a8c3-2e7c918460bc","email":"emily.taylor@gmail.com","message":"successfully processed after 6644 milliseconds."},{"id":"54fe2378-f1e2-4a7b-aa07-01ef0703366e","email":"alexander.williams@gmail.com","message":"successfully parsed message, but message temporarily enqueued while system restarts."},{"id":"8d93d056-9c80-4b12-9118-f036d1d2446e","email":"noah.sanchez@me.com","message":"failed to process due to datastore timeout of 30 seconds.  operation took 106 seconds."},{"id":"459b1c0f-6117-491a-a05a-9703e9d23569","email":"chloe.garcia@dropbox.net","message":"successfully processed after 5407 milliseconds."},{"id":"a8c6e7bf-0f7b-45fa-bde4-f695261d8f75","email":"nathan.young@microsoft.com","message":"failed to process due to network exception."},{"id":"f5230888-4246-491b-8ba7-8f50de5d208e","email":"dylan.wilson@gmail.com","message":"failed to process due to datastore timeout of 30 seconds.  operation took 46 seconds."},{"id":"6cfa944c-a8c0-4f93-8580-cd720ebf819a","email":"sarah.green@amerisave.com","message":"successfully parsed message, but message temporarily enqueued while system restarts."},{"id":"e4c48727-3c6a-47d9-a015-90911500e050","email":"jacob.lopez@dropbox.net","message":"failed to process due to datastore timeout of 30 seconds.  operation took 63 seconds."},{"id":"6d2aea81-3dfa-4179-82a6-8c8372898d97","email":"mason.robinson@amerisave.com","message":"successfully handled skipped operation."},{"id":"42c8035f-4f0d-4dc2-a96f-6bffaca2d251","email":"elizabeth.martinez@dropbox.net","message":"failed to process due to network exception."},{"id":"bc3ed3e3-1459-4c8c-8b5f-c400913d46d6","email":"olivia.wright@gmail.com","message":"successfully parsed message, but message temporarily enqueued while system restarts."},{"id":"fae1bc52-48dc-42e6-a6da-4fcfb889c4de","email":"madison.lewis@gmail.com","message":"failed to process due to datastore timeout of 30 seconds.  operation took 71 seconds."},{"id":"dff6caf0-37af-4c8d-8de9-eda25914eb6e","email":"olivia.wright@gmail.com","message":"successfully handled skipped operation."},{"id":"3eae7012-f270-4e72-a705-6b4605122481","email":"dylan.wilson@gmail.com","message":"successfully handled skipped operation."},{"id":"60ada80a-89e0-4a8f-b948-8d154b88e08a","email":"jacob.lopez@dropbox.net","message":"successfully parsed message, but message temporarily enqueued while system restarts."},{"id":"c2f0e0ef-ee7d-4bf9-89cf-eca011ce589d","email":"grace.moore@gmail.com","message":"successfully processed after 3763 milliseconds."},{"id":"017de0c1-76f6-4e4a-b8e7-e924536ec269","email":"matthew.walker@amerisave.com","message":"successfully handled skipped operation."},{"id":"64b0a208-5fde-4383-a2b2-6868b37f97c4","email":"chloe.garcia@dropbox.net","message":"successfully parsed message, but message temporarily enqueued while system restarts."},{"id":"46f60c1e-1e13-4aaf-8e7e-d52aca5ed38c","email":"mia.perez@me.com","message":"failed to process due to network exception."},{"id":"935d42a2-3eeb-4983-94bd-226d609e4c91","email":"matthew.walker@amerisave.com","message":"failed to process due to datastore timeout of 30 seconds.  operation took 105 seconds."},{"id":"81a6982a-e749-40c5-b227-17ce158e6f84","email":"sarah.green@amerisave.com","message":"successfully handled skipped operation."},{"id":"87acfb96-3de5-4d6c-86e9-cebe57b7cb48","email":"ella.anderson@dropbox.net","message":"failed to process due to network exception."},{"id":"a93e0a8d-5bce-4461-b8aa-e176f78d0eb4","email":"matthew.walker@amerisave.com","message":"successfully handled skipped operation."},{"id":"5ed4ba58-f951-40e2-a603-445bb21dfa08","email":"nicholas.allen@microsoft.com","message":"successfully handled skipped operation."},{"id":"72cf59bc-da7e-424a-95ca-18c281de1540","email":"emily.taylor@gmail.com","message":"successfully processed after 5255 milliseconds."},{"id":"7100511e-4068-45ae-bed7-b5b44b1bb6a1","email":"alexis.brown@microsoft.com","message":"successfully parsed message, but message temporarily enqueued while system restarts."},{"id":"ae7d10e6-96c6-4d27-8415-84c03f01b222","email":"andrew.miller@gmail.com","message":"failed to process due to network exception."},{"id":"987a396e-7ae0-4e97-ac45-bfcbedf692c2","email":"ella.anderson@dropbox.net","message":"failed to process due to datastore timeout of 30 seconds.  operation took 52 seconds."},{"id":"01703a42-c673-470b-a1c5-cd87c6edbe43","email":"ethan.hernandez@microsoft.com","message":"successfully handled skipped operation."},{"id":"60ca523f-321c-4f48-b3af-b47778309ae4","email":"madison.lewis@gmail.com","message":"successfully handled skipped operation."},{"id":"f3309194-cc0d-4608-a6af-ab5d0a7772ff","email":"matthew.walker@amerisave.com","message":"failed to process due to network exception."},{"id":"da04c119-0e3b-4287-8b10-1d2e39e507cc","email":"hannah.martin@dropbox.net","message":"successfully handled skipped operation."},{"id":"7527c570-a9a7-4d87-be6d-409d71d0dda5","email":"taylor.adams@gmail.com","message":"failed to process due to network exception."},{"id":"e7aa9616-c238-433e-8d50-ccf26eab61ab","email":"jackson.white@gmail.com","message":"successfully processed after 2496 milliseconds."},{"id":"7085cc55-2fc1-4216-961a-8fdd5783c543","email":"alexis.brown@microsoft.com","message":"successfully handled skipped operation."},{"id":"636d3beb-6c78-458e-a688-928ab5678a03","email":"matthew.walker@amerisave.com","message":"successfully handled skipped operation."},{"id":"31c9ea14-5705-40ea-a444-b9813f4534cd","email":"grace.moore@gmail.com","message":"successfully parsed message, but message temporarily enqueued while system restarts."},{"id":"0d5f6a22-ddc8-4559-ae98-05d9fb5716e6","email":"noah.sanchez@me.com","message":"successfully handled skipped operation."},{"id":"618ac866-1264-4d55-b0a4-1218313d5032","email":"olivia.wright@gmail.com","message":"successfully processed after 6709 milliseconds."},{"id":"cdc3631d-ae76-4f6e-8614-f02b196a9d07","email":"jackson.white@gmail.com","message":"failed to process due to datastore timeout of 30 seconds.  operation took 52 seconds."},{"id":"e340addb-0397-486f-b7b5-cd45aacb9d0e","email":"logan.clark@dropbox.net","message":"successfully parsed message, but message temporarily enqueued while system restarts."},{"id":"b8de696f-f285-4c0c-8369-270d79a43c83","email":"michael.hall@dropbox.net","message":"successfully parsed message, but message temporarily enqueued while system restarts."},{"id":"e9254724-3d47-425f-b0eb-31f8d3aef11f","email":"ella.anderson@dropbox.net","message":"failed to process due to network exception."},{"id":"7441d495-2489-49ba-ac65-98a04bcdc692","email":"sophia.baker@dropbox.net","message":"successfully processed after 8215 milliseconds."},{"id":"3b3e4074-9bea-4f31-afb8-4b529ea97476","email":"olivia.wright@gmail.com","message":"successfully processed after 2834 milliseconds."},{"id":"7cd00ffe-f7d0-496e-be48-787593783020","email":"mia.perez@me.com","message":"successfully handled skipped operation."},{"id":"1a4a1e05-e16a-4462-a862-96fffb9c3adc","email":"lily.harris@gmail.com","message":"successfully processed after 6421 milliseconds."},{"id":"fbb85a03-9576-4763-9fa2-65ffad7474db","email":"alexis.brown@microsoft.com","message":"successfully handled skipped operation."},{"id":"f99e099c-ddbd-46f4-bc15-4042a6560679","email":"emily.taylor@gmail.com","message":"successfully parsed message, but message temporarily enqueued while system restarts."},{"id":"2890cae3-eeab-447a-b29f-de3606de6cb2","email":"isabella.jackson@amerisave.com","message":"failed to process due to network exception."},{"id":"1c3b3a5a-7e9f-4237-b0c0-25c93cc7005e","email":"lily.harris@gmail.com","message":"successfully parsed message, but message temporarily enqueued while system restarts."},{"id":"ee2efb26-1f0a-4a67-bbd3-f27cd1c76072","email":"sarah.green@amerisave.com","message":"successfully handled skipped operation."},{"id":"7cda376f-2f43-484b-b2fc-41a22ced7ee0","email":"lily.harris@gmail.com","message":"successfully handled skipped operation."},{"id":"474af260-9371-4dbc-ad02-e623d87888cc","email":"logan.clark@dropbox.net","message":"successfully processed after 9460 milliseconds."},{"id":"23634738-e3fc-4544-82df-b68d807a25f4","email":"samantha.scott@me.com","message":"successfully processed after 3994 milliseconds."},{"id":"41f0783f-3e6b-413b-afc7-e9b86279684d","email":"sarah.green@amerisave.com","message":"successfully parsed message, but message temporarily enqueued while system restarts."},{"id":"824867de-a482-4a29-bfbc-ee7087b59c6c","email":"logan.clark@dropbox.net","message":"failed to process due to datastore timeout of 30 seconds.  operation took 74 seconds."},{"id":"a190d89b-1ce6-4b8d-8aa6-e72321e1d6b6","email":"jack.thompson@me.com","message":"failed to process due to datastore timeout of 30 seconds.  operation took 53 seconds."},{"id":"6acb40d0-0b2d-4b86-8479-318d65dc36e1","email":"mason.robinson@amerisave.com","message":"successfully parsed message, but message temporarily enqueued while system restarts."},{"id":"ce10dd4b-ea99-468f-a34a-f260861636ae","email":"logan.clark@dropbox.net","message":"successfully parsed message, but message temporarily enqueued while system restarts."},{"id":"2035cfd9-8292-47e6-ae79-c42e81233a5e","email":"chloe.garcia@dropbox.net","message":"failed to process due to datastore timeout of 30 seconds.  operation took 72 seconds."},{"id":"dbbf4fa8-ca11-456b-ba00-99cba03b1811","email":"aiden.johnson@microsoft.com","message":"successfully parsed message, but message temporarily enqueued while system restarts."},{"id":"61c75228-8626-489b-951b-33b1345cfcd3","email":"noah.sanchez@me.com","message":"successfully parsed message, but message temporarily enqueued while system restarts."},{"id":"79837a0d-1d0b-45d0-a5ae-1b7e596d5b03","email":"liam.gonzalez@me.com","message":"successfully handled skipped operation."}],"id":"c9582dde-b807-40e0-b899-a259811d9fe3"}