{"logs":[{"id":"b41c105b-0daa-4cb8-8292-929e37b3ca20","email":"alexis.brown@microsoft.com","message":"successfully processed after 512 milliseconds."},{"id":"79168f6c-05a0-461c-9672-3f73cbbfe771","email":"alexis.brown@microsoft.com","message":"failed to process due to datastore timeout of 30 seconds.  operation took 47 seconds."},{"id":"9f105a9b-2bcd-4342-a4ac-cf1dfa9efd84","email":"hannah.martin@dropbox.net","message":"successfully handled skipped operation."},{"id":"7f8e9ef4-0ccf-4427-8b2d-13a23eea863d","email":"tyler.nelson@microsoft.com","message":"failed to process due to network exception."},{"id":"6394b69c-eabd-41d2-8cc7-e39f59f6c3c3","email":"ethan.hernandez@microsoft.com","message":"successfully parsed message, but message temporarily enqueued while system restarts."},{"id":"b52ff732-cd11-403a-bc8e-f3ed2ad42d99","email":"nathan.young@microsoft.com","message":"failed to process due to network exception."},{"id":"a337153e-8699-4def-857f-d3f88f545354","email":"jacob.lopez@dropbox.net","message":"successfully handled skipped operation."},{"id":"5bb7e824-b4b0-4190-a0c0-1065bac87026","email":"lily.harris@gmail.com","message":"failed to process due to network exception."},{"id":"2887d1d2-3783-4ede-97c0-d21b1b3db541","email":"samantha.scott@me.com","message":"successfully processed after 6676 milliseconds."},{"id":"fa14ec04-288d-4186-aca7-ff44e5b6bfec","email":"madison.lewis@gmail.com","message":"failed to process due to datastore timeout of 30 seconds.  operation took 58 seconds."},{"id":"a0fb6701-b2ac-4b1b-92ed-d440b28f83ca","email":"grace.moore@gmail.com","message":"successfully processed after 4098 milliseconds."},{"id":"fd4c3b6c-a43c-450a-8f38-5c88d90750ad","email":"aiden.johnson@microsoft.com","message":"successfully handled skipped operation."},{"id":"6463e10b-1a8b-4c47-9687-f74b946a788e","email":"abigail.smith@amerisave.com","message":"successfully parsed message, but message temporarily enqueued while system restarts."},{"id":"9dbe918b-95e8-4ee3-a64d-268dffe54cb8","email":"olivia.wright@gmail.com","message":"failed to process due to datastore timeout of 30 seconds.  operation took 35 seconds."},{"id":"e1c04636-1fe0-4eb1-b1bd-09e0a2a993a8","email":"ava.davis@gmail.com","message":"successfully parsed message, but message temporarily enqueued while system restarts."},{"id":"45c6dd7e-c5f5-45a0-9d25-3ae2ce63ade8","email":"sarah.green@amerisave.com","message":"successfully processed after 666 milliseconds."},{"id":"978d598e-fe7d-4e76-827c-a1d5d051f230","email":"andrew.miller@gmail.com","message":"failed to process due to datastore timeout of 30 seconds.  operation took 59 seconds."},{"id":"634c8d70-f11a-49c7-b593-29d7c5ef9760","email":"emily.taylor@gmail.com","message":"failed to process due to datastore timeout of 30 seconds.  operation took 122 seconds."},{"id":"5843e548-240f-4137-87db-f6081524dead","email":"olivia.wright@gmail.com","message":"successfully handled skipped operation."},{"id":"325971f4-f80b-4334-86db-ba4b08e5314f","email":"tyler.nelson@microsoft.com","message":"successfully handled skipped operation."},{"id":"ae01ced5-f246-4792-9dd7-da88b972bebe","email":"alyssa.jones@amerisave.com","message":"failed to process due to datastore timeout of 30 seconds.  operation took 110 seconds."},{"id":"e381ca4b-e0a0-4de8-9136-3fcbac7e568d","email":"tyler.nelson@microsoft.com","message":"failed to process due to datastore timeout of 30 seconds.  operation took 39 seconds."},{"id":"0b6745d5-5836-4357-be92-f699f4e5e196","email":"alyssa.jones@amerisave.com","message":"failed to process due to network exception."},{"id":"2a224bb2-e90a-4950-ae3b-5142b6fadd69","email":"lily.harris@gmail.com","message":"successfully processed after 7093 milliseconds."},{"id":"f3ea678b-47c5-4e95-952e-84e8cf024041","email":"abigail.smith@amerisave.com","message":"failed to process due to network exception."},{"id":"324c9b5e-b6f0-4ea4-b3af-c16f6fe299e2","email":"sarah.green@amerisave.com","message":"successfully parsed message, but message temporarily enqueued while system restarts."},{"id":"d61e7710-54c6-41f5-bfbb-605bc9dea15b","email":"alexis.brown@microsoft.com","message":"successfully parsed message, but message temporarily enqueued while system restarts."},{"id":"f8aad92f-e17d-4677-8111-3fcae54c9b2e","email":"sophia.baker@dropbox.net","message":"failed to process due to datastore timeout of 30 seconds.  operation took 115 seconds."},{"id":"d361437b-3ad0-4b8f-bea1-d858b0b31a06","email":"mason.robinson@amerisave.com","message":"successfully parsed message, but message temporarily enqueued while system restarts."},{"id":"8c088c2f-2f9a-406d-8887-620e4ceaa329","email":"samantha.scott@me.com","message":"successfully parsed message, but message temporarily enqueued while system restarts."},{"id":"af033163-76b0-41f2-b756-0f6415389638","email":"jackson.white@gmail.com","message":"failed to process due to datastore timeout of 30 seconds.  operation took 52 seconds."},{"id":"c179c5f2-e43d-4fc3-8edb-7a3c4dd77ef6","email":"tyler.nelson@microsoft.com","message":"failed to process due to datastore timeout of 30 seconds.  operation took 45 seconds."},{"id":"8efbe35d-d7e3-4e21-9852-71f9afcf7eb1","email":"mia.perez@me.com","message":"successfully processed after 8565 milliseconds."},{"id":"ef2ae3b0-e3e0-46b7-8cb1-f2322ecc6379","email":"liam.gonzalez@me.com","message":"successfully handled skipped operation."},{"id":"d8090477-c906-4180-a1ce-46f97ea5064f","email":"jack.thompson@me.com","message":"successfully handled skipped operation."},{"id":"74c952a6-3848-4bab-8712-3ad6059d3e2b","email":"alexis.brown@microsoft.com","message":"failed to process due to datastore timeout of 30 seconds.  operation took 86 seconds."},{"id":"46e751cd-61a7-471a-a9bc-3e8b563fd783","email":"lily.harris@gmail.com","message":"failed to process due to datastore timeout of 30 seconds.  operation took 70 seconds."},{"id":"29d7a2c7-f2c4-46cc-a592-88967600ea38","email":"nathan.young@microsoft.com","message":"successfully parsed message, but message temporarily enqueued while system restarts."},{"id":"d65e1a03-ea3e-4f1b-b023-8dbd6cf8dd0c","email":"andrew.miller@gmail.com","message":"failed to process due to datastore timeout of 30 seconds.  operation took 81 seconds."},{"id":"1bcadb62-3e2b-44c0-a5d5-f3d7930c425a","email":"michael.hall@dropbox.net","message":"successfully handled skipped operation."},{"id":"a694eeed-10da-4830-b1cb-658d001e2f92","email":"tyler.nelson@microsoft.com","message":"successfully handled skipped operation."},{"id":"46cf4066-9c62-49f2-b4ef-0e3d8dbb619c","email":"nicholas.allen@microsoft.com","message":"failed to process due to network exception."},{"id":"e2d6121e-c49d-4ccf-9ee3-cb0c8636d3a1","email":"tyler.nelson@microsoft.com","message":"successfully handled skipped operation."},{"id":"7235034a-a419-4a1a-91e6-3e218a8be2e0","email":"emma.thomas@me.com","message":"failed to process due to network exception."},{"id":"a303e458-93b8-4b9f-87bd-858c7472851e","email":"taylor.adams@gmail.com","message":"failed to process due to network exception."},{"id":"bbef2435-23b0-454e-8c13-73f62f94d5d2","email":"jackson.white@gmail.com","message":"successfully parsed message, but message temporarily enqueued while system restarts."},{"id":"c3fdb2d3-cd1c-45da-8bb3-067e47e8d252","email":"chloe.garcia@dropbox.net","message":"failed to process due to network exception."},{"id":"1272fe77-f53c-40be-a64b-76bde1054d91","email":"logan.clark@dropbox.net","message":"failed to process due to network exception."},{"id":"539544cb-b951-4f94-b719-e39c706c17c7","email":"grace.moore@gmail.com","message":"successfully handled skipped operation."},{"id":"6af53ef1-165d-49a2-b016-185a17481e7c","email":"aiden.johnson@microsoft.com","message":"failed to process due to datastore timeout of 30 seconds.  operation took 123 seconds."},{"id":"9ba3512d-8557-4886-9bdc-adbf661c5b7f","email":"hannah.martin@dropbox.net","message":"successfully parsed message, but message temporarily enqueued while system restarts."},{"id":"2d008739-e576-411a-932c-5679ea6223d7","email":"tyler.nelson@microsoft.com","message":"successfully processed after 9773 milliseconds."},{"id":"5b65389d-3f53-48ee-9aa2-170938ca3069","email":"liam.gonzalez@me.com","message":"successfully handled skipped operation."},{"id":"2d7aa5d7-361c-4e8f-a9f2-e5dcbb3dc022","email":"emily.taylor@gmail.com","message":"successfully processed after 3394 milliseconds."},{"id":"a0a7ce17-a6b5-492a-b393-dcc3f31f0b1f","email":"samantha.scott@me.com","message":"successfully handled skipped operation."},{"id":"b15958b4-f51a-434e-abf4-ba8126ede478","email":"michael.hall@dropbox.net","message":"failed to process due to datastore timeout of 30 seconds.  operation took 105 seconds."},{"id":"61c39152-5ad7-4fbf-9f5f-9a80ada35141","email":"ella.anderson@dropbox.net","message":"successfully processed after 4522 milliseconds."},{"id":"0e1e9666-289c-45f0-be16-ad9163574bef","email":"hannah.martin@dropbox.net","message":"successfully handled skipped operation."},{"id":"7236cbe3-e9a0-4f31-8ba3-1b746bb8e81b","email":"hannah.martin@dropbox.net","message":"failed to process due to network exception."},{"id":"12ad2a4e-a497-4bff-949c-2674ab030f8c","email":"alexis.brown@microsoft.com","message":"failed to process due to network exception."},{"id":"20f4d134-d22e-4d18-8351-a7926483870f","email":"jack.thompson@me.com","message":"failed to process due to network exception."},{"id":"3437789c-9ab9-48c3-8873-03f8371807cf","email":"emily.taylor@gmail.com","message":"failed to process due to network exception."},{"id":"cc5a3af7-8c8c-4112-b9eb-569b9b412ac1","email":"elizabeth.martinez@dropbox.net","message":"failed to process due to datastore timeout of 30 seconds.  operation took 63 seconds."},{"id":"ade33b93-2bbc-4af5-8a6d-03d14c2acca6","email":"grace.moore@gmail.com","message":"successfully parsed message, but message temporarily enqueued while system restarts."},{"id":"65e344d3-061c-459b-b736-ef6f102561b6","email":"daniel.rodriguez@amerisave.com","message":"successfully processed after 2633 milliseconds."},{"id":"491477ff-a319-47dc-ab20-ab376028944b","email":"samantha.scott@me.com","message":"failed to process due to datastore timeout of 30 seconds.  operation took 76 seconds."},{"id":"662418be-2d60-4b95-a57b-01ddce577655","email":"aiden.johnson@microsoft.com","message":"successfully processed after 2434 milliseconds."},{"id":"61dbfb67-8b16-49a9-a251-05b9659d4a7e","email":"jackson.white@gmail.com","message":"failed to process due to network exception."},{"id":"8a3ba9f0-fdb3-4c8b-88db-f79e391f9cb4","email":"daniel.rodriguez@amerisave.com","message":"successfully processed after 4279 milliseconds."},{"id":"d9eb5f0f-1843-4608-bb49-af0a35d15c74","email":"joshua.lee@gmail.com","message":"successfully handled skipped operation."},{"id":"cbd8016f-88dd-4de3-9f1a-8440273f3a33","email":"abigail.smith@amerisave.com","message":"failed to process due to network exception."},{"id":"c16056ff-0390-4fef-864c-452c75ea0d00","email":"alyssa.jones@amerisave.com","message":"failed to process due to datastore timeout of 30 seconds.  operation took 92 seconds."},{"id":"47dcf290-b21d-4a0c-b484-81b729873d42","email":"noah.sanchez@me.com","message":"failed to process due to datastore timeout of 30 seconds.  operation took 121 seconds."},{"id":"76f736a0-fbc4-4371-b710-6cd2be71d660","email":"mason.robinson@amerisave.com","message":"successfully parsed message, but message temporarily enqueued while system restarts."},{"id":"7b15b6aa-2602-4fbd-a653-568f8e5761bd","email":"ryan.king@dropbox.net","message":"failed to process due to datastore timeout of 30 seconds.  operation took 50 seconds."},{"id":"539d281d-ba6a-4241-b0ed-7b354b36dd1f","email":"isabella.jackson@amerisave.com","message":"successfully parsed message, but message temporarily enqueued while system restarts."},{"id":"a6e99965-db7e-49fc-8608-c868051e6126","email":"taylor.adams@gmail.com","message":"successfully parsed message, but message temporarily enqueued while system restarts."},{"id":"deafbee6-ec9c-4ed9-ab56-2d262cbf521f","email":"isabella.jackson@amerisave.com","message":"failed to process due to network exception."},{"id":"b1424e7b-330a-486f-974d-60aaea488a2d","email":"mason.robinson@amerisave.com","message":"failed to process due to datastore timeout of 30 seconds.  operation took 70 seconds."},{"id":"bbe7f4ca-7a4b-49f9-8b5d-7f2ebd3c0401","email":"sophia.baker@dropbox.net","message":"failed to process due to network exception."},{"id":"49cbd7e4-2ed7-452b-b2d9-f36d94f88618","email":"jackson.white@gmail.com","message":"successfully parsed message, but message temporarily enqueued while system restarts."},{"id":"eadc25ed-99d6-4497-9eb2-2755e85c36df","email":"nicholas.allen@microsoft.com","message":"successfully parsed message, but message temporarily enqueued while system restarts."},{"id":"92323a05-e29e-4cd2-89cc-8b127a347c55","email":"hannah.martin@dropbox.net","message":"successfully parsed message, but message temporarily enqueued while system restarts."},{"id":"ad67ad1d-d030-4af1-8a95-5653f265488e","email":"madison.lewis@gmail.com","message":"failed to process due to network exception."},{"id":"2715b29e-5a64-4c71-ab02-7de9175e154a","email":"isabella.jackson@amerisave.com","message":"failed to process due to network exception."},{"id":"fc3eaf6b-facb-4dce-bdb0-93bd2ab066cb","email":"jack.thompson@me.com","message":"successfully parsed message, but message temporarily enqueued while system restarts."},{"id":"4fb258ce-77d2-4324-a7d7-af9e166c1de3","email":"michael.hall@dropbox.net","message":"failed to process due to datastore timeout of 30 seconds.  operation took 46 seconds."},{"id":"3a08fbe6-4e69-44ed-b6e0-bc933054e1d3","email":"jackson.white@gmail.com","message":"successfully parsed message, but message temporarily enqueued while system restarts."},{"id":"3b6c3cf0-a87a-43d9-ba17-4a1c70db6bec","email":"nathan.young@microsoft.com","message":"failed to process due to datastore timeout of 30 seconds.  operation took 45 seconds."},{"id":"47e32abf-0adb-4e87-a90a-9b2ce008bba9","email":"jack.thompson@me.com","message":"successfully parsed message, but message temporarily enqueued while system restarts."},{"id":"f3348230-9855-4534-86e3-ee089a38bbcf","email":"nathan.young@microsoft.com","message":"successfully processed after 128 milliseconds."},{"id":"5cb7bc98-ae6a-4f3f-b5be-36e342729103","email":"alexis.brown@microsoft.com","message":"successfully processed after 7301 milliseconds."},{"id":"f43c3481-6f99-4b4c-8e3a-e3db139955b1","email":"alyssa.jones@amerisave.com","message":"successfully parsed message, but message temporarily enqueued while system restarts."},{"id":"d9c008d6-931b-4ace-9a52-1dc402f65192","email":"nathan.young@microsoft.com","message":"successfully handled skipped operation."},{"id":"f5fa1834-2684-45df-a5cb-afc4792a34b2","email":"samantha.scott@me.com","message":"successfully processed after 8370 milliseconds."},{"id":"38a961fd-b2e6-40a5-bdd9-f55dd75448ff","email":"andrew.miller@gmail.com","message":"failed to process due to network exception."},{"id":"754102d1-6951-480e-9ee8-91243f34bafe","email":"daniel.rodriguez@amerisave.com","message":"successfully handled skipped operation."},{"id":"58b84299-9acc-4ea2-a277-d9277533b709","email":"emily.taylor@gmail.com","message":"successfully handled skipped operation."},{"id":"e506c8e5-6d97-4256-81a4-dae9a0256b10","email":"taylor.adams@gmail.com","message":"successfully handled skipped operation."},{"id":"1961a6d4-f415-4a65-aab6-8db7473fcfa7","email":"aiden.johnson@microsoft.com","message":"successfully processed after 6304 milliseconds."},{"id":"1430f4c6-c369-44d6-b89e-a51215c6ffa1","email":"ella.anderson@dropbox.net","message":"failed to process due to network exception."},{"id":"1a9bd6c8-f4b3-4a66-b604-a740b78a437f","email":"matthew.walker@amerisave.com","message":"successfully processed after 2829 milliseconds."},{"id":"088b189f-b7a5-4001-aac7-23ee8ab81467","email":"andrew.miller@gmail.com","message":"successfully handled skipped operation."},{"id":"d66bd433-786b-4ace-98f5-62008b30c33c","email":"samantha.scott@me.com","message":"failed to process due to network exception."},{"id":"1bb2d9bc-d4da-44a6-8a52-a580feb087ea","email":"jack.thompson@me.com","message":"successfully processed after 7439 milliseconds."},{"id":"ee8463f8-1fde-4056-ae48-2669ac2875e6","email":"alexis.brown@microsoft.com","message":"successfully parsed message, but message temporarily enqueued while system restarts."},{"id":"d55ffb2b-2441-4bae-a757-28a204b3ef0f","email":"ava.davis@gmail.com","message":"successfully handled skipped operation."},{"id":"ab5aff81-fdb3-4bab-8e3b-8e5cfdc50694","email":"lily.harris@gmail.com","message":"failed to process due to datastore timeout of 30 seconds.  operation took 111 seconds."},{"id":"29abc7b9-9d51-4395-b2b0-eb9a41f9affa","email":"jackson.white@gmail.com","message":"failed to process due to network exception."},{"id":"8a79d3ce-d2cd-4704-af83-c89e4e53887a","email":"lily.harris@gmail.com","message":"successfully processed after 2201 milliseconds."},{"id":"5d725cf6-e2cf-4ae9-ab92-0f1da19be0e1","email":"samantha.scott@me.com","message":"successfully processed after 7260 milliseconds."},{"id":"48f27e87-dbaf-4b5f-906f-d95f1d4a2dc9","email":"abigail.smith@amerisave.com","message":"successfully handled skipped operation."},{"id":"0974e10f-51c1-4fda-bf75-035dc71ac44c","email":"andrew.miller@gmail.com","message":"successfully handled skipped operation."},{"id":"545cb0e2-5d6a-4734-be7f-51b5d8fa649c","email":"logan.clark@dropbox.net","message":"successfully parsed message, but message temporarily enqueued while system restarts."},{"id":"51832ae5-73d5-4b62-9099-db9569a6701d","email":"hannah.martin@dropbox.net","message":"failed to process due to datastore timeout of 30 seconds.  operation took 62 seconds."},{"id":"9430f773-cc2c-4b35-916a-5aeef302bfff","email":"abigail.smith@amerisave.com","message":"successfully handled skipped operation."},{"id":"b6991dfb-5aea-485d-88ad-9bfae266c8f3","email":"grace.moore@gmail.com","message":"successfully parsed message, but message temporarily enqueued while system restarts."},{"id":"197c4f1c-8920-4644-9f08-80a6ddfd7d85","email":"matthew.walker@amerisave.com","message":"successfully parsed message, but message temporarily enqueued while system restarts."},{"id":"8df88e89-1e72-4e1c-8e95-821088715c88","email":"olivia.wright@gmail.com","message":"successfully processed after 4961 milliseconds."},{"id":"ae168a00-2bee-44dc-a9c4-bf326bfcce7e","email":"ethan.hernandez@microsoft.com","message":"successfully processed after 7386 milliseconds."},{"id":"161d3064-2be8-4046-8472-d89737b8a068","email":"joshua.lee@gmail.com","message":"failed to process due to datastore timeout of 30 seconds.  operation took 114 seconds."},{"id":"9dbcd5ec-0822-457c-815f-3e0b4da8a7af","email":"ethan.hernandez@microsoft.com","message":"successfully handled skipped operation."},{"id":"f8d20682-46a6-4bb7-941f-4ed72c3c0a76","email":"taylor.adams@gmail.com","message":"failed to process due to datastore timeout of 30 seconds.  operation took 51 seconds."},{"id":"a928e6b4-644e-4fae-a62a-0e3632ce2a1d","email":"jack.thompson@me.com","message":"failed to process due to network exception."},{"id":"8bfd9eec-75a5-4c47-ac20-cb1e89c886b4","email":"sarah.green@amerisave.com","message":"successfully processed after 7466 milliseconds."},{"id":"dd11c864-5739-4a1f-a258-c03b3fc9c897","email":"alyssa.jones@amerisave.com","message":"failed to process due to network exception."},{"id":"a49d7875-528a-4c78-8c5a-5f12039663fb","email":"lily.harris@gmail.com","message":"successfully processed after 2536 milliseconds."},{"id":"3c69269d-e4e4-44a5-85c0-4eb1a484bd16","email":"aiden.johnson@microsoft.com","message":"successfully processed after 5031 milliseconds."},{"id":"87b05831-90b8-4aa2-8d61-66b6cc0c1934","email":"madison.lewis@gmail.com","message":"successfully handled skipped operation."},{"id":"1ee99120-ccff-464c-a24f-81d29c4ce5b7","email":"dylan.wilson@gmail.com","message":"failed to process due to network exception."},{"id":"0b03103e-644a-4c85-80f1-456de1c1d111","email":"joshua.lee@gmail.com","message":"successfully handled skipped operation."},{"id":"52f19b09-7a38-458b-977d-802e248752e2","email":"alexis.brown@microsoft.com","message":"successfully parsed message, but message temporarily enqueued while system restarts."},{"id":"900707ab-fc03-450b-a9d1-c9c3b2c22bd4","email":"joshua.lee@gmail.com","message":"successfully processed after 5910 milliseconds."},{"id":"34b5ec83-cf04-4da3-9277-bc8bbad93343","email":"jack.thompson@me.com","message":"failed to process due to datastore timeout of 30 seconds.  operation took 54 seconds."},{"id":"554bc8f3-8871-49ce-908c-e4fa7eb13a9b","email":"jacob.lopez@dropbox.net","message":"successfully parsed message, but message temporarily enqueued while system restarts."},{"id":"d02f69a6-f5bf-4808-a66e-4af78a6331b8","email":"taylor.adams@gmail.com","message":"successfully processed after 148 milliseconds."},{"id":"84d122b1-91ef-444e-bbc4-fbd9bb02a6eb","email":"samantha.scott@me.com","message":"successfully processed after 4012 milliseconds."},{"id":"be1c80d3-ab16-4bb4-bc5d-24026b312b37","email":"alyssa.jones@amerisave.com","message":"successfully parsed message, but message temporarily enqueued while system restarts."},{"id":"3d71d217-3896-4fe0-a62d-789cfe3d9a0a","email":"aiden.johnson@microsoft.com","message":"failed to process due to datastore timeout of 30 seconds.  operation took 108 seconds."},{"id":"1c062a3e-186b-44b4-bfb5-a0936fc287c3","email":"nicholas.allen@microsoft.com","message":"successfully handled skipped operation."},{"id":"ecb7bdf6-7865-4c81-844a-672d48fe05b4","email":"mason.robinson@amerisave.com","message":"successfully handled skipped operation."},{"id":"563fac51-b286-406e-89b2-cf5765857897","email":"matthew.walker@amerisave.com","message":"failed to process due to datastore timeout of 30 seconds.  operation took 57 seconds."},{"id":"6f7f811b-78d7-46ff-9fa0-90cae3710174","email":"noah.sanchez@me.com","message":"failed to process due to network exception."},{"id":"945a03c2-dc90-4515-86e1-7fd355527d68","email":"dylan.wilson@gmail.com","message":"successfully handled skipped operation."},{"id":"8a91d552-ab5b-4226-9e4b-1eb1d9b7ed21","email":"alyssa.jones@amerisave.com","message":"successfully processed after 5714 milliseconds."},{"id":"252e7738-0dc0-4480-8da5-9cd9723b166c","email":"olivia.wright@gmail.com","message":"failed to process due to datastore timeout of 30 seconds.  operation took 111 seconds."},{"id":"50909357-f7bd-45a3-81dd-904845099ac1","email":"alyssa.jones@amerisave.com","message":"failed to process due to network exception."},{"id":"949a1e19-a119-40c2-9b1c-0574ab5fb05c","email":"logan.clark@dropbox.net","message":"successfully handled skipped operation."},{"id":"3625bff7-f711-474c-a518-2f3f0d13d444","email":"alyssa.jones@amerisave.com","message":"successfully parsed message, but message temporarily enqueued while system restarts."},{"id":"608bd341-95d5-407a-a8cb-2b3868bb4c9c","email":"taylor.adams@gmail.com","message":"failed to process due to network exception."},{"id":"c321095c-ac06-402b-a30b-bf9a6431f37c","email":"chloe.garcia@dropbox.net","message":"successfully processed after 3603 milliseconds."},{"id":"cd5bebca-e9de-486e-b908-c39795be6b3c","email":"olivia.wright@gmail.com","message":"successfully processed after 5241 milliseconds."},{"id":"f565236f-e2e9-4bb7-8a1a-ef90b27b36ae","email":"sophia.baker@dropbox.net","message":"successfully parsed message, but message temporarily enqueued while system restarts."},{"id":"0a2e77c1-62d1-4571-88b7-dd0dfc93da31","email":"chloe.garcia@dropbox.net","message":"failed to process due to network exception."},{"id":"68725327-c323-44ba-85dd-e9deb94b2ab0","email":"emily.taylor@gmail.com","message":"failed to process due to network exception."},{"id":"7170116c-9474-46d0-8c5f-47db963861e0","email":"madison.lewis@gmail.com","message":"successfully parsed message, but message temporarily enqueued while system restarts."},{"id":"0edfaba1-65e9-4cd8-b5c8-a89529b416f3","email":"sophia.baker@dropbox.net","message":"successfully parsed message, but message temporarily enqueued while system restarts."},{"id":"09b0b67d-2f8d-410c-9f71-d1fd62f633eb","email":"chloe.garcia@dropbox.net","message":"successfully processed after 6872 milliseconds."},{"id":"bd72eaa7-f9b8-474d-82c2-fbf92c265559","email":"hannah.martin@dropbox.net","message":"failed to process due to datastore timeout of 30 seconds.  operation took 85 seconds."},{"id":"ec13595b-685d-4a35-9753-dc2614ba470b","email":"liam.gonzalez@me.com","message":"failed to process due to network exception."},{"id":"787df25c-9d5a-4841-852d-c9ec353b1ad5","email":"taylor.adams@gmail.com","message":"successfully parsed message, but message temporarily enqueued while system restarts."},{"id":"e7a6b914-1649-40c5-9200-613b33688367","email":"logan.clark@dropbox.net","message":"failed to process due to network exception."},{"id":"c4dc4c39-f3f1-4be2-a57a-08dea1b26807","email":"elizabeth.martinez@dropbox.net","message":"successfully parsed message, but message temporarily enqueued while system restarts."},{"id":"6bb5d963-ad27-4206-bc3d-ea6d947d6954","email":"grace.moore@gmail.com","message":"failed to process due to datastore timeout of 30 seconds.  operation took 48 seconds."},{"id":"44e92a35-0cb3-4305-b628-3c892fed8863","email":"isabella.jackson@amerisave.com","message":"failed to process due to network exception."},{"id":"34f78911-8ac4-4204-9ea5-db0b61dcaae4","email":"emma.thomas@me.com","message":"successfully processed after 6450 milliseconds."},{"id":"53f8bf21-25a3-4fd4-b1ef-4ab25c6740d7","email":"sarah.green@amerisave.com","message":"failed to process due to network exception."},{"id":"40989425-e125-4520-8f65-32097a5703ef","email":"hannah.martin@dropbox.net","message":"successfully parsed message, but message temporarily enqueued while system restarts."},{"id":"d4e3106a-860b-42a9-846c-1a94b50d3072","email":"hannah.martin@dropbox.net","message":"successfully handled skipped operation."},{"id":"24fd9da8-e577-440a-aa23-f2ef29e94f81","email":"logan.clark@dropbox.net","message":"failed to process due to datastore timeout of 30 seconds.  operation took 74 seconds."},{"id":"7e5ed0a1-1b75-42ce-8e1d-040508b04700","email":"sarah.green@amerisave.com","message":"failed to process due to network exception."},{"id":"dbcba829-31cd-442d-a451-66b15a33f56b","email":"mason.robinson@amerisave.com","message":"successfully processed after 3846 milliseconds."},{"id":"1d4e825c-c53c-4245-b45f-c080e4c86b29","email":"sarah.green@amerisave.com","message":"successfully parsed message, but message temporarily enqueued while system restarts."},{"id":"1dfecf83-2cf7-4b83-a9d2-4bf0a2b8027f","email":"grace.moore@gmail.com","message":"successfully handled skipped operation."},{"id":"0bc2d3b8-2bb4-42c2-87b3-6f9d468db330","email":"matthew.walker@amerisave.com","message":"failed to process due to network exception."},{"id":"1ac619e7-129d-4670-9ce3-7fa0c4e06c73","email":"grace.moore@gmail.com","message":"failed to process due to network exception."},{"id":"fcee978c-e62c-4ee1-8afe-cb1a14bc7643","email":"nathan.young@microsoft.com","message":"failed to process due to network exception."},{"id":"ea90de68-7504-4996-a680-9e35e79004c5","email":"liam.gonzalez@me.com","message":"successfully processed after 1496 milliseconds."},{"id":"4be0b2ed-b335-4637-bbb2-535aa949a8d7","email":"hannah.martin@dropbox.net","message":"successfully processed after 7016 milliseconds."},{"id":"6c661180-0139-4263-9ae8-1c10778918cf","email":"jacob.lopez@dropbox.net","message":"successfully handled skipped operation."},{"id":"e280de41-9937-4afe-8fa7-3042cf8a6c71","email":"alyssa.jones@amerisave.com","message":"failed to process due to network exception."},{"id":"4972dd7d-aad0-45df-a409-8ff0fb0270b4","email":"ethan.hernandez@microsoft.com","message":"successfully parsed message, but message temporarily enqueued while system restarts."},{"id":"f658259f-41de-4068-af33-892ea727f62d","email":"ava.davis@gmail.com","message":"failed to process due to network exception."},{"id":"bcbce15b-70a1-4dbb-a8a9-3f6868fd366c","email":"joshua.lee@gmail.com","message":"failed to process due to datastore timeout of 30 seconds.  operation took 118 seconds."},{"id":"4a15d9cf-cfb4-460f-b429-5309dc4d4cb7","email":"abigail.smith@amerisave.com","message":"successfully handled skipped operation."},{"id":"bf20a7ed-a89e-4973-b020-a771776f1dc7","email":"daniel.rodriguez@amerisave.com","message":"successfully parsed message, but message temporarily enqueued while system restarts."},{"id":"5c82f023-d108-4f23-94ad-2090d42b0e0e","email":"joshua.lee@gmail.com","message":"successfully handled skipped operation."},{"id":"3919ed12-2e83-4675-91ac-79d3c85d2feb","email":"madison.lewis@gmail.com","message":"failed to process due to network exception."},{"id":"be8bdb41-85cf-417c-ab5f-766eb4ca2002","email":"mia.perez@me.com","message":"successfully parsed message, but message temporarily enqueued while system restarts."},{"id":"6a4cf44a-3806-4d1c-8f1b-7652c2dc8aa8","email":"emily.taylor@gmail.com","message":"successfully handled skipped operation."},{"id":"6369d996-707a-487d-bead-43f2a49b4a6a","email":"elizabeth.martinez@dropbox.net","message":"failed to process due to network exception."},{"id":"4d7c4ec5-4dac-47bb-98cf-7752b85f799d","email":"jacob.lopez@dropbox.net","message":"failed to process due to datastore timeout of 30 seconds.  operation took 92 seconds."},{"id":"06fe2c37-b039-4513-9a03-830b8b0a2696","email":"mia.perez@me.com","message":"successfully handled skipped operation."},{"id":"9c59b709-6bde-409a-b556-04d1fa7d3a36","email":"jack.thompson@me.com","message":"successfully processed after 1215 milliseconds."},{"id":"d06a2307-8064-441e-b60a-33155641a59d","email":"taylor.adams@gmail.com","message":"successfully handled skipped operation."},{"id":"9c822f14-0f4c-4427-bce3-3f6b1ca616a1","email":"samantha.scott@me.com","message":"successfully processed after 3268 milliseconds."},{"id":"666e105b-749a-4155-8732-2f03b72f739c","email":"olivia.wright@gmail.com","message":"successfully handled skipped operation."},{"id":"346b2445-a6d1-4607-9c5c-4a946a652d02","email":"nicholas.allen@microsoft.com","message":"failed to process due to network exception."},{"id":"3bb70317-c486-49e2-9858-f2bed220fe9f","email":"ella.anderson@dropbox.net","message":"successfully parsed message, but message temporarily enqueued while system restarts."},{"id":"cf020916-5a50-4b0d-b7b4-787051b2ccc8","email":"mason.robinson@amerisave.com","message":"failed to process due to datastore timeout of 30 seconds.  operation took 43 seconds."},{"id":"297bf5ad-2ed2-42b8-90a3-abead4611407","email":"mason.robinson@amerisave.com","message":"failed to process due to network exception."},{"id":"d11fe6bd-ea30-4dcb-beb0-6c7efcb0a0a4","email":"ava.davis@gmail.com","message":"failed to process due to datastore timeout of 30 seconds.  operation took 102 seconds."},{"id":"acca5de7-7245-4f6a-ae76-e38154c5b76e","email":"andrew.miller@gmail.com","message":"failed to process due to datastore timeout of 30 seconds.  operation took 56 seconds."},{"id":"a7b9d195-c9fd-4f79-8b2f-c9a8336f6349","email":"grace.moore@gmail.com","message":"failed to process due to network exception."},{"id":"82ea70ce-9d63-4063-863c-d7973409d167","email":"aiden.johnson@microsoft.com","message":"successfully handled skipped operation."},{"id":"67a162fd-9bbd-4942-95f8-9984f4897fab","email":"sarah.green@amerisave.com","message":"successfully handled skipped operation."},{"id":"c46c3643-fab1-44ba-9c19-9e769968bb0a","email":"ava.davis@gmail.com","message":"successfully processed after 1010 milliseconds."},{"id":"bf521d5c-d635-4159-8dd2-53a38c8506a8","email":"dylan.wilson@gmail.com","message":"failed to process due to datastore timeout of 30 seconds.  operation took 97 seconds."},{"id":"039784ca-3a9b-447f-8410-7c8bba4f6a23","email":"ryan.king@dropbox.net","message":"failed to process due to network exception."},{"id":"32935fd8-a871-48af-b8d8-8c33c518f671","email":"alexander.williams@gmail.com","message":"successfully handled skipped operation."},{"id":"db01b126-9cd7-41f2-9a21-ca73d317f053","email":"madison.lewis@gmail.com","message":"successfully processed after 9898 milliseconds."},{"id":"3bc948d3-18df-4145-8b04-27e5a265e362","email":"chloe.garcia@dropbox.net","message":"successfully processed after 7587 milliseconds."},{"id":"fb04ff92-35af-4959-8576-11bbf53b9cdd","email":"aiden.johnson@microsoft.com","message":"successfully handled skipped operation."},{"id":"8d7163f1-04b7-416c-9d20-115c4b104af8","email":"alexander.williams@gmail.com","message":"successfully processed after 6261 milliseconds."},{"id":"e8e48335-0879-4257-9337-55cc7780d96b","email":"nathan.young@microsoft.com","message":"successfully handled skipped operation."},{"id":"2599479c-8cba-46c4-993b-f49f6fd2baab","email":"isabella.jackson@amerisave.com","message":"successfully handled skipped operation."},{"id":"42a76f32-279a-4e3e-acbc-cd879f7ef81a","email":"mia.perez@me.com","message":"successfully processed after 3238 milliseconds."},{"id":"3e837d21-1bb4-45c4-b612-bc5fb96e498f","email":"sarah.green@amerisave.com","message":"failed to process due to network exception."},{"id":"44d9ec35-6762-4747-b6b0-d8d3c461005c","email":"hannah.martin@dropbox.net","message":"failed to process due to network exception."},{"id":"31a4d701-84bb-4be3-92e5-510690ccc029","email":"alyssa.jones@amerisave.com","message":"successfully parsed message, but message temporarily enqueued while system restarts."},{"id":"4a80ec4d-c602-408b-95f3-32640f3f59ac","email":"aiden.johnson@microsoft.com","message":"failed to process due to datastore timeout of 30 seconds.  operation took 106 seconds."},{"id":"f08cf718-06f4-4bc5-9cf0-7673b56453dd","email":"ava.davis@gmail.com","message":"successfully processed after 1936 milliseconds."},{"id":"8ccb5d48-8162-4c48-8271-d6acd9cecec1","email":"matthew.walker@amerisave.com","message":"failed to process due to datastore timeout of 30 seconds.  operation took 102 seconds."}],"id":"f98b2c66-6c13-4f97-aa0f-857cb2613733"}