{"logs":[{"id":"27e560ea-d7f8-42ec-a419-d7e1c79909fb","email":"jacob.lopez@dropbox.net","message":"successfully processed after 4737 milliseconds."},{"id":"75092359-2b28-4dc9-8a15-e5705be65715","email":"daniel.rodriguez@amerisave.com","message":"successfully processed after 1355 milliseconds."},{"id":"b503292b-ec4e-44cf-adf0-1c8450a1546e","email":"logan.clark@dropbox.net","message":"successfully handled skipped operation."},{"id":"a5d6b423-e2f3-4242-937c-591e4a00c7af","email":"daniel.rodriguez@amerisave.com","message":"successfully handled skipped operation."},{"id":"2b4ef726-3917-49a7-9377-a82ce4447608","email":"liam.gonzalez@me.com","message":"failed to process due to network exception."},{"id":"688ee673-85bf-46be-872d-f1724d5ce449","email":"ella.anderson@dropbox.net","message":"failed to process due to network exception."},{"id":"17d84bf7-340e-4934-9514-43c65c411306","email":"andrew.miller@gmail.com","message":"successfully handled skipped operation."},{"id":"98b12604-411a-4883-9047-6502325648c2","email":"ava.davis@gmail.com","message":"failed to process due to network exception."},{"id":"dd4c01aa-4507-46be-9b67-4cacc161a6bf","email":"alyssa.jones@amerisave.com","message":"successfully parsed message, but message temporarily enqueued while system restarts."},{"id":"67352fed-9ef7-427a-b66f-2a26679cb54a","email":"chloe.garcia@dropbox.net","message":"successfully processed after 6379 milliseconds."},{"id":"461ca3c1-960c-42b5-ad69-14fa40e22bfe","email":"joshua.lee@gmail.com","message":"successfully processed after 1671 milliseconds."},{"id":"3865c886-03cb-4adc-a174-45fd32758532","email":"mason.robinson@amerisave.com","message":"failed to process due to network exception."},{"id":"2a35cbaa-959c-4e56-bfe4-5f0e85de7ada","email":"daniel.rodriguez@amerisave.com","message":"successfully parsed message, but message temporarily enqueued while system restarts."},{"id":"c415202f-ab54-4688-b73c-0899f38a64ab","email":"ella.anderson@dropbox.net","message":"successfully parsed message, but message temporarily enqueued while system restarts."},{"id":"2ad2f0bc-dd2a-4719-b73d-80cb72cd4aac","email":"sarah.green@amerisave.com","message":"successfully handled skipped operation."},{"id":"4e3f8660-9db0-4037-b54f-c60d3aed7e06","email":"liam.gonzalez@me.com","message":"successfully parsed message, but message temporarily enqueued while system restarts."},{"id":"37a8f2c7-1b67-4f93-bbc9-9fbb6ed5c6b7","email":"emma.thomas@me.com","message":"successfully processed after 7954 milliseconds."},{"id":"203f4838-1607-43f6-ae0c-9f8bdbbffd85","email":"jacob.lopez@dropbox.net","message":"successfully handled skipped operation."},{"id":"cf79ba6f-523a-4a16-9be0-23c36291b4a8","email":"ethan.hernandez@microsoft.com","message":"failed to process due to datastore timeout of 30 seconds.  operation took 120 seconds."},{"id":"2df1e7f9-bfdc-425d-90db-d2cf6e053bec","email":"emma.thomas@me.com","message":"successfully parsed message, but message temporarily enqueued while system restarts."},{"id":"4881a240-79af-4e7d-b3b2-fe0312472092","email":"olivia.wright@gmail.com","message":"successfully parsed message, but message temporarily enqueued while system restarts."},{"id":"9fd668b5-51cb-44c2-b1fb-8edb607a8700","email":"jackson.white@gmail.com","message":"successfully handled skipped operation."},{"id":"0e5a8beb-5c0c-4d09-9117-652840e3601b","email":"nathan.young@microsoft.com","message":"failed to process due to datastore timeout of 30 seconds.  operation took 41 seconds."},{"id":"df35c38d-d7e2-4e27-a436-8cb04d826e88","email":"chloe.garcia@dropbox.net","message":"successfully handled skipped operation."},{"id":"e0194e47-d1fc-484b-b0a7-2b12ebbcad67","email":"samantha.scott@me.com","message":"failed to process due to datastore timeout of 30 seconds.  operation took 124 seconds."},{"id":"281cee2d-c5e8-470b-a805-7a708e38a3f4","email":"ethan.hernandez@microsoft.com","message":"failed to process due to datastore timeout of 30 seconds.  operation took 102 seconds."},{"id":"ab4e5b4a-bcfb-415a-96b7-4f2d07f98ae4","email":"daniel.rodriguez@amerisave.com","message":"successfully processed after 8187 milliseconds."},{"id":"4ae317b8-96b5-4e91-a265-aec0de1390b4","email":"alexis.brown@microsoft.com","message":"successfully handled skipped operation."},{"id":"6fd9e719-aa75-4eff-a171-9c128e59b3da","email":"emily.taylor@gmail.com","message":"successfully handled skipped operation."},{"id":"78178c40-76cc-4acc-82d4-d33314ae8511","email":"sarah.green@amerisave.com","message":"successfully parsed message, but message temporarily enqueued while system restarts."},{"id":"c8b30335-79b3-4259-8218-e76503a100d1","email":"alyssa.jones@amerisave.com","message":"failed to process due to network exception."},{"id":"3d86ef65-0d77-4aad-891f-305fc81013c0","email":"madison.lewis@gmail.com","message":"successfully parsed message, but message temporarily enqueued while system restarts."},{"id":"572a475f-f565-4226-a417-1a8568b1a580","email":"isabella.jackson@amerisave.com","message":"successfully processed after 787 milliseconds."},{"id":"6931e613-496a-49af-8c6a-886e3b9caf87","email":"tyler.nelson@microsoft.com","message":"failed to process due to datastore timeout of 30 seconds.  operation took 73 seconds."},{"id":"2d22a782-1664-4dab-a541-158ea0d1e4ab","email":"isabella.jackson@amerisave.com","message":"successfully handled skipped operation."},{"id":"6d118956-f933-468c-911a-c22a10910227","email":"michael.hall@dropbox.net","message":"failed to process due to network exception."},{"id":"859fedc2-6056-4129-a303-1436d0298341","email":"aiden.johnson@microsoft.com","message":"successfully handled skipped operation."},{"id":"e60a55cc-b936-4f5b-94b0-131a5af77f22","email":"ryan.king@dropbox.net","message":"failed to process due to datastore timeout of 30 seconds.  operation took 50 seconds."},{"id":"7fe62884-6697-442d-afb6-49d574f48a4b","email":"michael.hall@dropbox.net","message":"failed to process due to network exception."},{"id":"86652de0-615a-4d2b-bb4e-dc7a53aef212","email":"grace.moore@gmail.com","message":"successfully parsed message, but message temporarily enqueued while system restarts."},{"id":"a01a4f61-6bd9-4188-be01-c15e7506850c","email":"jack.thompson@me.com","message":"successfully handled skipped operation."},{"id":"7fbf95af-e235-49e7-a17f-05c59430b417","email":"nicholas.allen@microsoft.com","message":"successfully parsed message, but message temporarily enqueued while system restarts."},{"id":"f95e3a79-56c7-49f9-aa3a-689d0a9c5b70","email":"chloe.garcia@dropbox.net","message":"successfully parsed message, but message temporarily enqueued while system restarts."},{"id":"33cb1269-2e93-4731-8512-659b0b4e0953","email":"dylan.wilson@gmail.com","message":"failed to process due to datastore timeout of 30 seconds.  operation took 127 seconds."},{"id":"d4b958e2-fbea-4076-9387-6cd12938e1af","email":"jack.thompson@me.com","message":"successfully parsed message, but message temporarily enqueued while system restarts."},{"id":"82828334-fa28-46e1-9f95-3688c9d1b6eb","email":"sophia.baker@dropbox.net","message":"successfully parsed message, but message temporarily enqueued while system restarts."},{"id":"fe725052-1336-47df-b142-a80d3cdea09f","email":"abigail.smith@amerisave.com","message":"successfully processed after 3272 milliseconds."},{"id":"b9139c3d-f0e0-4432-b284-cb4b23ca2495","email":"ethan.hernandez@microsoft.com","message":"successfully parsed message, but message temporarily enqueued while system restarts."},{"id":"042a8346-0141-48a2-93c1-d23c73571228","email":"sophia.baker@dropbox.net","message":"successfully handled skipped operation."},{"id":"b6b4f812-0e46-4de9-a6b2-a1ca6be2b9aa","email":"mia.perez@me.com","message":"successfully processed after 7327 milliseconds."},{"id":"5a0b3d7d-37e6-423d-8abd-f7b41bd561b7","email":"noah.sanchez@me.com","message":"successfully handled skipped operation."},{"id":"8b9333bb-62b9-4927-9a24-d67a8acab3b2","email":"nathan.young@microsoft.com","message":"successfully parsed message, but message temporarily enqueued while system restarts."},{"id":"908380a0-cd93-424b-9c08-9f998cb1d64c","email":"taylor.adams@gmail.com","message":"successfully handled skipped operation."},{"id":"b278eea7-af29-4ad7-9a0a-003c7cdd53bf","email":"abigail.smith@amerisave.com","message":"successfully processed after 3146 milliseconds."},{"id":"406c15a0-c881-4a98-860c-d969f1850eb8","email":"grace.moore@gmail.com","message":"failed to process due to datastore timeout of 30 seconds.  operation took 104 seconds."},{"id":"0b6f7dc2-aac7-4c58-8143-8cfdb4fbd05d","email":"hannah.martin@dropbox.net","message":"failed to process due to datastore timeout of 30 seconds.  operation took 107 seconds."},{"id":"0f41a311-705b-4634-84aa-62d7f1b4b656","email":"daniel.rodriguez@amerisave.com","message":"successfully processed after 2323 milliseconds."},{"id":"8b2016a9-af99-4d15-9082-4ef3176f4769","email":"mason.robinson@amerisave.com","message":"failed to process due to datastore timeout of 30 seconds.  operation took 80 seconds."},{"id":"05a8f24e-4fbc-4a28-b842-2aa712e392d3","email":"alyssa.jones@amerisave.com","message":"successfully handled skipped operation."},{"id":"9707bca6-e54f-4d10-a691-0fa4bf1f6291","email":"alyssa.jones@amerisave.com","message":"failed to process due to datastore timeout of 30 seconds.  operation took 108 seconds."},{"id":"ca4153be-6aa5-43cf-b75e-fa9f6b946765","email":"daniel.rodriguez@amerisave.com","message":"successfully parsed message, but message temporarily enqueued while system restarts."},{"id":"edad833f-c666-4066-8dac-80f0cdbe14b5","email":"samantha.scott@me.com","message":"failed to process due to network exception."},{"id":"b316c683-be5c-462c-b37a-61c9c3d47007","email":"emma.thomas@me.com","message":"successfully processed after 3385 milliseconds."},{"id":"59afcd48-c40f-4970-811b-8400cf3d236b","email":"sophia.baker@dropbox.net","message":"failed to process due to network exception."},{"id":"fdeaad2d-6aa6-4eb4-b8bc-c9464613ec4a","email":"sophia.baker@dropbox.net","message":"successfully processed after 2995 milliseconds."},{"id":"1be3c5a2-2b9b-46ef-b3d7-2933495a6008","email":"logan.clark@dropbox.net","message":"successfully processed after 4737 milliseconds."},{"id":"3a86cc8b-68a5-4446-8b2d-89b4d6c6723f","email":"ryan.king@dropbox.net","message":"successfully parsed message, but message temporarily enqueued while system restarts."},{"id":"9b96c731-a551-4fdd-96d0-6f03a650b5b8","email":"jackson.white@gmail.com","message":"successfully processed after 2558 milliseconds."},{"id":"cec9b67a-c902-44e8-ab6a-8063f88dae70","email":"michael.hall@dropbox.net","message":"successfully processed after 5713 milliseconds."},{"id":"cc65a990-b85a-4a14-b129-1be5112504e0","email":"daniel.rodriguez@amerisave.com","message":"successfully parsed message, but message temporarily enqueued while system restarts."},{"id":"8d22c006-e3f1-4491-a96c-b77932e5b3af","email":"ava.davis@gmail.com","message":"successfully parsed message, but message temporarily enqueued while system restarts."},{"id":"f594ea3a-b636-47e6-9fb7-d73c3a36899a","email":"nicholas.allen@microsoft.com","message":"failed to process due to datastore timeout of 30 seconds.  operation took 85 seconds."},{"id":"6aa90040-dc40-4e2d-99dd-5ab653628935","email":"andrew.miller@gmail.com","message":"failed to process due to datastore timeout of 30 seconds.  operation took 105 seconds."},{"id":"9eef30b7-f01a-4c7b-bebb-ff6107aab980","email":"emily.taylor@gmail.com","message":"successfully processed after 7331 milliseconds."},{"id":"3042eb29-bb0e-4acf-896b-fc6af5081d8e","email":"ethan.hernandez@microsoft.com","message":"successfully processed after 7604 milliseconds."},{"id":"44c2809c-0875-449c-83e5-e67d97a60a06","email":"alyssa.jones@amerisave.com","message":"failed to process due to datastore timeout of 30 seconds.  operation took 126 seconds."},{"id":"a465d340-e8c3-4077-945a-a2a9dfd82b00","email":"sophia.baker@dropbox.net","message":"successfully handled skipped operation."},{"id":"1f9b9244-81a4-4911-b6ce-8e00643141a6","email":"nicholas.allen@microsoft.com","message":"failed to process due to datastore timeout of 30 seconds.  operation took 119 seconds."},{"id":"75c14481-cdc7-4bef-8e9d-f59a01823307","email":"ethan.hernandez@microsoft.com","message":"failed to process due to network exception."},{"id":"739bb7ac-8493-4040-ba02-3a1c538e868a","email":"abigail.smith@amerisave.com","message":"successfully handled skipped operation."},{"id":"ed33386a-87d6-4d05-9bf1-53fe98ed0eed","email":"logan.clark@dropbox.net","message":"failed to process due to network exception."},{"id":"ffcbf988-c109-4129-a336-fa6d8dd7d9c3","email":"ella.anderson@dropbox.net","message":"successfully parsed message, but message temporarily enqueued while system restarts."},{"id":"6d128bdc-97c7-4ca0-a6a8-89875765a945","email":"joshua.lee@gmail.com","message":"failed to process due to datastore timeout of 30 seconds.  operation took 56 seconds."},{"id":"27df8d85-9c13-4d6b-9f8c-0683cbcb7033","email":"sarah.green@amerisave.com","message":"successfully parsed message, but message temporarily enqueued while system restarts."},{"id":"4ab4b6ca-b484-4e47-b069-297edf22c8fa","email":"mason.robinson@amerisave.com","message":"successfully processed after 4160 milliseconds."},{"id":"50006d8f-8175-4016-afe0-6cc675736ee7","email":"mia.perez@me.com","message":"failed to process due to datastore timeout of 30 seconds.  operation took 51 seconds."},{"id":"1cbbc612-e7f0-4e83-9a61-21a0f2f40412","email":"jackson.white@gmail.com","message":"successfully processed after 6690 milliseconds."},{"id":"1f1f46b8-f573-4919-838f-76223da03df8","email":"madison.lewis@gmail.com","message":"failed to process due to network exception."},{"id":"40bae86d-ceec-49cf-8248-76c0d37b7d89","email":"daniel.rodriguez@amerisave.com","message":"successfully parsed message, but message temporarily enqueued while system restarts."},{"id":"c0e779db-f132-42e4-8c4c-8e081180a89b","email":"alexander.williams@gmail.com","message":"successfully parsed message, but message temporarily enqueued while system restarts."},{"id":"14137e19-8fee-4063-867b-0e53b80b3c83","email":"ava.davis@gmail.com","message":"failed to process due to network exception."},{"id":"b3fcc8d8-7700-44f0-aa43-8510fad0510c","email":"ella.anderson@dropbox.net","message":"successfully parsed message, but message temporarily enqueued while system restarts."},{"id":"b83470c8-1a3e-4ba6-ac66-a58583fcf3f0","email":"dylan.wilson@gmail.com","message":"successfully parsed message, but message temporarily enqueued while system restarts."},{"id":"4c33b25d-fadf-48e1-b68e-e2ced71eca3c","email":"emma.thomas@me.com","message":"failed to process due to datastore timeout of 30 seconds.  operation took 56 seconds."},{"id":"dba629a4-88d6-4f24-b454-38968b1e2faf","email":"daniel.rodriguez@amerisave.com","message":"successfully parsed message, but message temporarily enqueued while system restarts."},{"id":"7c62da61-0554-4646-adfc-d3a23e8e9858","email":"dylan.wilson@gmail.com","message":"failed to process due to network exception."},{"id":"1400aae0-f34a-487b-a7de-b8aed4cc12eb","email":"aiden.johnson@microsoft.com","message":"failed to process due to network exception."},{"id":"325d0561-70c9-495b-9dbe-a4e538a1abe0","email":"elizabeth.martinez@dropbox.net","message":"failed to process due to datastore timeout of 30 seconds.  operation took 72 seconds."},{"id":"092999ea-4061-4278-9e01-bad31585f2d0","email":"chloe.garcia@dropbox.net","message":"failed to process due to datastore timeout of 30 seconds.  operation took 50 seconds."},{"id":"8221c859-4ffe-4853-9e4e-47e6f06c4163","email":"ethan.hernandez@microsoft.com","message":"failed to process due to network exception."},{"id":"e696d45e-fab3-438e-a1a9-a6d09dce7718","email":"taylor.adams@gmail.com","message":"successfully handled skipped operation."},{"id":"e9c2445d-8f05-41b1-a6aa-ca5019887af6","email":"ethan.hernandez@microsoft.com","message":"failed to process due to datastore timeout of 30 seconds.  operation took 34 seconds."},{"id":"7bc890f5-2ba4-4892-af98-03a57da1a53a","email":"sarah.green@amerisave.com","message":"successfully handled skipped operation."},{"id":"6485a527-99ec-4a36-bede-80fb26422d53","email":"joshua.lee@gmail.com","message":"failed to process due to network exception."},{"id":"d3bde9f5-88c5-42af-bb14-5c8e0974ecfa","email":"alexander.williams@gmail.com","message":"successfully processed after 6701 milliseconds."},{"id":"4ef09a0e-99e3-424b-b2fc-ff16c1a52c3f","email":"chloe.garcia@dropbox.net","message":"successfully parsed message, but message temporarily enqueued while system restarts."},{"id":"577c47c7-0ec2-47c9-834d-b667352a1c17","email":"jack.thompson@me.com","message":"successfully handled skipped operation."},{"id":"3086e376-b719-48e5-adf2-1016b948d7b5","email":"taylor.adams@gmail.com","message":"successfully handled skipped operation."},{"id":"7d5f9a27-8e88-4d10-ac0f-5c0218c10887","email":"mason.robinson@amerisave.com","message":"successfully handled skipped operation."},{"id":"18dc1a35-b053-485a-bc42-1f5c51be27e9","email":"aiden.johnson@microsoft.com","message":"successfully parsed message, but message temporarily enqueued while system restarts."},{"id":"3d1d6a30-0403-4074-bb98-7a2c6a18a0d6","email":"mason.robinson@amerisave.com","message":"successfully parsed message, but message temporarily enqueued while system restarts."},{"id":"921339be-4ec9-468d-babb-5ee6ee90f47d","email":"emma.thomas@me.com","message":"successfully parsed message, but message temporarily enqueued while system restarts."},{"id":"1043947e-3135-4da0-b8c3-c8abca4c3d4a","email":"daniel.rodriguez@amerisave.com","message":"successfully processed after 1505 milliseconds."},{"id":"33550b31-8327-4e2a-a8a2-bfb3acc890fd","email":"ethan.hernandez@microsoft.com","message":"successfully processed after 4284 milliseconds."},{"id":"a133eeec-c4cd-40b7-88b1-7d2e196bf950","email":"elizabeth.martinez@dropbox.net","message":"successfully handled skipped operation."},{"id":"00b3127f-fdb9-485e-8886-0426112bb9ec","email":"michael.hall@dropbox.net","message":"successfully processed after 4272 milliseconds."},{"id":"695b2881-eec9-4d58-9b95-b1c245752f6b","email":"nathan.young@microsoft.com","message":"successfully processed after 7726 milliseconds."},{"id":"3cda0291-97db-4227-807e-caa5cf7d37df","email":"emily.taylor@gmail.com","message":"successfully parsed message, but message temporarily enqueued while system restarts."},{"id":"dcb43e54-35e6-4704-ab74-ad5a01e72678","email":"mia.perez@me.com","message":"failed to process due to network exception."},{"id":"b296dd78-b070-41dd-ae01-752059ffdfc3","email":"mason.robinson@amerisave.com","message":"successfully processed after 5566 milliseconds."},{"id":"3e825557-4ea9-41b3-ad4a-1bf8ff1b7bf2","email":"mia.perez@me.com","message":"failed to process due to datastore timeout of 30 seconds.  operation took 55 seconds."},{"id":"29a87943-d135-4613-8c89-233e9ec58dd8","email":"jackson.white@gmail.com","message":"successfully handled skipped operation."},{"id":"273d6744-7828-475d-9bb7-4665ccbf5cf0","email":"taylor.adams@gmail.com","message":"successfully handled skipped operation."},{"id":"91c156ad-f707-4544-8f58-2bf69a6f7a70","email":"samantha.scott@me.com","message":"successfully parsed message, but message temporarily enqueued while system restarts."},{"id":"31d9808a-db49-44f5-adac-20f25a61e1d6","email":"olivia.wright@gmail.com","message":"failed to process due to network exception."},{"id":"ffa7d70d-d1a2-47ae-a751-172bc8336e34","email":"abigail.smith@amerisave.com","message":"successfully handled skipped operation."},{"id":"684fb1e8-bcc2-4839-b85e-849acced52f5","email":"logan.clark@dropbox.net","message":"successfully processed after 3662 milliseconds."},{"id":"36d2e8f2-52e5-4d4d-a0ae-0187600c9370","email":"madison.lewis@gmail.com","message":"failed to process due to datastore timeout of 30 seconds.  operation took 91 seconds."},{"id":"e9ce7a96-7e48-4de8-b653-f908c2efd195","email":"liam.gonzalez@me.com","message":"successfully handled skipped operation."},{"id":"9beaac40-e167-49a5-be3a-4950e68e6f81","email":"daniel.rodriguez@amerisave.com","message":"successfully processed after 6646 milliseconds."},{"id":"8b836ecb-e189-43a0-9e76-9ffd20f17140","email":"noah.sanchez@me.com","message":"successfully processed after 8875 milliseconds."},{"id":"8aaef858-233b-4b39-9842-04fbfe864512","email":"lily.harris@gmail.com","message":"successfully parsed message, but message temporarily enqueued while system restarts."},{"id":"f08896a8-756f-4f75-8259-7a38a4dcad96","email":"alexis.brown@microsoft.com","message":"failed to process due to datastore timeout of 30 seconds.  operation took 100 seconds."},{"id":"585cd075-e29b-4050-8d0f-33d3b06a6bb7","email":"nathan.young@microsoft.com","message":"failed to process due to network exception."},{"id":"38ad0091-1004-4e8b-9e68-031db96ad659","email":"emma.thomas@me.com","message":"failed to process due to network exception."},{"id":"aaf4e9c8-85e7-4d25-8b54-95e24dd1eac4","email":"michael.hall@dropbox.net","message":"successfully processed after 9787 milliseconds."},{"id":"95b0cb0f-e4f3-4dc6-96e3-030740b9fb05","email":"sophia.baker@dropbox.net","message":"successfully handled skipped operation."},{"id":"c4889bb6-ac01-4f79-adab-544eef37da43","email":"dylan.wilson@gmail.com","message":"failed to process due to network exception."},{"id":"6016d4ec-978c-460f-8bda-343e05a8f32f","email":"alexander.williams@gmail.com","message":"successfully processed after 2815 milliseconds."},{"id":"75b955d2-6837-4f8c-a240-2c5e28c0beb8","email":"hannah.martin@dropbox.net","message":"failed to process due to network exception."},{"id":"7c4d78f2-5a63-4265-a92f-01340d7c9ff3","email":"ryan.king@dropbox.net","message":"failed to process due to datastore timeout of 30 seconds.  operation took 34 seconds."},{"id":"37c75f2b-0699-4b5c-9e0e-2207aac18743","email":"jacob.lopez@dropbox.net","message":"successfully parsed message, but message temporarily enqueued while system restarts."},{"id":"414aa620-bab0-426e-b2a4-0de8a5e95d31","email":"hannah.martin@dropbox.net","message":"successfully processed after 4478 milliseconds."},{"id":"13c46b7f-6eb0-4dee-90c0-1a6e1e6c86b6","email":"daniel.rodriguez@amerisave.com","message":"successfully parsed message, but message temporarily enqueued while system restarts."},{"id":"3220d083-e1a8-4b68-bfa8-10345e4d390b","email":"nicholas.allen@microsoft.com","message":"successfully handled skipped operation."},{"id":"e4a1f296-3047-434a-9e44-32cb4d3fda93","email":"sarah.green@amerisave.com","message":"failed to process due to datastore timeout of 30 seconds.  operation took 87 seconds."},{"id":"4b0946c6-60c0-48ec-8fd8-c0c0896bdddb","email":"alexander.williams@gmail.com","message":"successfully processed after 7940 milliseconds."},{"id":"1f422cc1-2d8b-4d00-8c21-fc90cc146c94","email":"alyssa.jones@amerisave.com","message":"failed to process due to datastore timeout of 30 seconds.  operation took 111 seconds."},{"id":"60e51a13-cf34-482d-882d-a264e4c88ea7","email":"jacob.lopez@dropbox.net","message":"successfully parsed message, but message temporarily enqueued while system restarts."},{"id":"450adde9-5344-493e-8acf-bcf7834cf306","email":"taylor.adams@gmail.com","message":"successfully handled skipped operation."},{"id":"edf19073-c826-4831-bfe9-8c311543453f","email":"jack.thompson@me.com","message":"failed to process due to network exception."},{"id":"458609a0-ca09-441e-9084-aaa9ec70c365","email":"abigail.smith@amerisave.com","message":"failed to process due to network exception."},{"id":"9720858c-80bc-44cc-afc0-29085404b1c2","email":"hannah.martin@dropbox.net","message":"successfully parsed message, but message temporarily enqueued while system restarts."},{"id":"1515ba0f-07e4-4db3-8b1c-c7821c0a99b2","email":"olivia.wright@gmail.com","message":"successfully handled skipped operation."},{"id":"623b5a7f-b274-4a96-bb11-28b04c101d51","email":"dylan.wilson@gmail.com","message":"failed to process due to datastore timeout of 30 seconds.  operation took 32 seconds."},{"id":"68cfe108-20a8-43d8-8da7-170ded70489b","email":"emily.taylor@gmail.com","message":"failed to process due to network exception."},{"id":"693f889d-2427-46d6-966f-d0c1dc764f20","email":"alexander.williams@gmail.com","message":"successfully processed after 9210 milliseconds."},{"id":"ba45143e-dd86-4a89-b674-96f211a76555","email":"alexander.williams@gmail.com","message":"successfully parsed message, but message temporarily enqueued while system restarts."},{"id":"636455a5-409b-4173-8220-1fc6746e444d","email":"daniel.rodriguez@amerisave.com","message":"failed to process due to network exception."},{"id":"3f073896-eeba-438d-bed9-c22db0553103","email":"ella.anderson@dropbox.net","message":"failed to process due to network exception."},{"id":"cd114cef-38d5-4541-82b0-f19b8dece05e","email":"michael.hall@dropbox.net","message":"successfully processed after 8443 milliseconds."},{"id":"86ffd298-9e6f-4b06-887a-67e8c6175aa7","email":"ethan.hernandez@microsoft.com","message":"failed to process due to network exception."},{"id":"e8753683-3084-46ba-b73b-49703820bf2d","email":"sophia.baker@dropbox.net","message":"successfully processed after 7126 milliseconds."},{"id":"3b77aa26-9cda-4e38-a8fb-79d118d552bd","email":"elizabeth.martinez@dropbox.net","message":"failed to process due to network exception."},{"id":"bfe57aed-2bee-4611-978a-2f64c6c020c5","email":"hannah.martin@dropbox.net","message":"successfully handled skipped operation."},{"id":"0a1422f7-6e4b-49f1-b335-8ee3fbbebbb9","email":"tyler.nelson@microsoft.com","message":"failed to process due to datastore timeout of 30 seconds.  operation took 72 seconds."},{"id":"935c2522-9839-4c2d-819a-2375f2ea04a8","email":"alexis.brown@microsoft.com","message":"failed to process due to network exception."},{"id":"5428c029-f537-462e-8a23-cd307a398f8d","email":"samantha.scott@me.com","message":"successfully parsed message, but message temporarily enqueued while system restarts."},{"id":"601f9791-5e04-44d8-b03d-04ba318290b5","email":"michael.hall@dropbox.net","message":"successfully handled skipped operation."},{"id":"f675407f-c198-4a8f-8f13-dc4dc2c026a6","email":"mia.perez@me.com","message":"failed to process due to datastore timeout of 30 seconds.  operation took 47 seconds."},{"id":"a8194873-cbdd-4264-baf2-59a08e737c0d","email":"jacob.lopez@dropbox.net","message":"failed to process due to network exception."},{"id":"3ff31466-eae5-4ee3-9e4a-18bc28462806","email":"elizabeth.martinez@dropbox.net","message":"successfully processed after 7996 milliseconds."},{"id":"5b7a05d2-e0ea-4e1d-a089-7c48b52251ed","email":"isabella.jackson@amerisave.com","message":"successfully handled skipped operation."},{"id":"018b194f-90b5-4093-992e-1eb78fb0c62b","email":"chloe.garcia@dropbox.net","message":"successfully handled skipped operation."},{"id":"21043dee-7e1d-4d5d-a321-6422e5ad2857","email":"olivia.wright@gmail.com","message":"failed to process due to datastore timeout of 30 seconds.  operation took 126 seconds."},{"id":"9166a110-168a-40dc-a0a2-1c297f5b7ee0","email":"chloe.garcia@dropbox.net","message":"successfully processed after 5944 milliseconds."},{"id":"92c6a1a6-2ff7-41fc-893d-134050b59bf4","email":"ella.anderson@dropbox.net","message":"successfully parsed message, but message temporarily enqueued while system restarts."},{"id":"f20754df-2ed7-4274-aabd-ae9fac2c76c4","email":"abigail.smith@amerisave.com","message":"successfully processed after 2352 milliseconds."},{"id":"309db398-9374-42d4-8e1d-d91fd3d2bb3b","email":"matthew.walker@amerisave.com","message":"successfully processed after 826 milliseconds."},{"id":"751c43a7-0b89-477a-9640-83c2dba40fdb","email":"ethan.hernandez@microsoft.com","message":"failed to process due to network exception."},{"id":"0d00a613-d203-4a50-b661-8135a53ceaf0","email":"ella.anderson@dropbox.net","message":"successfully processed after 4751 milliseconds."},{"id":"05505335-b5a4-4337-ac12-06c26d51d2f8","email":"jacob.lopez@dropbox.net","message":"successfully processed after 7448 milliseconds."},{"id":"8d668bdc-62f0-466b-a828-56dabc649057","email":"chloe.garcia@dropbox.net","message":"successfully processed after 8799 milliseconds."},{"id":"08f65598-dac8-4d56-86ca-a9c849986410","email":"mia.perez@me.com","message":"successfully processed after 3522 milliseconds."},{"id":"2a3fdbb5-3c62-4df6-92bc-c454f57a123d","email":"taylor.adams@gmail.com","message":"failed to process due to datastore timeout of 30 seconds.  operation took 111 seconds."},{"id":"49999afe-de7f-4ece-86f3-d83016144e03","email":"jackson.white@gmail.com","message":"successfully handled skipped operation."},{"id":"9d743bff-86cb-493e-a8c4-7cdea9f0b682","email":"mia.perez@me.com","message":"successfully handled skipped operation."},{"id":"a1106243-ae85-4061-995e-597a62ce3aa9","email":"mia.perez@me.com","message":"successfully processed after 9664 milliseconds."},{"id":"a0c2362b-2335-47cb-b158-712509a4f58e","email":"abigail.smith@amerisave.com","message":"successfully parsed message, but message temporarily enqueued while system restarts."},{"id":"19d08e3a-076e-4b68-9d70-6c321916b2ae","email":"hannah.martin@dropbox.net","message":"successfully processed after 2052 milliseconds."},{"id":"ca123a29-e150-4296-b312-5da5f9c917b2","email":"noah.sanchez@me.com","message":"successfully parsed message, but message temporarily enqueued while system restarts."},{"id":"c21b3699-b917-48cf-b428-c816e8d2002b","email":"jacob.lopez@dropbox.net","message":"failed to process due to datastore timeout of 30 seconds.  operation took 81 seconds."},{"id":"c119810e-9f79-4603-9784-07b9a08fb6f5","email":"olivia.wright@gmail.com","message":"successfully processed after 9361 milliseconds."},{"id":"bb55af3b-e4be-4bb6-841c-a0fd0572f0de","email":"jack.thompson@me.com","message":"successfully handled skipped operation."},{"id":"ab943ca1-4acb-4c6f-bf31-776c77102fbd","email":"alyssa.jones@amerisave.com","message":"successfully parsed message, but message temporarily enqueued while system restarts."},{"id":"ab8926b4-4ec7-46f3-b164-cb034fcd3f13","email":"elizabeth.martinez@dropbox.net","message":"successfully processed after 6874 milliseconds."},{"id":"e2e86047-15e6-420d-a03b-c837555c6d10","email":"logan.clark@dropbox.net","message":"failed to process due to network exception."},{"id":"42ae95cd-e65b-4223-a704-df8bbb0ebbb1","email":"madison.lewis@gmail.com","message":"failed to process due to datastore timeout of 30 seconds.  operation took 82 seconds."},{"id":"91c08047-92e8-45b8-84e2-1e413896c8e0","email":"liam.gonzalez@me.com","message":"successfully parsed message, but message temporarily enqueued while system restarts."},{"id":"205e3d31-2d4e-4167-a654-ca6948a0213a","email":"matthew.walker@amerisave.com","message":"successfully parsed message, but message temporarily enqueued while system restarts."},{"id":"f651eaea-3457-4c54-bbe0-438eccba5b17","email":"dylan.wilson@gmail.com","message":"failed to process due to datastore timeout of 30 seconds.  operation took 125 seconds."},{"id":"d360130d-af51-4dce-9433-79a2929d6d91","email":"jacob.lopez@dropbox.net","message":"failed to process due to datastore timeout of 30 seconds.  operation took 50 seconds."},{"id":"a8fa648b-63f4-4265-842f-24d6112f3484","email":"joshua.lee@gmail.com","message":"successfully parsed message, but message temporarily enqueued while system restarts."},{"id":"2a370d83-623d-4cd5-8860-1143f8440e31","email":"elizabeth.martinez@dropbox.net","message":"failed to process due to network exception."},{"id":"84ae83f5-1102-4a76-bfe1-82f6494c5b71","email":"taylor.adams@gmail.com","message":"failed to process due to network exception."},{"id":"44d8de6d-2b1b-4885-8a6f-d3d6f29f11a7","email":"ryan.king@dropbox.net","message":"successfully processed after 3124 milliseconds."},{"id":"0c94aae3-91ef-4e15-837d-6c651dbf8a8e","email":"liam.gonzalez@me.com","message":"successfully handled skipped operation."},{"id":"c82506fb-ee92-491b-b27d-23e0c7936881","email":"daniel.rodriguez@amerisave.com","message":"successfully parsed message, but message temporarily enqueued while system restarts."},{"id":"46e687a5-90fe-4201-a418-c5604dd1b96c","email":"daniel.rodriguez@amerisave.com","message":"failed to process due to network exception."},{"id":"07a2cad3-3591-4b26-ac27-a6d7c32d8f60","email":"noah.sanchez@me.com","message":"failed to process due to datastore timeout of 30 seconds.  operation took 83 seconds."},{"id":"e8735409-267a-458d-b46a-6053942ea9e0","email":"liam.gonzalez@me.com","message":"successfully handled skipped operation."},{"id":"9780ea55-620d-468a-bb57-3477841831d4","email":"elizabeth.martinez@dropbox.net","message":"failed to process due to network exception."},{"id":"507a8b27-5f91-45f2-be0e-a1b7207e48b5","email":"grace.moore@gmail.com","message":"successfully parsed message, but message temporarily enqueued while system restarts."},{"id":"2bb14c63-2201-4352-a778-530f6e01506d","email":"aiden.johnson@microsoft.com","message":"successfully processed after 6742 milliseconds."},{"id":"e989861e-d771-4623-8f8b-4701fe383d34","email":"ella.anderson@dropbox.net","message":"failed to process due to network exception."},{"id":"6130fdf1-8164-4e86-b061-6a3550e8d908","email":"alexis.brown@microsoft.com","message":"successfully processed after 6409 milliseconds."},{"id":"92fe32a7-2548-4f90-85d2-ed56ef97e74f","email":"emma.thomas@me.com","message":"successfully handled skipped operation."},{"id":"46c04b5a-789f-4075-8873-2e50f7d1571b","email":"emily.taylor@gmail.com","message":"successfully processed after 8725 milliseconds."},{"id":"aa7bee7d-8130-4f3a-a93b-20123710cf12","email":"isabella.jackson@amerisave.com","message":"successfully parsed message, but message temporarily enqueued while system restarts."},{"id":"af8fa63a-3d83-4f2d-9855-40cd97ea3043","email":"emily.taylor@gmail.com","message":"failed to process due to datastore timeout of 30 seconds.  operation took 112 seconds."},{"id":"b8df895d-c3cb-4a4a-8550-695ea25b0c5b","email":"logan.clark@dropbox.net","message":"successfully parsed message, but message temporarily enqueued while system restarts."},{"id":"5dad160e-196f-4915-8621-b8dac8edeb44","email":"jack.thompson@me.com","message":"failed to process due to datastore timeout of 30 seconds.  operation took 96 seconds."},{"id":"babf5f64-311b-4d6d-8d50-905bf4950bb5","email":"liam.gonzalez@me.com","message":"failed to process due to datastore timeout of 30 seconds.  operation took 45 seconds."},{"id":"9b2edb74-63c1-4486-a5da-3f64db3a82b5","email":"noah.sanchez@me.com","message":"successfully handled skipped operation."},{"id":"4be71149-baf3-40e3-954d-87f597aa3554","email":"liam.gonzalez@me.com","message":"successfully processed after 5414 milliseconds."},{"id":"dc648b26-cabe-49f3-815f-5a3f0845d7a8","email":"jackson.white@gmail.com","message":"successfully processed after 3872 milliseconds."},{"id":"be81c086-fd0a-451a-b161-503fbb8b2db6","email":"jack.thompson@me.com","message":"failed to process due to datastore timeout of 30 seconds.  operation took 97 seconds."},{"id":"b150fb53-1851-4cf5-a686-13a3f8dfc911","email":"dylan.wilson@gmail.com","message":"successfully handled skipped operation."},{"id":"63248d76-1d91-414a-89db-8bd523e048f1","email":"grace.moore@gmail.com","message":"successfully parsed message, but message temporarily enqueued while system restarts."},{"id":"e8a57cec-2f14-48e6-b42b-07fb01baa54f","email":"nathan.young@microsoft.com","message":"successfully handled skipped operation."},{"id":"6cc86578-823d-41b4-ac1b-5dd3fe1ad0cb","email":"sophia.baker@dropbox.net","message":"failed to process due to network exception."},{"id":"9ed9c6c8-a1b4-49db-9341-c528ef0690b5","email":"jacob.lopez@dropbox.net","message":"successfully handled skipped operation."},{"id":"473d9ef3-4301-46f1-a6e2-88381385fa54","email":"dylan.wilson@gmail.com","message":"failed to process due to network exception."},{"id":"08b21c8d-10cb-4097-bfac-e6ed505b1ea8","email":"emma.thomas@me.com","message":"successfully parsed message, but message temporarily enqueued while system restarts."},{"id":"deb83480-3862-416b-9e13-a011ee992102","email":"joshua.lee@gmail.com","message":"successfully parsed message, but message temporarily enqueued while system restarts."},{"id":"4e6c7aa1-eb82-448c-bb7f-c92092cfb16e","email":"michael.hall@dropbox.net","message":"successfully parsed message, but message temporarily enqueued while system restarts."},{"id":"c10af16d-873e-48ec-bbb9-9c2e21792f60","email":"daniel.rodriguez@amerisave.com","message":"successfully processed after 1418 milliseconds."},{"id":"959789ed-ecb9-4883-83a0-8845a7d34473","email":"mason.robinson@amerisave.com","message":"successfully parsed message, but message temporarily enqueued while system restarts."},{"id":"f42a2f25-441d-4c0f-bd45-c5c240ee464b","email":"noah.sanchez@me.com","message":"failed to process due to datastore timeout of 30 seconds.  operation took 39 seconds."},{"id":"df35d2a5-4b80-42f2-8105-fce02c2e395c","email":"grace.moore@gmail.com","message":"successfully processed after 1277 milliseconds."},{"id":"caabbe1a-a557-415f-90e2-96518c65f265","email":"taylor.adams@gmail.com","message":"failed to process due to network exception."},{"id":"82857ee0-178b-4e0e-8f69-2a0689d9a678","email":"matthew.walker@amerisave.com","message":"failed to process due to network exception."},{"id":"222d5a96-6bb5-4a15-a200-3ef0d248cfd6","email":"daniel.rodriguez@amerisave.com","message":"successfully parsed message, but message temporarily enqueued while system restarts."},{"id":"7b2c61fd-5a4a-4e5f-9549-b963f086e868","email":"alexis.brown@microsoft.com","message":"successfully parsed message, but message temporarily enqueued while system restarts."},{"id":"f969d788-f445-42ee-be3b-4551ed5f5858","email":"emily.taylor@gmail.com","message":"successfully parsed message, but message temporarily enqueued while system restarts."},{"id":"a234f2be-9539-4a58-8929-504ecca1d1eb","email":"logan.clark@dropbox.net","message":"failed to process due to network exception."},{"id":"2e2fcd81-0493-49d8-8344-ee3b2d1c8a16","email":"jacob.lopez@dropbox.net","message":"failed to process due to datastore timeout of 30 seconds.  operation took 59 seconds."},{"id":"e75d36af-cf6d-4d92-bd1f-747d246b0d9a","email":"dylan.wilson@gmail.com","message":"failed to process due to datastore timeout of 30 seconds.  operation took 74 seconds."},{"id":"e5b8114b-c754-435e-b6f2-954bd88dab05","email":"mason.robinson@amerisave.com","message":"failed to process due to network exception."},{"id":"97910d84-b65e-40fd-a5c0-a301cb078cb4","email":"isabella.jackson@amerisave.com","message":"successfully parsed message, but message temporarily enqueued while system restarts."},{"id":"01f680d7-af77-4e1d-87be-b632a37c7f59","email":"jack.thompson@me.com","message":"failed to process due to network exception."},{"id":"cbdf1638-2805-4782-bd10-b147eba9e14d","email":"taylor.adams@gmail.com","message":"failed to process due to network exception."},{"id":"35c965e1-4c1b-435f-a8ef-98a050a35268","email":"alexis.brown@microsoft.com","message":"successfully handled skipped operation."},{"id":"62122621-8fbf-4d05-9ec2-097eb93c30a4","email":"aiden.johnson@microsoft.com","message":"failed to process due to datastore timeout of 30 seconds.  operation took 57 seconds."},{"id":"1c75d4b9-3e49-4b2f-9200-fd9716c793f3","email":"emily.taylor@gmail.com","message":"failed to process due to datastore timeout of 30 seconds.  operation took 88 seconds."},{"id":"40037f96-c00e-4b0a-9bb4-701a3f8ae82c","email":"ryan.king@dropbox.net","message":"successfully parsed message, but message temporarily enqueued while system restarts."},{"id":"1b0f1d9c-be9c-4eca-9277-ed4bed227328","email":"emma.thomas@me.com","message":"failed to process due to network exception."},{"id":"be575ae1-3dbb-40c2-9790-4cf4df84a7f1","email":"ryan.king@dropbox.net","message":"failed to process due to network exception."},{"id":"4df3df86-998a-4065-b49e-7605e06b47c5","email":"elizabeth.martinez@dropbox.net","message":"successfully processed after 6668 milliseconds."},{"id":"3782f7ce-775a-4f3c-8f90-c6b90cce29ff","email":"samantha.scott@me.com","message":"failed to process due to datastore timeout of 30 seconds.  operation took 103 seconds."},{"id":"de196f4c-0825-4e75-9de7-870a719e0bde","email":"nicholas.allen@microsoft.com","message":"failed to process due to datastore timeout of 30 seconds.  operation took 129 seconds."},{"id":"7181b4aa-5342-495a-aa4a-49361eb640b9","email":"logan.clark@dropbox.net","message":"failed to process due to datastore timeout of 30 seconds.  operation took 41 seconds."},{"id":"a15ce88d-bf87-4ede-8761-2da35290f1c5","email":"jacob.lopez@dropbox.net","message":"successfully processed after 9117 milliseconds."},{"id":"3b8bbc14-a11b-4e43-b133-f2d4c68a3d28","email":"noah.sanchez@me.com","message":"successfully parsed message, but message temporarily enqueued while system restarts."},{"id":"0157c4eb-9af7-47cb-8ec4-c76b3a0de458","email":"logan.clark@dropbox.net","message":"successfully processed after 169 milliseconds."},{"id":"22d9d85f-7e24-4c10-bf24-e973bb61ff86","email":"chloe.garcia@dropbox.net","message":"successfully parsed message, but message temporarily enqueued while system restarts."},{"id":"4849d799-8fe5-49af-9794-04791634ca79","email":"tyler.nelson@microsoft.com","message":"failed to process due to network exception."},{"id":"59428ef7-c998-42de-9237-5479beb30d5d","email":"jackson.white@gmail.com","message":"failed to process due to datastore timeout of 30 seconds.  operation took 63 seconds."},{"id":"cbb0dd25-8236-4a61-b7bd-a183075a2c29","email":"nathan.young@microsoft.com","message":"successfully parsed message, but message temporarily enqueued while system restarts."},{"id":"83c7151c-044d-4f73-9d8c-c6be4450b945","email":"lily.harris@gmail.com","message":"successfully processed after 9738 milliseconds."},{"id":"9562d1d0-a183-44cd-a1a1-3de9770ea648","email":"logan.clark@dropbox.net","message":"failed to process due to datastore timeout of 30 seconds.  operation took 116 seconds."},{"id":"e1406b24-8b8f-4295-aea9-9d5b6cf41f9c","email":"grace.moore@gmail.com","message":"successfully processed after 3927 milliseconds."},{"id":"26062c1d-9f27-46d1-8104-6eea1e56b026","email":"grace.moore@gmail.com","message":"failed to process due to network exception."},{"id":"74c45613-a555-49af-923e-0132d9fe7a09","email":"alyssa.jones@amerisave.com","message":"failed to process due to datastore timeout of 30 seconds.  operation took 109 seconds."},{"id":"796494c5-4184-4581-b2f2-f0861bbf64b4","email":"sophia.baker@dropbox.net","message":"failed to process due to network exception."},{"id":"24196756-1ee4-4f81-9665-e19f073dc357","email":"daniel.rodriguez@amerisave.com","message":"successfully handled skipped operation."},{"id":"6a18c0c9-568a-42bf-b075-16d80067c90d","email":"emily.taylor@gmail.com","message":"successfully handled skipped operation."},{"id":"2689d60d-b961-4912-9999-7142c694d991","email":"alyssa.jones@amerisave.com","message":"successfully handled skipped operation."},{"id":"7a8c8d34-75d8-466e-9fa6-5933464b95b5","email":"chloe.garcia@dropbox.net","message":"failed to process due to network exception."},{"id":"5de5504e-3bde-4214-9eb4-c3c37df5fe2e","email":"dylan.wilson@gmail.com","message":"failed to process due to datastore timeout of 30 seconds.  operation took 50 seconds."},{"id":"79df293f-8b7b-48d6-adc7-47581adc77af","email":"matthew.walker@amerisave.com","message":"successfully parsed message, but message temporarily enqueued while system restarts."},{"id":"c3315a3d-d319-4ee4-b82e-b334cc1fe458","email":"alexis.brown@microsoft.com","message":"successfully parsed message, but message temporarily enqueued while system restarts."},{"id":"1e225033-54d6-4b92-bce5-3b1db3c93c02","email":"noah.sanchez@me.com","message":"successfully handled skipped operation."},{"id":"0469a095-a019-4a0f-9663-44226ef9e2e0","email":"abigail.smith@amerisave.com","message":"failed to process due to datastore timeout of 30 seconds.  operation took 66 seconds."},{"id":"f02914a8-f20e-441c-ac26-2ea7fc6d2ad1","email":"daniel.rodriguez@amerisave.com","message":"failed to process due to datastore timeout of 30 seconds.  operation took 93 seconds."},{"id":"9c317761-262e-4484-aea9-4dc72dd035e7","email":"sophia.baker@dropbox.net","message":"successfully handled skipped operation."},{"id":"fb98edfa-1d1e-4c8d-b53f-56e0b6d47cc1","email":"joshua.lee@gmail.com","message":"successfully parsed message, but message temporarily enqueued while system restarts."},{"id":"b1754e0c-22dc-48ad-bcab-505f167a8cbb","email":"jackson.white@gmail.com","message":"failed to process due to network exception."},{"id":"c28b3014-592a-457b-abff-c1c7fd30f4c8","email":"hannah.martin@dropbox.net","message":"successfully processed after 888 milliseconds."},{"id":"37143ca4-a75a-4502-83a8-876df5dceb9a","email":"alexis.brown@microsoft.com","message":"successfully handled skipped operation."},{"id":"a2106b5f-7708-436f-bebc-e2c1946442f2","email":"ryan.king@dropbox.net","message":"failed to process due to network exception."},{"id":"790f774a-f874-4e8d-8a4f-67121c8a56ed","email":"lily.harris@gmail.com","message":"failed to process due to network exception."},{"id":"d23a507f-daf9-4712-911e-a7a23f5b913e","email":"mia.perez@me.com","message":"failed to process due to datastore timeout of 30 seconds.  operation took 125 seconds."},{"id":"bd7b398a-935e-4e31-b57b-7a7eef799867","email":"nicholas.allen@microsoft.com","message":"successfully handled skipped operation."},{"id":"8a82ff6f-a38e-4723-9736-e447e114ab88","email":"chloe.garcia@dropbox.net","message":"successfully handled skipped operation."},{"id":"8d758fd7-a36f-42c7-8289-40918c21d3dc","email":"emma.thomas@me.com","message":"successfully handled skipped operation."},{"id":"0d3ef9de-9081-4643-b078-c0ac6e11ae3e","email":"logan.clark@dropbox.net","message":"failed to process due to datastore timeout of 30 seconds.  operation took 119 seconds."},{"id":"bf7c1d69-6a9c-4709-87d9-608fec8ddae6","email":"isabella.jackson@amerisave.com","message":"failed to process due to datastore timeout of 30 seconds.  operation took 97 seconds."},{"id":"903bfd40-91d5-4ba5-8ea1-63e95d563836","email":"tyler.nelson@microsoft.com","message":"successfully processed after 7041 milliseconds."},{"id":"cd41c08f-3a28-4b95-becf-2ec227f8d301","email":"emma.thomas@me.com","message":"successfully processed after 195 milliseconds."},{"id":"79e27af3-cb41-4a2e-bbad-5dd3e12e8137","email":"dylan.wilson@gmail.com","message":"successfully processed after 583 milliseconds."},{"id":"9ffbe0d3-cbc4-4e66-893f-81f1209f3521","email":"hannah.martin@dropbox.net","message":"successfully parsed message, but message temporarily enqueued while system restarts."},{"id":"233e8758-9fb3-4715-b9d9-8aac2a6de3d0","email":"nathan.young@microsoft.com","message":"failed to process due to datastore timeout of 30 seconds.  operation took 124 seconds."},{"id":"f174b29c-7afd-487b-b8bc-c637bd867ea6","email":"emma.thomas@me.com","message":"successfully processed after 4967 milliseconds."},{"id":"2af7ec24-732a-41cd-98ab-4cb6f6415f6d","email":"chloe.garcia@dropbox.net","message":"successfully processed after 6257 milliseconds."},{"id":"b0d32b73-516f-4050-8eaf-88069c18c81f","email":"jackson.white@gmail.com","message":"failed to process due to datastore timeout of 30 seconds.  operation took 114 seconds."},{"id":"8740a517-daed-45f5-aff5-0571187ca1c4","email":"daniel.rodriguez@amerisave.com","message":"successfully handled skipped operation."},{"id":"091507a5-4eba-45cd-ba3d-8e7e4902c7dd","email":"dylan.wilson@gmail.com","message":"successfully handled skipped operation."},{"id":"96589c49-3e33-4446-938e-283dcf48695c","email":"matthew.walker@amerisave.com","message":"successfully handled skipped operation."},{"id":"39dcdd45-77e2-40a2-88bb-0906505ee3bd","email":"abigail.smith@amerisave.com","message":"failed to process due to datastore timeout of 30 seconds.  operation took 37 seconds."},{"id":"f0900327-8ef0-44de-b088-ebc28aa47064","email":"alexis.brown@microsoft.com","message":"failed to process due to datastore timeout of 30 seconds.  operation took 38 seconds."},{"id":"9a59e8d1-0334-4228-afe0-c68ae77d75ee","email":"dylan.wilson@gmail.com","message":"failed to process due to network exception."},{"id":"4b58f8c5-d38c-4b15-9641-866bfb4cc4bc","email":"emma.thomas@me.com","message":"successfully parsed message, but message temporarily enqueued while system restarts."},{"id":"64df7028-e81e-4a42-b4f6-905a49d6876f","email":"joshua.lee@gmail.com","message":"successfully processed after 9914 milliseconds."},{"id":"84ef940a-e9ba-4097-8a4a-21b1852e2824","email":"jacob.lopez@dropbox.net","message":"successfully handled skipped operation."},{"id":"caa0d9c1-7ad9-456c-afe7-a0924df73b55","email":"jackson.white@gmail.com","message":"failed to process due to datastore timeout of 30 seconds.  operation took 39 seconds."},{"id":"7b97c565-a00c-4c2b-98ce-45ea15e881ef","email":"olivia.wright@gmail.com","message":"successfully processed after 658 milliseconds."},{"id":"2e5c037d-4488-4a39-91a8-809ada8c5e9d","email":"taylor.adams@gmail.com","message":"successfully handled skipped operation."},{"id":"afa02f26-bf20-4bc0-8098-0172799dc577","email":"liam.gonzalez@me.com","message":"successfully parsed message, but message temporarily enqueued while system restarts."},{"id":"03ae1e83-aed0-4e7d-99d4-ec328ea84151","email":"alexis.brown@microsoft.com","message":"successfully processed after 8356 milliseconds."},{"id":"0d3af0b7-f688-4dc4-9cd7-95b04dbd94cb","email":"dylan.wilson@gmail.com","message":"failed to process due to network exception."},{"id":"ca4c902d-33f1-4f7a-b51d-325c567d0787","email":"ava.davis@gmail.com","message":"successfully processed after 7888 milliseconds."},{"id":"3d6b267a-d044-4dea-acf3-ec2afa5822df","email":"ella.anderson@dropbox.net","message":"failed to process due to network exception."},{"id":"b5825dec-5565-49d1-bba8-777f5467aea7","email":"joshua.lee@gmail.com","message":"failed to process due to network exception."},{"id":"fb9852e9-79cb-413e-8d7b-762674893f28","email":"isabella.jackson@amerisave.com","message":"failed to process due to network exception."},{"id":"b73b5416-3f12-4ff3-ab2a-5de4144eaf39","email":"logan.clark@dropbox.net","message":"failed to process due to network exception."},{"id":"fa8a8c93-4d3a-45d9-b39e-9b9d4b3e8587","email":"michael.hall@dropbox.net","message":"successfully processed after 7656 milliseconds."},{"id":"c5ea6a44-7373-4515-82d3-0ec879d282b2","email":"daniel.rodriguez@amerisave.com","message":"successfully processed after 4554 milliseconds."},{"id":"b3dca904-dc47-4b2c-add8-a06960f8257b","email":"jack.thompson@me.com","message":"successfully processed after 4867 milliseconds."},{"id":"2cb62e1b-275d-4fd4-aeac-54ad2d374b47","email":"abigail.smith@amerisave.com","message":"successfully handled skipped operation."},{"id":"47196fe0-9408-474d-b257-065150a00069","email":"hannah.martin@dropbox.net","message":"successfully handled skipped operation."},{"id":"54eff72b-1ec0-4ac6-b0fd-41e7d63c585a","email":"sarah.green@amerisave.com","message":"successfully parsed message, but message temporarily enqueued while system restarts."},{"id":"f50c18c3-cb77-4006-94e3-2ccade710d74","email":"emily.taylor@gmail.com","message":"failed to process due to network exception."},{"id":"2010ee03-7f84-4d70-a831-046537b9dcb7","email":"jackson.white@gmail.com","message":"successfully handled skipped operation."},{"id":"bfe3a366-2325-4ad2-be18-479f1092ac6a","email":"tyler.nelson@microsoft.com","message":"successfully parsed message, but message temporarily enqueued while system restarts."},{"id":"83dadd2b-da82-4285-adfe-3b09df21bd5f","email":"mia.perez@me.com","message":"successfully handled skipped operation."},{"id":"a533c57a-7abd-4585-99a1-dd24b9a903e4","email":"joshua.lee@gmail.com","message":"successfully processed after 7469 milliseconds."},{"id":"09ab03e3-cd9b-4817-b2aa-875021ab30d9","email":"alexis.brown@microsoft.com","message":"failed to process due to datastore timeout of 30 seconds.  operation took 37 seconds."},{"id":"2e784c26-339b-4c26-90d5-fcde70e9c73e","email":"samantha.scott@me.com","message":"successfully handled skipped operation."},{"id":"9fd1a15f-911e-4210-897d-c1a4b5780a99","email":"jacob.lopez@dropbox.net","message":"successfully handled skipped operation."},{"id":"c874db7d-c03f-4596-8416-79265dfe0676","email":"ethan.hernandez@microsoft.com","message":"successfully handled skipped operation."},{"id":"95ffc34e-eff4-4fa0-a7d3-17f497337c5b","email":"matthew.walker@amerisave.com","message":"successfully handled skipped operation."},{"id":"9e0c6f42-963d-4bcd-bbec-bce70bd50e8a","email":"jack.thompson@me.com","message":"successfully processed after 1996 milliseconds."},{"id":"94f838e0-582c-4abb-803e-c9b52b8783cd","email":"tyler.nelson@microsoft.com","message":"successfully handled skipped operation."},{"id":"08c31662-dcb2-4e3c-9cb9-0c2348a443b7","email":"noah.sanchez@me.com","message":"failed to process due to network exception."},{"id":"fe953c6c-586f-4120-9ea3-16cc600def9c","email":"sophia.baker@dropbox.net","message":"failed to process due to network exception."},{"id":"8d2eae9f-ecb0-4a97-b9a0-161540be0a52","email":"sarah.green@amerisave.com","message":"successfully parsed message, but message temporarily enqueued while system restarts."},{"id":"f6a3cd2f-bb6a-43e4-aaf8-717d82333f9d","email":"liam.gonzalez@me.com","message":"successfully parsed message, but message temporarily enqueued while system restarts."},{"id":"f5b9bf0d-177b-49da-b3c9-472bc243ea9b","email":"ryan.king@dropbox.net","message":"successfully processed after 4418 milliseconds."},{"id":"f083eeb3-fe6d-43bf-aa25-b4c191f307fc","email":"logan.clark@dropbox.net","message":"successfully processed after 1296 milliseconds."},{"id":"8731daa0-0bd4-4c61-88af-a4f1c93e1782","email":"isabella.jackson@amerisave.com","message":"successfully processed after 261 milliseconds."},{"id":"7977c686-6d55-4eb4-9020-fa6016fe64f1","email":"dylan.wilson@gmail.com","message":"failed to process due to network exception."},{"id":"30679461-25d4-44af-97b2-c9dcb2886094","email":"isabella.jackson@amerisave.com","message":"failed to process due to datastore timeout of 30 seconds.  operation took 111 seconds."}],"id":"5097d6fc-2710-4aa6-905c-75c9942e4d62"}