{"logs":[{"id":"fde82215-106b-49c3-8118-e82992ac6a48","email":"nathan.young@microsoft.com","message":"successfully parsed message, but message temporarily enqueued while system restarts."},{"id":"ea8c257f-9430-415c-b8cf-79560f9ec7f9","email":"jack.thompson@me.com","message":"failed to process due to datastore timeout of 30 seconds.  operation took 99 seconds."},{"id":"b089e7d9-f7c9-4288-9952-d9730ec538bb","email":"madison.lewis@gmail.com","message":"successfully parsed message, but message temporarily enqueued while system restarts."},{"id":"d827a25b-afdc-4458-81f9-0a0c26611df9","email":"tyler.nelson@microsoft.com","message":"successfully handled skipped operation."},{"id":"b47be912-24ca-459c-ac27-7cb52c7667ce","email":"dylan.wilson@gmail.com","message":"failed to process due to datastore timeout of 30 seconds.  operation took 79 seconds."},{"id":"00255cf0-831b-4bf6-a6d7-cd255f3b1af6","email":"ryan.king@dropbox.net","message":"successfully handled skipped operation."},{"id":"8eae0ef3-e3e6-4b60-bef6-ae360d24baba","email":"ella.anderson@dropbox.net","message":"successfully processed after 9914 milliseconds."},{"id":"84594b07-49dc-48ac-9392-0e980faa796e","email":"ryan.king@dropbox.net","message":"successfully parsed message, but message temporarily enqueued while system restarts."},{"id":"5b4d618b-78cd-48cb-8b76-30b95ff7ab3b","email":"mason.robinson@amerisave.com","message":"successfully parsed message, but message temporarily enqueued while system restarts."},{"id":"fd7f8039-fddc-4c9f-86a4-967d49d5ed92","email":"matthew.walker@amerisave.com","message":"failed to process due to network exception."},{"id":"d1f924bc-eae4-4931-8e6d-f9155f86de84","email":"elizabeth.martinez@dropbox.net","message":"successfully processed after 7074 milliseconds."},{"id":"a1e063c1-9ed8-4861-83e9-8895558acfeb","email":"abigail.smith@amerisave.com","message":"successfully processed after 7816 milliseconds."},{"id":"54cecb2f-e7bd-4f0d-b227-c8f831b25f7e","email":"alexander.williams@gmail.com","message":"successfully processed after 6390 milliseconds."},{"id":"3e302c7c-0fa3-47a2-b81b-f7fc6cbf2ec2","email":"matthew.walker@amerisave.com","message":"failed to process due to network exception."},{"id":"a5fc1e1f-7fe9-4676-9a16-022e1e2b5b88","email":"ethan.hernandez@microsoft.com","message":"successfully handled skipped operation."},{"id":"edab2ddb-1ba1-4af3-9678-ad4681cc8d26","email":"nathan.young@microsoft.com","message":"failed to process due to network exception."},{"id":"203415d0-7b4e-4a2a-965e-b06b9fe6bcf3","email":"alexander.williams@gmail.com","message":"successfully handled skipped operation."},{"id":"cacf3c50-2d0d-420c-917b-88ab2a748538","email":"emma.thomas@me.com","message":"successfully handled skipped operation."},{"id":"8a2963bc-f2f8-42d9-83e8-72d7b17530e7","email":"sophia.baker@dropbox.net","message":"successfully handled skipped operation."},{"id":"98f2f4ee-0f82-44fc-9f3c-923b48aea604","email":"alexander.williams@gmail.com","message":"successfully parsed message, but message temporarily enqueued while system restarts."},{"id":"5706479d-9f1d-477c-aab8-307e092cbc45","email":"chloe.garcia@dropbox.net","message":"failed to process due to datastore timeout of 30 seconds.  operation took 59 seconds."},{"id":"5c76756f-a865-4198-939a-016d2e8daad5","email":"liam.gonzalez@me.com","message":"failed to process due to network exception."},{"id":"4034bc8d-953f-45d8-bbee-8c2543e4624d","email":"madison.lewis@gmail.com","message":"successfully processed after 1754 milliseconds."},{"id":"33803408-2a02-496d-be3e-049fbf03ebc8","email":"isabella.jackson@amerisave.com","message":"failed to process due to network exception."},{"id":"8dd8e3cc-9d85-4a1f-833c-762575e3edf8","email":"michael.hall@dropbox.net","message":"successfully parsed message, but message temporarily enqueued while system restarts."},{"id":"9d9bfcbb-1f21-4012-b902-a52ce9727069","email":"emily.taylor@gmail.com","message":"failed to process due to datastore timeout of 30 seconds.  operation took 107 seconds."},{"id":"7da5633b-c640-4c5d-91e0-9dd520b9e0f6","email":"lily.harris@gmail.com","message":"failed to process due to network exception."},{"id":"4fdbdfd2-fc12-40c7-bb94-888f1619ed22","email":"michael.hall@dropbox.net","message":"successfully parsed message, but message temporarily enqueued while system restarts."},{"id":"0926ba28-131b-4f45-8a61-e77d261ee05f","email":"lily.harris@gmail.com","message":"failed to process due to datastore timeout of 30 seconds.  operation took 100 seconds."},{"id":"f007ed26-832b-4e03-975f-e4fb87ccdc9d","email":"mia.perez@me.com","message":"successfully processed after 6164 milliseconds."},{"id":"c66b5c2f-2502-485d-bdbd-58704072b321","email":"joshua.lee@gmail.com","message":"successfully processed after 6941 milliseconds."},{"id":"0a793d89-61c9-482d-8f4e-c5151df2c4e5","email":"chloe.garcia@dropbox.net","message":"failed to process due to network exception."},{"id":"efe9496f-2520-4b29-bd4d-bb323870beb0","email":"alexander.williams@gmail.com","message":"successfully parsed message, but message temporarily enqueued while system restarts."},{"id":"bbd4b91a-1c7b-4c8e-9c8f-2158949fc975","email":"grace.moore@gmail.com","message":"failed to process due to network exception."},{"id":"d31f9fd0-56de-45b1-a8d7-660079d78475","email":"ethan.hernandez@microsoft.com","message":"failed to process due to datastore timeout of 30 seconds.  operation took 110 seconds."},{"id":"e59b0611-5dfd-4d81-8499-39e9a105b909","email":"jacob.lopez@dropbox.net","message":"successfully processed after 2157 milliseconds."},{"id":"61dce95b-e93b-4f17-9a34-1d717ee3d338","email":"nathan.young@microsoft.com","message":"successfully handled skipped operation."},{"id":"8f890983-20cb-42d7-b364-ba35e392056a","email":"dylan.wilson@gmail.com","message":"failed to process due to datastore timeout of 30 seconds.  operation took 88 seconds."},{"id":"aa8ad9e2-595e-4ed3-8acb-b5dcfe75d836","email":"joshua.lee@gmail.com","message":"successfully handled skipped operation."},{"id":"4e4aa030-fb34-49c4-80ca-8a1cb1100155","email":"nathan.young@microsoft.com","message":"failed to process due to datastore timeout of 30 seconds.  operation took 77 seconds."},{"id":"4807777d-b174-4b00-b46f-073dd41cd761","email":"joshua.lee@gmail.com","message":"successfully handled skipped operation."},{"id":"51199dd1-0f44-49d2-8197-05d06700da4d","email":"emily.taylor@gmail.com","message":"successfully handled skipped operation."},{"id":"02e329e0-bec5-4bd7-8e38-87d192796e06","email":"isabella.jackson@amerisave.com","message":"failed to process due to network exception."},{"id":"7c923e7b-4da4-49a0-89e5-0ace259c979d","email":"logan.clark@dropbox.net","message":"successfully handled skipped operation."},{"id":"2e4cae79-7b43-4d94-bcc0-f7068841527d","email":"logan.clark@dropbox.net","message":"failed to process due to network exception."},{"id":"59185e73-7a95-4415-b03c-c4f05ecc8a22","email":"sarah.green@amerisave.com","message":"failed to process due to datastore timeout of 30 seconds.  operation took 98 seconds."},{"id":"54d9ef46-1aae-4bd2-b141-4d93d670d843","email":"nathan.young@microsoft.com","message":"successfully handled skipped operation."},{"id":"4f47a092-ebb3-48b8-9a8a-70d12b643fdb","email":"dylan.wilson@gmail.com","message":"successfully processed after 7448 milliseconds."},{"id":"d4b50708-ae39-4dbf-acb3-fdbbbd56f1d8","email":"jackson.white@gmail.com","message":"failed to process due to network exception."},{"id":"aa809a86-31a4-40b9-985f-3801b1917b60","email":"olivia.wright@gmail.com","message":"failed to process due to datastore timeout of 30 seconds.  operation took 51 seconds."},{"id":"7853a033-81c9-4e0f-a820-5d4b41800d0e","email":"dylan.wilson@gmail.com","message":"failed to process due to datastore timeout of 30 seconds.  operation took 41 seconds."},{"id":"ab4f248c-645b-4031-9fd3-9a40e4b2bd89","email":"ryan.king@dropbox.net","message":"failed to process due to datastore timeout of 30 seconds.  operation took 35 seconds."},{"id":"eeb59afd-d06b-4b1c-9b73-9edef374a75e","email":"ryan.king@dropbox.net","message":"successfully handled skipped operation."},{"id":"465dd110-0bb6-4b9a-bd77-2c5b39eafb7e","email":"samantha.scott@me.com","message":"successfully processed after 1887 milliseconds."},{"id":"c9ced4b4-d23f-45fa-a0b2-a785e04c26c8","email":"hannah.martin@dropbox.net","message":"successfully processed after 8015 milliseconds."},{"id":"b1112d59-f674-423b-a44f-ac50b0421e62","email":"ethan.hernandez@microsoft.com","message":"successfully handled skipped operation."},{"id":"edb67931-dacc-4a4b-b3c1-05138213b703","email":"ryan.king@dropbox.net","message":"successfully processed after 7857 milliseconds."},{"id":"96a80770-753d-4bd8-84e0-1e4fd8d035d2","email":"nathan.young@microsoft.com","message":"successfully parsed message, but message temporarily enqueued while system restarts."},{"id":"25cb9b58-e990-473a-adcc-7799a500722a","email":"joshua.lee@gmail.com","message":"failed to process due to network exception."},{"id":"e63864e5-6874-4eab-9087-434fb47733cc","email":"liam.gonzalez@me.com","message":"successfully processed after 6585 milliseconds."},{"id":"3134e685-22dc-4441-98a4-b984cd44b12d","email":"sarah.green@amerisave.com","message":"failed to process due to datastore timeout of 30 seconds.  operation took 122 seconds."},{"id":"143ea4f2-f6f4-4a75-80f1-40afd486109c","email":"samantha.scott@me.com","message":"failed to process due to network exception."},{"id":"6877ab9a-114d-43dd-8191-c1c807d0a63c","email":"sophia.baker@dropbox.net","message":"successfully parsed message, but message temporarily enqueued while system restarts."},{"id":"f3863a85-a7de-437a-89d1-510a9d9c1af5","email":"tyler.nelson@microsoft.com","message":"successfully parsed message, but message temporarily enqueued while system restarts."},{"id":"a58eb164-5363-4424-a9da-41202213a7f4","email":"jacob.lopez@dropbox.net","message":"successfully handled skipped operation."},{"id":"85d22b53-f138-4d9c-8fb4-26faf421b1b6","email":"ryan.king@dropbox.net","message":"successfully processed after 3477 milliseconds."},{"id":"825b15aa-71fe-42c7-9c7d-e73de3251386","email":"ava.davis@gmail.com","message":"failed to process due to datastore timeout of 30 seconds.  operation took 79 seconds."},{"id":"9ce11ebd-b26a-47f6-a0f2-e4096fecaf8e","email":"abigail.smith@amerisave.com","message":"successfully handled skipped operation."},{"id":"ce75962d-26f9-4468-8676-421d9c6039b9","email":"ryan.king@dropbox.net","message":"failed to process due to datastore timeout of 30 seconds.  operation took 85 seconds."},{"id":"3ee0caa0-57b7-4f56-b03c-0919a2d63a07","email":"sophia.baker@dropbox.net","message":"successfully handled skipped operation."},{"id":"5ed1d74c-4759-4cf1-a3fd-b39b42c81890","email":"alyssa.jones@amerisave.com","message":"successfully parsed message, but message temporarily enqueued while system restarts."},{"id":"21d77bea-8cb2-446d-8ef3-b5254a3ccc0d","email":"lily.harris@gmail.com","message":"successfully handled skipped operation."},{"id":"20018439-3e65-494a-be34-46c268e5ca13","email":"mason.robinson@amerisave.com","message":"successfully parsed message, but message temporarily enqueued while system restarts."},{"id":"c3dc03c6-a23c-4ab3-9e5e-32935c5276b9","email":"ava.davis@gmail.com","message":"successfully processed after 3662 milliseconds."},{"id":"0f6d6e41-d5ff-4355-bffc-bb07681839c7","email":"ryan.king@dropbox.net","message":"successfully handled skipped operation."},{"id":"d06f2253-8abb-4acc-abb6-6e248a8ada4a","email":"nicholas.allen@microsoft.com","message":"successfully processed after 1932 milliseconds."},{"id":"c92d12a6-b568-4949-9cfd-8d50d3d0c71f","email":"dylan.wilson@gmail.com","message":"failed to process due to network exception."},{"id":"5a791114-6c87-4424-b038-7503432f2b5e","email":"jacob.lopez@dropbox.net","message":"failed to process due to network exception."},{"id":"aa7e27f3-70ca-4715-a663-16d8c950af2d","email":"jackson.white@gmail.com","message":"failed to process due to datastore timeout of 30 seconds.  operation took 85 seconds."},{"id":"23d9f6d5-2507-49db-8733-4f2fcd7275ce","email":"chloe.garcia@dropbox.net","message":"successfully parsed message, but message temporarily enqueued while system restarts."},{"id":"6088c5a5-2234-487c-83d5-5966895a484a","email":"nathan.young@microsoft.com","message":"successfully parsed message, but message temporarily enqueued while system restarts."},{"id":"15e78cbc-d0c1-4b7d-8b90-f4e208796dca","email":"jack.thompson@me.com","message":"failed to process due to network exception."},{"id":"2fd08ca7-abb6-4737-836f-2c1b032551f4","email":"liam.gonzalez@me.com","message":"successfully handled skipped operation."},{"id":"8a673eac-7577-4b1e-9a16-a4a2ce9b1752","email":"samantha.scott@me.com","message":"failed to process due to datastore timeout of 30 seconds.  operation took 45 seconds."},{"id":"cb6fd9fe-34a7-4df5-a52b-d6aa7c3c12f8","email":"alexis.brown@microsoft.com","message":"successfully parsed message, but message temporarily enqueued while system restarts."},{"id":"ce897d2b-0fc2-40a0-98c6-9e00e9f05209","email":"joshua.lee@gmail.com","message":"successfully handled skipped operation."},{"id":"757a8317-8db3-4ccf-85e1-9476708fa029","email":"sophia.baker@dropbox.net","message":"successfully parsed message, but message temporarily enqueued while system restarts."},{"id":"078fa487-c394-4d69-a47e-c85e881a19a6","email":"mason.robinson@amerisave.com","message":"successfully processed after 1331 milliseconds."},{"id":"a4e96fd4-6004-4f9f-80c6-063349032f9f","email":"mia.perez@me.com","message":"successfully handled skipped operation."},{"id":"ea79af3f-e79d-4446-83c1-46daae182270","email":"abigail.smith@amerisave.com","message":"successfully parsed message, but message temporarily enqueued while system restarts."},{"id":"91c002cd-fa11-42d4-9164-6219964631cd","email":"samantha.scott@me.com","message":"failed to process due to datastore timeout of 30 seconds.  operation took 62 seconds."},{"id":"7b128412-824a-4e02-8aba-a9aa5f5b15b9","email":"abigail.smith@amerisave.com","message":"successfully handled skipped operation."},{"id":"7190d866-0ca5-4104-817c-934087a4d4ad","email":"abigail.smith@amerisave.com","message":"successfully processed after 9299 milliseconds."},{"id":"e7d83356-6727-434c-be09-66c1d8e527f6","email":"emma.thomas@me.com","message":"successfully parsed message, but message temporarily enqueued while system restarts."},{"id":"285f87e7-7ed5-471b-ba39-788b09c8c50c","email":"liam.gonzalez@me.com","message":"successfully handled skipped operation."},{"id":"19175b1e-78eb-426d-93af-f3bf248175c4","email":"mason.robinson@amerisave.com","message":"failed to process due to network exception."},{"id":"3efa6497-2d22-4c9a-8ca8-02e1d95468fa","email":"alexander.williams@gmail.com","message":"failed to process due to datastore timeout of 30 seconds.  operation took 114 seconds."},{"id":"4d6f3283-9a4c-4022-b50c-af2283b8496f","email":"olivia.wright@gmail.com","message":"successfully parsed message, but message temporarily enqueued while system restarts."},{"id":"3cef1bd2-29b5-4d6e-8d93-b2a95ffa9892","email":"liam.gonzalez@me.com","message":"failed to process due to datastore timeout of 30 seconds.  operation took 53 seconds."},{"id":"89b750cd-4e81-4b0f-8300-edb18b9e18b8","email":"samantha.scott@me.com","message":"successfully processed after 827 milliseconds."},{"id":"0c38c4d7-e71d-441a-a6ef-232f42b1476a","email":"grace.moore@gmail.com","message":"successfully parsed message, but message temporarily enqueued while system restarts."},{"id":"b7bb8896-2690-4322-a43c-a1bd30efe6e9","email":"ava.davis@gmail.com","message":"successfully handled skipped operation."},{"id":"a278da3e-e2a7-4533-961b-6baa7f9d5abf","email":"ethan.hernandez@microsoft.com","message":"failed to process due to datastore timeout of 30 seconds.  operation took 128 seconds."},{"id":"ebdd0218-e56e-4abd-a7a1-b90794868465","email":"sophia.baker@dropbox.net","message":"failed to process due to network exception."},{"id":"a982a536-215d-4d81-b5d4-10d6f2ff1444","email":"nicholas.allen@microsoft.com","message":"failed to process due to datastore timeout of 30 seconds.  operation took 82 seconds."},{"id":"219f1017-b572-4583-8f6d-42e8dd0ce7bf","email":"michael.hall@dropbox.net","message":"successfully parsed message, but message temporarily enqueued while system restarts."},{"id":"1ace2f2b-efbb-4a7e-a86b-4d60fa7ea14c","email":"olivia.wright@gmail.com","message":"successfully handled skipped operation."},{"id":"44a384f2-dfb6-424e-b79f-f34143982f0a","email":"mason.robinson@amerisave.com","message":"successfully parsed message, but message temporarily enqueued while system restarts."},{"id":"cd8fe278-633f-4e44-a13e-168459dd1da6","email":"ethan.hernandez@microsoft.com","message":"failed to process due to datastore timeout of 30 seconds.  operation took 129 seconds."},{"id":"e598b632-1e62-4ef4-b756-5716c36b16c6","email":"alexander.williams@gmail.com","message":"failed to process due to network exception."},{"id":"9d8194f9-6d65-4dde-b726-4249e95b88d6","email":"emily.taylor@gmail.com","message":"failed to process due to datastore timeout of 30 seconds.  operation took 70 seconds."},{"id":"27ccd29a-18be-4d7a-b92f-b32a756dc0e9","email":"grace.moore@gmail.com","message":"failed to process due to network exception."},{"id":"6ce9ad5c-0b5b-440e-ad68-608d17dba56b","email":"isabella.jackson@amerisave.com","message":"failed to process due to network exception."},{"id":"0d94544a-46c7-40a1-b307-d0e826b49914","email":"jack.thompson@me.com","message":"successfully processed after 4489 milliseconds."},{"id":"28276040-2536-453a-bd18-5c95025bbae3","email":"ava.davis@gmail.com","message":"successfully processed after 2472 milliseconds."},{"id":"5b233c92-9284-40a1-93dd-be206f539f6b","email":"daniel.rodriguez@amerisave.com","message":"failed to process due to datastore timeout of 30 seconds.  operation took 86 seconds."},{"id":"38c81f8c-f81e-4b98-a675-8b9e03268f89","email":"jack.thompson@me.com","message":"failed to process due to datastore timeout of 30 seconds.  operation took 94 seconds."},{"id":"64d824a0-09b4-49b5-941f-53552ccd52ad","email":"jacob.lopez@dropbox.net","message":"failed to process due to network exception."},{"id":"3bf0d81a-bfd2-42f0-bef6-06c98569b40b","email":"nicholas.allen@microsoft.com","message":"failed to process due to network exception."},{"id":"4dc66604-dcaf-4f37-a257-9ca22cd8f479","email":"alyssa.jones@amerisave.com","message":"failed to process due to datastore timeout of 30 seconds.  operation took 114 seconds."},{"id":"72877259-72c8-4ffd-b8be-a6018ba75607","email":"andrew.miller@gmail.com","message":"failed to process due to datastore timeout of 30 seconds.  operation took 76 seconds."},{"id":"63ea2b38-3e86-4620-9f10-3448a38f6e66","email":"daniel.rodriguez@amerisave.com","message":"failed to process due to datastore timeout of 30 seconds.  operation took 129 seconds."},{"id":"9cdf3c0c-594d-432f-aae5-1de3aec3acd1","email":"daniel.rodriguez@amerisave.com","message":"successfully handled skipped operation."},{"id":"9dacbe20-9d4f-46b1-b25c-411973a99938","email":"liam.gonzalez@me.com","message":"successfully processed after 6670 milliseconds."},{"id":"d54240bc-c6d9-4a4f-827a-4b6fa1cd31d2","email":"tyler.nelson@microsoft.com","message":"failed to process due to network exception."},{"id":"65500ab2-1619-406a-b8e7-757297cd6eb4","email":"sarah.green@amerisave.com","message":"failed to process due to network exception."},{"id":"c1cf590f-2156-405f-95ca-cdbacddd0c8c","email":"mia.perez@me.com","message":"failed to process due to datastore timeout of 30 seconds.  operation took 55 seconds."},{"id":"947abdd1-be7c-4bc1-88f6-81750fc2d023","email":"abigail.smith@amerisave.com","message":"successfully parsed message, but message temporarily enqueued while system restarts."},{"id":"0e3e20f2-b877-40ef-90ea-c954485955b0","email":"liam.gonzalez@me.com","message":"successfully parsed message, but message temporarily enqueued while system restarts."},{"id":"91c46444-fc71-4ff8-8e53-a3ed5f364391","email":"ella.anderson@dropbox.net","message":"successfully processed after 6208 milliseconds."},{"id":"6c2ae4b6-a6d6-4cb6-ac47-2f28587d45bf","email":"matthew.walker@amerisave.com","message":"failed to process due to datastore timeout of 30 seconds.  operation took 76 seconds."},{"id":"e99ad8c3-41c4-4e6d-a5b7-11cf422fbd73","email":"ryan.king@dropbox.net","message":"successfully processed after 3821 milliseconds."},{"id":"3610db5f-64e7-4332-8fbd-ef378d6a7ad0","email":"mason.robinson@amerisave.com","message":"failed to process due to network exception."},{"id":"ba5f6609-fa5f-45ec-8cb2-35af332a3601","email":"isabella.jackson@amerisave.com","message":"successfully parsed message, but message temporarily enqueued while system restarts."},{"id":"d0e4d1b2-91a2-420f-9c57-af381045e53f","email":"ethan.hernandez@microsoft.com","message":"failed to process due to datastore timeout of 30 seconds.  operation took 63 seconds."},{"id":"751e8891-14e2-470e-bc54-8f69c65eec18","email":"michael.hall@dropbox.net","message":"failed to process due to datastore timeout of 30 seconds.  operation took 103 seconds."},{"id":"5388c9e7-8285-4c0a-8599-7f1c7d57375b","email":"chloe.garcia@dropbox.net","message":"successfully parsed message, but message temporarily enqueued while system restarts."},{"id":"aac997d9-fd86-4ea2-97c0-e47fc556c60e","email":"liam.gonzalez@me.com","message":"failed to process due to datastore timeout of 30 seconds.  operation took 116 seconds."},{"id":"51a91fe3-bde1-40fb-9b59-328ea879749b","email":"jack.thompson@me.com","message":"successfully processed after 2999 milliseconds."},{"id":"a7b72bda-7052-410d-96fb-620362f2ec80","email":"olivia.wright@gmail.com","message":"successfully parsed message, but message temporarily enqueued while system restarts."},{"id":"836ad3ec-2ace-4c90-ac84-14dc69213528","email":"nicholas.allen@microsoft.com","message":"failed to process due to network exception."},{"id":"788dcf75-5ccb-4e02-8202-80c44fba8920","email":"abigail.smith@amerisave.com","message":"failed to process due to datastore timeout of 30 seconds.  operation took 49 seconds."},{"id":"d61ef376-e0a1-4cfa-aa57-b6e2392b3479","email":"noah.sanchez@me.com","message":"failed to process due to network exception."},{"id":"0aae4a14-ac5a-4d57-ac12-1fe449b46ece","email":"emma.thomas@me.com","message":"successfully processed after 9736 milliseconds."},{"id":"5b2a6f0b-5c6e-49e8-9b95-6a8ab467048a","email":"logan.clark@dropbox.net","message":"successfully handled skipped operation."},{"id":"15c94844-bf15-4beb-a0c2-31418c40e125","email":"andrew.miller@gmail.com","message":"failed to process due to datastore timeout of 30 seconds.  operation took 74 seconds."},{"id":"b77856d9-d7c8-4a17-92e3-e085ca9a48ad","email":"ava.davis@gmail.com","message":"failed to process due to datastore timeout of 30 seconds.  operation took 57 seconds."},{"id":"9e0e71d9-5eaf-4a09-9a2a-f48e35073bfc","email":"andrew.miller@gmail.com","message":"successfully parsed message, but message temporarily enqueued while system restarts."},{"id":"281d6577-21f9-40da-b103-bd30c9a7d128","email":"taylor.adams@gmail.com","message":"failed to process due to datastore timeout of 30 seconds.  operation took 125 seconds."},{"id":"45af7097-3160-49f2-88fd-0cff883e3d33","email":"nathan.young@microsoft.com","message":"failed to process due to datastore timeout of 30 seconds.  operation took 39 seconds."},{"id":"bde2de9e-27fb-4d38-8382-56924f0f9860","email":"elizabeth.martinez@dropbox.net","message":"failed to process due to datastore timeout of 30 seconds.  operation took 58 seconds."},{"id":"d130f080-99a2-4e39-8f64-db100f86aa92","email":"isabella.jackson@amerisave.com","message":"successfully handled skipped operation."},{"id":"543ccc70-3f5e-4a28-a3e4-9c0271b757d8","email":"lily.harris@gmail.com","message":"failed to process due to datastore timeout of 30 seconds.  operation took 35 seconds."},{"id":"1016f0a2-a55f-4b9d-9c9d-f540ecea587a","email":"alyssa.jones@amerisave.com","message":"successfully parsed message, but message temporarily enqueued while system restarts."},{"id":"74993497-e662-45c8-84c5-86d065e482bd","email":"jack.thompson@me.com","message":"failed to process due to datastore timeout of 30 seconds.  operation took 52 seconds."},{"id":"f62c7c03-fe06-4fcc-a013-9860ce59ede3","email":"elizabeth.martinez@dropbox.net","message":"successfully handled skipped operation."},{"id":"a51be403-8a43-4034-a86e-7ba38fb6dd0d","email":"mia.perez@me.com","message":"successfully handled skipped operation."},{"id":"974b9a49-fe98-43d6-97ad-4bf7a0640eba","email":"ethan.hernandez@microsoft.com","message":"failed to process due to datastore timeout of 30 seconds.  operation took 70 seconds."},{"id":"7d760b29-ac24-48d6-9530-434d87d700b9","email":"jacob.lopez@dropbox.net","message":"successfully handled skipped operation."},{"id":"b973f9e9-dfe3-4b59-9ae6-72085497ad97","email":"noah.sanchez@me.com","message":"failed to process due to datastore timeout of 30 seconds.  operation took 123 seconds."},{"id":"50d114f1-983d-49c8-8d7e-8e00e74f5db1","email":"emma.thomas@me.com","message":"successfully processed after 815 milliseconds."},{"id":"eaf98654-15fe-4cf8-9fbf-81dc13da35b3","email":"alexis.brown@microsoft.com","message":"successfully handled skipped operation."},{"id":"62d42988-04d6-418a-a565-283c49c69dc1","email":"emma.thomas@me.com","message":"successfully handled skipped operation."},{"id":"dc74a434-597c-4ca0-88f8-32c6a6ba7397","email":"ava.davis@gmail.com","message":"successfully parsed message, but message temporarily enqueued while system restarts."},{"id":"c81dbfa8-2723-43b6-a0f6-da26fd8d082f","email":"matthew.walker@amerisave.com","message":"failed to process due to network exception."},{"id":"08c97019-9eaf-4f5a-9f11-c02b214d7dde","email":"ella.anderson@dropbox.net","message":"failed to process due to network exception."},{"id":"ec0c007a-6086-46d5-bd76-a5955555b3c1","email":"elizabeth.martinez@dropbox.net","message":"successfully handled skipped operation."},{"id":"9a7ff951-00e0-4918-aef1-3b5176d062b8","email":"chloe.garcia@dropbox.net","message":"successfully handled skipped operation."},{"id":"2ab46b4b-ce7b-416b-9a2e-2b730dce5fa8","email":"alexander.williams@gmail.com","message":"successfully parsed message, but message temporarily enqueued while system restarts."},{"id":"309007f0-546c-4ba7-934a-e7350a6d8115","email":"abigail.smith@amerisave.com","message":"failed to process due to network exception."},{"id":"d004d697-d20d-4909-95b7-be97af8b96bf","email":"isabella.jackson@amerisave.com","message":"successfully parsed message, but message temporarily enqueued while system restarts."},{"id":"3ef19a1a-edb2-4b73-b845-2b5f11de7226","email":"jack.thompson@me.com","message":"failed to process due to datastore timeout of 30 seconds.  operation took 56 seconds."},{"id":"ebcb4be0-af0e-4bea-8a97-dc0ab7c9198d","email":"elizabeth.martinez@dropbox.net","message":"failed to process due to network exception."},{"id":"f316a4a1-96c7-40ed-8aef-36f591587590","email":"madison.lewis@gmail.com","message":"successfully handled skipped operation."},{"id":"8462bc79-515c-4be3-956f-3bfd82a2fea0","email":"elizabeth.martinez@dropbox.net","message":"successfully handled skipped operation."},{"id":"33ff5115-9769-45bc-a262-a02030145673","email":"aiden.johnson@microsoft.com","message":"failed to process due to network exception."},{"id":"29ae8aeb-4bc8-4d2e-a94f-bd65271fcfe9","email":"samantha.scott@me.com","message":"successfully parsed message, but message temporarily enqueued while system restarts."},{"id":"8726ee63-7aa7-4d7b-a9e6-a7d66ab94925","email":"sarah.green@amerisave.com","message":"successfully parsed message, but message temporarily enqueued while system restarts."},{"id":"f3de693e-5bdc-4e3f-baa0-d80879b4ace1","email":"alexis.brown@microsoft.com","message":"failed to process due to datastore timeout of 30 seconds.  operation took 104 seconds."},{"id":"52d30b91-02fd-491d-af7e-8ed4e138d9d3","email":"michael.hall@dropbox.net","message":"successfully processed after 404 milliseconds."},{"id":"3df14d38-d02a-41ce-b5db-7e048d5b1f2a","email":"emily.taylor@gmail.com","message":"successfully parsed message, but message temporarily enqueued while system restarts."},{"id":"54fdeb7a-b45d-458c-b972-6e719ff8201c","email":"noah.sanchez@me.com","message":"successfully parsed message, but message temporarily enqueued while system restarts."},{"id":"c40b6a34-5392-4733-8929-7b1b5d804438","email":"ava.davis@gmail.com","message":"failed to process due to datastore timeout of 30 seconds.  operation took 45 seconds."},{"id":"4e979bfd-0d44-49fb-a27d-450c26b8fb45","email":"alexis.brown@microsoft.com","message":"successfully processed after 1545 milliseconds."},{"id":"738453c7-2ce8-4293-87cd-6ae21533916c","email":"hannah.martin@dropbox.net","message":"failed to process due to datastore timeout of 30 seconds.  operation took 66 seconds."},{"id":"b49ed109-d6ea-4f23-a618-dfa8ff5a9632","email":"jackson.white@gmail.com","message":"successfully parsed message, but message temporarily enqueued while system restarts."},{"id":"4bcb5e3f-20b8-4029-a081-9c674811e782","email":"chloe.garcia@dropbox.net","message":"successfully parsed message, but message temporarily enqueued while system restarts."},{"id":"aad5d64b-59a5-4145-af18-22ad4e418ad1","email":"taylor.adams@gmail.com","message":"successfully parsed message, but message temporarily enqueued while system restarts."},{"id":"f2d95b92-a558-4fa5-a360-3e102ffafb50","email":"jack.thompson@me.com","message":"successfully parsed message, but message temporarily enqueued while system restarts."},{"id":"2ec7b605-1dda-42bf-9409-69c399223a3c","email":"grace.moore@gmail.com","message":"failed to process due to datastore timeout of 30 seconds.  operation took 42 seconds."},{"id":"94f5d75c-5d60-4542-a4b6-8f3ea77c8db0","email":"matthew.walker@amerisave.com","message":"successfully processed after 4737 milliseconds."},{"id":"3f62cd80-1e21-401d-a88f-7b1a6a70a936","email":"ava.davis@gmail.com","message":"failed to process due to network exception."},{"id":"84af163c-7077-4824-b6e4-bc6593060169","email":"chloe.garcia@dropbox.net","message":"failed to process due to network exception."},{"id":"872ebdb8-85ca-4134-9d54-f7d8f758210a","email":"mia.perez@me.com","message":"successfully parsed message, but message temporarily enqueued while system restarts."},{"id":"8666b79c-1c17-4400-be75-261cffc6e49e","email":"matthew.walker@amerisave.com","message":"failed to process due to datastore timeout of 30 seconds.  operation took 88 seconds."},{"id":"7616857d-5f29-4fb7-aa94-3a838aa4e7fb","email":"jack.thompson@me.com","message":"failed to process due to network exception."},{"id":"223a4d8b-419b-449d-9160-ca24a1346a52","email":"alexis.brown@microsoft.com","message":"successfully processed after 5326 milliseconds."}],"id":"1dc16f85-45c4-41df-9d77-acb39fea228b"}