{"logs":[{"id":"06815d2c-2969-4372-8c7a-b3b6881249ab","email":"mia.perez@me.com","message":"successfully processed after 7700 milliseconds."},{"id":"6a07857b-e2a2-44ba-9b16-10da32ecb069","email":"mia.perez@me.com","message":"failed to process due to datastore timeout of 30 seconds.  operation took 63 seconds."},{"id":"35fb504d-f898-47da-8edb-f6c185a2f3af","email":"abigail.smith@amerisave.com","message":"failed to process due to network exception."},{"id":"48f7086c-3e4b-4fd9-a481-f14d362bccff","email":"mason.robinson@amerisave.com","message":"successfully parsed message, but message temporarily enqueued while system restarts."},{"id":"0e549ac1-631d-4b84-a11d-45ac669e9ed0","email":"dylan.wilson@gmail.com","message":"successfully processed after 1423 milliseconds."},{"id":"6b865cd2-7fa4-4a6a-84e1-02ecbf96d667","email":"ava.davis@gmail.com","message":"failed to process due to network exception."},{"id":"a38976ce-19ca-4711-aad8-d09036d6fd2b","email":"liam.gonzalez@me.com","message":"successfully handled skipped operation."},{"id":"2a93630c-6a62-40d4-ac7c-6ce774f13479","email":"alyssa.jones@amerisave.com","message":"successfully parsed message, but message temporarily enqueued while system restarts."},{"id":"bc237027-193e-4738-9c79-171fe47c4a23","email":"ethan.hernandez@microsoft.com","message":"failed to process due to datastore timeout of 30 seconds.  operation took 95 seconds."},{"id":"ffde246b-96d5-4727-b820-1621fb10de3e","email":"taylor.adams@gmail.com","message":"successfully handled skipped operation."},{"id":"665dbbb2-d179-487a-bacd-b313277b82cf","email":"lily.harris@gmail.com","message":"successfully handled skipped operation."},{"id":"5658464f-ea8e-4f69-8400-cce81503a553","email":"daniel.rodriguez@amerisave.com","message":"failed to process due to datastore timeout of 30 seconds.  operation took 50 seconds."},{"id":"0ca906d7-2041-482e-b4c7-9d1b4e6159c4","email":"ryan.king@dropbox.net","message":"successfully processed after 5432 milliseconds."},{"id":"efebd1cf-f4cc-41ec-b894-6c7a0f7f95e5","email":"sarah.green@amerisave.com","message":"successfully parsed message, but message temporarily enqueued while system restarts."},{"id":"8670acfe-ad91-477a-8e99-9b70bae9f3e8","email":"alexis.brown@microsoft.com","message":"successfully processed after 4842 milliseconds."},{"id":"a8e38586-c5c4-43b3-99b9-916c3c0cf4e3","email":"logan.clark@dropbox.net","message":"successfully parsed message, but message temporarily enqueued while system restarts."},{"id":"1c6e5f7f-08aa-4a2b-9a97-450b67461ace","email":"samantha.scott@me.com","message":"successfully parsed message, but message temporarily enqueued while system restarts."},{"id":"ee2da275-3fc4-4e39-8f33-cf548075a673","email":"mia.perez@me.com","message":"successfully parsed message, but message temporarily enqueued while system restarts."},{"id":"3b910bb1-8ff7-4fde-a785-01e0fb107d09","email":"isabella.jackson@amerisave.com","message":"failed to process due to network exception."},{"id":"8c6240c9-b5f7-4ca4-9fa9-49d7e4deccf0","email":"grace.moore@gmail.com","message":"successfully processed after 8893 milliseconds."},{"id":"3a5d3734-d22d-4ac1-bd3f-3228e19287b6","email":"nicholas.allen@microsoft.com","message":"failed to process due to network exception."},{"id":"d41723a4-0b3f-46a0-ad61-fe8416dc45c2","email":"tyler.nelson@microsoft.com","message":"failed to process due to network exception."},{"id":"79c73da9-4526-4f65-adc0-21f460d25b1e","email":"alyssa.jones@amerisave.com","message":"successfully parsed message, but message temporarily enqueued while system restarts."},{"id":"9e5d6613-1e21-4e37-91a8-c777b29f03c6","email":"grace.moore@gmail.com","message":"failed to process due to datastore timeout of 30 seconds.  operation took 71 seconds."},{"id":"1af35ad0-62b6-4bda-baf3-7398401f8879","email":"taylor.adams@gmail.com","message":"failed to process due to datastore timeout of 30 seconds.  operation took 41 seconds."},{"id":"b52393f0-8fb1-4f9d-840f-e12f0aab4682","email":"alexander.williams@gmail.com","message":"successfully processed after 5339 milliseconds."},{"id":"f0046caa-631b-4ee9-babd-b0e8330c4125","email":"jackson.white@gmail.com","message":"successfully parsed message, but message temporarily enqueued while system restarts."},{"id":"ef826cd1-91fb-4f0d-811f-cbfffccffca7","email":"sophia.baker@dropbox.net","message":"successfully parsed message, but message temporarily enqueued while system restarts."},{"id":"45444b3c-1b5a-42d3-8ce6-e72eebd2d19b","email":"emily.taylor@gmail.com","message":"successfully handled skipped operation."},{"id":"baa5b0c5-6313-4fbd-a7dc-84652b2eb3c0","email":"taylor.adams@gmail.com","message":"successfully processed after 782 milliseconds."},{"id":"a039534e-ac9f-4e08-9ce0-2ec52db9bf40","email":"ella.anderson@dropbox.net","message":"successfully handled skipped operation."},{"id":"58c614e6-ba0f-408b-b552-860ee55f510a","email":"logan.clark@dropbox.net","message":"failed to process due to datastore timeout of 30 seconds.  operation took 35 seconds."},{"id":"d4238a13-397f-4f4f-9394-94dba004b6a0","email":"jack.thompson@me.com","message":"successfully processed after 1236 milliseconds."},{"id":"fd128e60-1489-479c-9735-310d826463fc","email":"samantha.scott@me.com","message":"successfully parsed message, but message temporarily enqueued while system restarts."},{"id":"c4a45ca3-4033-4d1c-af39-3d5df4dba432","email":"grace.moore@gmail.com","message":"successfully parsed message, but message temporarily enqueued while system restarts."},{"id":"398ef2bf-2733-47cb-9e9c-b7e9d83aae99","email":"olivia.wright@gmail.com","message":"successfully processed after 465 milliseconds."},{"id":"22eeff38-78bc-490f-a6dd-0939177361f0","email":"madison.lewis@gmail.com","message":"successfully handled skipped operation."},{"id":"ceb411d7-4d7f-4ee9-8814-b324c1ac3720","email":"tyler.nelson@microsoft.com","message":"successfully processed after 3669 milliseconds."},{"id":"90e60207-c27a-4a60-a25e-322b13d636f1","email":"tyler.nelson@microsoft.com","message":"successfully parsed message, but message temporarily enqueued while system restarts."},{"id":"69c135e5-47f1-4fae-a23d-d2f1b0224200","email":"ava.davis@gmail.com","message":"successfully processed after 4804 milliseconds."},{"id":"a78290b6-1c42-474b-92f5-983a71d1763d","email":"alyssa.jones@amerisave.com","message":"successfully processed after 4265 milliseconds."},{"id":"5432725b-c682-42b1-9533-c93bc37eb0f4","email":"jacob.lopez@dropbox.net","message":"successfully parsed message, but message temporarily enqueued while system restarts."},{"id":"4f52abf1-3686-4530-9616-abd14210c115","email":"andrew.miller@gmail.com","message":"successfully processed after 5468 milliseconds."},{"id":"a85701b3-6c20-4ad2-8c3f-61064fd6c695","email":"dylan.wilson@gmail.com","message":"successfully parsed message, but message temporarily enqueued while system restarts."},{"id":"1fa75f8b-e0ca-4191-8bcc-7c86b3bea784","email":"tyler.nelson@microsoft.com","message":"failed to process due to network exception."},{"id":"51ff0d96-b7eb-491e-a435-211c5c9e2a75","email":"alyssa.jones@amerisave.com","message":"successfully processed after 9010 milliseconds."},{"id":"03dddd34-ae0e-4b07-8ea7-8be7c817a40f","email":"aiden.johnson@microsoft.com","message":"successfully parsed message, but message temporarily enqueued while system restarts."},{"id":"aa104492-d4f8-4d3c-b053-0c251eb0b7e2","email":"matthew.walker@amerisave.com","message":"successfully processed after 6684 milliseconds."},{"id":"b4c0ac60-39bb-45a6-9a56-44844a4af118","email":"ava.davis@gmail.com","message":"successfully parsed message, but message temporarily enqueued while system restarts."},{"id":"7f7f6aaa-2e37-4f1e-b9a3-aaa93c257933","email":"mia.perez@me.com","message":"successfully parsed message, but message temporarily enqueued while system restarts."},{"id":"178136eb-5daa-49b9-b18b-64cadb897952","email":"emma.thomas@me.com","message":"successfully processed after 5622 milliseconds."},{"id":"078ad715-71d4-4315-8016-7ef5ac020ab5","email":"alexis.brown@microsoft.com","message":"successfully processed after 2265 milliseconds."},{"id":"ae92d97c-ee2c-42fb-bb96-fb9c0501efc8","email":"dylan.wilson@gmail.com","message":"successfully parsed message, but message temporarily enqueued while system restarts."},{"id":"b9021f67-b8fb-4e14-9999-78ea4380d3e9","email":"hannah.martin@dropbox.net","message":"successfully processed after 4235 milliseconds."},{"id":"092ee8e3-5ce7-4bc6-a09e-b009e0691d17","email":"tyler.nelson@microsoft.com","message":"failed to process due to network exception."},{"id":"4500ccc0-a1bc-4393-950a-3179b1e9cb0b","email":"liam.gonzalez@me.com","message":"successfully processed after 2282 milliseconds."},{"id":"aa5c6519-a455-4161-9a5d-ccda6a81aace","email":"ava.davis@gmail.com","message":"successfully parsed message, but message temporarily enqueued while system restarts."},{"id":"33552891-f2a2-49be-b1c5-afa30e27358c","email":"jack.thompson@me.com","message":"failed to process due to datastore timeout of 30 seconds.  operation took 44 seconds."},{"id":"9766cccd-e6ec-48f4-b274-6dd3f5a274f7","email":"daniel.rodriguez@amerisave.com","message":"failed to process due to network exception."},{"id":"108b0be9-5375-4065-a7a3-a94f5cc886b9","email":"daniel.rodriguez@amerisave.com","message":"successfully handled skipped operation."},{"id":"56a67af0-5a51-4df6-8938-c89b0d358d3f","email":"elizabeth.martinez@dropbox.net","message":"successfully handled skipped operation."},{"id":"4882f2c8-0a1e-4ec5-b37a-3f7575dfaa72","email":"sarah.green@amerisave.com","message":"successfully parsed message, but message temporarily enqueued while system restarts."},{"id":"48b7c651-3f38-4ea9-a44d-e469ecaa73fb","email":"ryan.king@dropbox.net","message":"failed to process due to network exception."},{"id":"0b108369-7ca9-4480-9365-b801a81c7f3c","email":"dylan.wilson@gmail.com","message":"failed to process due to datastore timeout of 30 seconds.  operation took 75 seconds."},{"id":"b5629940-c359-418f-8e71-6c5ac6818508","email":"lily.harris@gmail.com","message":"successfully parsed message, but message temporarily enqueued while system restarts."},{"id":"c2e714d4-bb1e-4a89-b1d1-673d0abf0bb8","email":"jacob.lopez@dropbox.net","message":"successfully handled skipped operation."},{"id":"e49ec89e-aea0-4de7-9f1e-1a93a8945c5b","email":"grace.moore@gmail.com","message":"successfully processed after 3282 milliseconds."},{"id":"c4bb011b-d066-4c5b-994f-d7a4330735e1","email":"hannah.martin@dropbox.net","message":"failed to process due to datastore timeout of 30 seconds.  operation took 45 seconds."},{"id":"0aea42ae-c999-4b59-9ea5-3e7f9bd369f1","email":"alexis.brown@microsoft.com","message":"failed to process due to network exception."},{"id":"35b779fe-c00b-4b6d-a3ed-22920933bd6c","email":"nathan.young@microsoft.com","message":"successfully parsed message, but message temporarily enqueued while system restarts."},{"id":"561a8322-77af-45dc-8b71-0868bfa3a13d","email":"taylor.adams@gmail.com","message":"failed to process due to network exception."},{"id":"64dc76d3-5c35-4baa-9fda-992a68115ec6","email":"jacob.lopez@dropbox.net","message":"successfully processed after 9305 milliseconds."},{"id":"e644a87c-edc0-46cf-83a8-3193c326c05f","email":"elizabeth.martinez@dropbox.net","message":"successfully processed after 4198 milliseconds."},{"id":"9334ac10-292e-4a52-8ee5-349561a087ff","email":"tyler.nelson@microsoft.com","message":"failed to process due to datastore timeout of 30 seconds.  operation took 41 seconds."},{"id":"1080c52b-3cf2-47cc-a99f-6f63b262aae6","email":"elizabeth.martinez@dropbox.net","message":"failed to process due to network exception."},{"id":"26c3e239-f22d-473e-8656-e239715b690b","email":"emily.taylor@gmail.com","message":"successfully processed after 2801 milliseconds."},{"id":"866789be-2388-4093-8813-f73c00f65f26","email":"ethan.hernandez@microsoft.com","message":"successfully parsed message, but message temporarily enqueued while system restarts."},{"id":"02077483-eae2-477c-963d-78c244ab964e","email":"ava.davis@gmail.com","message":"failed to process due to datastore timeout of 30 seconds.  operation took 52 seconds."},{"id":"7cf8cc2c-ae34-4a29-ad0a-054317f6d19a","email":"liam.gonzalez@me.com","message":"failed to process due to network exception."},{"id":"ae46b648-59de-4226-93bd-6cd205acf9d2","email":"alyssa.jones@amerisave.com","message":"failed to process due to datastore timeout of 30 seconds.  operation took 98 seconds."},{"id":"671b7143-5890-4ffc-ac7d-5e6133b6d9fd","email":"matthew.walker@amerisave.com","message":"successfully processed after 7486 milliseconds."},{"id":"4bec00dc-0b73-4c97-b976-b9a3d3da76b4","email":"taylor.adams@gmail.com","message":"successfully handled skipped operation."},{"id":"a3d4c3f6-0e12-4f19-891e-5c63b332ecac","email":"isabella.jackson@amerisave.com","message":"successfully parsed message, but message temporarily enqueued while system restarts."},{"id":"76d011ea-91bb-4e9d-a80e-c1d4b8eeb1e5","email":"taylor.adams@gmail.com","message":"failed to process due to datastore timeout of 30 seconds.  operation took 109 seconds."},{"id":"5b77751a-69c0-4a8a-b0ec-0e4b8d9a2485","email":"elizabeth.martinez@dropbox.net","message":"failed to process due to network exception."},{"id":"344ae102-c2f4-4530-8140-e0b965553ab5","email":"dylan.wilson@gmail.com","message":"successfully handled skipped operation."},{"id":"f75855c2-416b-4125-b44b-663a50a6d402","email":"joshua.lee@gmail.com","message":"successfully handled skipped operation."},{"id":"1233e10d-b04c-463e-a93f-91b7e4092202","email":"logan.clark@dropbox.net","message":"failed to process due to network exception."},{"id":"d08f7408-38de-41b7-a05d-e5014a021bc0","email":"andrew.miller@gmail.com","message":"failed to process due to datastore timeout of 30 seconds.  operation took 52 seconds."},{"id":"bc024a89-2169-4664-a83d-08db6c385809","email":"alyssa.jones@amerisave.com","message":"failed to process due to network exception."},{"id":"0c987617-6ef3-4c57-955f-7f16581b5af6","email":"ryan.king@dropbox.net","message":"failed to process due to network exception."},{"id":"3969fe5f-a11a-4095-be4c-df505f6468fc","email":"isabella.jackson@amerisave.com","message":"failed to process due to network exception."},{"id":"d8c9d005-f3bf-43f0-9ea0-e2102ccf2fdd","email":"matthew.walker@amerisave.com","message":"successfully handled skipped operation."},{"id":"5677a492-603c-461e-8d74-8d0b72abbe32","email":"noah.sanchez@me.com","message":"successfully processed after 8326 milliseconds."},{"id":"2d3adfd3-95c8-4c18-b8dc-7a55f9a36243","email":"joshua.lee@gmail.com","message":"successfully handled skipped operation."},{"id":"325ee9b4-c089-4093-a47e-39d5f829ef90","email":"emily.taylor@gmail.com","message":"successfully processed after 5630 milliseconds."},{"id":"9ce12a09-947d-4073-8d55-93ab151c0592","email":"lily.harris@gmail.com","message":"successfully parsed message, but message temporarily enqueued while system restarts."},{"id":"c80807bf-0852-45c1-848c-3e67506816de","email":"alyssa.jones@amerisave.com","message":"successfully parsed message, but message temporarily enqueued while system restarts."},{"id":"600b28ba-c902-47ab-8f43-db00f8310a40","email":"noah.sanchez@me.com","message":"successfully parsed message, but message temporarily enqueued while system restarts."},{"id":"04dd7dc3-5b2e-4a1e-a79c-276cd83557e4","email":"isabella.jackson@amerisave.com","message":"failed to process due to datastore timeout of 30 seconds.  operation took 50 seconds."},{"id":"56487bf7-80fa-468e-b8cf-df0a51f5a0be","email":"lily.harris@gmail.com","message":"successfully parsed message, but message temporarily enqueued while system restarts."},{"id":"3f19decc-8c89-4964-b195-8b0a1060f1ba","email":"tyler.nelson@microsoft.com","message":"successfully processed after 9626 milliseconds."},{"id":"f6470ef2-3c59-449f-adc0-fcd316a9f524","email":"nicholas.allen@microsoft.com","message":"failed to process due to datastore timeout of 30 seconds.  operation took 84 seconds."},{"id":"7905945a-0474-4f7a-a705-8ce232742794","email":"abigail.smith@amerisave.com","message":"successfully parsed message, but message temporarily enqueued while system restarts."},{"id":"924a6a86-cad4-4a38-a893-6dad0b13ba84","email":"elizabeth.martinez@dropbox.net","message":"successfully parsed message, but message temporarily enqueued while system restarts."},{"id":"f5ed9d9f-b306-48fc-ace9-6dde59ab93d0","email":"emily.taylor@gmail.com","message":"failed to process due to datastore timeout of 30 seconds.  operation took 61 seconds."},{"id":"3949de6b-14c3-4c67-8b98-d93c4e1ff816","email":"olivia.wright@gmail.com","message":"successfully handled skipped operation."},{"id":"f7776d7e-708a-4522-b1ea-902b23b03040","email":"nathan.young@microsoft.com","message":"successfully processed after 8695 milliseconds."},{"id":"c278671e-9c8a-45d5-897d-dd7bf3116746","email":"abigail.smith@amerisave.com","message":"successfully processed after 3611 milliseconds."},{"id":"fc6d6c1d-6e2b-4739-9019-a6568043ab32","email":"nicholas.allen@microsoft.com","message":"successfully parsed message, but message temporarily enqueued while system restarts."},{"id":"a8386ed9-47ac-4fdc-b935-22168a050a58","email":"joshua.lee@gmail.com","message":"successfully parsed message, but message temporarily enqueued while system restarts."},{"id":"7ba3452d-6c08-4916-8ab5-57ee8340a642","email":"lily.harris@gmail.com","message":"failed to process due to network exception."},{"id":"e39ebfb1-da4b-4341-b64f-91a91bbcb723","email":"joshua.lee@gmail.com","message":"successfully handled skipped operation."},{"id":"0c548958-9ea6-47d9-bde0-4de46802e1b2","email":"alexander.williams@gmail.com","message":"successfully processed after 3481 milliseconds."},{"id":"b4cc549b-8710-4059-bf53-0489371efc03","email":"mason.robinson@amerisave.com","message":"successfully processed after 2029 milliseconds."},{"id":"eed20a24-0fc1-436f-86ea-82febcd5c01f","email":"olivia.wright@gmail.com","message":"successfully processed after 8710 milliseconds."},{"id":"10cb1c3e-79d1-42eb-a7b7-968bc80f1623","email":"noah.sanchez@me.com","message":"successfully handled skipped operation."},{"id":"efce7b80-ea61-4cdf-8bf9-2f2658fdc4b9","email":"taylor.adams@gmail.com","message":"successfully handled skipped operation."},{"id":"73c13063-6d7f-43cf-83dd-3bbb9dce650b","email":"samantha.scott@me.com","message":"successfully parsed message, but message temporarily enqueued while system restarts."},{"id":"b10eacf6-2c5e-4d5c-b1c0-010837a97c6a","email":"sarah.green@amerisave.com","message":"successfully parsed message, but message temporarily enqueued while system restarts."},{"id":"97dd7a4f-e04a-4bbd-af2d-301cdf460423","email":"michael.hall@dropbox.net","message":"successfully handled skipped operation."},{"id":"750b2f67-6360-4f8e-9385-b56678ee5b45","email":"mia.perez@me.com","message":"successfully parsed message, but message temporarily enqueued while system restarts."},{"id":"618e8f08-8127-4ebf-af2a-c6abd6b309d7","email":"ella.anderson@dropbox.net","message":"successfully handled skipped operation."},{"id":"2f3952d6-2537-41a2-8288-d500be91334a","email":"aiden.johnson@microsoft.com","message":"failed to process due to datastore timeout of 30 seconds.  operation took 64 seconds."},{"id":"a4007ccb-cfe0-44ed-b033-4f1fe0078567","email":"noah.sanchez@me.com","message":"failed to process due to datastore timeout of 30 seconds.  operation took 105 seconds."},{"id":"e298dc99-5644-4aa9-becd-5705ef163285","email":"ava.davis@gmail.com","message":"failed to process due to network exception."},{"id":"4d9adc11-bd7a-462a-b319-1bf177f5e1c1","email":"liam.gonzalez@me.com","message":"successfully parsed message, but message temporarily enqueued while system restarts."},{"id":"86f19060-4037-48f7-8135-64b540697b62","email":"mia.perez@me.com","message":"successfully processed after 5083 milliseconds."},{"id":"7456f56b-4f2c-4929-af4f-ff036e0582d6","email":"lily.harris@gmail.com","message":"successfully parsed message, but message temporarily enqueued while system restarts."},{"id":"3c0357ef-ec66-4954-a78b-50ec13cbbe32","email":"jacob.lopez@dropbox.net","message":"successfully processed after 3459 milliseconds."},{"id":"119e77e8-68a5-4f5c-a928-2656100da6e8","email":"sarah.green@amerisave.com","message":"successfully parsed message, but message temporarily enqueued while system restarts."},{"id":"8e94c485-534c-4b0d-8960-258d75c11945","email":"samantha.scott@me.com","message":"failed to process due to network exception."},{"id":"3d58055f-4fe6-4564-94b1-6a51115eaaee","email":"ryan.king@dropbox.net","message":"failed to process due to network exception."},{"id":"a32aa03e-b72f-46c3-bc6a-8829b44b655c","email":"alyssa.jones@amerisave.com","message":"successfully handled skipped operation."},{"id":"3de65027-9eb2-4bb7-89c3-060c12866d6c","email":"sophia.baker@dropbox.net","message":"successfully processed after 9151 milliseconds."},{"id":"e33148b7-f0a4-4cb7-9571-7edca7ca525a","email":"alexis.brown@microsoft.com","message":"failed to process due to datastore timeout of 30 seconds.  operation took 123 seconds."},{"id":"9cef299e-de07-435b-a3e9-72ec3912cf4d","email":"logan.clark@dropbox.net","message":"successfully parsed message, but message temporarily enqueued while system restarts."},{"id":"d26a227c-030a-478a-9a9a-c20bd8b74a3d","email":"jacob.lopez@dropbox.net","message":"failed to process due to datastore timeout of 30 seconds.  operation took 95 seconds."},{"id":"f566c7cf-007b-4435-ad6a-b7d3a97f4904","email":"tyler.nelson@microsoft.com","message":"failed to process due to datastore timeout of 30 seconds.  operation took 62 seconds."},{"id":"ae1732d8-b720-4c45-a306-a412f27c03e0","email":"alyssa.jones@amerisave.com","message":"successfully handled skipped operation."},{"id":"0e406dfc-e5fc-43ea-b4ec-a712cafee770","email":"hannah.martin@dropbox.net","message":"failed to process due to datastore timeout of 30 seconds.  operation took 85 seconds."},{"id":"3a53f613-39dc-47cf-82c5-2d0d962f7899","email":"alexis.brown@microsoft.com","message":"successfully processed after 1055 milliseconds."},{"id":"c1895aad-502f-47a2-9808-6f44960eb8d4","email":"logan.clark@dropbox.net","message":"successfully parsed message, but message temporarily enqueued while system restarts."},{"id":"4efe44a1-564e-4414-a340-793a9fc83e31","email":"hannah.martin@dropbox.net","message":"failed to process due to datastore timeout of 30 seconds.  operation took 54 seconds."},{"id":"88c7372f-c013-4207-9dc4-03346747602f","email":"jack.thompson@me.com","message":"successfully handled skipped operation."},{"id":"e04bf559-3332-4889-9813-41b270e00489","email":"jack.thompson@me.com","message":"successfully handled skipped operation."},{"id":"e5a76ea5-4ebc-4867-9226-21fff1fc7581","email":"ava.davis@gmail.com","message":"successfully handled skipped operation."},{"id":"0479ace4-bed9-41b9-b82b-b7a2e2cbbc93","email":"ethan.hernandez@microsoft.com","message":"failed to process due to datastore timeout of 30 seconds.  operation took 56 seconds."},{"id":"2d218afa-8c96-4d84-926e-68359eea6836","email":"mason.robinson@amerisave.com","message":"failed to process due to network exception."},{"id":"5d9fc932-986f-4ea7-a266-fd5e2ea942ce","email":"joshua.lee@gmail.com","message":"successfully parsed message, but message temporarily enqueued while system restarts."},{"id":"1507c1f7-4702-4269-9c71-4a63f4a083c1","email":"nathan.young@microsoft.com","message":"successfully handled skipped operation."},{"id":"5d64a09f-65f9-4d6a-8122-50238cacef31","email":"chloe.garcia@dropbox.net","message":"failed to process due to datastore timeout of 30 seconds.  operation took 59 seconds."},{"id":"ba258ca7-d84d-4bf6-b9b1-668810d805b2","email":"emily.taylor@gmail.com","message":"successfully handled skipped operation."},{"id":"6abb98de-d064-4199-81e3-078c4bfba1ea","email":"elizabeth.martinez@dropbox.net","message":"failed to process due to network exception."},{"id":"3e685128-98cd-41c4-92df-45253a612b34","email":"taylor.adams@gmail.com","message":"successfully processed after 2022 milliseconds."},{"id":"949b6350-8342-48d3-9bae-12f5b64f136a","email":"logan.clark@dropbox.net","message":"successfully processed after 2376 milliseconds."},{"id":"92bc9322-d67b-454b-9329-51ecef3a6ec4","email":"jack.thompson@me.com","message":"failed to process due to network exception."},{"id":"d6884961-5fd0-4c97-a036-96b8084f036b","email":"madison.lewis@gmail.com","message":"successfully parsed message, but message temporarily enqueued while system restarts."},{"id":"95bd3821-7f53-4a29-823f-fc8fc3bc1058","email":"michael.hall@dropbox.net","message":"failed to process due to network exception."},{"id":"03a491e9-dda2-4883-b148-af1566667b3a","email":"noah.sanchez@me.com","message":"failed to process due to datastore timeout of 30 seconds.  operation took 33 seconds."},{"id":"2e03c677-7c5e-4861-a8b7-0e844a64087b","email":"emily.taylor@gmail.com","message":"successfully parsed message, but message temporarily enqueued while system restarts."},{"id":"eb2e38ef-c0b5-48b0-8ff4-3075553b2834","email":"sophia.baker@dropbox.net","message":"successfully handled skipped operation."},{"id":"0283b31e-233e-44e7-91af-0d417e951558","email":"ethan.hernandez@microsoft.com","message":"successfully handled skipped operation."},{"id":"58c70a03-8e22-4db2-a73a-f815581523c1","email":"nathan.young@microsoft.com","message":"successfully processed after 4643 milliseconds."},{"id":"4cc5f9b0-af7c-4475-ab61-46d268197a59","email":"samantha.scott@me.com","message":"successfully parsed message, but message temporarily enqueued while system restarts."},{"id":"7a9fba7f-8a77-46e3-9775-b56fea0a960f","email":"ella.anderson@dropbox.net","message":"failed to process due to network exception."},{"id":"2a262286-4c05-4510-83b7-33af19497383","email":"sophia.baker@dropbox.net","message":"failed to process due to datastore timeout of 30 seconds.  operation took 51 seconds."},{"id":"dca00b62-877e-42c9-aa43-96a49b816eb2","email":"andrew.miller@gmail.com","message":"successfully handled skipped operation."},{"id":"667a3add-4b1a-41e2-ae14-db8be32e8d8c","email":"alyssa.jones@amerisave.com","message":"failed to process due to datastore timeout of 30 seconds.  operation took 81 seconds."},{"id":"de7b69c7-3187-4b69-a762-3d1fe69cd59a","email":"matthew.walker@amerisave.com","message":"successfully processed after 8725 milliseconds."},{"id":"899e97cc-72d0-47a6-9665-5e41d6065f25","email":"madison.lewis@gmail.com","message":"successfully processed after 3834 milliseconds."},{"id":"a80619f6-dc07-4a3c-b761-30fdffd94b77","email":"sarah.green@amerisave.com","message":"successfully handled skipped operation."},{"id":"0bdd1774-e247-4dd7-84f2-b45a9ead9920","email":"abigail.smith@amerisave.com","message":"failed to process due to network exception."},{"id":"1404197c-2376-49a4-96af-f8efa2347be2","email":"liam.gonzalez@me.com","message":"failed to process due to datastore timeout of 30 seconds.  operation took 105 seconds."},{"id":"21f8bd57-95ea-4630-b737-55497af778dc","email":"mason.robinson@amerisave.com","message":"successfully parsed message, but message temporarily enqueued while system restarts."},{"id":"a057bbc4-8ddc-4239-aa45-cecb73253662","email":"nicholas.allen@microsoft.com","message":"successfully handled skipped operation."},{"id":"617a20ba-58b1-41e1-a764-d7edcf87b62c","email":"emma.thomas@me.com","message":"successfully processed after 6677 milliseconds."},{"id":"b9c69d1d-f33b-46be-8bd5-d4017184fbb6","email":"abigail.smith@amerisave.com","message":"failed to process due to datastore timeout of 30 seconds.  operation took 37 seconds."},{"id":"4438cb09-5d58-42fa-9722-672b2dc72dbd","email":"sophia.baker@dropbox.net","message":"failed to process due to network exception."},{"id":"9df434a5-016d-4e69-9351-fa8a9edc716c","email":"dylan.wilson@gmail.com","message":"failed to process due to network exception."},{"id":"4f074e8c-99ae-4d6b-9fd9-5191d3ad686d","email":"ava.davis@gmail.com","message":"failed to process due to network exception."},{"id":"b796e24c-93bc-47eb-b624-50e0f1554960","email":"ryan.king@dropbox.net","message":"successfully handled skipped operation."},{"id":"5b419b9f-74e4-47eb-9dae-b97629bf740d","email":"joshua.lee@gmail.com","message":"successfully handled skipped operation."},{"id":"8499530a-a6de-4b03-b6a0-5b33d6588db7","email":"samantha.scott@me.com","message":"successfully processed after 5922 milliseconds."},{"id":"3dacdad4-3d36-41f8-acb2-f50a22e30ac9","email":"abigail.smith@amerisave.com","message":"failed to process due to datastore timeout of 30 seconds.  operation took 72 seconds."},{"id":"24c3c2bd-a1e3-4a93-8059-c0fb6cb537a8","email":"hannah.martin@dropbox.net","message":"successfully parsed message, but message temporarily enqueued while system restarts."},{"id":"6588e9a5-e827-4216-a3e7-6139d0750ffc","email":"mason.robinson@amerisave.com","message":"successfully handled skipped operation."},{"id":"1ba71ed9-a99a-4e90-8e5f-22b50d38640a","email":"chloe.garcia@dropbox.net","message":"successfully parsed message, but message temporarily enqueued while system restarts."},{"id":"b764b474-be19-4d30-91fb-bcbf5de6d23d","email":"ryan.king@dropbox.net","message":"successfully processed after 4664 milliseconds."},{"id":"afc17d99-6ee4-44fd-b866-2ba0b97c3487","email":"alyssa.jones@amerisave.com","message":"failed to process due to network exception."},{"id":"31843666-2b38-48f8-a994-fb56d6a08693","email":"elizabeth.martinez@dropbox.net","message":"successfully handled skipped operation."},{"id":"3c84e308-2160-4e65-9abc-ff06de8eb110","email":"alexander.williams@gmail.com","message":"failed to process due to datastore timeout of 30 seconds.  operation took 81 seconds."},{"id":"0955fbc9-2ba4-41eb-834a-070b026bb34d","email":"dylan.wilson@gmail.com","message":"successfully handled skipped operation."},{"id":"0e034f38-5a89-489c-90f1-032f8d8e9afa","email":"hannah.martin@dropbox.net","message":"successfully handled skipped operation."},{"id":"05bbc93e-c130-4845-9948-3c868000e7ae","email":"grace.moore@gmail.com","message":"successfully processed after 7666 milliseconds."},{"id":"5b14d34d-2cd8-4d5a-8b58-07ac81ec125a","email":"ava.davis@gmail.com","message":"failed to process due to network exception."},{"id":"d3f890a6-a6be-4eed-8aba-f3b0d117a112","email":"michael.hall@dropbox.net","message":"successfully parsed message, but message temporarily enqueued while system restarts."},{"id":"8e2d1d22-ae66-4989-8b8e-21c75b673949","email":"ryan.king@dropbox.net","message":"successfully handled skipped operation."},{"id":"5badb50d-1c5c-47eb-ad4b-8c8edc2cde7c","email":"alyssa.jones@amerisave.com","message":"failed to process due to datastore timeout of 30 seconds.  operation took 72 seconds."},{"id":"e459e6ab-37d8-4ade-b43b-344a1d0b0621","email":"daniel.rodriguez@amerisave.com","message":"successfully parsed message, but message temporarily enqueued while system restarts."},{"id":"1ae39fdc-ba7b-4f0f-985e-e1aaf13cf270","email":"abigail.smith@amerisave.com","message":"successfully parsed message, but message temporarily enqueued while system restarts."},{"id":"1d40d36d-bab3-41df-81fb-7ed86b35c32c","email":"joshua.lee@gmail.com","message":"successfully parsed message, but message temporarily enqueued while system restarts."},{"id":"85476d49-96a1-4acc-9581-7713d8f43617","email":"noah.sanchez@me.com","message":"successfully processed after 2745 milliseconds."},{"id":"9bcdb12d-9da9-4e29-b5f2-e0800a92d9fc","email":"michael.hall@dropbox.net","message":"successfully parsed message, but message temporarily enqueued while system restarts."},{"id":"400526a5-c16c-4379-82a3-810cc9201df2","email":"matthew.walker@amerisave.com","message":"successfully processed after 6185 milliseconds."},{"id":"85d5c7b3-f7fa-4e37-9889-5ba650bd1a4f","email":"hannah.martin@dropbox.net","message":"successfully parsed message, but message temporarily enqueued while system restarts."},{"id":"e9241e50-5ea7-4831-907b-7c87685993e7","email":"alyssa.jones@amerisave.com","message":"failed to process due to network exception."},{"id":"b5079e20-8cbb-44b0-90d1-8c1cef4c7226","email":"lily.harris@gmail.com","message":"successfully processed after 2696 milliseconds."},{"id":"f5c36410-c90a-41ba-a482-9b6527154d95","email":"chloe.garcia@dropbox.net","message":"failed to process due to network exception."},{"id":"1ed5fa70-a6b5-4fe1-a29a-ccd98feb2ce6","email":"matthew.walker@amerisave.com","message":"successfully parsed message, but message temporarily enqueued while system restarts."},{"id":"cb843fc9-d790-4074-b4c3-d57c2bfc6472","email":"mia.perez@me.com","message":"failed to process due to datastore timeout of 30 seconds.  operation took 45 seconds."},{"id":"6b955373-1973-40b9-a155-a912bad02a89","email":"sarah.green@amerisave.com","message":"successfully parsed message, but message temporarily enqueued while system restarts."},{"id":"20583b80-5ba1-4817-b9bd-fce8ab81de66","email":"andrew.miller@gmail.com","message":"successfully processed after 1645 milliseconds."},{"id":"1370ec12-e08d-41e0-b23f-6610d66104f4","email":"nathan.young@microsoft.com","message":"failed to process due to datastore timeout of 30 seconds.  operation took 72 seconds."},{"id":"4c04e512-befe-46e0-a75b-d51923f9018b","email":"abigail.smith@amerisave.com","message":"failed to process due to network exception."},{"id":"034ae358-5668-4f8d-a958-b382e773b8a6","email":"madison.lewis@gmail.com","message":"successfully handled skipped operation."},{"id":"676249c7-7578-4bb4-b570-7aa703b6d6ab","email":"tyler.nelson@microsoft.com","message":"failed to process due to datastore timeout of 30 seconds.  operation took 77 seconds."},{"id":"0bfd1fe8-5e89-469f-bb03-18dce339a686","email":"ava.davis@gmail.com","message":"successfully handled skipped operation."},{"id":"1dafed18-d425-426a-8968-bb37a7e352da","email":"mia.perez@me.com","message":"successfully processed after 7635 milliseconds."},{"id":"8a979762-3785-499c-8a8b-fd749d1f324b","email":"samantha.scott@me.com","message":"successfully parsed message, but message temporarily enqueued while system restarts."},{"id":"57e291a7-34b8-49a4-a3f1-0bda9d9a3333","email":"alexander.williams@gmail.com","message":"successfully processed after 5955 milliseconds."},{"id":"82932794-366d-4a92-bcc0-f5cb4042dbbb","email":"aiden.johnson@microsoft.com","message":"successfully processed after 2324 milliseconds."},{"id":"b7cd8435-166c-4042-a04b-25676063d76b","email":"mason.robinson@amerisave.com","message":"failed to process due to datastore timeout of 30 seconds.  operation took 70 seconds."},{"id":"c7315f6e-9540-478e-8d00-3ba5741c17b6","email":"ethan.hernandez@microsoft.com","message":"successfully parsed message, but message temporarily enqueued while system restarts."},{"id":"1531bfa4-a8ae-4b47-93a7-25d2229cbdde","email":"tyler.nelson@microsoft.com","message":"failed to process due to network exception."},{"id":"9dd69826-3095-444f-a7ab-3e49d6a401ab","email":"alexander.williams@gmail.com","message":"failed to process due to network exception."},{"id":"eabb875a-f837-4b0a-837e-defdee340d33","email":"jackson.white@gmail.com","message":"successfully parsed message, but message temporarily enqueued while system restarts."},{"id":"ecef2f96-d567-4d41-830b-905aae4a7478","email":"chloe.garcia@dropbox.net","message":"successfully parsed message, but message temporarily enqueued while system restarts."},{"id":"c87c313f-668f-4a26-8606-f2a27347f8a3","email":"grace.moore@gmail.com","message":"failed to process due to network exception."}],"id":"6a1f343f-340f-4d7d-b5d2-1b54e731538d"}