{"logs":[{"id":"6f62e732-bd3b-4ae2-a442-352061d87088","email":"madison.lewis@gmail.com","message":"failed to process due to datastore timeout of 30 seconds.  operation took 63 seconds."},{"id":"c684e200-b6e5-4679-9c01-6a4f155e51ba","email":"sarah.green@amerisave.com","message":"successfully handled skipped operation."},{"id":"29014682-572d-47c8-93c7-c87239b16b14","email":"chloe.garcia@dropbox.net","message":"failed to process due to network exception."},{"id":"0cc828c0-7086-4285-8ec4-1cf3735e5b1e","email":"ava.davis@gmail.com","message":"successfully parsed message, but message temporarily enqueued while system restarts."},{"id":"eb9c4a07-5587-40b3-8d35-1807863bec32","email":"matthew.walker@amerisave.com","message":"failed to process due to datastore timeout of 30 seconds.  operation took 124 seconds."},{"id":"2efc4785-5635-495d-ba61-ec8501bcbc74","email":"liam.gonzalez@me.com","message":"successfully processed after 1801 milliseconds."},{"id":"32440013-dcc3-4fad-a364-fa437e4ea282","email":"alyssa.jones@amerisave.com","message":"successfully processed after 4312 milliseconds."},{"id":"803452ab-735c-4af8-9626-93926f38fc0e","email":"isabella.jackson@amerisave.com","message":"failed to process due to datastore timeout of 30 seconds.  operation took 84 seconds."},{"id":"ec060355-0325-4c60-9c87-09a437cc13e0","email":"ethan.hernandez@microsoft.com","message":"successfully parsed message, but message temporarily enqueued while system restarts."},{"id":"6db587a3-4977-4fd3-acbd-a0e7aab3d60a","email":"ryan.king@dropbox.net","message":"failed to process due to network exception."},{"id":"247d35fc-84ac-49e7-a1a3-339172b6ec02","email":"emma.thomas@me.com","message":"successfully parsed message, but message temporarily enqueued while system restarts."},{"id":"6c794a7a-3070-4bcd-ab2a-08981bf94da2","email":"mia.perez@me.com","message":"successfully parsed message, but message temporarily enqueued while system restarts."},{"id":"42165c77-fb66-4f5c-8449-10ee66a94022","email":"dylan.wilson@gmail.com","message":"successfully handled skipped operation."},{"id":"9a359ff1-7b84-4421-921b-7b89abc9941d","email":"nathan.young@microsoft.com","message":"failed to process due to network exception."},{"id":"2857f84f-f7f5-416f-b92c-7781be281288","email":"jackson.white@gmail.com","message":"successfully processed after 9930 milliseconds."},{"id":"35c93f64-12be-4f43-9bef-492d1f073f22","email":"samantha.scott@me.com","message":"successfully handled skipped operation."},{"id":"e1e4dc9b-cf2c-414b-9a1b-7d1450810bc5","email":"liam.gonzalez@me.com","message":"successfully processed after 5540 milliseconds."},{"id":"677c4a9e-020d-4a86-a8a5-9281ccd90b6a","email":"ryan.king@dropbox.net","message":"failed to process due to network exception."},{"id":"a9d50c52-55b6-476a-b307-6d0ca6b34127","email":"jackson.white@gmail.com","message":"successfully handled skipped operation."},{"id":"01c4b9f5-98d6-4a18-a5ec-7987a07eee1b","email":"ryan.king@dropbox.net","message":"successfully processed after 478 milliseconds."},{"id":"a875e0d2-f319-4165-b074-08f6195ff721","email":"hannah.martin@dropbox.net","message":"failed to process due to network exception."},{"id":"641c5555-8748-48e6-ab6e-4e8b4026c493","email":"chloe.garcia@dropbox.net","message":"successfully handled skipped operation."},{"id":"cd2fbd47-a0b9-4954-8615-65deca441a52","email":"ethan.hernandez@microsoft.com","message":"failed to process due to datastore timeout of 30 seconds.  operation took 32 seconds."},{"id":"011745da-0a88-4c31-80c2-7660900d06de","email":"joshua.lee@gmail.com","message":"failed to process due to network exception."},{"id":"498c3802-aa51-4a69-8dfd-548fefd36927","email":"ethan.hernandez@microsoft.com","message":"failed to process due to network exception."},{"id":"50d7781e-2707-415f-9b33-9b6714c0d61e","email":"emily.taylor@gmail.com","message":"successfully processed after 985 milliseconds."},{"id":"6bc3305a-46de-4978-af94-89f83e64019c","email":"dylan.wilson@gmail.com","message":"successfully parsed message, but message temporarily enqueued while system restarts."},{"id":"a4633ab3-d697-4fb7-b41b-7f10fd7ba5bf","email":"samantha.scott@me.com","message":"failed to process due to datastore timeout of 30 seconds.  operation took 127 seconds."},{"id":"bd3111c5-249f-41f7-be9f-ec9165a82ebe","email":"matthew.walker@amerisave.com","message":"successfully handled skipped operation."},{"id":"4a08340d-ace2-44ac-9456-a2eb6e61538f","email":"daniel.rodriguez@amerisave.com","message":"failed to process due to network exception."},{"id":"33b75cb7-6787-491b-9a4d-5120201a1983","email":"olivia.wright@gmail.com","message":"successfully handled skipped operation."},{"id":"a6a40137-c956-44d3-8630-8197eee69c66","email":"ryan.king@dropbox.net","message":"failed to process due to datastore timeout of 30 seconds.  operation took 69 seconds."},{"id":"884b77d7-953f-4d5e-b94d-cf5bb17d9818","email":"isabella.jackson@amerisave.com","message":"failed to process due to network exception."},{"id":"5ef6bc6b-4ec6-4cdd-8c17-717df8553c5c","email":"ryan.king@dropbox.net","message":"successfully processed after 6922 milliseconds."},{"id":"eb736972-9009-4f60-9c1d-64e0bf86530e","email":"alexis.brown@microsoft.com","message":"successfully parsed message, but message temporarily enqueued while system restarts."},{"id":"e8953fec-e9c0-45fe-a55c-eea7a69009e9","email":"emma.thomas@me.com","message":"failed to process due to network exception."},{"id":"a36bda42-2924-449c-9d35-f0b1134688f2","email":"nathan.young@microsoft.com","message":"failed to process due to network exception."},{"id":"3a542172-8a76-4e70-8c79-ad9e4a60275d","email":"madison.lewis@gmail.com","message":"successfully processed after 5350 milliseconds."},{"id":"e5ba0e18-50f4-496b-bca0-bfbc07bdab2f","email":"alexander.williams@gmail.com","message":"successfully processed after 2282 milliseconds."},{"id":"3b0484d3-4c55-408b-8aaf-d70eab4a5183","email":"tyler.nelson@microsoft.com","message":"successfully handled skipped operation."},{"id":"14e4f22f-9ac2-4a21-9712-7ae83813b8cc","email":"michael.hall@dropbox.net","message":"successfully parsed message, but message temporarily enqueued while system restarts."},{"id":"8bf398ab-af0b-4570-bdac-721832599adc","email":"joshua.lee@gmail.com","message":"successfully handled skipped operation."},{"id":"a253f3d6-6baa-4616-a2b4-9e9434c508c8","email":"dylan.wilson@gmail.com","message":"successfully processed after 1772 milliseconds."},{"id":"7ae715ba-95e5-4fbf-a7a0-2813327824ae","email":"matthew.walker@amerisave.com","message":"successfully parsed message, but message temporarily enqueued while system restarts."},{"id":"07ab67d9-04b2-44b1-9bd5-828de6f302b9","email":"alyssa.jones@amerisave.com","message":"failed to process due to datastore timeout of 30 seconds.  operation took 107 seconds."},{"id":"96d947f3-1e7c-4996-8907-2f311410c4d3","email":"lily.harris@gmail.com","message":"failed to process due to network exception."},{"id":"561e9b06-0819-42f8-9936-dc81a9fcab8c","email":"michael.hall@dropbox.net","message":"failed to process due to datastore timeout of 30 seconds.  operation took 34 seconds."},{"id":"7d794d87-f729-4eda-8911-033f54c5627d","email":"ella.anderson@dropbox.net","message":"successfully parsed message, but message temporarily enqueued while system restarts."},{"id":"931a02c2-03cd-41b3-8f6c-ffbce30a4318","email":"nathan.young@microsoft.com","message":"successfully processed after 42 milliseconds."},{"id":"5a5a3221-b629-462e-8ab7-b6b54493c5fd","email":"ethan.hernandez@microsoft.com","message":"successfully processed after 7488 milliseconds."},{"id":"3603d4b4-5241-42fb-9195-c8e548a0ae49","email":"mason.robinson@amerisave.com","message":"successfully parsed message, but message temporarily enqueued while system restarts."},{"id":"e745cf37-f4b6-4c17-ab76-076ea0ad727b","email":"ryan.king@dropbox.net","message":"successfully processed after 1585 milliseconds."},{"id":"95532b0e-abdd-4a41-9941-3bc388425450","email":"nathan.young@microsoft.com","message":"successfully parsed message, but message temporarily enqueued while system restarts."},{"id":"ac04e1d9-907c-41f4-9c0d-64e24a15e9d9","email":"alexander.williams@gmail.com","message":"failed to process due to datastore timeout of 30 seconds.  operation took 58 seconds."},{"id":"632d2803-2c05-4e74-a30e-bc1c469c1d10","email":"aiden.johnson@microsoft.com","message":"successfully handled skipped operation."},{"id":"71a27e76-b218-4f61-9596-b19fefe28d27","email":"daniel.rodriguez@amerisave.com","message":"successfully handled skipped operation."},{"id":"6fbd2ec5-d531-4b83-8c8e-f3e8a3b7ecd7","email":"alyssa.jones@amerisave.com","message":"successfully handled skipped operation."},{"id":"0d984838-1727-4691-bcc2-6487f487ee48","email":"jackson.white@gmail.com","message":"failed to process due to network exception."},{"id":"1f79ea3b-6600-4133-a76f-ec2348cefbfb","email":"mia.perez@me.com","message":"failed to process due to datastore timeout of 30 seconds.  operation took 126 seconds."},{"id":"75152bd1-5966-43f2-87b7-99d3a5e92a5c","email":"nathan.young@microsoft.com","message":"failed to process due to datastore timeout of 30 seconds.  operation took 39 seconds."},{"id":"3bd5339f-e77a-4c4a-b422-dcfc3bb3e5af","email":"lily.harris@gmail.com","message":"successfully parsed message, but message temporarily enqueued while system restarts."},{"id":"fb54454e-d709-4175-8746-de5f5292dc2f","email":"isabella.jackson@amerisave.com","message":"failed to process due to network exception."},{"id":"9d55ece5-1987-4875-91a0-2f003628b116","email":"lily.harris@gmail.com","message":"successfully handled skipped operation."},{"id":"f8075a4e-f24f-4486-b0b1-3b77b7556d3a","email":"elizabeth.martinez@dropbox.net","message":"successfully processed after 1297 milliseconds."},{"id":"552f819d-a161-4d99-bf8a-3cfd7edb7748","email":"alexander.williams@gmail.com","message":"failed to process due to datastore timeout of 30 seconds.  operation took 44 seconds."},{"id":"e7594082-e23c-4e09-9a50-7342142cd004","email":"madison.lewis@gmail.com","message":"successfully handled skipped operation."},{"id":"fc43ff6a-34e1-4116-bb7e-b62f55425cb6","email":"alexander.williams@gmail.com","message":"successfully handled skipped operation."},{"id":"821205ef-5f52-4d3e-b983-5093bcc8d120","email":"jackson.white@gmail.com","message":"failed to process due to network exception."},{"id":"492a4ce1-8961-4c8a-9be7-9978582d79af","email":"sophia.baker@dropbox.net","message":"failed to process due to network exception."},{"id":"836141f0-c036-4150-8d55-3fa5d2ed7a09","email":"taylor.adams@gmail.com","message":"successfully parsed message, but message temporarily enqueued while system restarts."},{"id":"bc11cfd8-0884-4936-9304-6ba3050a0a3d","email":"mia.perez@me.com","message":"successfully processed after 334 milliseconds."},{"id":"4907508c-f1bd-4a9b-87fd-0b0dac248ef0","email":"emily.taylor@gmail.com","message":"failed to process due to datastore timeout of 30 seconds.  operation took 76 seconds."},{"id":"72726c37-7fbc-4adc-ba84-a1601878657f","email":"michael.hall@dropbox.net","message":"failed to process due to network exception."},{"id":"6073e067-3e2e-4ecf-aca5-5c89b97b2d52","email":"ethan.hernandez@microsoft.com","message":"failed to process due to network exception."},{"id":"542fc31d-a1f2-477d-ae5a-44900795c202","email":"samantha.scott@me.com","message":"successfully handled skipped operation."},{"id":"c2182787-3a86-4e47-a2d4-33f53e3c6e2f","email":"grace.moore@gmail.com","message":"successfully processed after 9904 milliseconds."},{"id":"23854b01-ec19-49c8-b1af-04ee0d2fdeab","email":"samantha.scott@me.com","message":"successfully handled skipped operation."},{"id":"815ca57d-b8a5-4ca7-b35a-829cc9f78582","email":"joshua.lee@gmail.com","message":"successfully handled skipped operation."},{"id":"f3ec082e-bd95-4323-b1b0-623793b74f7b","email":"madison.lewis@gmail.com","message":"failed to process due to datastore timeout of 30 seconds.  operation took 95 seconds."},{"id":"f9f8ca01-fb62-4129-a57d-ec056915552e","email":"noah.sanchez@me.com","message":"successfully processed after 8496 milliseconds."},{"id":"0e3d3476-4e44-4daf-962a-3a75bf26b884","email":"elizabeth.martinez@dropbox.net","message":"failed to process due to datastore timeout of 30 seconds.  operation took 99 seconds."},{"id":"c7c67d8f-017e-4478-9c0c-114470abbe5a","email":"noah.sanchez@me.com","message":"successfully processed after 9373 milliseconds."},{"id":"0861a757-2b7f-4d6c-86cc-85245c05cc46","email":"tyler.nelson@microsoft.com","message":"failed to process due to network exception."},{"id":"06dc7e76-6090-42e7-87b4-1dacfb518d3b","email":"andrew.miller@gmail.com","message":"successfully handled skipped operation."},{"id":"137bdcf6-9760-4100-b45d-c927ac39b96f","email":"madison.lewis@gmail.com","message":"failed to process due to datastore timeout of 30 seconds.  operation took 82 seconds."},{"id":"d963eb0d-c8f6-45d5-b27f-cb8f7d89d454","email":"nicholas.allen@microsoft.com","message":"successfully processed after 4279 milliseconds."},{"id":"efb96b7e-4af8-42dc-90df-1dbc860807d7","email":"abigail.smith@amerisave.com","message":"failed to process due to network exception."},{"id":"3a69fb7e-beb8-4d57-93dc-3fa7eb3eb476","email":"noah.sanchez@me.com","message":"successfully parsed message, but message temporarily enqueued while system restarts."},{"id":"2453d3f0-e4dd-456a-b6d0-d5181c817496","email":"ava.davis@gmail.com","message":"failed to process due to network exception."},{"id":"80a9a711-4246-48bf-84b9-c627e2048abc","email":"hannah.martin@dropbox.net","message":"successfully handled skipped operation."},{"id":"5f52dbe7-0e53-44d0-82f1-9d12b55646a8","email":"ethan.hernandez@microsoft.com","message":"failed to process due to network exception."},{"id":"8b042e89-eb2b-4b71-bad5-374384ee2939","email":"dylan.wilson@gmail.com","message":"successfully processed after 7215 milliseconds."},{"id":"9c7ce084-04e0-4396-b0e9-a8247be5637a","email":"ava.davis@gmail.com","message":"successfully parsed message, but message temporarily enqueued while system restarts."},{"id":"679bb6eb-7a19-45ea-9679-11e6546df008","email":"jack.thompson@me.com","message":"failed to process due to datastore timeout of 30 seconds.  operation took 62 seconds."},{"id":"7de0a026-5d3e-447f-842b-0ebc9da21e4a","email":"michael.hall@dropbox.net","message":"successfully handled skipped operation."},{"id":"1ad741f3-5a27-474a-936b-3d63d2044172","email":"mason.robinson@amerisave.com","message":"failed to process due to network exception."},{"id":"c496c884-3d8e-432f-8f84-d604fa3fd359","email":"madison.lewis@gmail.com","message":"failed to process due to datastore timeout of 30 seconds.  operation took 53 seconds."},{"id":"d7c64168-b0a1-400b-acd9-69273346eb51","email":"tyler.nelson@microsoft.com","message":"successfully parsed message, but message temporarily enqueued while system restarts."},{"id":"f7d652ce-f29f-4573-8518-8b9ea5aa2979","email":"lily.harris@gmail.com","message":"successfully parsed message, but message temporarily enqueued while system restarts."},{"id":"f46af537-f347-4cf2-9411-25c937df088e","email":"mason.robinson@amerisave.com","message":"successfully processed after 8610 milliseconds."},{"id":"61fb5342-4545-46c4-8e92-d139d943d9d3","email":"dylan.wilson@gmail.com","message":"successfully parsed message, but message temporarily enqueued while system restarts."},{"id":"59e1fd39-2e60-468a-95fa-849b913ca3ea","email":"emma.thomas@me.com","message":"successfully handled skipped operation."},{"id":"789c02c4-87b2-446b-9427-a6da1068bd2e","email":"ella.anderson@dropbox.net","message":"successfully processed after 3777 milliseconds."},{"id":"b9134a66-26e5-4a72-a7cd-f1e5a747a143","email":"andrew.miller@gmail.com","message":"failed to process due to network exception."},{"id":"ca72dd50-1bfe-45f9-95bf-e69bbc6de652","email":"ava.davis@gmail.com","message":"failed to process due to datastore timeout of 30 seconds.  operation took 100 seconds."},{"id":"3f727d0b-be07-4d9a-b9d9-5503ca416636","email":"alyssa.jones@amerisave.com","message":"successfully handled skipped operation."},{"id":"a1109456-66f1-4fd3-9111-23d3afb9c648","email":"elizabeth.martinez@dropbox.net","message":"successfully processed after 3960 milliseconds."},{"id":"2f601abb-1736-40ea-a3fb-f21d91de6fb9","email":"logan.clark@dropbox.net","message":"failed to process due to network exception."},{"id":"04ebbd60-a389-47b4-943a-40f030e0c428","email":"lily.harris@gmail.com","message":"successfully handled skipped operation."},{"id":"99c55303-711c-40e0-b5a5-17ee7427d064","email":"ava.davis@gmail.com","message":"successfully processed after 8832 milliseconds."},{"id":"43d1ed98-93d6-4106-8cd4-0010e619ec5c","email":"liam.gonzalez@me.com","message":"successfully handled skipped operation."},{"id":"09bc63cf-24d5-4db3-8933-cf438e7cb183","email":"olivia.wright@gmail.com","message":"successfully handled skipped operation."},{"id":"e06182bf-358e-4141-be9b-674660ade7bd","email":"mia.perez@me.com","message":"failed to process due to datastore timeout of 30 seconds.  operation took 62 seconds."},{"id":"d870cc43-3b05-4e20-96a5-378876b388ef","email":"mia.perez@me.com","message":"failed to process due to datastore timeout of 30 seconds.  operation took 81 seconds."},{"id":"19215f16-7824-4a09-b5b3-f4fdeda1ccd0","email":"joshua.lee@gmail.com","message":"successfully parsed message, but message temporarily enqueued while system restarts."},{"id":"bd74f67b-4f66-40d0-8694-970ffb75e5dd","email":"grace.moore@gmail.com","message":"successfully processed after 8911 milliseconds."},{"id":"039e690e-cfc3-4310-b71d-a2ddc08189ac","email":"noah.sanchez@me.com","message":"successfully parsed message, but message temporarily enqueued while system restarts."},{"id":"2aa981cb-ec19-43f7-b951-4a0ea617daca","email":"dylan.wilson@gmail.com","message":"successfully parsed message, but message temporarily enqueued while system restarts."},{"id":"b3a42877-b770-4d5f-a5d2-8c3e6f07d830","email":"emily.taylor@gmail.com","message":"failed to process due to datastore timeout of 30 seconds.  operation took 73 seconds."},{"id":"52a12a68-871a-41d6-b94a-fdb5e097201a","email":"logan.clark@dropbox.net","message":"successfully handled skipped operation."},{"id":"ac67ad92-8c23-4cd5-b63b-ffee7a9532cd","email":"ava.davis@gmail.com","message":"failed to process due to datastore timeout of 30 seconds.  operation took 103 seconds."},{"id":"ab8d609a-3d32-4403-b71f-052bdab167de","email":"alyssa.jones@amerisave.com","message":"failed to process due to network exception."},{"id":"3a6fd2f6-db64-4245-b8ad-8c2ce5a53a8b","email":"alexander.williams@gmail.com","message":"successfully parsed message, but message temporarily enqueued while system restarts."},{"id":"2a1c240a-dc3a-458c-adc8-1f66dff1e025","email":"liam.gonzalez@me.com","message":"successfully processed after 9113 milliseconds."},{"id":"b8e40370-4d9f-4ac3-8905-a5c49aba2ebf","email":"emma.thomas@me.com","message":"successfully processed after 9664 milliseconds."},{"id":"39febc4e-6ca4-4a6d-a779-0b81d27c4661","email":"isabella.jackson@amerisave.com","message":"successfully handled skipped operation."},{"id":"d296e90a-02e2-4dc6-8ea9-ab97bf784950","email":"samantha.scott@me.com","message":"failed to process due to datastore timeout of 30 seconds.  operation took 94 seconds."},{"id":"a748b00a-04fc-4ab7-b50f-fb52057f0ff6","email":"tyler.nelson@microsoft.com","message":"successfully processed after 3722 milliseconds."},{"id":"ea2d8685-f3e9-424a-8315-17cf94aeb8f9","email":"noah.sanchez@me.com","message":"failed to process due to datastore timeout of 30 seconds.  operation took 39 seconds."},{"id":"9bcd6be1-4e5b-4dcd-b40c-b0df3684ba02","email":"tyler.nelson@microsoft.com","message":"failed to process due to network exception."},{"id":"e276a8c1-8510-436f-9f5d-e85d326c8ba0","email":"alexander.williams@gmail.com","message":"successfully parsed message, but message temporarily enqueued while system restarts."},{"id":"a217c69a-20b4-4b37-9ba1-c80672e1c59d","email":"ethan.hernandez@microsoft.com","message":"failed to process due to network exception."},{"id":"d4bd1200-d229-4f21-9058-c66816e786bb","email":"ella.anderson@dropbox.net","message":"successfully processed after 1281 milliseconds."},{"id":"19d29034-3352-457c-9a25-7c67f503f0f1","email":"isabella.jackson@amerisave.com","message":"successfully processed after 2964 milliseconds."},{"id":"b9bc5014-54ec-4bd9-873a-3f7ddaf28ebd","email":"madison.lewis@gmail.com","message":"successfully handled skipped operation."},{"id":"e361732b-f2ed-43f3-9da3-98ec2407841e","email":"sarah.green@amerisave.com","message":"failed to process due to datastore timeout of 30 seconds.  operation took 126 seconds."},{"id":"71d8d70b-1b0f-45e2-97dd-a8d15855136f","email":"chloe.garcia@dropbox.net","message":"successfully processed after 4065 milliseconds."},{"id":"141632f9-54c9-494d-9b11-ce9f96226c08","email":"ella.anderson@dropbox.net","message":"successfully handled skipped operation."},{"id":"d70c27e7-af66-4640-b909-f85af4fa16d1","email":"andrew.miller@gmail.com","message":"successfully processed after 7437 milliseconds."},{"id":"6f2f8839-b01f-40ce-a2d7-fa754668cf0c","email":"mia.perez@me.com","message":"failed to process due to datastore timeout of 30 seconds.  operation took 52 seconds."},{"id":"98c47731-0052-485d-b3fa-cbba19d284cd","email":"alexander.williams@gmail.com","message":"successfully processed after 3814 milliseconds."},{"id":"d8c7fbe3-03fa-4be8-9051-347d89bad65c","email":"sarah.green@amerisave.com","message":"failed to process due to datastore timeout of 30 seconds.  operation took 110 seconds."},{"id":"39e63f3e-cd92-4217-b553-da537884d2d1","email":"daniel.rodriguez@amerisave.com","message":"successfully processed after 9868 milliseconds."},{"id":"0c9b1b9d-d629-4a08-b0cc-ca3d817d97df","email":"lily.harris@gmail.com","message":"successfully parsed message, but message temporarily enqueued while system restarts."},{"id":"f6bd2e0a-5e6c-465d-ad24-0b1ae6ffd90d","email":"logan.clark@dropbox.net","message":"failed to process due to datastore timeout of 30 seconds.  operation took 102 seconds."},{"id":"423f63dc-d4bd-4f4f-8cef-1c4a0092ac6e","email":"sarah.green@amerisave.com","message":"failed to process due to network exception."},{"id":"1d743201-8240-4d24-b8c4-88bcaf7b6d12","email":"michael.hall@dropbox.net","message":"successfully parsed message, but message temporarily enqueued while system restarts."},{"id":"eb176b98-03e6-481f-bae8-37d0ddea05bd","email":"dylan.wilson@gmail.com","message":"failed to process due to datastore timeout of 30 seconds.  operation took 68 seconds."},{"id":"218780d4-0d33-4caa-b7cf-68ad24b00a81","email":"ryan.king@dropbox.net","message":"successfully processed after 588 milliseconds."},{"id":"b0300d6a-2411-457d-bb30-36bf66da9080","email":"madison.lewis@gmail.com","message":"successfully handled skipped operation."},{"id":"ce619fd5-3bd8-46db-a9ff-0b2dd1f0c14c","email":"ava.davis@gmail.com","message":"successfully parsed message, but message temporarily enqueued while system restarts."},{"id":"1fb00ad9-c0a4-46dc-985d-bec2852203d4","email":"alexander.williams@gmail.com","message":"failed to process due to network exception."},{"id":"a3363f1b-a072-4f98-b26e-f5feffff4abd","email":"ryan.king@dropbox.net","message":"failed to process due to datastore timeout of 30 seconds.  operation took 113 seconds."},{"id":"6740b11a-22d7-4728-aef5-f65e0b8161a5","email":"nicholas.allen@microsoft.com","message":"failed to process due to datastore timeout of 30 seconds.  operation took 128 seconds."},{"id":"004c81be-b526-4fc4-a921-3b34b2b16360","email":"grace.moore@gmail.com","message":"successfully parsed message, but message temporarily enqueued while system restarts."},{"id":"4546f955-c873-43d1-80bf-8f2177da7e1c","email":"samantha.scott@me.com","message":"failed to process due to datastore timeout of 30 seconds.  operation took 46 seconds."},{"id":"6778b7af-e19f-4520-a805-22e24e524c49","email":"elizabeth.martinez@dropbox.net","message":"successfully parsed message, but message temporarily enqueued while system restarts."},{"id":"e6f74eed-10c0-4719-b64e-61ad7d384df0","email":"hannah.martin@dropbox.net","message":"failed to process due to network exception."},{"id":"3dcbe4d6-e47c-49c1-9b28-bb2f51e500c5","email":"lily.harris@gmail.com","message":"successfully processed after 5678 milliseconds."},{"id":"7939296b-6e13-4f49-939d-c5843f7961f1","email":"nathan.young@microsoft.com","message":"successfully processed after 4253 milliseconds."},{"id":"b4098cd7-bfa9-474b-8834-dab14ad9c134","email":"taylor.adams@gmail.com","message":"failed to process due to network exception."},{"id":"25c5f14f-8936-434c-a943-a334b7b7c2bb","email":"aiden.johnson@microsoft.com","message":"failed to process due to network exception."},{"id":"5405e752-6164-4069-a0cc-ca9a2389c1ca","email":"madison.lewis@gmail.com","message":"successfully parsed message, but message temporarily enqueued while system restarts."},{"id":"bfbcfd56-eb95-4ee4-bc41-0f087232df91","email":"emily.taylor@gmail.com","message":"successfully parsed message, but message temporarily enqueued while system restarts."},{"id":"25cec026-1832-4ed8-968e-20ba376b3803","email":"tyler.nelson@microsoft.com","message":"successfully parsed message, but message temporarily enqueued while system restarts."},{"id":"d1308c1d-b8bb-45f1-9f41-78671ff39473","email":"nathan.young@microsoft.com","message":"failed to process due to datastore timeout of 30 seconds.  operation took 125 seconds."},{"id":"a6e8a9c1-5a9c-4e19-aad1-976ec5cab4bb","email":"abigail.smith@amerisave.com","message":"failed to process due to datastore timeout of 30 seconds.  operation took 125 seconds."},{"id":"6fb1b7a9-908e-4f8b-9c9e-e80eafba3dbb","email":"samantha.scott@me.com","message":"successfully processed after 1611 milliseconds."},{"id":"55ddbfcd-bab2-4ca3-be2e-457d8e2f4fbf","email":"tyler.nelson@microsoft.com","message":"successfully processed after 1593 milliseconds."},{"id":"ae6ff10b-04e3-42a5-b535-7cc1c1532064","email":"alexis.brown@microsoft.com","message":"successfully handled skipped operation."},{"id":"96e56619-2d73-41dd-a787-83a035c30647","email":"nathan.young@microsoft.com","message":"successfully handled skipped operation."},{"id":"61890627-f0f5-412e-af58-33a6053b5725","email":"samantha.scott@me.com","message":"successfully handled skipped operation."},{"id":"4de09c48-673a-48ff-9406-d6567daf5733","email":"tyler.nelson@microsoft.com","message":"failed to process due to network exception."},{"id":"44594a35-e909-46e8-bc54-97825790be83","email":"grace.moore@gmail.com","message":"successfully processed after 2689 milliseconds."},{"id":"6e67071c-eb8a-45e1-bb97-786f8ebbebd9","email":"emma.thomas@me.com","message":"failed to process due to datastore timeout of 30 seconds.  operation took 83 seconds."},{"id":"ff68bf1c-1f87-4bd7-b4be-26a3ba4edf33","email":"ava.davis@gmail.com","message":"successfully handled skipped operation."},{"id":"51bdff7a-5902-4b0b-90b9-3ad15a4fb1fe","email":"liam.gonzalez@me.com","message":"successfully parsed message, but message temporarily enqueued while system restarts."},{"id":"6fc9fbd0-04b1-4f97-b694-db0e98365d45","email":"joshua.lee@gmail.com","message":"successfully parsed message, but message temporarily enqueued while system restarts."},{"id":"598f60d7-8dfa-46a9-bccc-aeb8da3ebdc4","email":"jackson.white@gmail.com","message":"successfully parsed message, but message temporarily enqueued while system restarts."},{"id":"1517dcc3-8786-4cf1-9f88-8a6bb90659ec","email":"ava.davis@gmail.com","message":"successfully handled skipped operation."},{"id":"a451e75d-aa07-4f41-ad85-f12b99897942","email":"emma.thomas@me.com","message":"successfully parsed message, but message temporarily enqueued while system restarts."},{"id":"e677e3f6-8de7-4bd3-b15a-88d0c7099609","email":"ryan.king@dropbox.net","message":"successfully handled skipped operation."},{"id":"2c28f112-5350-46d1-a790-2a1f195c5404","email":"matthew.walker@amerisave.com","message":"successfully handled skipped operation."},{"id":"c7878408-5194-4e09-83be-c817336823ff","email":"mason.robinson@amerisave.com","message":"failed to process due to datastore timeout of 30 seconds.  operation took 74 seconds."},{"id":"9a1d913d-6839-4478-8a30-a814b0769201","email":"emily.taylor@gmail.com","message":"failed to process due to network exception."},{"id":"e8d9347e-3ce9-471f-a7fc-8a89b4d257ba","email":"logan.clark@dropbox.net","message":"failed to process due to datastore timeout of 30 seconds.  operation took 75 seconds."},{"id":"72adcab6-d77a-4a59-a141-cc4a3234b301","email":"alyssa.jones@amerisave.com","message":"successfully processed after 9386 milliseconds."},{"id":"b6432ad2-9499-424f-9aa4-ce3c767990f0","email":"tyler.nelson@microsoft.com","message":"failed to process due to network exception."},{"id":"db7dd449-c212-4d15-9ce9-d72ef6fe79c9","email":"sarah.green@amerisave.com","message":"successfully parsed message, but message temporarily enqueued while system restarts."},{"id":"7d785291-c862-4ccf-8df0-3b05cc982cd1","email":"mia.perez@me.com","message":"failed to process due to datastore timeout of 30 seconds.  operation took 56 seconds."},{"id":"e1d9b8e4-7edd-4eef-9315-dac3a6746433","email":"sarah.green@amerisave.com","message":"successfully processed after 7708 milliseconds."},{"id":"c7047981-3f2e-4da7-81e0-46d95836aab6","email":"jack.thompson@me.com","message":"failed to process due to network exception."},{"id":"fd26fefb-8a9f-4bc1-bbf5-eb98497b6a53","email":"nicholas.allen@microsoft.com","message":"failed to process due to datastore timeout of 30 seconds.  operation took 91 seconds."},{"id":"3592f595-4204-4d3b-b644-17467776f842","email":"alexis.brown@microsoft.com","message":"successfully processed after 258 milliseconds."},{"id":"76472a34-faba-4460-8c61-cee70729fc91","email":"nathan.young@microsoft.com","message":"successfully processed after 4498 milliseconds."},{"id":"24cdc6ec-0cd1-485d-9fb0-11b8aaea2361","email":"matthew.walker@amerisave.com","message":"successfully parsed message, but message temporarily enqueued while system restarts."},{"id":"e5fa7e4c-0402-431b-b963-e95f4b33ad2e","email":"dylan.wilson@gmail.com","message":"successfully handled skipped operation."},{"id":"8f98484a-05f9-4b5d-ac27-3f6b5377cce0","email":"jackson.white@gmail.com","message":"failed to process due to network exception."},{"id":"d7526286-60b5-4175-9ab9-0dfd98446270","email":"nicholas.allen@microsoft.com","message":"successfully handled skipped operation."},{"id":"8a89be22-6052-41c2-9df3-8e56cc6cad1e","email":"alexander.williams@gmail.com","message":"failed to process due to datastore timeout of 30 seconds.  operation took 129 seconds."},{"id":"283c38e4-9ce8-4c90-99de-91b181a2ac98","email":"hannah.martin@dropbox.net","message":"failed to process due to datastore timeout of 30 seconds.  operation took 126 seconds."},{"id":"21d62d17-e7c6-4799-800d-901e2c05041a","email":"taylor.adams@gmail.com","message":"failed to process due to network exception."},{"id":"d2df6ca1-5043-4fcb-9f73-3c88024bce90","email":"alexis.brown@microsoft.com","message":"successfully handled skipped operation."},{"id":"f2bc3eab-385a-491d-acb2-7d8b2f50d1d1","email":"matthew.walker@amerisave.com","message":"successfully handled skipped operation."},{"id":"65ec1630-2ec5-4092-b161-120cba86b7f0","email":"dylan.wilson@gmail.com","message":"successfully handled skipped operation."},{"id":"bb6de8c7-acc7-4906-ab8a-321e1b528b5f","email":"grace.moore@gmail.com","message":"failed to process due to datastore timeout of 30 seconds.  operation took 48 seconds."},{"id":"021789a6-e97f-4332-9441-467b1944cf18","email":"alexis.brown@microsoft.com","message":"failed to process due to network exception."},{"id":"4e05f5cf-2a35-46df-91ba-9ba3d42d6f09","email":"ella.anderson@dropbox.net","message":"failed to process due to datastore timeout of 30 seconds.  operation took 116 seconds."},{"id":"b9b69f6c-0118-4575-a6ea-025e942f557f","email":"madison.lewis@gmail.com","message":"successfully processed after 1503 milliseconds."},{"id":"887d535d-9a5b-4c63-9e31-69edfca0d12e","email":"liam.gonzalez@me.com","message":"failed to process due to datastore timeout of 30 seconds.  operation took 47 seconds."},{"id":"d70badbf-5751-4c76-80ef-c9a5f6ed8b8f","email":"elizabeth.martinez@dropbox.net","message":"failed to process due to network exception."},{"id":"1fc28292-c3fb-4692-8422-7dcdd1fe90a5","email":"noah.sanchez@me.com","message":"successfully parsed message, but message temporarily enqueued while system restarts."},{"id":"7cd2a76b-46f3-4d50-b1f9-38770a8c0cd4","email":"hannah.martin@dropbox.net","message":"successfully handled skipped operation."},{"id":"99d30674-59cb-4ab9-8bb5-bbe0c1e15b0b","email":"alyssa.jones@amerisave.com","message":"successfully parsed message, but message temporarily enqueued while system restarts."},{"id":"e216e689-6bae-4322-87ac-06eb94d4e0b5","email":"nathan.young@microsoft.com","message":"successfully processed after 9306 milliseconds."},{"id":"ff4f505f-68a6-4ae1-b332-cc7b9485d1fb","email":"elizabeth.martinez@dropbox.net","message":"successfully processed after 4165 milliseconds."},{"id":"0b5d9b12-7d44-41ba-8708-e989760573c7","email":"lily.harris@gmail.com","message":"failed to process due to datastore timeout of 30 seconds.  operation took 121 seconds."},{"id":"8518cc93-4451-4fb6-bdbe-c5e645fe9946","email":"michael.hall@dropbox.net","message":"successfully handled skipped operation."},{"id":"402e2c26-5e90-4b38-a76b-4754b4b04515","email":"mason.robinson@amerisave.com","message":"failed to process due to network exception."},{"id":"7e51d559-ea33-4fd7-b762-9e8baff8d9e1","email":"alexis.brown@microsoft.com","message":"failed to process due to network exception."},{"id":"2de4f9fa-c1f0-49c5-9758-125419a3866e","email":"madison.lewis@gmail.com","message":"successfully handled skipped operation."},{"id":"07dbc8f8-0a0f-4bea-9995-9f62e7deb64c","email":"liam.gonzalez@me.com","message":"successfully processed after 8445 milliseconds."},{"id":"8657e2fb-7c9e-4723-9ca1-148f27ac462e","email":"alexis.brown@microsoft.com","message":"successfully handled skipped operation."},{"id":"95a80cfe-f5ba-4589-b9fa-4f03bb45a108","email":"madison.lewis@gmail.com","message":"successfully parsed message, but message temporarily enqueued while system restarts."},{"id":"891e36f4-7714-4db5-b332-2212539afb96","email":"liam.gonzalez@me.com","message":"successfully processed after 1916 milliseconds."},{"id":"08daefbd-1e81-45d0-9dc2-8c1a067c2597","email":"taylor.adams@gmail.com","message":"successfully handled skipped operation."},{"id":"5bdbf81c-c6dd-4416-8fad-9d89112f420d","email":"elizabeth.martinez@dropbox.net","message":"failed to process due to datastore timeout of 30 seconds.  operation took 112 seconds."},{"id":"24e66a70-f801-4453-8ca9-5e511ab2611d","email":"grace.moore@gmail.com","message":"failed to process due to datastore timeout of 30 seconds.  operation took 91 seconds."},{"id":"8519665a-e1e4-4640-8e15-3d9c96784080","email":"madison.lewis@gmail.com","message":"failed to process due to network exception."},{"id":"181302b5-f3f1-4031-852f-c84acb742b7d","email":"emily.taylor@gmail.com","message":"successfully processed after 2966 milliseconds."},{"id":"ad35768d-7ca8-497f-a701-c872463fa1fb","email":"matthew.walker@amerisave.com","message":"successfully parsed message, but message temporarily enqueued while system restarts."},{"id":"4433afa0-6d3d-423b-8301-723e7b2572e6","email":"tyler.nelson@microsoft.com","message":"failed to process due to datastore timeout of 30 seconds.  operation took 104 seconds."},{"id":"536df69f-e690-4ba9-b00b-9fa6fca7dd25","email":"nicholas.allen@microsoft.com","message":"failed to process due to datastore timeout of 30 seconds.  operation took 109 seconds."},{"id":"ef36ad9a-cc52-4d8a-938d-3f35c0e050ed","email":"emily.taylor@gmail.com","message":"successfully processed after 5582 milliseconds."},{"id":"66e4b9a2-a64c-41d9-b678-8403333fe21c","email":"daniel.rodriguez@amerisave.com","message":"failed to process due to network exception."},{"id":"368061da-a38b-4353-9d84-65d9bf97fee3","email":"samantha.scott@me.com","message":"successfully parsed message, but message temporarily enqueued while system restarts."},{"id":"fbb07e42-0784-466b-ad02-69cde456456e","email":"matthew.walker@amerisave.com","message":"failed to process due to datastore timeout of 30 seconds.  operation took 114 seconds."},{"id":"dddb415e-d3d7-4a83-9eee-09d508cf1bba","email":"ryan.king@dropbox.net","message":"failed to process due to datastore timeout of 30 seconds.  operation took 60 seconds."},{"id":"fcadb5dd-9bdd-4dfe-983e-7a2c37bf038d","email":"mason.robinson@amerisave.com","message":"failed to process due to network exception."},{"id":"9e0c0fe7-c43b-47fa-9c7d-d7caca56a152","email":"olivia.wright@gmail.com","message":"successfully handled skipped operation."},{"id":"583c90fe-41ab-4aa3-b4f0-544240a2569d","email":"logan.clark@dropbox.net","message":"successfully processed after 4644 milliseconds."},{"id":"6fae8163-8447-47bf-83b7-878fd1ca1da6","email":"lily.harris@gmail.com","message":"failed to process due to network exception."},{"id":"a7e7171e-bdcc-4f00-8f1c-4c923e390e72","email":"ella.anderson@dropbox.net","message":"successfully handled skipped operation."},{"id":"17b929e8-ae14-461c-906c-fa26c2722beb","email":"alyssa.jones@amerisave.com","message":"successfully parsed message, but message temporarily enqueued while system restarts."},{"id":"262cdcc3-0dd6-4d5e-a026-abaa83d53a4b","email":"michael.hall@dropbox.net","message":"successfully processed after 4764 milliseconds."},{"id":"ee779f57-0564-4f86-a181-48750800b724","email":"dylan.wilson@gmail.com","message":"successfully handled skipped operation."},{"id":"02c5a150-8a6c-477c-965a-f842516231bb","email":"michael.hall@dropbox.net","message":"failed to process due to network exception."},{"id":"ec7f7236-fea9-4518-a753-2fe6ad913ce3","email":"elizabeth.martinez@dropbox.net","message":"successfully processed after 5502 milliseconds."},{"id":"55613c75-bf32-43ea-9ebb-5b51b8ad7b5f","email":"noah.sanchez@me.com","message":"successfully handled skipped operation."},{"id":"b43d9ac7-ef11-4709-8f5f-0a6e55a87369","email":"jackson.white@gmail.com","message":"failed to process due to network exception."},{"id":"1329fb4b-b430-44e5-9ace-a8b47936779d","email":"isabella.jackson@amerisave.com","message":"successfully processed after 6545 milliseconds."},{"id":"ee02bad7-a074-4f3f-8cbe-5ef14eb5a506","email":"michael.hall@dropbox.net","message":"successfully processed after 2904 milliseconds."},{"id":"444f1ec7-df48-435a-8dcf-04b28e962e12","email":"jacob.lopez@dropbox.net","message":"failed to process due to network exception."},{"id":"f87e75f7-847d-496b-8759-48d61f5dac0e","email":"emma.thomas@me.com","message":"successfully processed after 6527 milliseconds."},{"id":"ccc56228-fb98-4ad1-82ee-0b7ab73a4c94","email":"hannah.martin@dropbox.net","message":"failed to process due to datastore timeout of 30 seconds.  operation took 108 seconds."},{"id":"2215ca56-b938-4d02-9926-90a5a783ae8e","email":"mia.perez@me.com","message":"successfully parsed message, but message temporarily enqueued while system restarts."},{"id":"017ab31f-3e08-4560-b38f-9896297f2c80","email":"emma.thomas@me.com","message":"successfully processed after 2192 milliseconds."},{"id":"1cadadf9-cd16-4433-8d76-3fcc7dd2fcb1","email":"dylan.wilson@gmail.com","message":"successfully handled skipped operation."},{"id":"aebc44db-5e20-4ed4-b380-3db6e82a9b3b","email":"liam.gonzalez@me.com","message":"failed to process due to datastore timeout of 30 seconds.  operation took 95 seconds."},{"id":"e9f8246c-e58c-405f-840d-4a6ae2f71773","email":"mason.robinson@amerisave.com","message":"successfully parsed message, but message temporarily enqueued while system restarts."},{"id":"243cf2a1-ea9c-4ac0-a564-9a72cfcd36df","email":"daniel.rodriguez@amerisave.com","message":"successfully processed after 4865 milliseconds."},{"id":"1e6f3508-67bc-4b06-83f3-bbba42850c02","email":"ethan.hernandez@microsoft.com","message":"successfully handled skipped operation."},{"id":"715e966f-2121-4a01-99a6-31457efb74f1","email":"alexander.williams@gmail.com","message":"successfully handled skipped operation."},{"id":"db458237-5e8c-4468-aa90-01d91dd66124","email":"samantha.scott@me.com","message":"successfully processed after 4011 milliseconds."},{"id":"b3943c4c-c97d-4d29-8058-63b95142f812","email":"matthew.walker@amerisave.com","message":"successfully processed after 2456 milliseconds."},{"id":"078d374a-659f-4103-9440-c25e1668b297","email":"ella.anderson@dropbox.net","message":"successfully processed after 578 milliseconds."},{"id":"586daa7b-25be-448e-8f97-39ae40c340f5","email":"aiden.johnson@microsoft.com","message":"successfully parsed message, but message temporarily enqueued while system restarts."},{"id":"9c732352-f9ed-4576-85c4-97e967fb931a","email":"noah.sanchez@me.com","message":"successfully parsed message, but message temporarily enqueued while system restarts."},{"id":"973999b4-b430-494c-b202-1ddf3e8ee84b","email":"ryan.king@dropbox.net","message":"successfully parsed message, but message temporarily enqueued while system restarts."},{"id":"a63ec8d9-ccce-4115-b7f2-cbc283d6dbda","email":"alexander.williams@gmail.com","message":"failed to process due to datastore timeout of 30 seconds.  operation took 90 seconds."},{"id":"3ca15bf0-1396-4353-81e0-0b75f21a65e6","email":"nathan.young@microsoft.com","message":"successfully parsed message, but message temporarily enqueued while system restarts."},{"id":"af4a683a-ef6e-452c-a335-69c37c7dd732","email":"ryan.king@dropbox.net","message":"successfully processed after 7987 milliseconds."},{"id":"19c915bd-dc39-481e-a80d-09b3ab1cd0bc","email":"ethan.hernandez@microsoft.com","message":"failed to process due to datastore timeout of 30 seconds.  operation took 57 seconds."},{"id":"6910be08-7ded-448f-b916-e2527333b57e","email":"tyler.nelson@microsoft.com","message":"successfully parsed message, but message temporarily enqueued while system restarts."},{"id":"213adffb-840a-43f9-8fa3-3b79dbafda02","email":"logan.clark@dropbox.net","message":"successfully handled skipped operation."},{"id":"3df3384c-4dc1-4c86-9b2e-52d7bc768265","email":"abigail.smith@amerisave.com","message":"failed to process due to datastore timeout of 30 seconds.  operation took 104 seconds."},{"id":"63a04479-9a05-4223-ba89-116110ce63f7","email":"mia.perez@me.com","message":"successfully handled skipped operation."},{"id":"f2e96379-99c4-4ca4-9226-364237c41eb4","email":"ella.anderson@dropbox.net","message":"failed to process due to network exception."},{"id":"3916dfa4-0706-4269-b9d2-41dca8b28f7f","email":"jack.thompson@me.com","message":"successfully processed after 1988 milliseconds."}],"id":"642974b2-0145-4df2-9d12-676b2c0ee732"}