{"logs":[{"id":"a79a5fe5-67a5-4958-aacd-39e260efabdc","email":"joshua.lee@gmail.com","message":"failed to process due to datastore timeout of 30 seconds.  operation took 129 seconds."},{"id":"05b4f1f6-0677-4cea-a2a6-234c881d3ddd","email":"ryan.king@dropbox.net","message":"successfully processed after 9497 milliseconds."},{"id":"f03a3ef8-be4d-4bf6-8b96-7d056f570dab","email":"hannah.martin@dropbox.net","message":"successfully processed after 508 milliseconds."},{"id":"607e3d29-113e-487d-b234-1e489b399687","email":"ava.davis@gmail.com","message":"successfully parsed message, but message temporarily enqueued while system restarts."},{"id":"998225d6-a3f2-4012-931c-a37c66d07287","email":"michael.hall@dropbox.net","message":"failed to process due to network exception."},{"id":"a4f5754d-c1e3-4db5-b351-a3b7b655cac2","email":"mia.perez@me.com","message":"successfully processed after 8205 milliseconds."},{"id":"f63d75f2-0b5f-4a81-8c83-5a57473d5e96","email":"abigail.smith@amerisave.com","message":"failed to process due to datastore timeout of 30 seconds.  operation took 84 seconds."},{"id":"442e351b-a710-468b-92e0-c8e62739796c","email":"tyler.nelson@microsoft.com","message":"failed to process due to network exception."},{"id":"f377a244-4d44-4c3b-953c-6ade471c6eb0","email":"aiden.johnson@microsoft.com","message":"successfully handled skipped operation."},{"id":"37217da7-72be-4c49-96b7-8a0285c7fdd1","email":"emily.taylor@gmail.com","message":"successfully parsed message, but message temporarily enqueued while system restarts."},{"id":"3db90c3f-ed91-41fe-af21-f101fcb992a0","email":"tyler.nelson@microsoft.com","message":"successfully parsed message, but message temporarily enqueued while system restarts."},{"id":"5383bd78-2c14-4c82-99f0-8fc7510b9d78","email":"andrew.miller@gmail.com","message":"successfully parsed message, but message temporarily enqueued while system restarts."},{"id":"fe594a40-29ba-48e9-bdee-90250792d156","email":"jacob.lopez@dropbox.net","message":"failed to process due to datastore timeout of 30 seconds.  operation took 95 seconds."},{"id":"0efda86d-cb4d-4202-9473-7b8197a78454","email":"ryan.king@dropbox.net","message":"failed to process due to datastore timeout of 30 seconds.  operation took 129 seconds."},{"id":"2bb52273-dc6f-46ec-bdf6-f574a562b67b","email":"noah.sanchez@me.com","message":"failed to process due to network exception."},{"id":"15e58c52-7d51-49cc-8ef1-c47a6c3c2288","email":"grace.moore@gmail.com","message":"successfully parsed message, but message temporarily enqueued while system restarts."},{"id":"40ff2e59-9b3d-43f4-a063-190eaca46fbb","email":"hannah.martin@dropbox.net","message":"successfully parsed message, but message temporarily enqueued while system restarts."},{"id":"b2c8cfbd-b44b-4c58-8007-585df5cc6ef7","email":"sophia.baker@dropbox.net","message":"successfully parsed message, but message temporarily enqueued while system restarts."},{"id":"50e4d711-6a84-4124-96d3-8a6b08340c23","email":"hannah.martin@dropbox.net","message":"successfully parsed message, but message temporarily enqueued while system restarts."},{"id":"fd9d45a3-37a5-40ea-b5c6-4bce150e5c76","email":"taylor.adams@gmail.com","message":"failed to process due to datastore timeout of 30 seconds.  operation took 119 seconds."},{"id":"4e6ade0e-28fb-455e-afdf-9f68f040b269","email":"liam.gonzalez@me.com","message":"successfully parsed message, but message temporarily enqueued while system restarts."},{"id":"e37b7e37-ac9c-45ce-ac8d-e574bedc22a1","email":"abigail.smith@amerisave.com","message":"successfully parsed message, but message temporarily enqueued while system restarts."},{"id":"f91af347-dccf-449a-86b6-c7dcf7941ac0","email":"chloe.garcia@dropbox.net","message":"successfully handled skipped operation."},{"id":"cacbf4b2-10bd-49f8-a498-1f8d02524101","email":"joshua.lee@gmail.com","message":"successfully handled skipped operation."},{"id":"c0a5209c-ff81-478b-8f31-9beee31c6d37","email":"logan.clark@dropbox.net","message":"successfully parsed message, but message temporarily enqueued while system restarts."},{"id":"3410194d-f791-4acd-97f0-77c14730365a","email":"abigail.smith@amerisave.com","message":"failed to process due to datastore timeout of 30 seconds.  operation took 126 seconds."},{"id":"7718f9d3-1f8c-4bc8-be7b-72e095bdc378","email":"aiden.johnson@microsoft.com","message":"failed to process due to network exception."},{"id":"47bd4db2-584a-420c-aec3-81a5989dbb5a","email":"andrew.miller@gmail.com","message":"successfully parsed message, but message temporarily enqueued while system restarts."},{"id":"9c3ba091-71df-49e8-8212-c30a15551950","email":"nicholas.allen@microsoft.com","message":"failed to process due to datastore timeout of 30 seconds.  operation took 42 seconds."},{"id":"697573bc-afc9-4692-988b-4cb6b3934f55","email":"mason.robinson@amerisave.com","message":"successfully parsed message, but message temporarily enqueued while system restarts."},{"id":"15c6cd27-424e-4e23-8ac5-7e3ff91767eb","email":"alexis.brown@microsoft.com","message":"failed to process due to datastore timeout of 30 seconds.  operation took 44 seconds."},{"id":"f9ae4ec0-c20b-4070-b254-8543d2aa60dd","email":"grace.moore@gmail.com","message":"failed to process due to network exception."},{"id":"6ffb9a2b-5b5d-43f5-b539-304fcee4fef2","email":"sophia.baker@dropbox.net","message":"successfully handled skipped operation."},{"id":"47feba77-64dc-40ef-9f49-8480ca7499e7","email":"grace.moore@gmail.com","message":"failed to process due to network exception."},{"id":"ee99ce6d-e558-40fd-9df6-019beb84acfc","email":"ella.anderson@dropbox.net","message":"successfully parsed message, but message temporarily enqueued while system restarts."},{"id":"aa6e075c-9479-4339-8184-106e8e48f57d","email":"alexis.brown@microsoft.com","message":"failed to process due to network exception."},{"id":"38998841-bfe3-491d-9cd4-2582bde3b992","email":"grace.moore@gmail.com","message":"successfully processed after 7425 milliseconds."},{"id":"3962c820-df50-40d4-ac68-2d68a718fcb4","email":"elizabeth.martinez@dropbox.net","message":"failed to process due to datastore timeout of 30 seconds.  operation took 37 seconds."},{"id":"b823a2da-7c71-4398-8a93-a26ed5b48168","email":"jacob.lopez@dropbox.net","message":"successfully parsed message, but message temporarily enqueued while system restarts."},{"id":"515cfb3f-dad2-4494-a106-1259e008e03c","email":"jack.thompson@me.com","message":"successfully handled skipped operation."},{"id":"0d561fc1-6908-47d0-8c19-d5f36fb563ac","email":"lily.harris@gmail.com","message":"successfully handled skipped operation."},{"id":"abd09320-12c7-44f0-859a-cad04acfc949","email":"ella.anderson@dropbox.net","message":"failed to process due to datastore timeout of 30 seconds.  operation took 112 seconds."},{"id":"6d058ce4-7a10-4998-82e8-93bb433ddbda","email":"jacob.lopez@dropbox.net","message":"successfully parsed message, but message temporarily enqueued while system restarts."},{"id":"811cef67-fb55-4301-968b-d039c45d2250","email":"jack.thompson@me.com","message":"successfully processed after 6069 milliseconds."},{"id":"d892ee23-f4a2-48cd-8730-3d52147da095","email":"abigail.smith@amerisave.com","message":"successfully handled skipped operation."},{"id":"ffc9f62e-5424-4e31-ad72-8bbb0e26a0b7","email":"nathan.young@microsoft.com","message":"failed to process due to network exception."},{"id":"2296940e-feac-41e2-a012-00e38e08147b","email":"elizabeth.martinez@dropbox.net","message":"failed to process due to datastore timeout of 30 seconds.  operation took 101 seconds."},{"id":"a0ea0ac5-331c-45e4-8786-b2fed2eec047","email":"taylor.adams@gmail.com","message":"failed to process due to datastore timeout of 30 seconds.  operation took 55 seconds."},{"id":"f9e1300f-21cb-485b-8319-03d0aaffdf4f","email":"olivia.wright@gmail.com","message":"successfully processed after 9194 milliseconds."},{"id":"f2d3dc34-b7ef-4f18-a570-bb51f32663dc","email":"alyssa.jones@amerisave.com","message":"successfully parsed message, but message temporarily enqueued while system restarts."},{"id":"4d4fd2ff-83d8-4c5a-96ca-5617f53242ea","email":"mia.perez@me.com","message":"successfully processed after 9059 milliseconds."},{"id":"1e4f1689-db41-4de7-82df-166350d2c0ee","email":"logan.clark@dropbox.net","message":"failed to process due to datastore timeout of 30 seconds.  operation took 118 seconds."},{"id":"77086db6-d645-4077-83d0-3be6cfebb012","email":"samantha.scott@me.com","message":"successfully processed after 6973 milliseconds."},{"id":"1b8d699f-e41c-432d-9e5d-1fae03c09afd","email":"ella.anderson@dropbox.net","message":"successfully processed after 2944 milliseconds."},{"id":"3138378c-c3d3-4788-8450-92d22e823ae4","email":"nicholas.allen@microsoft.com","message":"successfully handled skipped operation."},{"id":"2e4491ae-f4a4-420c-b253-14b9f3ca41a4","email":"chloe.garcia@dropbox.net","message":"failed to process due to network exception."},{"id":"357954fa-4da5-4dc1-b45a-ff48528c6e69","email":"emily.taylor@gmail.com","message":"successfully handled skipped operation."},{"id":"4f461acd-5a39-4ea2-aad8-9b77b0c50bfd","email":"elizabeth.martinez@dropbox.net","message":"failed to process due to network exception."},{"id":"1ffb8e4c-909b-4c89-b97f-d451fb7fa9c2","email":"jacob.lopez@dropbox.net","message":"successfully handled skipped operation."},{"id":"295deab0-b006-4e07-9c2e-7a8ba8f79e03","email":"alexis.brown@microsoft.com","message":"successfully processed after 6376 milliseconds."},{"id":"f13ed614-89be-4bdd-a09c-1b9044c85fa5","email":"emily.taylor@gmail.com","message":"successfully handled skipped operation."},{"id":"b67d6d43-89c4-4ffd-ac1c-8e5d6689cfdd","email":"olivia.wright@gmail.com","message":"successfully processed after 8300 milliseconds."},{"id":"9b82534a-2750-445b-b99a-13f1c7e3b36e","email":"emily.taylor@gmail.com","message":"successfully handled skipped operation."},{"id":"8be6d19e-6e9e-47b9-bc64-c237a8d58096","email":"daniel.rodriguez@amerisave.com","message":"successfully handled skipped operation."},{"id":"673dc7ed-4d7b-4617-8be2-2351dced7f03","email":"mia.perez@me.com","message":"successfully handled skipped operation."},{"id":"fd7f1136-317f-425a-9097-3da8c48dd72b","email":"mia.perez@me.com","message":"successfully processed after 7108 milliseconds."},{"id":"3beaf663-e6b5-4fb4-8b27-d839754c526b","email":"jack.thompson@me.com","message":"successfully processed after 6941 milliseconds."},{"id":"48ed3719-0cc1-48d3-88ed-bd87aaf59774","email":"jackson.white@gmail.com","message":"successfully parsed message, but message temporarily enqueued while system restarts."},{"id":"c688341a-d132-4b61-8ffd-f2cae89ca5a8","email":"alexis.brown@microsoft.com","message":"successfully handled skipped operation."},{"id":"3f277738-15f2-4e83-8cfb-c4605fc4fd10","email":"nathan.young@microsoft.com","message":"successfully handled skipped operation."},{"id":"0e4aaf4f-e155-46ac-bd30-34de0f5f7730","email":"michael.hall@dropbox.net","message":"successfully handled skipped operation."},{"id":"3af6b496-f1a7-4c25-a183-c609eecb0768","email":"ethan.hernandez@microsoft.com","message":"failed to process due to datastore timeout of 30 seconds.  operation took 68 seconds."},{"id":"398222a7-ac8f-4404-8de5-58afbedcc05c","email":"madison.lewis@gmail.com","message":"successfully processed after 4947 milliseconds."},{"id":"771306f7-83b1-4617-9168-fcd9a53a383b","email":"daniel.rodriguez@amerisave.com","message":"successfully handled skipped operation."},{"id":"ac94852d-a019-47bd-ab9f-cd3b00134b0b","email":"taylor.adams@gmail.com","message":"successfully handled skipped operation."},{"id":"db0c5ff5-ffe2-4bb1-a2ec-cc0143cf9013","email":"michael.hall@dropbox.net","message":"failed to process due to datastore timeout of 30 seconds.  operation took 58 seconds."},{"id":"e344cedb-d2f0-49d5-a2af-938a7068a927","email":"ava.davis@gmail.com","message":"failed to process due to network exception."},{"id":"f1591c43-7c7f-4fdc-af94-8e5779e79af0","email":"michael.hall@dropbox.net","message":"successfully parsed message, but message temporarily enqueued while system restarts."},{"id":"f75d583c-4a7e-449c-b83a-faf061fa4fbd","email":"liam.gonzalez@me.com","message":"successfully processed after 703 milliseconds."},{"id":"c13f32ee-4a60-4f50-adc1-a178679bfb04","email":"emily.taylor@gmail.com","message":"successfully handled skipped operation."},{"id":"d0d72899-dca3-4f3f-8394-9f8d75f59ec5","email":"daniel.rodriguez@amerisave.com","message":"successfully handled skipped operation."},{"id":"b500a7d2-98be-4b0a-9839-118432f7670a","email":"ryan.king@dropbox.net","message":"failed to process due to network exception."},{"id":"25bc3dd4-8d61-407b-b0ed-52a3a460246a","email":"mia.perez@me.com","message":"successfully parsed message, but message temporarily enqueued while system restarts."},{"id":"b418572b-e235-4052-963a-6717f69a7f02","email":"mason.robinson@amerisave.com","message":"failed to process due to datastore timeout of 30 seconds.  operation took 88 seconds."},{"id":"0a014358-53f0-458d-b75d-3fb935556c7f","email":"taylor.adams@gmail.com","message":"successfully handled skipped operation."},{"id":"08979c23-e061-45f8-a2fa-01e3ed541faa","email":"grace.moore@gmail.com","message":"successfully processed after 543 milliseconds."},{"id":"d2c77e83-5e29-495f-9dd7-bad559c0a677","email":"alexander.williams@gmail.com","message":"successfully processed after 8495 milliseconds."},{"id":"a7b5e2fe-3b50-44bf-bd2d-fbc416c9b001","email":"alexis.brown@microsoft.com","message":"successfully parsed message, but message temporarily enqueued while system restarts."},{"id":"aee8c3fa-66a4-4b9a-96ee-a1b4f7b100b2","email":"jack.thompson@me.com","message":"failed to process due to datastore timeout of 30 seconds.  operation took 59 seconds."},{"id":"3de981b9-70f6-4c06-80a2-de5998fa9c79","email":"mason.robinson@amerisave.com","message":"failed to process due to datastore timeout of 30 seconds.  operation took 104 seconds."},{"id":"f50d94e0-5702-4435-b54e-277d2565bef8","email":"alexander.williams@gmail.com","message":"failed to process due to datastore timeout of 30 seconds.  operation took 105 seconds."},{"id":"a7294140-a453-4f3c-91b6-210819e2c43e","email":"ethan.hernandez@microsoft.com","message":"successfully handled skipped operation."},{"id":"f4f119d0-126c-4187-9d3c-d34e82e37a8f","email":"ethan.hernandez@microsoft.com","message":"successfully processed after 6041 milliseconds."},{"id":"c6176082-2bd2-4e4c-a541-4be9f7624aa8","email":"mia.perez@me.com","message":"failed to process due to network exception."},{"id":"46fee807-9614-4ba8-b9a2-1209c8132488","email":"lily.harris@gmail.com","message":"successfully processed after 4284 milliseconds."},{"id":"907cf3c0-0938-41ba-a550-bae87b7a3ea5","email":"abigail.smith@amerisave.com","message":"successfully parsed message, but message temporarily enqueued while system restarts."},{"id":"0df36c35-e950-450e-b4bb-96f8512433e6","email":"hannah.martin@dropbox.net","message":"failed to process due to datastore timeout of 30 seconds.  operation took 66 seconds."},{"id":"ea5646f4-a180-496c-a9e6-eca063349717","email":"nathan.young@microsoft.com","message":"failed to process due to datastore timeout of 30 seconds.  operation took 50 seconds."},{"id":"80ef56b3-99b3-4ac9-af85-8a098cb8a09f","email":"jack.thompson@me.com","message":"successfully processed after 6050 milliseconds."},{"id":"d1232af2-23aa-4305-8d94-62a64d205edb","email":"grace.moore@gmail.com","message":"failed to process due to datastore timeout of 30 seconds.  operation took 82 seconds."},{"id":"203b9c7d-b1a1-4567-b438-00a96dfe87e8","email":"nicholas.allen@microsoft.com","message":"failed to process due to datastore timeout of 30 seconds.  operation took 130 seconds."},{"id":"8c7c173a-2fe3-4874-9ee2-38fb26693a8a","email":"andrew.miller@gmail.com","message":"failed to process due to network exception."},{"id":"a07ebd32-5022-4890-97e4-72ab1b1cdb84","email":"madison.lewis@gmail.com","message":"successfully parsed message, but message temporarily enqueued while system restarts."},{"id":"fa9df842-4c5f-4651-8027-45870900812b","email":"emma.thomas@me.com","message":"successfully parsed message, but message temporarily enqueued while system restarts."},{"id":"ca778619-6d55-4e5c-9635-021c93a91bf9","email":"sophia.baker@dropbox.net","message":"successfully processed after 1222 milliseconds."},{"id":"7aad6f44-9f0b-439c-a911-47a20655a57c","email":"elizabeth.martinez@dropbox.net","message":"failed to process due to network exception."},{"id":"8bdfcac6-d89a-4758-914e-c2cba79bcbb0","email":"liam.gonzalez@me.com","message":"failed to process due to network exception."},{"id":"6f951da7-1ee9-4197-b318-685f54503611","email":"ava.davis@gmail.com","message":"failed to process due to datastore timeout of 30 seconds.  operation took 46 seconds."},{"id":"c33642e7-54df-466e-ae44-fdc26dbb51fd","email":"samantha.scott@me.com","message":"successfully handled skipped operation."},{"id":"67cbe964-5841-4bdd-81e6-ac7420664be7","email":"ella.anderson@dropbox.net","message":"successfully processed after 9803 milliseconds."},{"id":"315c12b7-5870-415d-a5ca-b6022378451e","email":"jackson.white@gmail.com","message":"successfully handled skipped operation."},{"id":"19859128-cd9f-471b-ac1e-46743d7a656a","email":"matthew.walker@amerisave.com","message":"failed to process due to datastore timeout of 30 seconds.  operation took 51 seconds."},{"id":"4c1527b3-2247-4c06-9016-9bb221e4b2b1","email":"hannah.martin@dropbox.net","message":"successfully parsed message, but message temporarily enqueued while system restarts."},{"id":"ede600fd-24cc-4c36-a5bb-6bfec655c8b0","email":"liam.gonzalez@me.com","message":"successfully handled skipped operation."},{"id":"880cc12d-4e91-46e2-89b0-25813487b16d","email":"hannah.martin@dropbox.net","message":"failed to process due to network exception."},{"id":"6cf08e71-daab-4d5f-aabb-0e9e97f7e4f4","email":"ryan.king@dropbox.net","message":"successfully handled skipped operation."},{"id":"8d491a46-5c4d-4089-9663-fbdf03c20028","email":"alexis.brown@microsoft.com","message":"successfully handled skipped operation."},{"id":"2f2d0e30-cfd2-4d6f-8f82-74fb67d4df79","email":"matthew.walker@amerisave.com","message":"failed to process due to network exception."},{"id":"4b8c0d1f-aa00-4b85-8eea-3b765d2b16c1","email":"chloe.garcia@dropbox.net","message":"successfully handled skipped operation."},{"id":"0a753614-d2d0-4a3d-9e0f-86cd53b5e3e2","email":"jacob.lopez@dropbox.net","message":"successfully processed after 8554 milliseconds."},{"id":"a417e1cd-64f2-4e15-8691-a088ffb6b8ac","email":"alexander.williams@gmail.com","message":"failed to process due to datastore timeout of 30 seconds.  operation took 85 seconds."},{"id":"be171c3d-ea86-468a-ac6c-8c04ab9d85c4","email":"michael.hall@dropbox.net","message":"successfully processed after 150 milliseconds."},{"id":"5515bdd8-8c7b-43b7-9c2a-8b4a0e188d8c","email":"alexander.williams@gmail.com","message":"successfully handled skipped operation."},{"id":"db724209-2bbd-45b0-a61d-3652ce77c1d0","email":"tyler.nelson@microsoft.com","message":"successfully parsed message, but message temporarily enqueued while system restarts."},{"id":"efc52f82-340b-4966-a7fc-e23e281ee5fb","email":"abigail.smith@amerisave.com","message":"successfully handled skipped operation."},{"id":"7977e5a4-fa37-4841-9385-e76b1263fc17","email":"ella.anderson@dropbox.net","message":"successfully parsed message, but message temporarily enqueued while system restarts."},{"id":"8d3beaed-3f3c-483c-8a07-6f82f0ce63dd","email":"alyssa.jones@amerisave.com","message":"failed to process due to network exception."},{"id":"ec595847-3060-49d4-bfdf-8d1c103f0e83","email":"ethan.hernandez@microsoft.com","message":"successfully processed after 1698 milliseconds."},{"id":"2c8dcc71-d668-4f25-97be-38c3de315c5b","email":"jack.thompson@me.com","message":"successfully handled skipped operation."},{"id":"5be480c3-baca-4b97-ae22-6251919f215c","email":"madison.lewis@gmail.com","message":"failed to process due to network exception."},{"id":"01dcd6a2-201c-45f5-9992-6497ccd3fb19","email":"nicholas.allen@microsoft.com","message":"successfully handled skipped operation."},{"id":"e103827b-54fb-4c38-9dfd-c307901509fc","email":"alexander.williams@gmail.com","message":"successfully handled skipped operation."},{"id":"603c32f5-b770-46db-9b6b-97d7421e5e1d","email":"jackson.white@gmail.com","message":"failed to process due to datastore timeout of 30 seconds.  operation took 51 seconds."},{"id":"75370769-65bc-49c5-bdb1-487e5ab385ac","email":"lily.harris@gmail.com","message":"successfully processed after 3298 milliseconds."},{"id":"3b8d74e4-843c-4958-afdb-e28e2d99e2f3","email":"alexander.williams@gmail.com","message":"failed to process due to datastore timeout of 30 seconds.  operation took 120 seconds."},{"id":"6dc4be02-45d9-48b1-9ea4-ed9d6add57b2","email":"olivia.wright@gmail.com","message":"failed to process due to datastore timeout of 30 seconds.  operation took 104 seconds."},{"id":"278f009d-449d-44cb-8158-ac96741f001b","email":"samantha.scott@me.com","message":"failed to process due to datastore timeout of 30 seconds.  operation took 127 seconds."},{"id":"941c31cd-d047-4db3-8c61-971890c43f49","email":"chloe.garcia@dropbox.net","message":"failed to process due to datastore timeout of 30 seconds.  operation took 104 seconds."},{"id":"eecb20f0-0306-4e1c-bc7f-02a5f429b134","email":"ava.davis@gmail.com","message":"successfully parsed message, but message temporarily enqueued while system restarts."},{"id":"b86b2389-8141-4824-82f8-088ef5692cf3","email":"ella.anderson@dropbox.net","message":"failed to process due to datastore timeout of 30 seconds.  operation took 80 seconds."},{"id":"1c8aaaa1-3d38-43ae-8fcd-7d8e32e2bb49","email":"olivia.wright@gmail.com","message":"successfully handled skipped operation."},{"id":"87146672-2c7e-41e3-8a6f-a6611c02bb76","email":"nathan.young@microsoft.com","message":"failed to process due to network exception."},{"id":"d2ffd596-877c-405a-a97b-aa4a9f83b9ff","email":"alexander.williams@gmail.com","message":"failed to process due to network exception."},{"id":"f5b90c88-4baa-4e2b-9e35-36ac74552d36","email":"alyssa.jones@amerisave.com","message":"successfully handled skipped operation."},{"id":"7d7b71b3-fc71-41c5-9b37-3ab6c6d16c5d","email":"alyssa.jones@amerisave.com","message":"failed to process due to datastore timeout of 30 seconds.  operation took 59 seconds."},{"id":"4f402cec-9ad5-4c26-9ad2-e4835a5d4769","email":"samantha.scott@me.com","message":"successfully handled skipped operation."},{"id":"a5dce84e-fa4b-458d-849b-ad9bff2cde66","email":"joshua.lee@gmail.com","message":"successfully handled skipped operation."},{"id":"0c69ec00-d71e-4007-8c69-c89df0a8a2b9","email":"ryan.king@dropbox.net","message":"successfully handled skipped operation."},{"id":"52ed2120-c1c1-4656-9e5a-c6a0f0047476","email":"jackson.white@gmail.com","message":"successfully parsed message, but message temporarily enqueued while system restarts."},{"id":"a90d6407-6845-412a-ad0d-6808a1a23f89","email":"abigail.smith@amerisave.com","message":"successfully parsed message, but message temporarily enqueued while system restarts."},{"id":"83598550-46d3-4ece-80f7-ae479488877c","email":"chloe.garcia@dropbox.net","message":"successfully handled skipped operation."},{"id":"03d2ca2a-ed6c-41b7-aaee-18184f1ed2d4","email":"mason.robinson@amerisave.com","message":"failed to process due to datastore timeout of 30 seconds.  operation took 100 seconds."},{"id":"436bd3c8-93aa-4785-aac9-bb2905c8b964","email":"taylor.adams@gmail.com","message":"successfully processed after 6403 milliseconds."},{"id":"cb35f0eb-0e5c-48d0-9655-b85fd1d0b84f","email":"liam.gonzalez@me.com","message":"successfully parsed message, but message temporarily enqueued while system restarts."},{"id":"af803704-2cfe-4457-adc5-9ce2964bf2ab","email":"isabella.jackson@amerisave.com","message":"successfully parsed message, but message temporarily enqueued while system restarts."},{"id":"871578aa-6d0d-408c-92fb-0e3ab41c6f49","email":"nicholas.allen@microsoft.com","message":"successfully processed after 2936 milliseconds."},{"id":"c579f6c5-448d-4f31-80a7-1ee9d64e17fe","email":"ryan.king@dropbox.net","message":"successfully processed after 728 milliseconds."},{"id":"bfa572e3-aee8-4686-b57c-9793074f4dbd","email":"nathan.young@microsoft.com","message":"failed to process due to network exception."},{"id":"238ca10a-fb51-4856-8961-3e58e61ccd6d","email":"ethan.hernandez@microsoft.com","message":"successfully processed after 5484 milliseconds."},{"id":"fdac33cd-eaa7-4e16-a552-56f55ba09ffa","email":"nicholas.allen@microsoft.com","message":"failed to process due to network exception."},{"id":"eb59da09-0b68-47f0-a8b1-18dde18910ea","email":"noah.sanchez@me.com","message":"successfully parsed message, but message temporarily enqueued while system restarts."},{"id":"6c2774e4-f79f-4b0a-af79-b092ef652b01","email":"tyler.nelson@microsoft.com","message":"failed to process due to datastore timeout of 30 seconds.  operation took 76 seconds."},{"id":"dc13ef03-bd75-4186-a4fa-62bc05f7c93e","email":"olivia.wright@gmail.com","message":"successfully parsed message, but message temporarily enqueued while system restarts."},{"id":"c0c2fe32-2d81-45b7-92d6-ec635535f108","email":"joshua.lee@gmail.com","message":"successfully parsed message, but message temporarily enqueued while system restarts."},{"id":"95686847-95fa-4869-a202-55856eb310ff","email":"olivia.wright@gmail.com","message":"successfully parsed message, but message temporarily enqueued while system restarts."},{"id":"854cbcf9-4be5-4fc3-88ed-682b2fa0fa32","email":"joshua.lee@gmail.com","message":"successfully processed after 3932 milliseconds."},{"id":"bdddd7db-8511-4ac5-9ea2-c28bd104f219","email":"noah.sanchez@me.com","message":"failed to process due to datastore timeout of 30 seconds.  operation took 38 seconds."},{"id":"3a4296ac-ea6b-437d-9bba-7f30b996ce38","email":"grace.moore@gmail.com","message":"failed to process due to datastore timeout of 30 seconds.  operation took 40 seconds."},{"id":"4cac8b75-605c-4958-80d7-07b989dd4ac7","email":"alyssa.jones@amerisave.com","message":"failed to process due to network exception."},{"id":"9888db34-a96b-4f85-87e5-e791460011fc","email":"ella.anderson@dropbox.net","message":"successfully processed after 5046 milliseconds."},{"id":"90b58ce5-362e-4d73-9ad1-9df54e47e004","email":"jacob.lopez@dropbox.net","message":"failed to process due to network exception."},{"id":"b8bcb186-872c-4c93-86e9-f302bf00bc1c","email":"emma.thomas@me.com","message":"successfully processed after 1248 milliseconds."},{"id":"a4689904-35c0-4f83-94fb-cf7ad674dbb9","email":"tyler.nelson@microsoft.com","message":"successfully parsed message, but message temporarily enqueued while system restarts."},{"id":"0cfdff95-2893-4fa7-8de9-b56c6674e15c","email":"daniel.rodriguez@amerisave.com","message":"successfully processed after 9601 milliseconds."},{"id":"7ded08e9-5e98-4677-b561-ff50bfdc02ec","email":"noah.sanchez@me.com","message":"successfully handled skipped operation."},{"id":"6eeb85d1-99d8-440c-980f-cf9f886aa8b1","email":"jacob.lopez@dropbox.net","message":"failed to process due to datastore timeout of 30 seconds.  operation took 108 seconds."},{"id":"3a87ee42-c1b8-41b0-8a6a-2046d2856bdd","email":"grace.moore@gmail.com","message":"failed to process due to datastore timeout of 30 seconds.  operation took 125 seconds."},{"id":"71e331cd-3af8-40b1-8649-21dcdf0f6320","email":"jacob.lopez@dropbox.net","message":"successfully parsed message, but message temporarily enqueued while system restarts."},{"id":"23fd41ac-ce4d-4b67-a057-76e613521782","email":"alyssa.jones@amerisave.com","message":"failed to process due to network exception."},{"id":"7c9c3f84-1261-4216-8ae7-61abe09c34b9","email":"mason.robinson@amerisave.com","message":"successfully handled skipped operation."},{"id":"ab2d8d79-9bdd-47d8-b675-c8579beba03b","email":"emma.thomas@me.com","message":"successfully handled skipped operation."},{"id":"372c06e2-fa1a-4eca-8ddb-bd8109788f84","email":"sarah.green@amerisave.com","message":"successfully handled skipped operation."},{"id":"a733e50f-bb52-47b5-a34d-061feb8f1bc9","email":"aiden.johnson@microsoft.com","message":"successfully parsed message, but message temporarily enqueued while system restarts."},{"id":"4599dc54-ee74-4cf4-a3cb-df92ef276ef2","email":"olivia.wright@gmail.com","message":"successfully parsed message, but message temporarily enqueued while system restarts."},{"id":"f35bf49c-0930-46b0-a928-f11861ee8fc1","email":"aiden.johnson@microsoft.com","message":"successfully processed after 7042 milliseconds."},{"id":"de658d91-b0b7-4fa4-8901-50382ca976ca","email":"mia.perez@me.com","message":"successfully parsed message, but message temporarily enqueued while system restarts."},{"id":"25411387-4f25-47f7-9f70-46774a449f06","email":"aiden.johnson@microsoft.com","message":"successfully processed after 1172 milliseconds."},{"id":"f20f73f7-f4f4-4c59-85dc-5bd3daee473d","email":"ava.davis@gmail.com","message":"successfully handled skipped operation."},{"id":"0070fa66-68e5-48bd-a6a8-12ae520d7223","email":"hannah.martin@dropbox.net","message":"successfully handled skipped operation."},{"id":"85bb96e9-4a7a-4eff-b4e0-c85c67767434","email":"mia.perez@me.com","message":"failed to process due to datastore timeout of 30 seconds.  operation took 60 seconds."},{"id":"2e2df749-a9ff-49fa-823b-7b3d2bd4c1e1","email":"nathan.young@microsoft.com","message":"successfully parsed message, but message temporarily enqueued while system restarts."},{"id":"d43b3286-7059-4a9c-8d82-d7bc9fc56dd1","email":"jack.thompson@me.com","message":"successfully processed after 8884 milliseconds."},{"id":"cc15d395-1552-4d68-b096-0011f9fb8cf0","email":"abigail.smith@amerisave.com","message":"successfully handled skipped operation."},{"id":"9a6e277f-5504-4e63-9dfe-a5a9c1610f7d","email":"matthew.walker@amerisave.com","message":"successfully handled skipped operation."},{"id":"91ac64d6-ca03-40c2-b795-4a4357c06ef4","email":"emma.thomas@me.com","message":"successfully parsed message, but message temporarily enqueued while system restarts."},{"id":"95b62e66-2047-4d28-ae8d-e66b054d8c36","email":"jack.thompson@me.com","message":"failed to process due to datastore timeout of 30 seconds.  operation took 97 seconds."},{"id":"546a72b8-9867-441c-8650-defed9b44ad6","email":"matthew.walker@amerisave.com","message":"failed to process due to network exception."},{"id":"7c731f87-8ada-44b7-b936-53de862ce4df","email":"joshua.lee@gmail.com","message":"failed to process due to datastore timeout of 30 seconds.  operation took 124 seconds."},{"id":"2bcb1dd2-8dc1-4801-b6c6-c26e2537c703","email":"jack.thompson@me.com","message":"failed to process due to datastore timeout of 30 seconds.  operation took 99 seconds."},{"id":"c2099a65-f933-48e5-bc60-990323bcd537","email":"elizabeth.martinez@dropbox.net","message":"successfully parsed message, but message temporarily enqueued while system restarts."},{"id":"48aeda8a-aa3c-4565-ab64-0a1ef1647c65","email":"aiden.johnson@microsoft.com","message":"successfully handled skipped operation."},{"id":"10964242-d4f1-48e8-afcf-d4928a8199f3","email":"jack.thompson@me.com","message":"successfully parsed message, but message temporarily enqueued while system restarts."},{"id":"07de089e-ea08-4b1d-a2ba-26de1d99dd22","email":"logan.clark@dropbox.net","message":"successfully processed after 2478 milliseconds."},{"id":"0241269c-d46e-4a1c-b7a2-30aa76e97672","email":"ava.davis@gmail.com","message":"successfully processed after 2279 milliseconds."},{"id":"91c7d1ce-6e03-4b81-95fc-abf84f8fa34a","email":"noah.sanchez@me.com","message":"successfully processed after 3502 milliseconds."},{"id":"2b701765-c230-4ee4-ae68-ed24c66290a8","email":"chloe.garcia@dropbox.net","message":"successfully handled skipped operation."},{"id":"3a3ce4e5-d8f2-4f9f-b781-d3b1250c155c","email":"mia.perez@me.com","message":"failed to process due to datastore timeout of 30 seconds.  operation took 39 seconds."},{"id":"3be90bbf-22d0-490e-ba54-14645f9aa789","email":"emily.taylor@gmail.com","message":"failed to process due to datastore timeout of 30 seconds.  operation took 88 seconds."},{"id":"9f45dd6c-1e96-4e7a-a024-98fac572c194","email":"michael.hall@dropbox.net","message":"failed to process due to datastore timeout of 30 seconds.  operation took 77 seconds."},{"id":"7f8d2d17-bc1a-40ce-a777-cccc80f1e39b","email":"mia.perez@me.com","message":"successfully handled skipped operation."},{"id":"4e2893f3-0f69-43dc-a617-0f9b847e9dfe","email":"dylan.wilson@gmail.com","message":"successfully processed after 1482 milliseconds."},{"id":"5afabb15-6ae7-429d-aa46-469ec2ea0406","email":"madison.lewis@gmail.com","message":"failed to process due to datastore timeout of 30 seconds.  operation took 112 seconds."},{"id":"f96eb8c7-ca2c-440d-b3bc-7c7bd3497022","email":"madison.lewis@gmail.com","message":"successfully handled skipped operation."},{"id":"6b163ade-f3e7-47ba-8bc0-831cd3afd094","email":"samantha.scott@me.com","message":"failed to process due to datastore timeout of 30 seconds.  operation took 69 seconds."},{"id":"40b69083-cf11-4afe-8054-a53e5f1e0ab0","email":"emily.taylor@gmail.com","message":"failed to process due to network exception."},{"id":"78765165-060f-4525-8544-d6d0bda60785","email":"nicholas.allen@microsoft.com","message":"successfully handled skipped operation."},{"id":"c02ddb45-28ab-4375-bba3-386ea81e0853","email":"isabella.jackson@amerisave.com","message":"failed to process due to network exception."},{"id":"46df0391-7b11-412f-a1cd-7375bc20b3fa","email":"samantha.scott@me.com","message":"successfully processed after 3736 milliseconds."},{"id":"24a28579-e2cd-4d72-8358-2e30ff2dd62f","email":"taylor.adams@gmail.com","message":"successfully handled skipped operation."},{"id":"081378c5-13c3-440f-8492-130575b92d2e","email":"matthew.walker@amerisave.com","message":"failed to process due to network exception."},{"id":"ff834752-4c87-41ba-99c7-5a70c7b1f4cc","email":"tyler.nelson@microsoft.com","message":"successfully handled skipped operation."},{"id":"522327b6-69aa-459f-bad4-423bd2942dfb","email":"mason.robinson@amerisave.com","message":"successfully processed after 4382 milliseconds."},{"id":"89764aab-bf29-4b38-8773-9cc8f417682e","email":"emma.thomas@me.com","message":"failed to process due to network exception."},{"id":"c7e84523-3de0-4dd3-bb68-4245d35cd17e","email":"madison.lewis@gmail.com","message":"failed to process due to datastore timeout of 30 seconds.  operation took 79 seconds."},{"id":"05658583-e5b7-420c-a160-f490c22889be","email":"chloe.garcia@dropbox.net","message":"successfully handled skipped operation."},{"id":"5c6f7587-cce1-4a18-9124-169d829d31ec","email":"logan.clark@dropbox.net","message":"failed to process due to datastore timeout of 30 seconds.  operation took 100 seconds."},{"id":"2e5fc8eb-6f6e-4167-aaee-2489cbe29ab7","email":"andrew.miller@gmail.com","message":"failed to process due to network exception."},{"id":"52edbddc-6f7a-452b-a777-e68650542770","email":"alyssa.jones@amerisave.com","message":"successfully parsed message, but message temporarily enqueued while system restarts."},{"id":"3c7293da-746b-4e79-a7aa-58cebb23c629","email":"emily.taylor@gmail.com","message":"failed to process due to network exception."},{"id":"d4d01aed-6903-42bc-9549-4c356d302769","email":"joshua.lee@gmail.com","message":"successfully handled skipped operation."},{"id":"ac78f2b6-bb42-437f-b2e6-24aac7fef33f","email":"joshua.lee@gmail.com","message":"failed to process due to datastore timeout of 30 seconds.  operation took 109 seconds."},{"id":"454d08cd-3d68-42c2-80cc-48eef52e0c6c","email":"ryan.king@dropbox.net","message":"failed to process due to network exception."},{"id":"f5a4d1ef-8943-4a2f-8134-3a61fddf3292","email":"samantha.scott@me.com","message":"failed to process due to datastore timeout of 30 seconds.  operation took 91 seconds."},{"id":"97463bc7-f5e1-4be6-b466-7c130ece7a6b","email":"taylor.adams@gmail.com","message":"successfully handled skipped operation."},{"id":"9943bb07-c99b-400b-9f5c-b35d6ffeacf7","email":"ethan.hernandez@microsoft.com","message":"successfully handled skipped operation."},{"id":"afa82b21-10b3-4731-a1ff-b4cfe69ced68","email":"liam.gonzalez@me.com","message":"successfully parsed message, but message temporarily enqueued while system restarts."},{"id":"aa2c62ae-0b59-461e-bcd4-8b364fa6dec1","email":"mia.perez@me.com","message":"successfully processed after 5491 milliseconds."},{"id":"995ac4f2-b020-4552-8839-76591e8ced78","email":"samantha.scott@me.com","message":"failed to process due to network exception."},{"id":"e61116a7-04d1-4a17-a3fe-2bdb0c2d96db","email":"madison.lewis@gmail.com","message":"failed to process due to network exception."},{"id":"baeda4ce-8ad8-4606-8452-543d176126eb","email":"michael.hall@dropbox.net","message":"successfully processed after 9172 milliseconds."},{"id":"1313be45-1b5e-480b-9eb6-130ca2139958","email":"lily.harris@gmail.com","message":"successfully parsed message, but message temporarily enqueued while system restarts."},{"id":"7f9b4a8d-a29a-4367-8904-1bed43603c8f","email":"emily.taylor@gmail.com","message":"successfully handled skipped operation."},{"id":"b8a865b0-4d48-4e82-9fac-1e4e0643a143","email":"aiden.johnson@microsoft.com","message":"failed to process due to datastore timeout of 30 seconds.  operation took 90 seconds."},{"id":"1db52199-7866-48fb-96ff-361aea3a3e23","email":"emily.taylor@gmail.com","message":"successfully processed after 2131 milliseconds."},{"id":"b790dc77-144d-4ba9-991e-bc077009140b","email":"andrew.miller@gmail.com","message":"successfully handled skipped operation."},{"id":"5949eee1-a38e-4d2b-8fee-79b7e44ab3b1","email":"tyler.nelson@microsoft.com","message":"successfully parsed message, but message temporarily enqueued while system restarts."},{"id":"c4ecb8c4-c124-4f09-bb88-adf5b3fd3892","email":"emma.thomas@me.com","message":"successfully processed after 9894 milliseconds."},{"id":"557c376c-c6ff-4e44-a699-7f2e4b907a3b","email":"elizabeth.martinez@dropbox.net","message":"successfully handled skipped operation."},{"id":"c6d90d9b-9883-4bb2-8022-1db877b94832","email":"olivia.wright@gmail.com","message":"failed to process due to datastore timeout of 30 seconds.  operation took 88 seconds."},{"id":"3a29f9b9-cbfe-48a2-b825-264181db4750","email":"madison.lewis@gmail.com","message":"successfully handled skipped operation."},{"id":"05815785-21d0-46fe-b8c5-46303841969e","email":"liam.gonzalez@me.com","message":"successfully handled skipped operation."},{"id":"aa8e36b6-e0bf-49f2-88f5-d2449e8bb792","email":"aiden.johnson@microsoft.com","message":"failed to process due to datastore timeout of 30 seconds.  operation took 80 seconds."},{"id":"9d2147c3-0e6a-487d-80ec-d898cad7153a","email":"aiden.johnson@microsoft.com","message":"successfully handled skipped operation."},{"id":"0dce5627-ce75-40f3-830a-e76df991f16a","email":"alyssa.jones@amerisave.com","message":"failed to process due to network exception."},{"id":"166ae6e3-0824-46d1-a605-07459a748870","email":"jacob.lopez@dropbox.net","message":"successfully parsed message, but message temporarily enqueued while system restarts."},{"id":"63b1132c-fb25-475e-b812-3bdb91d66159","email":"jack.thompson@me.com","message":"failed to process due to network exception."},{"id":"2e655a1b-bd65-43f0-898f-27980682fe77","email":"aiden.johnson@microsoft.com","message":"failed to process due to datastore timeout of 30 seconds.  operation took 90 seconds."},{"id":"22c6e068-e489-492c-9072-5ea9471166f3","email":"lily.harris@gmail.com","message":"failed to process due to network exception."},{"id":"3d8e4a49-cce6-485c-9f0c-bfea1c5de14b","email":"alexander.williams@gmail.com","message":"successfully parsed message, but message temporarily enqueued while system restarts."},{"id":"fcb405e4-f138-440b-81df-6c105815b20d","email":"tyler.nelson@microsoft.com","message":"successfully parsed message, but message temporarily enqueued while system restarts."},{"id":"4ee08fbb-efae-4994-9caa-a4b3e5b6f4d0","email":"sarah.green@amerisave.com","message":"successfully handled skipped operation."},{"id":"651f96d9-c0ee-4126-a969-348e856092a8","email":"ella.anderson@dropbox.net","message":"successfully handled skipped operation."},{"id":"56b545cb-af01-412f-a1ec-ff836d415216","email":"jackson.white@gmail.com","message":"successfully handled skipped operation."},{"id":"a5ddecde-c0f8-441a-bc76-1f8742ab7bd6","email":"sarah.green@amerisave.com","message":"successfully handled skipped operation."},{"id":"6a5a4700-058d-420d-8fbd-0fb02314fe4e","email":"joshua.lee@gmail.com","message":"failed to process due to network exception."},{"id":"4cd150a5-9fbe-41a0-82eb-a8c1e25d386a","email":"chloe.garcia@dropbox.net","message":"failed to process due to datastore timeout of 30 seconds.  operation took 82 seconds."},{"id":"3b1038be-570a-4d83-bc37-bc9381d53e71","email":"taylor.adams@gmail.com","message":"failed to process due to datastore timeout of 30 seconds.  operation took 110 seconds."},{"id":"bf2d0ba7-b50c-412c-aba8-dc7735fe77a2","email":"dylan.wilson@gmail.com","message":"successfully handled skipped operation."},{"id":"df77f4d6-7de9-4646-8c18-68d345c31613","email":"jacob.lopez@dropbox.net","message":"failed to process due to datastore timeout of 30 seconds.  operation took 41 seconds."},{"id":"15e43e78-f2ef-4d78-b5ec-75e8d771a07b","email":"ava.davis@gmail.com","message":"failed to process due to datastore timeout of 30 seconds.  operation took 127 seconds."},{"id":"9363e1c3-e833-4dd6-b15b-9e1f66828f2f","email":"isabella.jackson@amerisave.com","message":"failed to process due to datastore timeout of 30 seconds.  operation took 48 seconds."},{"id":"ce2d8acf-2a3d-443f-9b0b-a7ea96b768c1","email":"nathan.young@microsoft.com","message":"successfully handled skipped operation."},{"id":"4af005fd-8df2-4125-ab33-cfeaf12ce7e5","email":"ryan.king@dropbox.net","message":"successfully parsed message, but message temporarily enqueued while system restarts."},{"id":"a8465b0b-c206-428f-96ec-7d63fadc1574","email":"nicholas.allen@microsoft.com","message":"failed to process due to network exception."},{"id":"6e410aac-306f-4f64-9f33-db9e353f89ab","email":"alexander.williams@gmail.com","message":"successfully processed after 6830 milliseconds."},{"id":"7dc919fe-9dc1-450b-9fb4-1f87a73c27ba","email":"ava.davis@gmail.com","message":"failed to process due to datastore timeout of 30 seconds.  operation took 71 seconds."},{"id":"05a920ff-12c1-4b64-a77b-5d3cfbb6865f","email":"aiden.johnson@microsoft.com","message":"failed to process due to network exception."},{"id":"cc7f16cc-18f1-4994-816d-88bef52912f9","email":"nicholas.allen@microsoft.com","message":"failed to process due to network exception."},{"id":"145aa803-25fb-4619-bfa1-bd6b56220366","email":"taylor.adams@gmail.com","message":"failed to process due to datastore timeout of 30 seconds.  operation took 60 seconds."},{"id":"4c10c870-b50e-4db1-96de-5e8048e474c1","email":"ethan.hernandez@microsoft.com","message":"failed to process due to network exception."},{"id":"d03afd06-402b-4595-8423-a3ca8d141f69","email":"tyler.nelson@microsoft.com","message":"failed to process due to datastore timeout of 30 seconds.  operation took 98 seconds."},{"id":"ce2e7357-a9ef-4870-bfd3-e33f4af53683","email":"noah.sanchez@me.com","message":"failed to process due to network exception."},{"id":"aa96fbc3-aa22-4c86-bb41-26c1c680d890","email":"matthew.walker@amerisave.com","message":"failed to process due to datastore timeout of 30 seconds.  operation took 94 seconds."},{"id":"4f0039c5-30e8-4b9f-816c-d51884072d07","email":"ryan.king@dropbox.net","message":"successfully processed after 749 milliseconds."},{"id":"002513f9-2a15-4008-8e1c-05779ae5991e","email":"sophia.baker@dropbox.net","message":"successfully parsed message, but message temporarily enqueued while system restarts."},{"id":"8b9cca36-5059-4123-baa6-55ed55de34db","email":"taylor.adams@gmail.com","message":"successfully parsed message, but message temporarily enqueued while system restarts."},{"id":"241997d3-dbaf-46b3-97a5-314a478c6835","email":"tyler.nelson@microsoft.com","message":"successfully processed after 599 milliseconds."},{"id":"c164aa07-d730-4d3d-bfd5-07d3fad343cb","email":"alexis.brown@microsoft.com","message":"successfully processed after 9605 milliseconds."},{"id":"c6ca3c41-2206-406f-95b2-cd94f7718fd2","email":"nicholas.allen@microsoft.com","message":"failed to process due to datastore timeout of 30 seconds.  operation took 112 seconds."},{"id":"6021b879-7bbb-4edd-b427-6b978f11c8f2","email":"noah.sanchez@me.com","message":"successfully processed after 2244 milliseconds."},{"id":"76cf6ab7-9afd-47aa-8d7b-c63e334396da","email":"logan.clark@dropbox.net","message":"successfully processed after 7154 milliseconds."},{"id":"b2660fcf-418f-449a-8ac1-a91694c49eb7","email":"logan.clark@dropbox.net","message":"failed to process due to datastore timeout of 30 seconds.  operation took 102 seconds."},{"id":"3c9723af-4b61-4589-ada6-3fa30487584f","email":"taylor.adams@gmail.com","message":"successfully parsed message, but message temporarily enqueued while system restarts."},{"id":"91cc048f-62fd-4271-8bda-cf94f9644ce6","email":"alyssa.jones@amerisave.com","message":"successfully handled skipped operation."},{"id":"e6dd3e85-c982-4038-a4fd-556ba5a3429e","email":"nathan.young@microsoft.com","message":"successfully processed after 8466 milliseconds."},{"id":"181fabb6-cc3d-480d-81bd-cce16094bdaa","email":"andrew.miller@gmail.com","message":"failed to process due to datastore timeout of 30 seconds.  operation took 53 seconds."},{"id":"e31faea8-05c0-4466-a2df-37204d5b3805","email":"liam.gonzalez@me.com","message":"successfully handled skipped operation."},{"id":"54f1ba80-088e-4356-9a62-c6aed2328970","email":"taylor.adams@gmail.com","message":"successfully handled skipped operation."},{"id":"8fc6c9cb-cefa-4f7a-9468-a156df40112f","email":"matthew.walker@amerisave.com","message":"failed to process due to network exception."},{"id":"767edb48-d4d7-42a2-a4a2-6366fd76425f","email":"matthew.walker@amerisave.com","message":"failed to process due to datastore timeout of 30 seconds.  operation took 109 seconds."},{"id":"c6b9e69a-1635-403c-ac98-4057e6276914","email":"tyler.nelson@microsoft.com","message":"failed to process due to network exception."},{"id":"8dad050f-6846-4322-a84b-7b90c6f33207","email":"joshua.lee@gmail.com","message":"successfully handled skipped operation."},{"id":"f7682094-af26-4d8a-9d75-867eab8c4fc3","email":"ava.davis@gmail.com","message":"successfully processed after 8779 milliseconds."},{"id":"75c3bea7-1a0f-42e0-aaf0-caf47b4cbea4","email":"joshua.lee@gmail.com","message":"successfully parsed message, but message temporarily enqueued while system restarts."},{"id":"2f18e603-6602-4fc9-a87b-e6bba7d64bba","email":"mia.perez@me.com","message":"failed to process due to datastore timeout of 30 seconds.  operation took 57 seconds."},{"id":"27cfd0c1-9dff-4895-baf7-07ce86399381","email":"jacob.lopez@dropbox.net","message":"successfully parsed message, but message temporarily enqueued while system restarts."},{"id":"d31a293d-0a3e-43eb-9d28-fee3ec4985e4","email":"emma.thomas@me.com","message":"failed to process due to network exception."},{"id":"152ebee2-76fe-46b5-998f-32c32f4fc73e","email":"chloe.garcia@dropbox.net","message":"failed to process due to datastore timeout of 30 seconds.  operation took 94 seconds."},{"id":"49f7c3fc-486a-4d1e-8ca4-ee99ee32d40b","email":"alexis.brown@microsoft.com","message":"successfully parsed message, but message temporarily enqueued while system restarts."},{"id":"f71bb7e0-a685-4fcb-8de2-5e9ac50927b7","email":"nicholas.allen@microsoft.com","message":"failed to process due to datastore timeout of 30 seconds.  operation took 88 seconds."},{"id":"861f6890-ec6f-4474-a170-29f52f356792","email":"michael.hall@dropbox.net","message":"failed to process due to datastore timeout of 30 seconds.  operation took 62 seconds."},{"id":"b123820c-f812-4974-9964-97836211e190","email":"logan.clark@dropbox.net","message":"successfully processed after 4846 milliseconds."},{"id":"408bac84-6916-4910-b773-b7b2fc9974fa","email":"lily.harris@gmail.com","message":"successfully parsed message, but message temporarily enqueued while system restarts."},{"id":"4a274f24-8cc3-4e96-beb4-c9cd8cd62017","email":"liam.gonzalez@me.com","message":"failed to process due to network exception."},{"id":"6653e6fe-08e3-4cd9-ab1c-b50606a8a2bf","email":"grace.moore@gmail.com","message":"failed to process due to network exception."},{"id":"27261338-2306-430b-b091-7fbcb03f82cd","email":"emma.thomas@me.com","message":"failed to process due to datastore timeout of 30 seconds.  operation took 73 seconds."},{"id":"bc8a6194-94c0-4bc8-9d03-e30a37c1306a","email":"alexis.brown@microsoft.com","message":"failed to process due to network exception."},{"id":"bb7917ed-7a68-4bb9-b0fb-ea0b80c815a3","email":"sophia.baker@dropbox.net","message":"failed to process due to datastore timeout of 30 seconds.  operation took 130 seconds."},{"id":"f785f92c-225e-4f02-a7ea-f32e6113b326","email":"alexander.williams@gmail.com","message":"successfully handled skipped operation."},{"id":"07111c76-57f4-4a15-984b-d7b2db0a93e7","email":"lily.harris@gmail.com","message":"successfully processed after 220 milliseconds."},{"id":"476e68ca-037a-49dc-b826-47d256ede924","email":"mia.perez@me.com","message":"failed to process due to datastore timeout of 30 seconds.  operation took 96 seconds."},{"id":"c4ec3afa-2626-4f88-aa5d-132a47803138","email":"alyssa.jones@amerisave.com","message":"successfully parsed message, but message temporarily enqueued while system restarts."},{"id":"7485976d-3f5a-49b1-9626-26db7cd8a646","email":"joshua.lee@gmail.com","message":"successfully handled skipped operation."},{"id":"55cd7968-f782-4eee-acf5-d7636a2dd8be","email":"isabella.jackson@amerisave.com","message":"successfully parsed message, but message temporarily enqueued while system restarts."},{"id":"64caea22-810e-4c58-aaaf-5ebec4a888f3","email":"elizabeth.martinez@dropbox.net","message":"successfully processed after 4321 milliseconds."},{"id":"a201be0a-62c6-468c-8042-c7b192308b4c","email":"daniel.rodriguez@amerisave.com","message":"successfully parsed message, but message temporarily enqueued while system restarts."},{"id":"32527afb-f4b1-4f34-836f-87ca9d680cbb","email":"tyler.nelson@microsoft.com","message":"failed to process due to network exception."},{"id":"6b97e1bb-ead7-430f-8677-f49f369359f7","email":"madison.lewis@gmail.com","message":"successfully handled skipped operation."},{"id":"a1fb9b3e-b44c-4a3e-bf22-a31481bfeeac","email":"matthew.walker@amerisave.com","message":"successfully handled skipped operation."},{"id":"e88dabe6-4906-4ae4-97c4-99d954381a08","email":"jacob.lopez@dropbox.net","message":"failed to process due to datastore timeout of 30 seconds.  operation took 112 seconds."},{"id":"a0b9af9d-50e9-49cd-bde3-f8bfad3802c6","email":"elizabeth.martinez@dropbox.net","message":"successfully parsed message, but message temporarily enqueued while system restarts."},{"id":"c5c0af4b-6dd6-4d88-b9b5-165afe03f1d9","email":"mason.robinson@amerisave.com","message":"successfully parsed message, but message temporarily enqueued while system restarts."},{"id":"db589673-a79b-43e3-a83a-5ced1acac540","email":"nathan.young@microsoft.com","message":"failed to process due to datastore timeout of 30 seconds.  operation took 101 seconds."},{"id":"dae59e1b-e3a7-4395-9bbf-62d307e28da7","email":"ava.davis@gmail.com","message":"failed to process due to network exception."},{"id":"21bffbe1-09a2-4040-9bb8-84864f26db89","email":"grace.moore@gmail.com","message":"successfully parsed message, but message temporarily enqueued while system restarts."},{"id":"2d399975-39b0-4274-b7f8-42a1ae1c523e","email":"ella.anderson@dropbox.net","message":"failed to process due to datastore timeout of 30 seconds.  operation took 99 seconds."},{"id":"4fc4e3ad-2345-4fa2-8427-3e536e885795","email":"daniel.rodriguez@amerisave.com","message":"successfully parsed message, but message temporarily enqueued while system restarts."},{"id":"3810da76-3cda-45e7-a9cf-e6333ce0ecd7","email":"michael.hall@dropbox.net","message":"failed to process due to network exception."},{"id":"a7be7db1-9c0f-476d-91e0-1f80d433c825","email":"ella.anderson@dropbox.net","message":"failed to process due to network exception."},{"id":"40463ae4-57fa-4c6e-a014-319d53c0682c","email":"emma.thomas@me.com","message":"failed to process due to datastore timeout of 30 seconds.  operation took 52 seconds."},{"id":"c2c3bad3-5392-40de-92e2-b5d2b6b94a46","email":"taylor.adams@gmail.com","message":"successfully handled skipped operation."},{"id":"bb952982-78e2-42e4-bf52-efaf067cde5c","email":"logan.clark@dropbox.net","message":"successfully handled skipped operation."},{"id":"99b90db2-1e80-4510-9357-992ef2f8eea2","email":"ava.davis@gmail.com","message":"failed to process due to network exception."},{"id":"ad403ec1-e62a-452c-b6f9-4e272c6d3e34","email":"alexander.williams@gmail.com","message":"failed to process due to datastore timeout of 30 seconds.  operation took 110 seconds."},{"id":"431ef961-654f-4d1a-bd5b-d1eb4aae515c","email":"taylor.adams@gmail.com","message":"successfully processed after 155 milliseconds."},{"id":"eae3263f-f4d7-47ef-9cb2-b0c65436aa7d","email":"joshua.lee@gmail.com","message":"failed to process due to network exception."},{"id":"d91eedc9-e1d3-4554-a8ea-6bcb9821b1f4","email":"jackson.white@gmail.com","message":"failed to process due to network exception."},{"id":"14955859-1421-496c-af16-3291f9aec472","email":"ava.davis@gmail.com","message":"successfully parsed message, but message temporarily enqueued while system restarts."},{"id":"6955eb31-bd56-4a63-b2b9-ad3f5bc0b2c1","email":"lily.harris@gmail.com","message":"successfully parsed message, but message temporarily enqueued while system restarts."},{"id":"e54d63ff-a0b9-44a2-985e-4f2df9bac781","email":"alyssa.jones@amerisave.com","message":"failed to process due to datastore timeout of 30 seconds.  operation took 53 seconds."},{"id":"b9950401-0ca5-4a37-8fb4-8510ef2bfd01","email":"sarah.green@amerisave.com","message":"successfully processed after 1840 milliseconds."},{"id":"463e0db7-d77a-4342-881e-ff1efc3864d4","email":"samantha.scott@me.com","message":"successfully processed after 8009 milliseconds."},{"id":"00d98b43-8c80-4799-816d-76ade164e9b7","email":"aiden.johnson@microsoft.com","message":"successfully handled skipped operation."},{"id":"d2b902d3-1e2c-4cc2-9fe5-3715a12b8c2d","email":"chloe.garcia@dropbox.net","message":"successfully processed after 9711 milliseconds."},{"id":"dc4b3ce1-4f49-474b-a0cc-0ba5a159de25","email":"liam.gonzalez@me.com","message":"successfully processed after 7831 milliseconds."},{"id":"594bcbdc-f00c-4db2-b5aa-6723571d7f6f","email":"andrew.miller@gmail.com","message":"successfully processed after 2448 milliseconds."},{"id":"c1f6faa1-ac8c-4576-a9a7-691e5a860638","email":"ava.davis@gmail.com","message":"successfully parsed message, but message temporarily enqueued while system restarts."},{"id":"818e32cc-b691-4b60-9a1c-5c682cd2b171","email":"daniel.rodriguez@amerisave.com","message":"failed to process due to network exception."},{"id":"b69527d4-cc67-4892-8a07-4e364c0c4f13","email":"liam.gonzalez@me.com","message":"successfully processed after 4548 milliseconds."},{"id":"c2c5f946-2aa9-47a9-b1c5-1e6f50a51b5d","email":"mason.robinson@amerisave.com","message":"failed to process due to network exception."},{"id":"45db234f-1b76-4dfc-a5b1-34bab4c76c4b","email":"sarah.green@amerisave.com","message":"successfully parsed message, but message temporarily enqueued while system restarts."},{"id":"4618b1b1-d0dc-4c7a-b514-2576c373248a","email":"jack.thompson@me.com","message":"failed to process due to network exception."},{"id":"e761dc9c-c769-4c9c-acfa-cefd80b0ee43","email":"dylan.wilson@gmail.com","message":"failed to process due to datastore timeout of 30 seconds.  operation took 82 seconds."},{"id":"440ec968-3ebc-4861-9e51-93d7d14e4038","email":"daniel.rodriguez@amerisave.com","message":"failed to process due to datastore timeout of 30 seconds.  operation took 45 seconds."},{"id":"e77cff8f-f171-4a0f-a2ee-2cf7c0264547","email":"sarah.green@amerisave.com","message":"successfully processed after 5153 milliseconds."},{"id":"06aaae0a-2738-4483-b98f-fc5760572a1d","email":"alexander.williams@gmail.com","message":"successfully processed after 4555 milliseconds."},{"id":"f2ccff2f-6682-4334-9393-3a8fe25b0668","email":"madison.lewis@gmail.com","message":"failed to process due to network exception."},{"id":"5f3b80d9-58b9-416e-9328-5aa6b1b232ed","email":"lily.harris@gmail.com","message":"failed to process due to datastore timeout of 30 seconds.  operation took 84 seconds."},{"id":"e644be58-9049-4dfb-82f0-08ff9ed7e869","email":"alyssa.jones@amerisave.com","message":"failed to process due to network exception."},{"id":"e18f93fb-7102-4c08-9c62-3dc78e36911b","email":"mia.perez@me.com","message":"successfully parsed message, but message temporarily enqueued while system restarts."},{"id":"b3cb3394-6eb3-4fa7-91b4-49023c16466f","email":"jack.thompson@me.com","message":"failed to process due to datastore timeout of 30 seconds.  operation took 93 seconds."},{"id":"1b7d68a9-5899-491d-a491-21246eb2e8ab","email":"mia.perez@me.com","message":"successfully parsed message, but message temporarily enqueued while system restarts."},{"id":"c59dbfe6-6db1-4046-a5ba-6afa5abd244c","email":"nicholas.allen@microsoft.com","message":"successfully handled skipped operation."},{"id":"2a37fa15-944b-4045-8f26-6d5ca30a6daf","email":"sarah.green@amerisave.com","message":"failed to process due to datastore timeout of 30 seconds.  operation took 119 seconds."},{"id":"b001ae3a-b28f-4e29-bad3-4876a0b0f37d","email":"andrew.miller@gmail.com","message":"successfully parsed message, but message temporarily enqueued while system restarts."},{"id":"6d88be42-c096-4a04-adec-b4677b3e5541","email":"jackson.white@gmail.com","message":"failed to process due to datastore timeout of 30 seconds.  operation took 61 seconds."},{"id":"5337d562-26fb-4c0b-922f-6b8911d77829","email":"olivia.wright@gmail.com","message":"failed to process due to datastore timeout of 30 seconds.  operation took 43 seconds."},{"id":"7d8e3eea-5592-4385-ac3f-5d8242cef731","email":"daniel.rodriguez@amerisave.com","message":"successfully handled skipped operation."},{"id":"d684acc6-d266-4e3b-ac3c-dabaa5b85ea1","email":"emily.taylor@gmail.com","message":"successfully processed after 2588 milliseconds."},{"id":"86fa4d18-3232-4f5b-9030-2054fe39ad91","email":"alyssa.jones@amerisave.com","message":"successfully processed after 6202 milliseconds."},{"id":"f975cf88-4780-4f0e-af35-07815f6dec69","email":"hannah.martin@dropbox.net","message":"failed to process due to network exception."},{"id":"5e00678d-10f8-4a2b-8f01-901b6649ef45","email":"logan.clark@dropbox.net","message":"successfully handled skipped operation."},{"id":"a8f9263f-c548-4636-b397-5158e5206958","email":"lily.harris@gmail.com","message":"failed to process due to datastore timeout of 30 seconds.  operation took 40 seconds."},{"id":"1977bd35-baea-4f3d-9ab2-064681bc2284","email":"matthew.walker@amerisave.com","message":"successfully parsed message, but message temporarily enqueued while system restarts."},{"id":"d2338810-fac3-412e-baf6-9e634c2165ea","email":"nathan.young@microsoft.com","message":"successfully handled skipped operation."},{"id":"b5057483-4538-4b03-bdad-aabdddfc4cc9","email":"olivia.wright@gmail.com","message":"successfully processed after 1984 milliseconds."},{"id":"cc033a6a-c569-498d-a65f-3eb5fc6f31ee","email":"olivia.wright@gmail.com","message":"failed to process due to network exception."},{"id":"1356b28d-fec2-4850-8454-2892239dfcc1","email":"emma.thomas@me.com","message":"failed to process due to network exception."},{"id":"cf7813ac-29f0-4384-993f-f67ae27586af","email":"joshua.lee@gmail.com","message":"successfully processed after 1311 milliseconds."},{"id":"d4629b5a-e134-4ecc-8653-a4eac7702a2f","email":"dylan.wilson@gmail.com","message":"failed to process due to datastore timeout of 30 seconds.  operation took 101 seconds."},{"id":"8790c11a-b74d-4eb9-aaff-c7da77f31c15","email":"joshua.lee@gmail.com","message":"failed to process due to network exception."},{"id":"b2d247cb-fc13-4763-a2de-92beb0f58a30","email":"emily.taylor@gmail.com","message":"failed to process due to datastore timeout of 30 seconds.  operation took 65 seconds."},{"id":"690a49e0-e159-45eb-a822-629f47c17b99","email":"tyler.nelson@microsoft.com","message":"successfully processed after 747 milliseconds."},{"id":"059525ca-a9e7-4bb7-8a98-601cc41e0a3a","email":"jack.thompson@me.com","message":"failed to process due to network exception."},{"id":"aceff8a2-709b-4a0f-ad14-14335cb8c568","email":"joshua.lee@gmail.com","message":"failed to process due to network exception."},{"id":"b19a03eb-c6b9-4b99-842f-8cd53374451a","email":"isabella.jackson@amerisave.com","message":"failed to process due to network exception."},{"id":"002d6e7e-4e44-4389-abb6-5487df719990","email":"noah.sanchez@me.com","message":"successfully processed after 9486 milliseconds."},{"id":"0d08eee4-f339-4b9f-abcb-030ba0618932","email":"jack.thompson@me.com","message":"failed to process due to datastore timeout of 30 seconds.  operation took 62 seconds."},{"id":"16ee3de7-7e67-463c-be9b-b574f02f7ae8","email":"alexis.brown@microsoft.com","message":"successfully handled skipped operation."},{"id":"b067e5f5-3313-45a9-9fe7-3ba674fc2560","email":"lily.harris@gmail.com","message":"failed to process due to datastore timeout of 30 seconds.  operation took 40 seconds."},{"id":"cc7ac5ed-2691-40d3-b5a0-fc83fa358f19","email":"alyssa.jones@amerisave.com","message":"successfully processed after 9117 milliseconds."},{"id":"95bf2abe-8ea8-481a-9f58-72e04788f910","email":"alyssa.jones@amerisave.com","message":"failed to process due to network exception."},{"id":"8254e9f1-39e2-41a7-bb76-d50e7781cb4e","email":"nathan.young@microsoft.com","message":"successfully parsed message, but message temporarily enqueued while system restarts."},{"id":"e751bcc8-dcb5-4c93-afc2-af541b1807c7","email":"tyler.nelson@microsoft.com","message":"successfully handled skipped operation."},{"id":"1ced0285-e1dc-4e52-a608-6ed9317a9ebf","email":"emily.taylor@gmail.com","message":"successfully parsed message, but message temporarily enqueued while system restarts."},{"id":"7b4c60d2-5d69-4c3d-8de9-d9f2ce27b1f6","email":"andrew.miller@gmail.com","message":"failed to process due to network exception."},{"id":"99444ccf-ee50-4e49-a9d7-80473fc6c519","email":"matthew.walker@amerisave.com","message":"successfully processed after 2954 milliseconds."},{"id":"5904ffeb-a1cc-4546-8e46-24741c1d807a","email":"matthew.walker@amerisave.com","message":"failed to process due to network exception."},{"id":"be65895f-b6fc-49d8-bd8d-60dcbb81065a","email":"jackson.white@gmail.com","message":"successfully parsed message, but message temporarily enqueued while system restarts."},{"id":"75b390e5-5721-4d9f-8829-2beeec637cb7","email":"noah.sanchez@me.com","message":"successfully processed after 1866 milliseconds."},{"id":"aaa2e5ed-97a3-47bc-a6b5-4aeaff47641c","email":"joshua.lee@gmail.com","message":"failed to process due to datastore timeout of 30 seconds.  operation took 109 seconds."},{"id":"be2a65a6-443c-48d8-a983-2803e4bbe15f","email":"ella.anderson@dropbox.net","message":"successfully parsed message, but message temporarily enqueued while system restarts."},{"id":"fe302c76-661e-40d8-9e94-2e34a7be8dd2","email":"alexander.williams@gmail.com","message":"successfully parsed message, but message temporarily enqueued while system restarts."},{"id":"a46d1bb6-8a43-4356-b0fe-eeab841732e8","email":"olivia.wright@gmail.com","message":"successfully parsed message, but message temporarily enqueued while system restarts."},{"id":"a3106f80-db21-4799-96f6-694517c9f9a0","email":"elizabeth.martinez@dropbox.net","message":"successfully processed after 6502 milliseconds."},{"id":"2f138dc5-5525-4a3a-b0f7-813c2f40dd56","email":"michael.hall@dropbox.net","message":"failed to process due to network exception."},{"id":"065b9017-d405-4824-961a-8e66edeb111d","email":"tyler.nelson@microsoft.com","message":"successfully parsed message, but message temporarily enqueued while system restarts."},{"id":"23020393-662f-4a85-83a7-99cad1fa957a","email":"olivia.wright@gmail.com","message":"successfully processed after 9054 milliseconds."}],"id":"ee3e116b-9e20-47fd-a33d-8290a39a7bed"}