{"logs":[{"id":"7c7950e4-2f7d-4085-9f3f-3c480299ff32","email":"aiden.johnson@microsoft.com","message":"successfully parsed message, but message temporarily enqueued while system restarts."},{"id":"d1434b3f-e97c-4de6-b074-ec9f88b55ec0","email":"ryan.king@dropbox.net","message":"failed to process due to datastore timeout of 30 seconds.  operation took 46 seconds."},{"id":"6301076e-aba3-4df8-ace6-65351e9eb366","email":"emily.taylor@gmail.com","message":"failed to process due to network exception."},{"id":"008c5957-5dbc-42ba-bd98-a2e890a7a115","email":"chloe.garcia@dropbox.net","message":"failed to process due to datastore timeout of 30 seconds.  operation took 121 seconds."},{"id":"4822bd27-179d-49ec-8bd4-440e403f9da4","email":"jack.thompson@me.com","message":"failed to process due to network exception."},{"id":"7ffdd72c-68b4-4e5c-9a6d-f6a895b425bd","email":"abigail.smith@amerisave.com","message":"failed to process due to datastore timeout of 30 seconds.  operation took 97 seconds."},{"id":"4c3ebe49-a703-4f63-aa60-085469cd5ca7","email":"chloe.garcia@dropbox.net","message":"failed to process due to datastore timeout of 30 seconds.  operation took 67 seconds."},{"id":"dc1266d1-88c5-4c2d-a5d2-631fb9674d3e","email":"alexis.brown@microsoft.com","message":"successfully handled skipped operation."},{"id":"afc4bbbb-007a-45ad-8279-25682916f2ef","email":"jacob.lopez@dropbox.net","message":"failed to process due to datastore timeout of 30 seconds.  operation took 83 seconds."},{"id":"e65e3277-4ea9-44bd-8e3f-f88bec09dd05","email":"daniel.rodriguez@amerisave.com","message":"successfully processed after 6873 milliseconds."},{"id":"e9395e0c-bd7d-4a4c-a3c4-6ac5b3cd6a03","email":"jacob.lopez@dropbox.net","message":"failed to process due to network exception."},{"id":"69a694bd-0573-4c89-903f-bfc61369d8d6","email":"taylor.adams@gmail.com","message":"successfully parsed message, but message temporarily enqueued while system restarts."},{"id":"18aee493-1480-47f5-b438-f531075e0ced","email":"ava.davis@gmail.com","message":"successfully handled skipped operation."},{"id":"5eaa83a5-8a30-4d95-908e-d41ea15487c0","email":"noah.sanchez@me.com","message":"successfully handled skipped operation."},{"id":"8b541d86-10e8-4a02-8279-b9bcb1f10322","email":"olivia.wright@gmail.com","message":"failed to process due to network exception."},{"id":"295416d9-bd93-42d6-b16e-e7349cd107e2","email":"isabella.jackson@amerisave.com","message":"successfully handled skipped operation."},{"id":"540e905a-20b8-440c-94fd-807029616f29","email":"nicholas.allen@microsoft.com","message":"successfully handled skipped operation."},{"id":"28b03d32-4131-46ea-ba2a-f2c430d3da98","email":"alyssa.jones@amerisave.com","message":"successfully handled skipped operation."},{"id":"cdf5527f-4df0-4a6b-950b-37798647eac2","email":"logan.clark@dropbox.net","message":"failed to process due to datastore timeout of 30 seconds.  operation took 87 seconds."},{"id":"b12cf62e-40be-4bb2-b02e-69a7dfb74888","email":"noah.sanchez@me.com","message":"successfully handled skipped operation."},{"id":"590dea5d-71f0-449c-b942-a36683ccb1cd","email":"jackson.white@gmail.com","message":"successfully processed after 2392 milliseconds."},{"id":"287b2d80-ba3a-48d4-b67c-fa3c08d748f6","email":"tyler.nelson@microsoft.com","message":"successfully processed after 2698 milliseconds."},{"id":"87172fa9-3701-4b8f-9b40-0f858ecb4546","email":"madison.lewis@gmail.com","message":"failed to process due to datastore timeout of 30 seconds.  operation took 128 seconds."},{"id":"5b1b00cc-fd9b-4803-b2e3-62211bf50fc9","email":"grace.moore@gmail.com","message":"successfully handled skipped operation."},{"id":"158a1567-5e5f-4842-b167-a60168e10338","email":"madison.lewis@gmail.com","message":"failed to process due to datastore timeout of 30 seconds.  operation took 35 seconds."},{"id":"05dd393a-2be7-4aeb-8ac9-081dcc323cb7","email":"aiden.johnson@microsoft.com","message":"successfully handled skipped operation."},{"id":"3dd8cdb4-2124-4977-92b4-af95dc6afefd","email":"sarah.green@amerisave.com","message":"successfully handled skipped operation."},{"id":"3b07390b-2b05-471d-91d2-6fbc648f7c11","email":"chloe.garcia@dropbox.net","message":"successfully parsed message, but message temporarily enqueued while system restarts."},{"id":"cf9f17f1-7301-4619-b37b-1a6273826917","email":"emily.taylor@gmail.com","message":"failed to process due to datastore timeout of 30 seconds.  operation took 57 seconds."},{"id":"1dbc6aea-6d1c-4196-8eb5-f16c0eba606f","email":"sarah.green@amerisave.com","message":"successfully parsed message, but message temporarily enqueued while system restarts."},{"id":"805cc6d6-31e5-4c1d-9995-8f9dcad143ac","email":"jackson.white@gmail.com","message":"successfully parsed message, but message temporarily enqueued while system restarts."},{"id":"ea1ea0b2-55a1-41b0-ada9-08f6180b40cd","email":"olivia.wright@gmail.com","message":"successfully handled skipped operation."},{"id":"e6d82635-8132-4f1d-81d2-8feaada964c5","email":"ryan.king@dropbox.net","message":"successfully handled skipped operation."},{"id":"b639c88b-144e-46a5-9e56-93ef171951ec","email":"emma.thomas@me.com","message":"successfully processed after 4274 milliseconds."},{"id":"016ab02a-f7e5-4e20-9551-a9216a8ebe9d","email":"ava.davis@gmail.com","message":"failed to process due to datastore timeout of 30 seconds.  operation took 130 seconds."},{"id":"dda56e7f-cb83-41cf-9b19-777c6cdf7d66","email":"liam.gonzalez@me.com","message":"successfully handled skipped operation."},{"id":"aa24203d-9a00-43e8-bdb3-585e9077ed3a","email":"alexander.williams@gmail.com","message":"successfully handled skipped operation."},{"id":"bb879754-5712-4232-bb29-69868ad95ee0","email":"sophia.baker@dropbox.net","message":"failed to process due to datastore timeout of 30 seconds.  operation took 43 seconds."},{"id":"2a5e5184-9b1c-4c66-b218-2ce5097d519e","email":"samantha.scott@me.com","message":"successfully processed after 8471 milliseconds."},{"id":"7d8fbf7d-6b41-4d63-bf1a-1686af060232","email":"aiden.johnson@microsoft.com","message":"failed to process due to network exception."},{"id":"28c8f270-e6a3-4207-93de-f8809ce1933c","email":"alexander.williams@gmail.com","message":"successfully handled skipped operation."},{"id":"b4eadf6b-9b72-403c-88c7-0f72bf77b88a","email":"madison.lewis@gmail.com","message":"successfully handled skipped operation."},{"id":"69348b15-7479-4e2c-8788-9cf06c2dd2c2","email":"logan.clark@dropbox.net","message":"failed to process due to network exception."},{"id":"2cbccb62-9702-4044-b909-0c53ed622eac","email":"madison.lewis@gmail.com","message":"successfully handled skipped operation."},{"id":"a620b2f2-ceb1-4e55-8556-248b9b284909","email":"michael.hall@dropbox.net","message":"failed to process due to datastore timeout of 30 seconds.  operation took 130 seconds."},{"id":"5ccf4f4f-a591-4516-a3e1-c0c01ab4c810","email":"nathan.young@microsoft.com","message":"successfully handled skipped operation."},{"id":"1b5b70aa-007b-4d28-8dcb-5dab242b1eae","email":"alexis.brown@microsoft.com","message":"successfully parsed message, but message temporarily enqueued while system restarts."},{"id":"fb7f6d6b-56b6-4c74-bafc-5a1e84531928","email":"ella.anderson@dropbox.net","message":"successfully handled skipped operation."},{"id":"9a559bfd-e3e1-4971-985e-2b32e833b22e","email":"hannah.martin@dropbox.net","message":"successfully processed after 9839 milliseconds."},{"id":"38786027-d3ba-4fe5-b44a-83f7d7f8e6f0","email":"jack.thompson@me.com","message":"successfully parsed message, but message temporarily enqueued while system restarts."},{"id":"1a54bb93-1adc-46bc-a14d-bf17c8177673","email":"mia.perez@me.com","message":"successfully handled skipped operation."},{"id":"364810c0-233c-4283-806f-3476176a510f","email":"madison.lewis@gmail.com","message":"failed to process due to network exception."},{"id":"6f752d8b-84b8-4150-a417-7afbc8e28420","email":"dylan.wilson@gmail.com","message":"successfully parsed message, but message temporarily enqueued while system restarts."},{"id":"4719ef91-504e-4d9a-a87b-ec4579d6329b","email":"ava.davis@gmail.com","message":"failed to process due to network exception."},{"id":"38e46f32-0a04-44f2-bf39-f4bfbed30e97","email":"madison.lewis@gmail.com","message":"failed to process due to datastore timeout of 30 seconds.  operation took 60 seconds."},{"id":"79a12b5b-c8e9-446f-8a14-289df9435847","email":"emily.taylor@gmail.com","message":"failed to process due to network exception."},{"id":"b739426a-556f-4bfd-b20b-153516c18881","email":"elizabeth.martinez@dropbox.net","message":"successfully handled skipped operation."},{"id":"de0e5ad1-cefc-4bd6-8396-735f757b0706","email":"logan.clark@dropbox.net","message":"failed to process due to network exception."},{"id":"3331ad90-2c8c-4f1a-becb-fd24dd8edadf","email":"mia.perez@me.com","message":"failed to process due to network exception."},{"id":"fd062f38-e411-4523-b36f-ecdd29632a47","email":"abigail.smith@amerisave.com","message":"successfully processed after 9479 milliseconds."},{"id":"6ea4a0cf-a57f-423e-ad1d-8d73c96b96ab","email":"emma.thomas@me.com","message":"successfully processed after 3447 milliseconds."},{"id":"b7a9079d-b932-4a83-9be0-1ac35c0a9523","email":"taylor.adams@gmail.com","message":"successfully parsed message, but message temporarily enqueued while system restarts."},{"id":"c26a62d6-1e01-4e82-bb28-5024bb566ab3","email":"nathan.young@microsoft.com","message":"successfully handled skipped operation."},{"id":"95837831-6c49-4204-896b-4433111adbfa","email":"matthew.walker@amerisave.com","message":"successfully parsed message, but message temporarily enqueued while system restarts."},{"id":"40d15e35-728b-4bfb-9439-7b97b003badc","email":"tyler.nelson@microsoft.com","message":"failed to process due to datastore timeout of 30 seconds.  operation took 96 seconds."},{"id":"7b65f196-994f-4ee6-9041-e4c8048276bb","email":"ethan.hernandez@microsoft.com","message":"successfully handled skipped operation."},{"id":"ddf095ad-e0e6-4c7c-aa45-1d21a12e8dbc","email":"samantha.scott@me.com","message":"successfully handled skipped operation."},{"id":"8b316be6-fd77-460e-8aea-e85c6f302eb9","email":"madison.lewis@gmail.com","message":"successfully parsed message, but message temporarily enqueued while system restarts."},{"id":"ceb83044-41ab-4075-a51a-b800b63ccd18","email":"sophia.baker@dropbox.net","message":"successfully handled skipped operation."},{"id":"6bdfae0f-92d7-410e-a898-a0e0700570a7","email":"lily.harris@gmail.com","message":"successfully parsed message, but message temporarily enqueued while system restarts."},{"id":"a86b661b-f261-4bca-8f67-d144253dd03a","email":"joshua.lee@gmail.com","message":"successfully parsed message, but message temporarily enqueued while system restarts."},{"id":"44caa487-ad2f-41b6-b595-ada32b28a872","email":"ella.anderson@dropbox.net","message":"successfully processed after 9974 milliseconds."},{"id":"d458ea65-ceae-4fbe-a346-a173cee2371b","email":"madison.lewis@gmail.com","message":"failed to process due to network exception."},{"id":"a7246659-fde6-4fb0-8b8c-e041c4747c87","email":"ava.davis@gmail.com","message":"successfully processed after 9489 milliseconds."},{"id":"65d11ae5-0e36-4c0f-bee3-37197c09cda4","email":"olivia.wright@gmail.com","message":"successfully processed after 5289 milliseconds."},{"id":"35ad5b28-775c-48fb-8cad-b4b7003aa522","email":"matthew.walker@amerisave.com","message":"successfully handled skipped operation."},{"id":"d8b8ae6b-b807-4544-8158-f932edda79c3","email":"matthew.walker@amerisave.com","message":"successfully handled skipped operation."},{"id":"a321b4e1-bb31-4730-b469-a3771f19936a","email":"ella.anderson@dropbox.net","message":"failed to process due to datastore timeout of 30 seconds.  operation took 102 seconds."},{"id":"35fa8012-1f89-4990-a44e-83838d2ea564","email":"alexander.williams@gmail.com","message":"failed to process due to datastore timeout of 30 seconds.  operation took 120 seconds."},{"id":"05d61237-feb4-4251-aa61-e251b2632f96","email":"mia.perez@me.com","message":"failed to process due to datastore timeout of 30 seconds.  operation took 109 seconds."},{"id":"f0f8c710-09ca-424b-8d4b-b59fc06c36de","email":"jacob.lopez@dropbox.net","message":"successfully parsed message, but message temporarily enqueued while system restarts."},{"id":"191fac3d-bdd3-4dfe-82cb-2ff4ac27c1e9","email":"elizabeth.martinez@dropbox.net","message":"successfully parsed message, but message temporarily enqueued while system restarts."},{"id":"77302414-a9c5-413b-ad77-7fab42d1403d","email":"jackson.white@gmail.com","message":"successfully processed after 3140 milliseconds."},{"id":"723eee38-0382-4287-9037-f5b5ae45b72d","email":"samantha.scott@me.com","message":"successfully parsed message, but message temporarily enqueued while system restarts."},{"id":"8d4f448f-58f1-4407-b6e4-f5c3d5b2c4f0","email":"elizabeth.martinez@dropbox.net","message":"successfully parsed message, but message temporarily enqueued while system restarts."},{"id":"f194fd13-b69f-4510-affd-4f46581f70c5","email":"jackson.white@gmail.com","message":"failed to process due to datastore timeout of 30 seconds.  operation took 89 seconds."},{"id":"08a4492b-d160-42f1-b7a9-4ef97cc11987","email":"liam.gonzalez@me.com","message":"successfully handled skipped operation."},{"id":"a876f64f-1e29-4ab0-b387-86a14c47c6dc","email":"hannah.martin@dropbox.net","message":"successfully processed after 3894 milliseconds."},{"id":"029a7a92-8fb6-44d6-a76a-3d3b4e89c0a8","email":"lily.harris@gmail.com","message":"successfully handled skipped operation."},{"id":"edeff34a-2199-45e7-83b8-bfb1a5aeecdf","email":"jackson.white@gmail.com","message":"failed to process due to datastore timeout of 30 seconds.  operation took 33 seconds."},{"id":"935eb6d8-b793-4f14-bcc3-2064125034a2","email":"aiden.johnson@microsoft.com","message":"successfully handled skipped operation."},{"id":"b3d8feed-6d4a-4f68-9a3a-130e24acb790","email":"liam.gonzalez@me.com","message":"failed to process due to datastore timeout of 30 seconds.  operation took 100 seconds."},{"id":"9f27de6a-ebe5-4252-a070-8ecdd0a8b04c","email":"samantha.scott@me.com","message":"failed to process due to network exception."},{"id":"0f448b56-b758-4462-8400-0ef7c3b9ff7e","email":"mia.perez@me.com","message":"successfully parsed message, but message temporarily enqueued while system restarts."},{"id":"6e0cf5ae-240a-43e0-b937-3a524635d930","email":"dylan.wilson@gmail.com","message":"successfully parsed message, but message temporarily enqueued while system restarts."},{"id":"d044e6e7-96fb-4e7b-9542-594bfd4acc81","email":"grace.moore@gmail.com","message":"successfully handled skipped operation."},{"id":"0cc2f3d3-dc0e-4f54-a31e-ffcaead9ffed","email":"alexis.brown@microsoft.com","message":"failed to process due to network exception."},{"id":"9290496f-9310-41ce-bf7c-98a8c1ae3bab","email":"alyssa.jones@amerisave.com","message":"successfully parsed message, but message temporarily enqueued while system restarts."},{"id":"c126743b-cbbd-4e5c-87b0-f6f7f8eade4a","email":"liam.gonzalez@me.com","message":"failed to process due to network exception."},{"id":"6c2c21ea-d174-4415-b365-fa1f2a90a461","email":"nathan.young@microsoft.com","message":"successfully handled skipped operation."},{"id":"d8a6612e-ab09-404e-ba7c-96b6e0aec851","email":"michael.hall@dropbox.net","message":"failed to process due to datastore timeout of 30 seconds.  operation took 60 seconds."},{"id":"5f42bb64-7ec7-49dc-bcc4-ff2ff75be9cb","email":"michael.hall@dropbox.net","message":"successfully handled skipped operation."},{"id":"5281f9a7-05c5-44a7-b029-3467d8bbe1dd","email":"ella.anderson@dropbox.net","message":"successfully handled skipped operation."},{"id":"4f589c92-5e04-41a1-984f-62f456df934f","email":"alyssa.jones@amerisave.com","message":"successfully handled skipped operation."},{"id":"0301cf5a-90f7-4397-92d0-d8e7878967ca","email":"elizabeth.martinez@dropbox.net","message":"successfully parsed message, but message temporarily enqueued while system restarts."},{"id":"e217f2fe-8a36-4bf3-885e-ec1859fbcdc1","email":"alexander.williams@gmail.com","message":"failed to process due to network exception."},{"id":"7b8b9681-2113-4a13-931a-c7e4ea4efec1","email":"taylor.adams@gmail.com","message":"failed to process due to network exception."},{"id":"67b914d9-4683-45e8-82a8-78bc70c9001f","email":"chloe.garcia@dropbox.net","message":"successfully processed after 2348 milliseconds."},{"id":"3d537503-b9a6-4480-887c-190c7ab4f48c","email":"nathan.young@microsoft.com","message":"failed to process due to datastore timeout of 30 seconds.  operation took 58 seconds."},{"id":"fde9305a-f95c-4b0a-a695-20e4825b6506","email":"sarah.green@amerisave.com","message":"failed to process due to datastore timeout of 30 seconds.  operation took 59 seconds."},{"id":"f2e7dce5-e303-4183-9681-76863b2278a3","email":"dylan.wilson@gmail.com","message":"successfully processed after 7140 milliseconds."},{"id":"bd50d816-53eb-4a30-bd3d-9fb14ae98d0e","email":"sarah.green@amerisave.com","message":"failed to process due to datastore timeout of 30 seconds.  operation took 82 seconds."},{"id":"f638e394-0dad-424f-b1eb-d6f0495615cc","email":"nathan.young@microsoft.com","message":"successfully handled skipped operation."},{"id":"c5c9cea3-e0a8-481a-a73c-7f93d63aba90","email":"lily.harris@gmail.com","message":"failed to process due to network exception."},{"id":"8b708cc4-e27f-447c-b5d4-7f387098b108","email":"emily.taylor@gmail.com","message":"successfully parsed message, but message temporarily enqueued while system restarts."},{"id":"29f35d7d-7f52-4efb-8f01-2f1a56694e09","email":"grace.moore@gmail.com","message":"failed to process due to datastore timeout of 30 seconds.  operation took 52 seconds."},{"id":"96cd6ad3-404e-4d1a-b215-a2fc2ea032aa","email":"ethan.hernandez@microsoft.com","message":"successfully parsed message, but message temporarily enqueued while system restarts."},{"id":"209ad7b1-064e-42ce-b8ab-0b9a8abfad72","email":"aiden.johnson@microsoft.com","message":"successfully parsed message, but message temporarily enqueued while system restarts."},{"id":"cbea520d-9bef-421a-8679-3f8e06615878","email":"aiden.johnson@microsoft.com","message":"successfully handled skipped operation."},{"id":"533e8fe7-9734-4a49-8e46-c8198bdb5dad","email":"michael.hall@dropbox.net","message":"successfully handled skipped operation."},{"id":"8453af61-1a1d-4b40-9398-a56f61443109","email":"alexis.brown@microsoft.com","message":"successfully processed after 1126 milliseconds."},{"id":"facd1f80-1b2f-4777-a82d-b6a772ad7616","email":"mia.perez@me.com","message":"successfully processed after 615 milliseconds."},{"id":"19cc7878-ffb2-4c5f-8db7-7ffe9c3dfa4f","email":"elizabeth.martinez@dropbox.net","message":"failed to process due to datastore timeout of 30 seconds.  operation took 67 seconds."},{"id":"12fbd8c6-b816-421e-a060-47967ce3e6cd","email":"jacob.lopez@dropbox.net","message":"failed to process due to network exception."},{"id":"77d0df85-76fb-42c8-a933-941f44678632","email":"taylor.adams@gmail.com","message":"failed to process due to datastore timeout of 30 seconds.  operation took 84 seconds."},{"id":"c8604d0e-0b29-48a8-bead-8aa8e430000c","email":"aiden.johnson@microsoft.com","message":"failed to process due to datastore timeout of 30 seconds.  operation took 110 seconds."},{"id":"d9495abf-1542-4cc4-acca-584716ac6e29","email":"nicholas.allen@microsoft.com","message":"failed to process due to network exception."},{"id":"47979c60-4c62-4061-81fd-248399f049b7","email":"michael.hall@dropbox.net","message":"successfully parsed message, but message temporarily enqueued while system restarts."},{"id":"84a8261e-5a36-4050-a3f4-c52b18752995","email":"ethan.hernandez@microsoft.com","message":"failed to process due to datastore timeout of 30 seconds.  operation took 103 seconds."},{"id":"3125365b-6bef-46a0-8620-bf0de769270d","email":"isabella.jackson@amerisave.com","message":"failed to process due to network exception."},{"id":"418d41f1-575a-45a3-9d4e-4edbaf6ccb00","email":"joshua.lee@gmail.com","message":"successfully processed after 8585 milliseconds."},{"id":"ad3acc9a-3ff6-476b-9360-f5ed956c45ff","email":"taylor.adams@gmail.com","message":"successfully parsed message, but message temporarily enqueued while system restarts."},{"id":"989a5fd8-3191-4dff-b7b9-d3ce7f25144a","email":"lily.harris@gmail.com","message":"failed to process due to datastore timeout of 30 seconds.  operation took 86 seconds."},{"id":"949476e5-e0ed-4bbe-863f-1b1fe7470c71","email":"emma.thomas@me.com","message":"failed to process due to datastore timeout of 30 seconds.  operation took 81 seconds."},{"id":"c64a269b-e7c8-4729-85d5-fd6edc62648f","email":"nicholas.allen@microsoft.com","message":"failed to process due to datastore timeout of 30 seconds.  operation took 109 seconds."},{"id":"79d05310-b572-4e0b-a0d2-1c2d4c4b107e","email":"grace.moore@gmail.com","message":"successfully parsed message, but message temporarily enqueued while system restarts."},{"id":"d502b002-be47-4e58-9da5-743cb6ac781a","email":"michael.hall@dropbox.net","message":"failed to process due to network exception."},{"id":"3d22b441-012a-496a-a110-32b18baaab5f","email":"grace.moore@gmail.com","message":"successfully parsed message, but message temporarily enqueued while system restarts."},{"id":"b04b28de-2011-45c1-9eab-ec9cd18dd8ab","email":"isabella.jackson@amerisave.com","message":"failed to process due to network exception."},{"id":"1e86d295-38c0-474a-b7ef-b2893d054101","email":"samantha.scott@me.com","message":"failed to process due to network exception."},{"id":"4535a9ea-7de7-435d-a462-b4c531c5c041","email":"dylan.wilson@gmail.com","message":"successfully processed after 1094 milliseconds."},{"id":"8efe3754-1562-43da-a124-8717a1e3d5b1","email":"noah.sanchez@me.com","message":"successfully parsed message, but message temporarily enqueued while system restarts."},{"id":"46360bce-2bf5-4d70-91ed-e714df98be5a","email":"jacob.lopez@dropbox.net","message":"failed to process due to datastore timeout of 30 seconds.  operation took 40 seconds."},{"id":"5e2a40aa-3f67-4e9d-a0f2-b803bccf170d","email":"elizabeth.martinez@dropbox.net","message":"successfully handled skipped operation."},{"id":"0d8ef38a-2ac4-44f1-9a85-393e829a055c","email":"ethan.hernandez@microsoft.com","message":"successfully processed after 854 milliseconds."},{"id":"d8299525-88e4-4be2-8d37-fb5ab0910931","email":"ava.davis@gmail.com","message":"successfully processed after 6858 milliseconds."},{"id":"65915945-96d9-4071-85b8-3d1a1f6c1b9c","email":"grace.moore@gmail.com","message":"successfully processed after 2071 milliseconds."},{"id":"b3ab8c5d-34e3-43fd-8ee4-e6ba50768225","email":"hannah.martin@dropbox.net","message":"failed to process due to datastore timeout of 30 seconds.  operation took 38 seconds."},{"id":"da480ac5-5e17-42c2-83f9-efd5221e0d7d","email":"joshua.lee@gmail.com","message":"failed to process due to network exception."},{"id":"9d35e700-5d10-4c45-aa3c-a8213f985328","email":"nathan.young@microsoft.com","message":"failed to process due to network exception."},{"id":"9a95c515-fccd-4181-ba2c-1dff9043f2ed","email":"hannah.martin@dropbox.net","message":"successfully parsed message, but message temporarily enqueued while system restarts."},{"id":"340d05e2-1856-47f7-ba9f-44f0061bffe2","email":"elizabeth.martinez@dropbox.net","message":"failed to process due to datastore timeout of 30 seconds.  operation took 125 seconds."},{"id":"03e09945-98ef-4a27-86f1-300638df9b7a","email":"elizabeth.martinez@dropbox.net","message":"failed to process due to network exception."},{"id":"e1aee911-aeb2-4c2e-8596-902b3e09c367","email":"aiden.johnson@microsoft.com","message":"successfully parsed message, but message temporarily enqueued while system restarts."},{"id":"02d28b86-54c4-4174-9784-17f678a06c19","email":"alexander.williams@gmail.com","message":"failed to process due to datastore timeout of 30 seconds.  operation took 122 seconds."},{"id":"8dbe5339-ca50-4795-9a15-29aef7ffeb88","email":"madison.lewis@gmail.com","message":"failed to process due to network exception."},{"id":"de70c2ce-964b-4b2f-b97d-60d29a559183","email":"samantha.scott@me.com","message":"successfully handled skipped operation."},{"id":"cafdebe2-5fbf-4f7d-8fd9-0ed661e2c603","email":"alyssa.jones@amerisave.com","message":"failed to process due to datastore timeout of 30 seconds.  operation took 65 seconds."},{"id":"fc9f648d-8ed9-4368-b7f0-ab9e19183daf","email":"logan.clark@dropbox.net","message":"successfully parsed message, but message temporarily enqueued while system restarts."},{"id":"78115b9e-8bb0-4f23-8f31-44fda81b821a","email":"lily.harris@gmail.com","message":"successfully handled skipped operation."},{"id":"178ca78f-a714-46dd-bc37-83e28aa8584e","email":"sarah.green@amerisave.com","message":"failed to process due to datastore timeout of 30 seconds.  operation took 129 seconds."},{"id":"7375a11a-83a2-40ef-afd6-b23e690a9081","email":"nicholas.allen@microsoft.com","message":"failed to process due to network exception."},{"id":"ecdd8600-9f09-4166-81b2-2544dc5ed298","email":"joshua.lee@gmail.com","message":"successfully parsed message, but message temporarily enqueued while system restarts."},{"id":"294b0dcb-baa8-4ec0-b2eb-1e4466cf8967","email":"michael.hall@dropbox.net","message":"successfully processed after 4452 milliseconds."},{"id":"5e3f3c15-2f12-4e71-ad12-149732c37d16","email":"dylan.wilson@gmail.com","message":"failed to process due to network exception."},{"id":"ccd9fabc-6e53-4e11-aebf-bcc94354210c","email":"mia.perez@me.com","message":"successfully processed after 7315 milliseconds."},{"id":"a56a981c-5479-4cec-9b9d-534b76b93c5b","email":"taylor.adams@gmail.com","message":"successfully processed after 419 milliseconds."},{"id":"440aa7d7-ea46-43c4-adb6-83f6bf85aa0e","email":"liam.gonzalez@me.com","message":"successfully processed after 6006 milliseconds."},{"id":"73616f03-b124-47ac-954e-16562d832cea","email":"lily.harris@gmail.com","message":"successfully processed after 2923 milliseconds."},{"id":"e9aa5ce6-509f-4a7b-a763-d76307f9d21c","email":"dylan.wilson@gmail.com","message":"successfully parsed message, but message temporarily enqueued while system restarts."},{"id":"3c90270f-ae06-4868-bea7-aa5bac7b7781","email":"michael.hall@dropbox.net","message":"failed to process due to datastore timeout of 30 seconds.  operation took 125 seconds."},{"id":"ee5fce12-8fa4-4dfc-b983-5501d9990802","email":"matthew.walker@amerisave.com","message":"successfully processed after 26 milliseconds."},{"id":"3aa4ebd6-3c1d-4f7d-8954-1d67fe7ef6ea","email":"logan.clark@dropbox.net","message":"successfully parsed message, but message temporarily enqueued while system restarts."},{"id":"5e941c08-98a6-41d2-b6e7-e80ddb286df3","email":"ryan.king@dropbox.net","message":"failed to process due to datastore timeout of 30 seconds.  operation took 70 seconds."},{"id":"f2b778c2-7625-46e6-b855-34a9c753214a","email":"mia.perez@me.com","message":"failed to process due to datastore timeout of 30 seconds.  operation took 91 seconds."},{"id":"4e2e4d2f-0c5c-4a42-b7a8-c586faa6ce6f","email":"jackson.white@gmail.com","message":"failed to process due to datastore timeout of 30 seconds.  operation took 33 seconds."},{"id":"dd2ac192-1fc0-4be3-9090-617bdd4eda96","email":"noah.sanchez@me.com","message":"successfully parsed message, but message temporarily enqueued while system restarts."},{"id":"76545864-e7ab-4e8b-8728-6d16307129dd","email":"alyssa.jones@amerisave.com","message":"failed to process due to network exception."},{"id":"7fa53250-7211-43ee-a297-6f728a9c7e40","email":"jackson.white@gmail.com","message":"successfully parsed message, but message temporarily enqueued while system restarts."},{"id":"ce8f1730-f59f-4dfb-9856-8da7debb01d9","email":"alyssa.jones@amerisave.com","message":"successfully parsed message, but message temporarily enqueued while system restarts."},{"id":"b5b82f03-ca28-4bce-abfc-035fa4d77ada","email":"ella.anderson@dropbox.net","message":"successfully processed after 8089 milliseconds."},{"id":"869b92da-f519-455f-8a4f-7799ec6c68cf","email":"matthew.walker@amerisave.com","message":"failed to process due to datastore timeout of 30 seconds.  operation took 94 seconds."},{"id":"53499674-75f3-4531-a2fb-a99d57fc2125","email":"tyler.nelson@microsoft.com","message":"failed to process due to datastore timeout of 30 seconds.  operation took 110 seconds."},{"id":"669fa12c-e457-4eb5-a7d0-0e7fd344f670","email":"chloe.garcia@dropbox.net","message":"failed to process due to datastore timeout of 30 seconds.  operation took 107 seconds."},{"id":"e2769951-d2e7-4d8f-af6d-82c2211c6432","email":"dylan.wilson@gmail.com","message":"failed to process due to network exception."},{"id":"f8c28345-9457-4b99-8b14-561ec65fbae7","email":"matthew.walker@amerisave.com","message":"successfully processed after 571 milliseconds."},{"id":"2fd2be00-d03a-45a5-92e2-b910dc41e0f5","email":"joshua.lee@gmail.com","message":"successfully handled skipped operation."},{"id":"01b4a9f5-9f0c-4660-8722-1e9a971a3907","email":"mason.robinson@amerisave.com","message":"successfully handled skipped operation."},{"id":"dd5ce340-7fc5-4ee8-878c-be4fb9158356","email":"taylor.adams@gmail.com","message":"successfully handled skipped operation."},{"id":"7c240271-5e05-445a-841d-d19ae4d8fc93","email":"jacob.lopez@dropbox.net","message":"failed to process due to datastore timeout of 30 seconds.  operation took 54 seconds."},{"id":"b7b80ef9-7c1e-4748-a539-fb0ff414c2d0","email":"taylor.adams@gmail.com","message":"successfully handled skipped operation."},{"id":"155ca266-d72e-419c-804e-6532344f472d","email":"alexis.brown@microsoft.com","message":"failed to process due to datastore timeout of 30 seconds.  operation took 63 seconds."},{"id":"d4dec84a-b078-49d6-9a65-1435ee0e909e","email":"noah.sanchez@me.com","message":"failed to process due to datastore timeout of 30 seconds.  operation took 57 seconds."},{"id":"79e968ee-5c45-42c0-b848-2e811f52b1b0","email":"lily.harris@gmail.com","message":"successfully processed after 227 milliseconds."},{"id":"c57314b2-7374-4a6b-a844-b67c2bb216fb","email":"daniel.rodriguez@amerisave.com","message":"successfully handled skipped operation."},{"id":"287ee2c6-2186-44ef-a003-72008dbf3842","email":"jack.thompson@me.com","message":"successfully handled skipped operation."},{"id":"0cc4177d-6f8e-48ee-8629-d90b86e585f6","email":"jackson.white@gmail.com","message":"failed to process due to network exception."},{"id":"fa92e01c-98c6-4a73-bce3-4186dd250fe2","email":"lily.harris@gmail.com","message":"successfully parsed message, but message temporarily enqueued while system restarts."},{"id":"e6305c63-1667-4ba9-bdce-33488d96cbc6","email":"joshua.lee@gmail.com","message":"failed to process due to datastore timeout of 30 seconds.  operation took 79 seconds."},{"id":"b1113850-507a-4a05-9bca-4d3f2255dc1b","email":"ella.anderson@dropbox.net","message":"failed to process due to network exception."},{"id":"40c3df05-46ae-4e89-81f6-02d58bac4e9a","email":"ava.davis@gmail.com","message":"successfully handled skipped operation."},{"id":"24a56de6-7147-4217-b006-d4f388f9d333","email":"taylor.adams@gmail.com","message":"failed to process due to datastore timeout of 30 seconds.  operation took 91 seconds."},{"id":"8613a453-dfd2-4f01-a98a-6b88f15504cb","email":"daniel.rodriguez@amerisave.com","message":"successfully parsed message, but message temporarily enqueued while system restarts."},{"id":"2202b180-6b1e-4c9d-bddd-e1d2978a9460","email":"alyssa.jones@amerisave.com","message":"successfully handled skipped operation."},{"id":"f5a29636-f0f0-45ad-9690-777ee70bd385","email":"noah.sanchez@me.com","message":"successfully parsed message, but message temporarily enqueued while system restarts."},{"id":"101fe642-5009-4da7-888d-9af456ec4ce9","email":"michael.hall@dropbox.net","message":"successfully processed after 6123 milliseconds."},{"id":"42cd7c70-d1bb-4306-a449-2d0301973f3b","email":"aiden.johnson@microsoft.com","message":"failed to process due to network exception."},{"id":"2cade484-b151-4b71-b4b4-38ccbece42d0","email":"elizabeth.martinez@dropbox.net","message":"successfully parsed message, but message temporarily enqueued while system restarts."},{"id":"0e4e270b-15b6-4b0d-8781-7dfc21e0abee","email":"ella.anderson@dropbox.net","message":"successfully processed after 2781 milliseconds."},{"id":"aa9675b0-6534-4504-b02d-4f87c487d429","email":"matthew.walker@amerisave.com","message":"failed to process due to datastore timeout of 30 seconds.  operation took 65 seconds."},{"id":"831d5b8a-1e38-4c20-aab0-0fbe5e025066","email":"emily.taylor@gmail.com","message":"failed to process due to datastore timeout of 30 seconds.  operation took 46 seconds."},{"id":"d292c4dc-38a2-4195-83e6-2874dc82e5d5","email":"andrew.miller@gmail.com","message":"successfully parsed message, but message temporarily enqueued while system restarts."},{"id":"7c8a3ba9-37f9-4ca7-9de1-d7df8f8a1bcf","email":"ava.davis@gmail.com","message":"failed to process due to network exception."},{"id":"34f6946d-92cc-449c-9741-9d6227d318d2","email":"lily.harris@gmail.com","message":"successfully processed after 1296 milliseconds."},{"id":"42cb748f-d2a8-4dea-8f35-31dac1fd0fa4","email":"olivia.wright@gmail.com","message":"successfully processed after 6416 milliseconds."},{"id":"9d5ca215-2901-42a9-953a-2be432cde0f7","email":"lily.harris@gmail.com","message":"successfully parsed message, but message temporarily enqueued while system restarts."},{"id":"b2c71482-3dc8-4dd8-97c5-3aa9b4b54763","email":"tyler.nelson@microsoft.com","message":"failed to process due to datastore timeout of 30 seconds.  operation took 85 seconds."},{"id":"168d1042-18e0-48f9-b364-1ca93e27d106","email":"chloe.garcia@dropbox.net","message":"failed to process due to datastore timeout of 30 seconds.  operation took 93 seconds."},{"id":"2eea0b26-5185-46c2-ac6b-07cb9ffe8bd6","email":"liam.gonzalez@me.com","message":"successfully handled skipped operation."},{"id":"047295fd-db87-430f-afcd-80f0ee964563","email":"sophia.baker@dropbox.net","message":"successfully parsed message, but message temporarily enqueued while system restarts."},{"id":"923604fd-cee6-494f-ad22-c2ef700853a4","email":"emily.taylor@gmail.com","message":"successfully handled skipped operation."},{"id":"d557a045-d4eb-4723-8d55-33d988981dd6","email":"ryan.king@dropbox.net","message":"failed to process due to network exception."},{"id":"de69fdd0-5f19-4554-a34f-4dca9713abf2","email":"logan.clark@dropbox.net","message":"successfully processed after 8590 milliseconds."},{"id":"7fdc928b-5d3a-4ebe-bfe3-342f4d83e584","email":"joshua.lee@gmail.com","message":"failed to process due to datastore timeout of 30 seconds.  operation took 31 seconds."},{"id":"4aeabf14-e064-4b02-90c1-ff2481d7afcd","email":"olivia.wright@gmail.com","message":"failed to process due to datastore timeout of 30 seconds.  operation took 33 seconds."},{"id":"a08fb1cb-4c55-4dbd-8a48-b1024c4896ad","email":"madison.lewis@gmail.com","message":"successfully handled skipped operation."},{"id":"6d8f6f97-4e15-47fe-8f45-7ec0cb915a0b","email":"alexis.brown@microsoft.com","message":"successfully handled skipped operation."},{"id":"b5da3316-cbdb-4ed3-bbaa-2fe428c20dd6","email":"tyler.nelson@microsoft.com","message":"failed to process due to network exception."},{"id":"02404605-02f3-47da-99cf-e2d4dbcca9fb","email":"chloe.garcia@dropbox.net","message":"successfully parsed message, but message temporarily enqueued while system restarts."},{"id":"75456348-da4c-4774-ab16-9e8241006382","email":"sophia.baker@dropbox.net","message":"failed to process due to datastore timeout of 30 seconds.  operation took 66 seconds."},{"id":"0ff0cf70-eafd-4bcb-b9f8-3062df95c9b7","email":"jack.thompson@me.com","message":"successfully processed after 5547 milliseconds."},{"id":"4505f37a-5c8f-43ca-b204-d54f32c822b5","email":"madison.lewis@gmail.com","message":"failed to process due to datastore timeout of 30 seconds.  operation took 83 seconds."},{"id":"a1a4d79b-00e2-4599-b158-2d401f743db9","email":"nathan.young@microsoft.com","message":"failed to process due to datastore timeout of 30 seconds.  operation took 115 seconds."},{"id":"9b016290-ff76-4d88-acb6-6036833788e9","email":"michael.hall@dropbox.net","message":"successfully parsed message, but message temporarily enqueued while system restarts."},{"id":"54550bd7-8b92-4004-98f2-56decb74db99","email":"emma.thomas@me.com","message":"failed to process due to datastore timeout of 30 seconds.  operation took 56 seconds."},{"id":"93690fb4-d815-47dc-8ab0-d25b4e027f7b","email":"samantha.scott@me.com","message":"failed to process due to network exception."},{"id":"a3092fb8-8034-46f4-acdd-85928ee70ce3","email":"andrew.miller@gmail.com","message":"failed to process due to network exception."},{"id":"b2ecf587-fb42-4a29-a186-6c49da19ecd5","email":"emma.thomas@me.com","message":"failed to process due to datastore timeout of 30 seconds.  operation took 62 seconds."},{"id":"d679009f-ff5e-458e-a6d2-202b3aa90fde","email":"jack.thompson@me.com","message":"failed to process due to network exception."},{"id":"4fd79370-8af1-43f0-b17a-60efe07d1405","email":"chloe.garcia@dropbox.net","message":"successfully processed after 6281 milliseconds."},{"id":"284c96d6-8ea4-401d-9b5f-fa6c15ce8e70","email":"jack.thompson@me.com","message":"successfully handled skipped operation."},{"id":"236152df-b54e-4714-b3bb-410d22283a5e","email":"elizabeth.martinez@dropbox.net","message":"successfully handled skipped operation."},{"id":"31aff6d6-ab67-43d8-a0e5-790d7b639e6a","email":"ella.anderson@dropbox.net","message":"failed to process due to network exception."},{"id":"388510df-bff5-4953-904b-68c4a41f9437","email":"madison.lewis@gmail.com","message":"failed to process due to datastore timeout of 30 seconds.  operation took 34 seconds."},{"id":"b3731b61-95f7-4d84-8bf4-f32b6471a304","email":"dylan.wilson@gmail.com","message":"failed to process due to datastore timeout of 30 seconds.  operation took 72 seconds."},{"id":"7fba0c2c-bcb3-408e-81e4-5dbe4c1c208b","email":"andrew.miller@gmail.com","message":"successfully handled skipped operation."},{"id":"a620e361-2744-49b6-a1fb-475b992b8f1f","email":"tyler.nelson@microsoft.com","message":"failed to process due to network exception."},{"id":"169f9e4c-f701-43d6-bc5d-7b52d5f9ae4e","email":"noah.sanchez@me.com","message":"failed to process due to network exception."},{"id":"6d070b0f-6760-4c7c-9468-30b7af36d14f","email":"ava.davis@gmail.com","message":"failed to process due to datastore timeout of 30 seconds.  operation took 115 seconds."},{"id":"4db678ff-2290-4387-97c8-b06fdbfaa857","email":"sarah.green@amerisave.com","message":"successfully processed after 7538 milliseconds."},{"id":"19f39cf2-cef6-4113-b100-b670f21e9f8a","email":"jacob.lopez@dropbox.net","message":"successfully processed after 9141 milliseconds."},{"id":"a42a50bf-81f5-4df4-8eeb-c8cb39824aad","email":"abigail.smith@amerisave.com","message":"successfully parsed message, but message temporarily enqueued while system restarts."},{"id":"780d3ee5-e7cf-415b-8035-a782cb55e874","email":"alexander.williams@gmail.com","message":"failed to process due to datastore timeout of 30 seconds.  operation took 127 seconds."},{"id":"39d921eb-e5dc-4a14-ae48-72a5679ccd75","email":"sophia.baker@dropbox.net","message":"successfully parsed message, but message temporarily enqueued while system restarts."},{"id":"965aaddc-ce31-4324-9b9b-fa1aa2768ec1","email":"ava.davis@gmail.com","message":"failed to process due to datastore timeout of 30 seconds.  operation took 45 seconds."},{"id":"a7aa8b8c-b835-463a-9bd1-6d653c684fc4","email":"aiden.johnson@microsoft.com","message":"failed to process due to datastore timeout of 30 seconds.  operation took 110 seconds."},{"id":"ee64cbac-af34-43d0-b917-c7dab22ff7ec","email":"ethan.hernandez@microsoft.com","message":"successfully handled skipped operation."},{"id":"dfb2fe1b-eb83-4f18-905a-21585014f368","email":"jack.thompson@me.com","message":"successfully parsed message, but message temporarily enqueued while system restarts."},{"id":"77ccb825-fdd0-4515-98b7-7f23d6c76da5","email":"nathan.young@microsoft.com","message":"successfully parsed message, but message temporarily enqueued while system restarts."},{"id":"bc549afc-66c6-417b-8c20-38b7a35ceca8","email":"dylan.wilson@gmail.com","message":"successfully processed after 8992 milliseconds."},{"id":"5a2f1212-d9a3-4796-b559-90c6f17c97ea","email":"nicholas.allen@microsoft.com","message":"failed to process due to datastore timeout of 30 seconds.  operation took 85 seconds."},{"id":"ed76d08e-0132-4d73-87ec-262a07211897","email":"olivia.wright@gmail.com","message":"successfully processed after 61 milliseconds."},{"id":"fca24bea-9bcd-4a2d-ad8f-2b2647808f29","email":"logan.clark@dropbox.net","message":"failed to process due to network exception."},{"id":"9507904f-6006-43b7-a45c-d7a71b59d02a","email":"dylan.wilson@gmail.com","message":"failed to process due to datastore timeout of 30 seconds.  operation took 62 seconds."},{"id":"fe2fa27a-e1df-423f-99d7-35f4f54e154f","email":"emma.thomas@me.com","message":"successfully processed after 9783 milliseconds."},{"id":"6de495c4-a194-40e6-a3fd-de8edb36c3ef","email":"samantha.scott@me.com","message":"successfully processed after 4703 milliseconds."},{"id":"2aff5f03-e0d8-4a8a-9267-677c9feeca41","email":"michael.hall@dropbox.net","message":"failed to process due to datastore timeout of 30 seconds.  operation took 89 seconds."},{"id":"b41e614b-1e9f-40b0-8603-dbcc8060d5bf","email":"joshua.lee@gmail.com","message":"successfully processed after 4332 milliseconds."},{"id":"a8f61f6b-40e4-4be1-94d3-7d2ce4bf13d3","email":"taylor.adams@gmail.com","message":"failed to process due to datastore timeout of 30 seconds.  operation took 34 seconds."},{"id":"cc385b5b-4104-4a09-8ac4-7262251818f5","email":"samantha.scott@me.com","message":"failed to process due to datastore timeout of 30 seconds.  operation took 114 seconds."},{"id":"620aedef-17a6-4520-afe3-444ac467d150","email":"grace.moore@gmail.com","message":"successfully parsed message, but message temporarily enqueued while system restarts."},{"id":"6855abeb-6759-45d8-b6e9-956ee6904acd","email":"aiden.johnson@microsoft.com","message":"successfully parsed message, but message temporarily enqueued while system restarts."},{"id":"646b8408-f476-4712-a1ed-a98dd717198e","email":"mia.perez@me.com","message":"successfully parsed message, but message temporarily enqueued while system restarts."},{"id":"ae1bf348-09c2-45c5-903a-6ccdad599c6c","email":"emma.thomas@me.com","message":"failed to process due to datastore timeout of 30 seconds.  operation took 94 seconds."},{"id":"c33f1971-7635-416d-a014-e3b3d63be65e","email":"aiden.johnson@microsoft.com","message":"failed to process due to network exception."},{"id":"052f66e3-385a-4695-993d-6873193bffd9","email":"nicholas.allen@microsoft.com","message":"successfully processed after 6911 milliseconds."},{"id":"c9336984-51bd-4594-b9f5-585570b0b071","email":"isabella.jackson@amerisave.com","message":"failed to process due to network exception."},{"id":"244599b7-3395-4c8e-a8e7-bb5a938d3053","email":"tyler.nelson@microsoft.com","message":"failed to process due to network exception."},{"id":"d898378f-4ea4-4c14-be58-b1604fa8e407","email":"elizabeth.martinez@dropbox.net","message":"failed to process due to network exception."},{"id":"7ed32f20-85c6-4fbe-9216-33f886056ece","email":"alexander.williams@gmail.com","message":"successfully parsed message, but message temporarily enqueued while system restarts."},{"id":"be326024-ae61-43be-81e8-c7e5678f6c08","email":"lily.harris@gmail.com","message":"failed to process due to network exception."},{"id":"44344ffc-b684-4fac-adba-45c6092d2d12","email":"jacob.lopez@dropbox.net","message":"failed to process due to network exception."},{"id":"aeaa34bf-0a9f-4a8e-9654-a2cacf7c2d26","email":"andrew.miller@gmail.com","message":"successfully processed after 896 milliseconds."},{"id":"13d6200c-91dc-4d39-b64d-291c20a05286","email":"jacob.lopez@dropbox.net","message":"successfully processed after 7871 milliseconds."},{"id":"61abee86-ef74-4efc-adb5-da406c878f58","email":"andrew.miller@gmail.com","message":"failed to process due to datastore timeout of 30 seconds.  operation took 116 seconds."},{"id":"0685ad34-27ae-45fe-83d5-6254248278b1","email":"joshua.lee@gmail.com","message":"successfully parsed message, but message temporarily enqueued while system restarts."},{"id":"05e0c7b9-1d6b-4ee8-8aad-9365926acbcb","email":"nathan.young@microsoft.com","message":"successfully parsed message, but message temporarily enqueued while system restarts."},{"id":"7567db52-f42c-4a3e-88d7-32a92cdca17b","email":"tyler.nelson@microsoft.com","message":"failed to process due to network exception."},{"id":"2afb9b35-1c49-42a6-bd3c-55f33a61b124","email":"andrew.miller@gmail.com","message":"failed to process due to datastore timeout of 30 seconds.  operation took 119 seconds."},{"id":"35bc5dc4-4f7f-4f39-9ca8-58ba87aae903","email":"matthew.walker@amerisave.com","message":"successfully handled skipped operation."},{"id":"d06a272f-5428-4d0f-ab54-15415d4658e2","email":"ryan.king@dropbox.net","message":"failed to process due to datastore timeout of 30 seconds.  operation took 49 seconds."},{"id":"0691040a-876e-45d3-b1bb-9570e796e4a9","email":"joshua.lee@gmail.com","message":"successfully handled skipped operation."},{"id":"2d0c5851-7aad-42a6-b580-7ca2074c2cc7","email":"aiden.johnson@microsoft.com","message":"successfully parsed message, but message temporarily enqueued while system restarts."},{"id":"4574f336-75f4-4784-aabc-22716a6b86ea","email":"jack.thompson@me.com","message":"failed to process due to datastore timeout of 30 seconds.  operation took 112 seconds."},{"id":"38192c52-b0fa-4c58-b6ab-96953cc10b69","email":"emma.thomas@me.com","message":"successfully processed after 706 milliseconds."},{"id":"dbacd56b-a5ef-486e-a52c-5be92aa457f0","email":"isabella.jackson@amerisave.com","message":"successfully handled skipped operation."},{"id":"88e27987-5e61-4332-b004-9678b1121a41","email":"tyler.nelson@microsoft.com","message":"failed to process due to network exception."},{"id":"f5d0dc52-a735-4a5f-9105-537916f40f6e","email":"alexander.williams@gmail.com","message":"successfully parsed message, but message temporarily enqueued while system restarts."},{"id":"23300bba-9cd6-460c-a57e-2bd10f42c5ec","email":"mason.robinson@amerisave.com","message":"successfully handled skipped operation."},{"id":"e7de29a1-e1b3-4b59-85bc-aa6402d0db3d","email":"emma.thomas@me.com","message":"successfully parsed message, but message temporarily enqueued while system restarts."},{"id":"6d31966d-4f1f-4100-921f-4bc18f8068ec","email":"logan.clark@dropbox.net","message":"failed to process due to datastore timeout of 30 seconds.  operation took 37 seconds."},{"id":"34d32f54-9913-4e5e-a578-0f35fcd2f2a2","email":"taylor.adams@gmail.com","message":"failed to process due to datastore timeout of 30 seconds.  operation took 99 seconds."},{"id":"907d7377-16d3-4999-ac54-d3fe66c89cac","email":"ethan.hernandez@microsoft.com","message":"successfully processed after 4137 milliseconds."},{"id":"aea403c1-8a00-4a5b-bccc-900203c85dce","email":"alexis.brown@microsoft.com","message":"successfully parsed message, but message temporarily enqueued while system restarts."},{"id":"c3dc475e-f7b9-4b20-ace4-dc4998593394","email":"alexander.williams@gmail.com","message":"successfully processed after 6174 milliseconds."},{"id":"c0a17fd0-6d41-4909-b040-f7d576d3835d","email":"logan.clark@dropbox.net","message":"successfully parsed message, but message temporarily enqueued while system restarts."},{"id":"5ad69515-b084-47db-a61c-797cb0e6c833","email":"sarah.green@amerisave.com","message":"failed to process due to datastore timeout of 30 seconds.  operation took 31 seconds."},{"id":"fd4649ee-d965-4aa7-a01f-5323ded01117","email":"mia.perez@me.com","message":"successfully parsed message, but message temporarily enqueued while system restarts."},{"id":"f4b93b03-462c-437b-96e3-2b479e6d4158","email":"jackson.white@gmail.com","message":"failed to process due to network exception."},{"id":"8b2ffcf8-6480-4041-aeec-a58b82adf879","email":"chloe.garcia@dropbox.net","message":"successfully parsed message, but message temporarily enqueued while system restarts."},{"id":"b3529026-d5ef-471e-bae3-e3439cf5b102","email":"ella.anderson@dropbox.net","message":"failed to process due to network exception."},{"id":"febe503b-6f53-4adb-a330-7b8aa7f00720","email":"chloe.garcia@dropbox.net","message":"successfully handled skipped operation."},{"id":"7354886b-017a-4059-b51e-083915884beb","email":"alexander.williams@gmail.com","message":"successfully handled skipped operation."},{"id":"f8b51c91-9499-4a11-a617-442cdc2df47c","email":"jacob.lopez@dropbox.net","message":"failed to process due to network exception."},{"id":"d98a7775-d2da-493f-8e05-9e5bc737d3b3","email":"jacob.lopez@dropbox.net","message":"successfully handled skipped operation."},{"id":"29a05f33-122a-420e-a83d-0ba7aeb3d35d","email":"ava.davis@gmail.com","message":"successfully handled skipped operation."},{"id":"f96102b6-8dad-4102-a1ea-ba75459eb0de","email":"ava.davis@gmail.com","message":"successfully processed after 5637 milliseconds."},{"id":"26fba699-4519-4bc9-ae85-1dd1cec71165","email":"sarah.green@amerisave.com","message":"failed to process due to network exception."},{"id":"bff82763-fa73-487f-b7e5-d159e0c862bd","email":"hannah.martin@dropbox.net","message":"successfully handled skipped operation."},{"id":"44b66bc9-1512-48d5-881b-1ca69e84725d","email":"alyssa.jones@amerisave.com","message":"failed to process due to datastore timeout of 30 seconds.  operation took 63 seconds."},{"id":"2e6b9cd5-457c-428c-8f44-3ad669df3dad","email":"samantha.scott@me.com","message":"failed to process due to datastore timeout of 30 seconds.  operation took 96 seconds."},{"id":"3f1a10cb-ebc6-4155-84a5-4fe3c8edce92","email":"ella.anderson@dropbox.net","message":"failed to process due to datastore timeout of 30 seconds.  operation took 36 seconds."},{"id":"dbfa70da-7cc6-445d-bacd-2297a754983e","email":"matthew.walker@amerisave.com","message":"successfully processed after 3829 milliseconds."},{"id":"0c276c53-b5b7-4a0f-99e8-11ac9c90ee6f","email":"alyssa.jones@amerisave.com","message":"failed to process due to network exception."},{"id":"88bdc553-9477-45b7-9a30-ce3458c233af","email":"chloe.garcia@dropbox.net","message":"successfully processed after 3713 milliseconds."},{"id":"ba174f23-647b-4667-8b1b-2ce2c4a28613","email":"ella.anderson@dropbox.net","message":"successfully processed after 7374 milliseconds."},{"id":"1f8eb9f6-3bf4-4308-9744-4ad3c49f6f0e","email":"sarah.green@amerisave.com","message":"successfully processed after 6582 milliseconds."},{"id":"2d0e38dc-c642-45a0-9539-266053478d4c","email":"samantha.scott@me.com","message":"failed to process due to network exception."},{"id":"5f0b7fac-407b-4326-a6ae-f9c52267ab06","email":"logan.clark@dropbox.net","message":"successfully handled skipped operation."},{"id":"639390fc-9a76-4ed2-ae23-92bd85fe8b66","email":"sarah.green@amerisave.com","message":"successfully processed after 9610 milliseconds."},{"id":"5bb26b70-a2f1-42d8-9ea7-79c9482b6573","email":"grace.moore@gmail.com","message":"failed to process due to datastore timeout of 30 seconds.  operation took 60 seconds."},{"id":"872f515e-287b-4ffd-ac42-0140100aabf1","email":"sarah.green@amerisave.com","message":"successfully parsed message, but message temporarily enqueued while system restarts."},{"id":"78618284-c961-4e93-8c18-312728cd0f6a","email":"logan.clark@dropbox.net","message":"successfully handled skipped operation."},{"id":"a3d60849-02f9-48af-bf9e-6471778022b6","email":"chloe.garcia@dropbox.net","message":"failed to process due to datastore timeout of 30 seconds.  operation took 42 seconds."},{"id":"eb45ad92-0a70-4a10-85bd-aac507e18250","email":"daniel.rodriguez@amerisave.com","message":"successfully handled skipped operation."},{"id":"48b831d1-bd04-4105-ad02-79beb66573f4","email":"mason.robinson@amerisave.com","message":"successfully parsed message, but message temporarily enqueued while system restarts."},{"id":"c05c5be5-298f-4353-bb6c-30410cd71510","email":"ava.davis@gmail.com","message":"successfully parsed message, but message temporarily enqueued while system restarts."},{"id":"f275bea7-c400-4cbd-8bd1-b6b6fbe8a33a","email":"michael.hall@dropbox.net","message":"successfully parsed message, but message temporarily enqueued while system restarts."},{"id":"35abd159-6419-4e45-b6b8-5cabe3d73e1d","email":"taylor.adams@gmail.com","message":"successfully handled skipped operation."},{"id":"2a011e3e-df48-44ed-a42d-61a28733a112","email":"noah.sanchez@me.com","message":"successfully parsed message, but message temporarily enqueued while system restarts."},{"id":"6b321ebf-bc6c-4bfd-b2fe-a6e01d817d2f","email":"andrew.miller@gmail.com","message":"successfully processed after 3154 milliseconds."},{"id":"662d3bec-9dba-42ab-bea7-e82c01750126","email":"noah.sanchez@me.com","message":"failed to process due to network exception."},{"id":"531b5c68-490e-4f53-8ac3-2644ffb63fad","email":"elizabeth.martinez@dropbox.net","message":"failed to process due to network exception."},{"id":"7aff7b0f-33d8-4b8a-9642-5766de579ec1","email":"aiden.johnson@microsoft.com","message":"successfully processed after 92 milliseconds."},{"id":"4944a455-1b53-486d-b04d-dbdf09548566","email":"logan.clark@dropbox.net","message":"successfully processed after 5658 milliseconds."},{"id":"d5757ef9-7897-4331-a14d-3d4ea82428af","email":"noah.sanchez@me.com","message":"successfully parsed message, but message temporarily enqueued while system restarts."},{"id":"38804c44-83e3-4cfa-bfd1-f1a55e72d15a","email":"tyler.nelson@microsoft.com","message":"failed to process due to datastore timeout of 30 seconds.  operation took 94 seconds."},{"id":"7368baf7-9e15-47d7-a264-b7e76cdc0f73","email":"noah.sanchez@me.com","message":"failed to process due to network exception."},{"id":"6401d75b-699c-4c0c-b4ab-b02b44d81db6","email":"tyler.nelson@microsoft.com","message":"successfully parsed message, but message temporarily enqueued while system restarts."},{"id":"f0dece8b-7c8d-4aae-b1a9-673d895e0b88","email":"jacob.lopez@dropbox.net","message":"failed to process due to datastore timeout of 30 seconds.  operation took 90 seconds."},{"id":"0c55c62b-a935-4365-8f10-16f2873a716f","email":"hannah.martin@dropbox.net","message":"successfully parsed message, but message temporarily enqueued while system restarts."},{"id":"fdd794fe-40d6-4b15-9bc3-069c8b2ae07b","email":"liam.gonzalez@me.com","message":"successfully parsed message, but message temporarily enqueued while system restarts."},{"id":"f6ee54ac-9490-4c78-b656-6813c2e0b571","email":"andrew.miller@gmail.com","message":"failed to process due to network exception."},{"id":"2d7ec711-2bf2-41db-b60c-741ef6682e40","email":"chloe.garcia@dropbox.net","message":"failed to process due to network exception."},{"id":"2074761a-ac88-4ae6-b7e6-627720f3d9f7","email":"emma.thomas@me.com","message":"successfully processed after 1383 milliseconds."},{"id":"9301ac40-66c4-4119-b63c-544938d56ebb","email":"joshua.lee@gmail.com","message":"successfully processed after 476 milliseconds."},{"id":"140ea875-34f3-4e25-b04f-a7be9d2c5983","email":"mason.robinson@amerisave.com","message":"failed to process due to network exception."},{"id":"89cfad34-1fa9-41a8-8c4e-e1e9e7dcb8cb","email":"olivia.wright@gmail.com","message":"successfully handled skipped operation."},{"id":"51f26178-8c7c-433c-b62c-5b53a669ac1f","email":"jackson.white@gmail.com","message":"successfully parsed message, but message temporarily enqueued while system restarts."},{"id":"f1e6fab1-3da7-4396-9a17-b97a637f1f68","email":"jack.thompson@me.com","message":"successfully parsed message, but message temporarily enqueued while system restarts."},{"id":"d8dae527-d7ab-479c-83d6-9d31ed740635","email":"sarah.green@amerisave.com","message":"failed to process due to network exception."},{"id":"b32186ee-9ee7-4148-a5b4-c80c97838308","email":"lily.harris@gmail.com","message":"successfully parsed message, but message temporarily enqueued while system restarts."},{"id":"cf3aedfe-699a-4b9c-a676-b3b7d21c2aa6","email":"samantha.scott@me.com","message":"failed to process due to network exception."},{"id":"50d5ff26-7665-4a30-936e-33df0a2c40ab","email":"sophia.baker@dropbox.net","message":"successfully processed after 5570 milliseconds."},{"id":"e601d4c7-374e-4ded-a5e3-7c3b621ce771","email":"ethan.hernandez@microsoft.com","message":"successfully handled skipped operation."},{"id":"467a29b8-e63b-4903-9398-82f23b7850f8","email":"jack.thompson@me.com","message":"successfully parsed message, but message temporarily enqueued while system restarts."},{"id":"cfe8e02a-4511-4a35-9125-9979fd63458b","email":"alexander.williams@gmail.com","message":"successfully handled skipped operation."},{"id":"457a454e-79b4-4b1f-a553-963d1fe55130","email":"sarah.green@amerisave.com","message":"successfully parsed message, but message temporarily enqueued while system restarts."},{"id":"34c66b44-ded6-4c40-8e65-ab23d361b53b","email":"aiden.johnson@microsoft.com","message":"successfully parsed message, but message temporarily enqueued while system restarts."},{"id":"dfabc71c-ee65-4f4c-9d96-8dfaf1c1af47","email":"ava.davis@gmail.com","message":"failed to process due to network exception."},{"id":"f030a947-89d7-4572-a7b5-4cfdfdee5713","email":"chloe.garcia@dropbox.net","message":"failed to process due to datastore timeout of 30 seconds.  operation took 125 seconds."},{"id":"ffc37a8f-0886-444b-8084-6dbc811198c0","email":"emma.thomas@me.com","message":"successfully processed after 3620 milliseconds."},{"id":"48daf845-650f-4390-8993-8fed6d4c0faf","email":"jackson.white@gmail.com","message":"successfully processed after 4224 milliseconds."},{"id":"8c8104c9-0569-4b0b-abad-45940fe1cec3","email":"emily.taylor@gmail.com","message":"failed to process due to datastore timeout of 30 seconds.  operation took 105 seconds."},{"id":"5243f39a-d786-4343-918d-642b4b4868e4","email":"ava.davis@gmail.com","message":"successfully handled skipped operation."},{"id":"6654dda4-cd96-43d5-9598-4566b757bdab","email":"jacob.lopez@dropbox.net","message":"successfully processed after 5078 milliseconds."},{"id":"f9cd963e-1563-46e8-8117-3508d25d8fff","email":"mia.perez@me.com","message":"successfully processed after 9606 milliseconds."},{"id":"eb0d5128-c7d2-45e8-a65b-37c5b3f78f02","email":"ella.anderson@dropbox.net","message":"failed to process due to datastore timeout of 30 seconds.  operation took 45 seconds."}],"id":"e6eefc8f-10dd-45b1-a9b2-8ca465cc17c8"}