{"logs":[{"id":"26591458-2697-4722-9b2b-7b0d0f2562d8","email":"abigail.smith@amerisave.com","message":"successfully parsed message, but message temporarily enqueued while system restarts."},{"id":"6db12ee7-9e91-4c52-a257-2472c2a44df1","email":"grace.moore@gmail.com","message":"successfully handled skipped operation."},{"id":"04291d2e-47ec-4202-85d8-a1a67ab6c150","email":"tyler.nelson@microsoft.com","message":"successfully handled skipped operation."},{"id":"76aa9f79-5388-4174-9e46-ff34d9a3739a","email":"sophia.baker@dropbox.net","message":"successfully parsed message, but message temporarily enqueued while system restarts."},{"id":"6d4e6b55-c3b5-44a0-a4a7-def29a03a974","email":"aiden.johnson@microsoft.com","message":"failed to process due to datastore timeout of 30 seconds.  operation took 96 seconds."},{"id":"7cfefc6d-4351-472d-922d-0418c02f3417","email":"ava.davis@gmail.com","message":"failed to process due to datastore timeout of 30 seconds.  operation took 125 seconds."},{"id":"793e09ab-cdc6-4a98-8ad5-46c16236e588","email":"ella.anderson@dropbox.net","message":"successfully handled skipped operation."},{"id":"5b556fa1-343f-4268-95e7-028a681d3b4f","email":"dylan.wilson@gmail.com","message":"failed to process due to datastore timeout of 30 seconds.  operation took 50 seconds."},{"id":"7782e454-f58b-4090-b603-bcf1f2ceec3e","email":"mia.perez@me.com","message":"failed to process due to datastore timeout of 30 seconds.  operation took 31 seconds."},{"id":"1222d32d-429d-4e92-9cc8-f05f343d0197","email":"ella.anderson@dropbox.net","message":"successfully processed after 6763 milliseconds."},{"id":"968043cf-3cb4-4f0e-a82a-d31bcc9936c1","email":"liam.gonzalez@me.com","message":"failed to process due to network exception."},{"id":"e567219f-5ec0-4765-aa17-a42f4e75b245","email":"liam.gonzalez@me.com","message":"successfully handled skipped operation."},{"id":"5fe3d6e4-a4b9-4f14-8401-3836efcc2e40","email":"joshua.lee@gmail.com","message":"successfully parsed message, but message temporarily enqueued while system restarts."},{"id":"cd6c0dc0-8633-42fd-80e2-c2e49b7f5308","email":"abigail.smith@amerisave.com","message":"failed to process due to network exception."},{"id":"88cebbe0-8aab-4e70-ba19-4c791f3c5b3d","email":"lily.harris@gmail.com","message":"failed to process due to network exception."},{"id":"27414a73-b945-4cd9-ae72-3b598322651e","email":"abigail.smith@amerisave.com","message":"successfully handled skipped operation."},{"id":"bd165adc-a2ef-4764-8de8-dedce1b53a63","email":"ella.anderson@dropbox.net","message":"successfully parsed message, but message temporarily enqueued while system restarts."},{"id":"f8a92fea-d465-4e49-b2bb-6b08fff5e71b","email":"michael.hall@dropbox.net","message":"successfully parsed message, but message temporarily enqueued while system restarts."},{"id":"25040ffe-7c68-42b6-9e00-22c2529bc6bf","email":"ethan.hernandez@microsoft.com","message":"successfully processed after 3244 milliseconds."},{"id":"342cc4b0-fa9d-47e3-a41e-a9b22cdf954d","email":"joshua.lee@gmail.com","message":"successfully handled skipped operation."},{"id":"4ed47c9d-7336-43f0-bdcf-d1d594100979","email":"lily.harris@gmail.com","message":"successfully parsed message, but message temporarily enqueued while system restarts."},{"id":"d1933623-a7bd-49e4-929a-6283c7010875","email":"madison.lewis@gmail.com","message":"failed to process due to network exception."},{"id":"bbeaec3e-6018-4f83-b07c-045bdbb52a05","email":"ethan.hernandez@microsoft.com","message":"failed to process due to network exception."},{"id":"c1c33920-c2ef-4de0-983a-81b35a7929d8","email":"matthew.walker@amerisave.com","message":"successfully handled skipped operation."},{"id":"96ce379b-9d6a-4d47-9209-25c6510e2208","email":"noah.sanchez@me.com","message":"successfully processed after 9969 milliseconds."},{"id":"d2e9ed16-b3b0-4d24-bc0e-e9a01375d415","email":"emily.taylor@gmail.com","message":"failed to process due to network exception."},{"id":"df202758-70c2-40b4-b211-e271771b780e","email":"andrew.miller@gmail.com","message":"successfully parsed message, but message temporarily enqueued while system restarts."},{"id":"ebbdae9f-3f50-4f5e-836b-4a7ea58f80bf","email":"logan.clark@dropbox.net","message":"successfully parsed message, but message temporarily enqueued while system restarts."},{"id":"3f3ea926-fdf8-41aa-b7af-c2744a18ffc1","email":"sophia.baker@dropbox.net","message":"failed to process due to datastore timeout of 30 seconds.  operation took 111 seconds."},{"id":"3cb20ff9-6d27-4f3f-b383-e0b01d9b8a1f","email":"ella.anderson@dropbox.net","message":"successfully parsed message, but message temporarily enqueued while system restarts."},{"id":"c79cf5d4-bb5b-4879-8a5b-606bf36722e2","email":"alyssa.jones@amerisave.com","message":"successfully handled skipped operation."},{"id":"c228ca51-1d90-4b2d-a091-f9323bd4e5a2","email":"mia.perez@me.com","message":"successfully processed after 105 milliseconds."},{"id":"0691d182-8c32-4a0a-a069-63a70b2b790e","email":"matthew.walker@amerisave.com","message":"failed to process due to network exception."},{"id":"bc3cdab2-979c-410b-9d30-153f18d64c23","email":"emma.thomas@me.com","message":"failed to process due to network exception."},{"id":"86386269-1fda-410c-a6b8-a37a92cca501","email":"logan.clark@dropbox.net","message":"successfully parsed message, but message temporarily enqueued while system restarts."},{"id":"8912bc38-01f7-4577-8cd3-ef47ee9a5b75","email":"sarah.green@amerisave.com","message":"successfully handled skipped operation."},{"id":"58ee14d2-6884-4180-8a0e-865568981261","email":"abigail.smith@amerisave.com","message":"successfully processed after 5501 milliseconds."},{"id":"942d47d4-7676-4ab9-b9c1-277592bea946","email":"dylan.wilson@gmail.com","message":"successfully parsed message, but message temporarily enqueued while system restarts."},{"id":"daa88aa0-61a5-4442-a345-a671a417fc66","email":"dylan.wilson@gmail.com","message":"successfully processed after 5520 milliseconds."},{"id":"f8e17d99-674c-4541-be5f-32045b454c55","email":"isabella.jackson@amerisave.com","message":"failed to process due to datastore timeout of 30 seconds.  operation took 54 seconds."},{"id":"a1b160d6-85fb-40ac-961b-357f9835e55c","email":"madison.lewis@gmail.com","message":"failed to process due to datastore timeout of 30 seconds.  operation took 126 seconds."},{"id":"26566aad-d1d5-4c3c-a091-1bb018e5e320","email":"elizabeth.martinez@dropbox.net","message":"successfully handled skipped operation."},{"id":"8a388a0a-7182-4428-b653-a868ee05e0de","email":"olivia.wright@gmail.com","message":"failed to process due to datastore timeout of 30 seconds.  operation took 54 seconds."},{"id":"2fbf63dc-23d7-4376-bb2a-6c3f80a372fc","email":"andrew.miller@gmail.com","message":"successfully processed after 2907 milliseconds."},{"id":"d2be1843-ce1f-421f-ab10-1e746e5a2410","email":"joshua.lee@gmail.com","message":"failed to process due to network exception."},{"id":"c33182bb-b03f-45e1-a6bf-2b1432fd37bf","email":"lily.harris@gmail.com","message":"successfully handled skipped operation."},{"id":"a895426d-e5ae-4320-a2b8-fd8eb7ccc575","email":"jacob.lopez@dropbox.net","message":"failed to process due to network exception."},{"id":"18171dc1-d5e8-421b-adfe-ede4f676ccb4","email":"lily.harris@gmail.com","message":"successfully handled skipped operation."},{"id":"4a80e4c5-e098-483d-a92c-00b170d51fc4","email":"ethan.hernandez@microsoft.com","message":"successfully handled skipped operation."},{"id":"10c46570-7459-4781-af1e-7be90bfdc9b3","email":"liam.gonzalez@me.com","message":"successfully processed after 5372 milliseconds."},{"id":"40d4a130-e0e5-44e8-b059-a871d2575835","email":"matthew.walker@amerisave.com","message":"successfully handled skipped operation."},{"id":"3391e344-afd9-4124-836e-0587f77c857d","email":"olivia.wright@gmail.com","message":"successfully processed after 4027 milliseconds."},{"id":"e3041342-1abe-48ca-85ac-2836dbf1a9ed","email":"nicholas.allen@microsoft.com","message":"failed to process due to datastore timeout of 30 seconds.  operation took 127 seconds."},{"id":"bb2b758d-a05a-4a24-a15d-d1ad9c21ad13","email":"noah.sanchez@me.com","message":"failed to process due to network exception."},{"id":"d1b31181-eb45-4aa0-b77c-386dbe159f7b","email":"michael.hall@dropbox.net","message":"successfully parsed message, but message temporarily enqueued while system restarts."},{"id":"d50fbcc6-c1cf-4df1-bb0d-713263cf6916","email":"emma.thomas@me.com","message":"failed to process due to datastore timeout of 30 seconds.  operation took 125 seconds."},{"id":"47022566-f490-4318-96b4-6d8b3ed356b7","email":"daniel.rodriguez@amerisave.com","message":"successfully parsed message, but message temporarily enqueued while system restarts."},{"id":"c1320928-90b2-43a1-a878-7e1dc2bbdd50","email":"ryan.king@dropbox.net","message":"failed to process due to datastore timeout of 30 seconds.  operation took 81 seconds."},{"id":"24f6de58-daf6-461b-aded-74f51e01a418","email":"nathan.young@microsoft.com","message":"failed to process due to network exception."},{"id":"54098a96-3f68-4243-815d-b5aa9c6073cd","email":"joshua.lee@gmail.com","message":"successfully handled skipped operation."},{"id":"4849fe07-4a4e-48ed-baf8-851956afc55d","email":"matthew.walker@amerisave.com","message":"failed to process due to network exception."},{"id":"fa1191fc-249f-4e4c-9f9a-23b5effa7b55","email":"alexis.brown@microsoft.com","message":"failed to process due to network exception."},{"id":"7038dde3-7b79-49a9-b11c-7f17bb69b5d6","email":"elizabeth.martinez@dropbox.net","message":"successfully parsed message, but message temporarily enqueued while system restarts."},{"id":"784916dd-a191-4d34-b387-f019234f01bc","email":"ryan.king@dropbox.net","message":"failed to process due to datastore timeout of 30 seconds.  operation took 66 seconds."},{"id":"8d78644a-d26d-45c7-a23b-e957cd62ce63","email":"ava.davis@gmail.com","message":"failed to process due to network exception."},{"id":"3e09b804-4726-48ec-858d-cca9de1983fa","email":"isabella.jackson@amerisave.com","message":"successfully processed after 4776 milliseconds."},{"id":"7b3791c1-a6f7-40cc-924b-843354a61b2f","email":"ava.davis@gmail.com","message":"successfully parsed message, but message temporarily enqueued while system restarts."},{"id":"026f8132-6672-48ef-aca7-07f3ec1295a4","email":"michael.hall@dropbox.net","message":"successfully processed after 5645 milliseconds."},{"id":"9973bd70-4a5f-4c28-b73a-d97251957503","email":"jackson.white@gmail.com","message":"failed to process due to network exception."},{"id":"49320e38-0d88-4682-83ce-49169538988e","email":"liam.gonzalez@me.com","message":"failed to process due to network exception."},{"id":"161281b0-3ac6-47b9-ac8b-0c4765c2a09b","email":"ethan.hernandez@microsoft.com","message":"failed to process due to network exception."},{"id":"02b2248b-cff0-4851-a7d5-ab1f481f6e58","email":"aiden.johnson@microsoft.com","message":"successfully handled skipped operation."},{"id":"fe017807-108b-4263-9372-efe7d7f03cb8","email":"hannah.martin@dropbox.net","message":"failed to process due to datastore timeout of 30 seconds.  operation took 55 seconds."},{"id":"ac4573f3-a159-4659-9d4d-30823d7add9f","email":"andrew.miller@gmail.com","message":"failed to process due to network exception."},{"id":"4e2d3d48-ac46-4f33-93e4-09c1a8ac3c6e","email":"matthew.walker@amerisave.com","message":"failed to process due to network exception."},{"id":"d6b88e97-e214-42ac-a9d0-589907c34345","email":"elizabeth.martinez@dropbox.net","message":"failed to process due to datastore timeout of 30 seconds.  operation took 41 seconds."},{"id":"5b8836ec-1d53-4255-a27f-6b8334b86d09","email":"ryan.king@dropbox.net","message":"successfully processed after 272 milliseconds."},{"id":"57641f1d-a07b-4b7a-9e20-044c48100051","email":"abigail.smith@amerisave.com","message":"successfully parsed message, but message temporarily enqueued while system restarts."},{"id":"686a9afd-f98d-4c9f-8ed3-679ed5e21bb3","email":"hannah.martin@dropbox.net","message":"successfully parsed message, but message temporarily enqueued while system restarts."},{"id":"f31fb8d7-003a-429d-b082-10fbdd7ebf88","email":"lily.harris@gmail.com","message":"successfully parsed message, but message temporarily enqueued while system restarts."},{"id":"71c4537a-2ed1-4429-af77-388ed1cd93b7","email":"aiden.johnson@microsoft.com","message":"successfully handled skipped operation."},{"id":"7c481366-4647-4a3f-92f1-299470053c70","email":"andrew.miller@gmail.com","message":"failed to process due to network exception."},{"id":"7a65a7ce-8248-49dd-b3b6-33d2a1c3e5c6","email":"logan.clark@dropbox.net","message":"failed to process due to network exception."},{"id":"28208de7-4988-4d40-b4ef-dc77f5b8114d","email":"isabella.jackson@amerisave.com","message":"successfully handled skipped operation."},{"id":"716dd950-163c-47a4-98fc-cf7dd870ff7f","email":"grace.moore@gmail.com","message":"successfully parsed message, but message temporarily enqueued while system restarts."},{"id":"8c990b33-60b8-4e2c-b3e7-3b463840c45d","email":"emma.thomas@me.com","message":"successfully processed after 2762 milliseconds."},{"id":"3a93866b-0895-422e-9890-307bb2f96a45","email":"ava.davis@gmail.com","message":"failed to process due to network exception."},{"id":"2ef558da-d39e-431d-a335-3a8b3a2c7415","email":"alyssa.jones@amerisave.com","message":"successfully processed after 3101 milliseconds."},{"id":"19f24eeb-62c2-471a-9627-3910d720830b","email":"nicholas.allen@microsoft.com","message":"successfully parsed message, but message temporarily enqueued while system restarts."},{"id":"7c4fa10c-d108-4c17-ae51-f79042343523","email":"abigail.smith@amerisave.com","message":"successfully handled skipped operation."},{"id":"c15dd491-7621-409a-a6dd-1fbbc3e1a651","email":"emily.taylor@gmail.com","message":"successfully processed after 7896 milliseconds."},{"id":"076daca2-1fa3-4ce2-a540-b5d50027dc7b","email":"noah.sanchez@me.com","message":"failed to process due to network exception."},{"id":"8a9e8d29-c293-4dd2-ba30-a60119d13492","email":"samantha.scott@me.com","message":"failed to process due to network exception."},{"id":"973983e9-81e3-4912-a36e-8412cbc209e6","email":"taylor.adams@gmail.com","message":"failed to process due to datastore timeout of 30 seconds.  operation took 54 seconds."},{"id":"1a044952-20ac-4ca7-a7ae-39325c615f30","email":"jack.thompson@me.com","message":"failed to process due to network exception."},{"id":"351bf409-8611-4e93-a061-996ee80e94bd","email":"alexis.brown@microsoft.com","message":"successfully parsed message, but message temporarily enqueued while system restarts."},{"id":"68eb8f1a-012c-4723-98c9-31ade3860c64","email":"noah.sanchez@me.com","message":"successfully handled skipped operation."},{"id":"5b15e933-6839-425e-9bbe-1c34e6e3320a","email":"aiden.johnson@microsoft.com","message":"successfully processed after 4389 milliseconds."},{"id":"04e9a9ff-54b5-49c8-8e76-fe3e29bf5487","email":"olivia.wright@gmail.com","message":"successfully handled skipped operation."},{"id":"c6b22d35-924f-4c6c-80a9-4f8856922116","email":"hannah.martin@dropbox.net","message":"failed to process due to network exception."},{"id":"267cb385-0a73-418e-9f8e-9607d09e7c54","email":"emma.thomas@me.com","message":"successfully handled skipped operation."},{"id":"e761f5e1-8b06-4a83-ab10-b32d7425db3e","email":"hannah.martin@dropbox.net","message":"successfully parsed message, but message temporarily enqueued while system restarts."},{"id":"0ad00d73-e761-4677-83fa-b5390299a9e1","email":"ella.anderson@dropbox.net","message":"successfully processed after 9964 milliseconds."},{"id":"18be348e-d410-4c15-b769-e504b7f03211","email":"daniel.rodriguez@amerisave.com","message":"successfully parsed message, but message temporarily enqueued while system restarts."},{"id":"80011c12-572f-4559-ac44-4d8f5558c55b","email":"elizabeth.martinez@dropbox.net","message":"failed to process due to datastore timeout of 30 seconds.  operation took 56 seconds."},{"id":"6630c186-9ef8-46b0-8440-ccd0633a1417","email":"lily.harris@gmail.com","message":"successfully handled skipped operation."},{"id":"ed218c87-2828-483a-85fe-286867b399a2","email":"chloe.garcia@dropbox.net","message":"successfully processed after 4907 milliseconds."},{"id":"3475b71a-bed1-4b8c-b5ba-34b4592686d2","email":"chloe.garcia@dropbox.net","message":"failed to process due to datastore timeout of 30 seconds.  operation took 109 seconds."},{"id":"341c65b7-8c2a-4dcd-99f9-db13b3b01782","email":"grace.moore@gmail.com","message":"failed to process due to datastore timeout of 30 seconds.  operation took 77 seconds."},{"id":"373e7f86-1bb1-4879-af69-426423757ec2","email":"sophia.baker@dropbox.net","message":"failed to process due to network exception."},{"id":"a818da8c-ae4c-44ab-8d97-69533bd1b8b2","email":"olivia.wright@gmail.com","message":"failed to process due to datastore timeout of 30 seconds.  operation took 83 seconds."},{"id":"e1587837-11e6-4c77-a693-3a7d2e79fc08","email":"taylor.adams@gmail.com","message":"successfully handled skipped operation."},{"id":"df37b160-6d0b-4957-9bbc-92c8415502d9","email":"daniel.rodriguez@amerisave.com","message":"successfully parsed message, but message temporarily enqueued while system restarts."},{"id":"7af1acd4-978a-4360-a8e8-43e3bd5f2049","email":"noah.sanchez@me.com","message":"successfully parsed message, but message temporarily enqueued while system restarts."},{"id":"49375221-d032-47a7-9343-fa42448b965a","email":"lily.harris@gmail.com","message":"successfully handled skipped operation."},{"id":"87067d02-efba-4ebf-b0a2-d88b7ea67665","email":"jackson.white@gmail.com","message":"successfully handled skipped operation."},{"id":"cbd6ce11-2c9d-4960-8e92-a763ba656cf1","email":"daniel.rodriguez@amerisave.com","message":"successfully handled skipped operation."},{"id":"f2d9c82e-d86c-47f4-95b8-e86440f54682","email":"jacob.lopez@dropbox.net","message":"successfully processed after 6476 milliseconds."},{"id":"90cd7c1d-1229-41ee-8ad3-827ae70b0ea3","email":"hannah.martin@dropbox.net","message":"successfully processed after 1802 milliseconds."},{"id":"b2af5be4-88ee-46f2-a6c4-d9b9b0c6c725","email":"alyssa.jones@amerisave.com","message":"failed to process due to network exception."},{"id":"a376a8b4-4779-4ede-a95e-0d62cb0b4b03","email":"michael.hall@dropbox.net","message":"failed to process due to network exception."},{"id":"c73dadf2-2295-4aa0-8b70-f9a51007b262","email":"samantha.scott@me.com","message":"failed to process due to datastore timeout of 30 seconds.  operation took 110 seconds."},{"id":"7887e2aa-92c2-4fcd-87f5-370ba4508472","email":"matthew.walker@amerisave.com","message":"failed to process due to datastore timeout of 30 seconds.  operation took 85 seconds."},{"id":"93a042c5-bac8-41c4-bf8a-f735cb84d33f","email":"liam.gonzalez@me.com","message":"successfully processed after 918 milliseconds."},{"id":"8aec2462-263e-45ef-b3f9-b5110003a4b7","email":"matthew.walker@amerisave.com","message":"successfully parsed message, but message temporarily enqueued while system restarts."},{"id":"28f4c8cd-b217-44e3-a487-926ef519a590","email":"alyssa.jones@amerisave.com","message":"successfully handled skipped operation."},{"id":"3d6a8776-1fee-4511-be7f-fb6ba980f0b0","email":"logan.clark@dropbox.net","message":"successfully processed after 256 milliseconds."},{"id":"bc25527e-38af-4b5d-8845-a1eab23e1f0d","email":"taylor.adams@gmail.com","message":"successfully handled skipped operation."},{"id":"225caaec-dd85-4f5b-ad57-79bbf451ba92","email":"emily.taylor@gmail.com","message":"successfully parsed message, but message temporarily enqueued while system restarts."},{"id":"27ecf63d-1d8a-4e24-a801-b22523045c49","email":"emma.thomas@me.com","message":"failed to process due to network exception."},{"id":"d56da623-4f48-48df-ad8c-0510aedcc6a1","email":"ella.anderson@dropbox.net","message":"successfully processed after 3346 milliseconds."},{"id":"7c16bef2-89e9-4bd7-b96f-4d828f6c8c1e","email":"logan.clark@dropbox.net","message":"successfully handled skipped operation."},{"id":"48cfc3c6-aa87-46e2-9219-93b128f0f366","email":"alyssa.jones@amerisave.com","message":"successfully processed after 9640 milliseconds."},{"id":"5aa32d72-fe0d-40b3-88d9-7a1ab8389561","email":"lily.harris@gmail.com","message":"successfully parsed message, but message temporarily enqueued while system restarts."},{"id":"4b18e250-8444-4e06-a036-37f83dd862dc","email":"logan.clark@dropbox.net","message":"failed to process due to datastore timeout of 30 seconds.  operation took 37 seconds."},{"id":"28a953ee-d67a-440b-a856-6eea3bbf0766","email":"emily.taylor@gmail.com","message":"successfully parsed message, but message temporarily enqueued while system restarts."},{"id":"9185e5f7-7e57-49cc-a4cc-d2c4b3c74d13","email":"sophia.baker@dropbox.net","message":"failed to process due to network exception."},{"id":"ad3b9473-771b-4ff4-b643-b1f385add934","email":"emma.thomas@me.com","message":"failed to process due to network exception."},{"id":"02dfc442-c9c7-42f5-baf4-f0aacd7da3c8","email":"ethan.hernandez@microsoft.com","message":"failed to process due to network exception."},{"id":"6b5cc322-833e-4033-a266-442274d89d6f","email":"ethan.hernandez@microsoft.com","message":"successfully processed after 2950 milliseconds."},{"id":"daafc666-c45e-4cd6-a20a-ce6c2bdcf4fe","email":"samantha.scott@me.com","message":"successfully handled skipped operation."},{"id":"ea21362a-5dba-4c4d-8e6f-d65856302c45","email":"isabella.jackson@amerisave.com","message":"failed to process due to network exception."},{"id":"d9eab48c-276b-4881-b368-d8ebff017fde","email":"mason.robinson@amerisave.com","message":"successfully handled skipped operation."},{"id":"33539976-6615-44ee-b3bf-8044df5a1eda","email":"mason.robinson@amerisave.com","message":"failed to process due to network exception."},{"id":"7f9969f6-8f2c-4f26-aa68-a71854f51517","email":"abigail.smith@amerisave.com","message":"failed to process due to network exception."},{"id":"fdc3b3e2-87f8-46e9-982b-1f1854647e20","email":"daniel.rodriguez@amerisave.com","message":"successfully parsed message, but message temporarily enqueued while system restarts."},{"id":"6cba23c8-4d65-4234-a3ac-0e9319807e72","email":"hannah.martin@dropbox.net","message":"failed to process due to datastore timeout of 30 seconds.  operation took 126 seconds."},{"id":"5f4cb6c1-1f38-488a-9ad1-9e3f2bbb089a","email":"aiden.johnson@microsoft.com","message":"successfully processed after 370 milliseconds."},{"id":"f312ce32-195b-446e-bde1-b05e6aec55bb","email":"jackson.white@gmail.com","message":"successfully parsed message, but message temporarily enqueued while system restarts."},{"id":"479ed9ae-19af-46d1-b294-969cfbb57da1","email":"olivia.wright@gmail.com","message":"failed to process due to datastore timeout of 30 seconds.  operation took 107 seconds."},{"id":"ba3f1666-02fb-40f9-8361-0666dd45f4dd","email":"noah.sanchez@me.com","message":"successfully processed after 1797 milliseconds."},{"id":"adabd13b-5d93-475b-9608-49efebe78dfd","email":"chloe.garcia@dropbox.net","message":"successfully parsed message, but message temporarily enqueued while system restarts."},{"id":"3aa9cb35-48d9-4c44-bcc9-6e2f3c0a740f","email":"chloe.garcia@dropbox.net","message":"successfully parsed message, but message temporarily enqueued while system restarts."},{"id":"52a080a1-20da-41c8-ba5d-7e77c3686bcd","email":"andrew.miller@gmail.com","message":"failed to process due to network exception."},{"id":"bb2958ad-59dd-4253-aa0b-a87eac111591","email":"jacob.lopez@dropbox.net","message":"successfully parsed message, but message temporarily enqueued while system restarts."},{"id":"03b0220d-7966-46d6-8348-385e30ab8047","email":"mia.perez@me.com","message":"failed to process due to network exception."},{"id":"2d524864-28c3-4ca3-8aaa-2e72f83459a6","email":"mason.robinson@amerisave.com","message":"failed to process due to network exception."},{"id":"36971dc2-8624-430e-83bf-6461fd330e77","email":"sarah.green@amerisave.com","message":"failed to process due to datastore timeout of 30 seconds.  operation took 90 seconds."},{"id":"841a8357-0fde-46d9-9787-01fe2b7aced8","email":"mia.perez@me.com","message":"successfully processed after 53 milliseconds."},{"id":"c0ed92b6-e865-4b83-b39a-5cbcc25c4553","email":"tyler.nelson@microsoft.com","message":"successfully processed after 5057 milliseconds."},{"id":"6105ed96-c8a0-4957-90ca-121f091e1d87","email":"taylor.adams@gmail.com","message":"failed to process due to datastore timeout of 30 seconds.  operation took 130 seconds."},{"id":"d9f364b2-c78a-40ba-8673-176df30755bb","email":"chloe.garcia@dropbox.net","message":"successfully parsed message, but message temporarily enqueued while system restarts."},{"id":"911d96a5-0a4d-41cb-aaae-8bd47f5e89b0","email":"mason.robinson@amerisave.com","message":"successfully parsed message, but message temporarily enqueued while system restarts."},{"id":"90cd1acd-c752-4218-9f27-f991f6a6b284","email":"mason.robinson@amerisave.com","message":"successfully parsed message, but message temporarily enqueued while system restarts."},{"id":"878c37d0-611e-4a81-878d-fc539aba5930","email":"nathan.young@microsoft.com","message":"failed to process due to datastore timeout of 30 seconds.  operation took 79 seconds."},{"id":"143a9d5f-8ef0-47be-bc5b-87455f678a30","email":"hannah.martin@dropbox.net","message":"successfully processed after 9227 milliseconds."},{"id":"d44959de-4652-484f-9ed1-99b0c913833c","email":"mason.robinson@amerisave.com","message":"failed to process due to network exception."},{"id":"59ece446-db0e-45e8-bea4-643b5a7d4a03","email":"madison.lewis@gmail.com","message":"successfully processed after 7160 milliseconds."},{"id":"5ce26709-a539-498f-b0ad-36c07c2cb187","email":"taylor.adams@gmail.com","message":"successfully handled skipped operation."},{"id":"5fa05483-7e3f-45e9-892b-006f5212b986","email":"grace.moore@gmail.com","message":"failed to process due to datastore timeout of 30 seconds.  operation took 107 seconds."},{"id":"9b919427-36c3-4c6b-9d1c-baba330a128c","email":"alexis.brown@microsoft.com","message":"failed to process due to network exception."},{"id":"7fbe796e-7bd7-4e94-b45c-5f761f820bfb","email":"matthew.walker@amerisave.com","message":"successfully handled skipped operation."},{"id":"71c7e264-6b8b-47d1-bb2e-bdae9785faad","email":"sophia.baker@dropbox.net","message":"failed to process due to network exception."},{"id":"2e9c4147-e135-421c-bdac-66efbcfbd789","email":"nicholas.allen@microsoft.com","message":"successfully processed after 4527 milliseconds."},{"id":"201097ed-0f83-42d9-b1c9-515fa0ef8d39","email":"aiden.johnson@microsoft.com","message":"successfully processed after 9737 milliseconds."},{"id":"2fcd1395-f152-4712-b220-c109e595a4eb","email":"alexander.williams@gmail.com","message":"successfully handled skipped operation."},{"id":"1121c901-2b3e-4325-924c-b08ed3118410","email":"olivia.wright@gmail.com","message":"failed to process due to datastore timeout of 30 seconds.  operation took 57 seconds."},{"id":"6111e56c-620c-4285-b949-799c69f68902","email":"andrew.miller@gmail.com","message":"successfully processed after 2565 milliseconds."},{"id":"4265a7ac-eeb1-4563-b856-73d3681c0b77","email":"matthew.walker@amerisave.com","message":"successfully processed after 9016 milliseconds."},{"id":"c5db0eb4-fdb8-4b5e-b86a-40d24fea4fc5","email":"daniel.rodriguez@amerisave.com","message":"failed to process due to network exception."},{"id":"966faff4-d976-4fa4-a81d-0ae0d385a08a","email":"mia.perez@me.com","message":"successfully parsed message, but message temporarily enqueued while system restarts."},{"id":"05f44be4-c15c-4905-b20b-4058481f9a2e","email":"chloe.garcia@dropbox.net","message":"successfully handled skipped operation."},{"id":"0a0f260b-17aa-4a55-ace2-b27f8086f170","email":"jack.thompson@me.com","message":"successfully processed after 4813 milliseconds."},{"id":"df07e470-645f-483b-8fd9-423c5b1e6437","email":"logan.clark@dropbox.net","message":"successfully handled skipped operation."},{"id":"7dbbc862-8ca7-43aa-bdc8-f4324527a0c9","email":"alyssa.jones@amerisave.com","message":"successfully processed after 465 milliseconds."},{"id":"b1efb1ea-9fdd-45ae-b3f4-07a972342685","email":"nathan.young@microsoft.com","message":"successfully handled skipped operation."},{"id":"4cb6c531-89f6-4cae-a81f-066ddb82f597","email":"daniel.rodriguez@amerisave.com","message":"successfully handled skipped operation."},{"id":"110ed234-4385-41c1-922d-bcc17e3ed815","email":"lily.harris@gmail.com","message":"failed to process due to datastore timeout of 30 seconds.  operation took 115 seconds."},{"id":"26e960a6-f21c-4d11-b74a-a578175db44f","email":"ava.davis@gmail.com","message":"successfully processed after 4004 milliseconds."},{"id":"3b5bbe62-2930-46ed-93d1-2249b6445ecf","email":"mia.perez@me.com","message":"successfully parsed message, but message temporarily enqueued while system restarts."},{"id":"c3d013e1-12cc-4cc2-812b-8173e12bd204","email":"nathan.young@microsoft.com","message":"successfully parsed message, but message temporarily enqueued while system restarts."},{"id":"6bdb4740-df82-4ab7-bd78-4949d89b9c1a","email":"tyler.nelson@microsoft.com","message":"failed to process due to datastore timeout of 30 seconds.  operation took 127 seconds."},{"id":"10e74cce-6f26-4bb0-9933-dd6c13c9a1ec","email":"samantha.scott@me.com","message":"successfully parsed message, but message temporarily enqueued while system restarts."},{"id":"e334e527-9c47-48e6-904f-165a0a8bd60e","email":"olivia.wright@gmail.com","message":"successfully handled skipped operation."},{"id":"63b13ae7-71b7-4ebf-9567-b27944a31353","email":"sarah.green@amerisave.com","message":"successfully processed after 3139 milliseconds."},{"id":"d7cc3558-4708-45d2-bee7-b79d8a81d356","email":"mason.robinson@amerisave.com","message":"successfully parsed message, but message temporarily enqueued while system restarts."},{"id":"6f8c5352-37d8-4f12-946d-1ea458701491","email":"elizabeth.martinez@dropbox.net","message":"failed to process due to datastore timeout of 30 seconds.  operation took 32 seconds."},{"id":"bcec8563-aec0-4346-86de-53a5030c6bbe","email":"mason.robinson@amerisave.com","message":"successfully parsed message, but message temporarily enqueued while system restarts."},{"id":"ac0ee78a-34c9-4a95-9f38-26d547f88451","email":"madison.lewis@gmail.com","message":"failed to process due to network exception."},{"id":"b600c630-29e4-46d3-92e2-d21d6ba1c6b3","email":"hannah.martin@dropbox.net","message":"failed to process due to datastore timeout of 30 seconds.  operation took 87 seconds."},{"id":"9cad9411-2774-4680-9d71-339dfb68a442","email":"alyssa.jones@amerisave.com","message":"failed to process due to datastore timeout of 30 seconds.  operation took 125 seconds."},{"id":"28109d7b-d9ab-4b32-b08d-0e2c5e619ece","email":"noah.sanchez@me.com","message":"successfully processed after 6468 milliseconds."},{"id":"717a8276-9217-4cea-bd02-3ada0f616916","email":"madison.lewis@gmail.com","message":"failed to process due to network exception."},{"id":"603cf7ec-ed95-44c4-bfba-ba0319502c1b","email":"emma.thomas@me.com","message":"successfully parsed message, but message temporarily enqueued while system restarts."},{"id":"ad20174e-1dd0-4c9d-bd76-414d485a93c4","email":"dylan.wilson@gmail.com","message":"failed to process due to datastore timeout of 30 seconds.  operation took 53 seconds."},{"id":"f37b230f-6587-4f6f-8c47-b2c923922a59","email":"ethan.hernandez@microsoft.com","message":"successfully parsed message, but message temporarily enqueued while system restarts."},{"id":"b41b54b7-480e-4c57-b9a7-24758c0a3af7","email":"mia.perez@me.com","message":"successfully processed after 579 milliseconds."},{"id":"60aaeb2f-2822-4329-b8fb-bcf8b201dafb","email":"dylan.wilson@gmail.com","message":"successfully handled skipped operation."},{"id":"9bb0e8db-5f85-4085-9228-62f443aaea87","email":"alexander.williams@gmail.com","message":"successfully handled skipped operation."},{"id":"1909b3db-5158-4ff4-b343-1cfcf895bb1c","email":"daniel.rodriguez@amerisave.com","message":"failed to process due to network exception."},{"id":"1c37795f-3928-4618-9157-2594523f06af","email":"andrew.miller@gmail.com","message":"successfully parsed message, but message temporarily enqueued while system restarts."},{"id":"9f4c602f-4f18-447d-9f75-3e47111371de","email":"grace.moore@gmail.com","message":"successfully parsed message, but message temporarily enqueued while system restarts."},{"id":"c327648a-3ed2-4ba7-ae87-fa477a4fc6b4","email":"grace.moore@gmail.com","message":"failed to process due to datastore timeout of 30 seconds.  operation took 32 seconds."},{"id":"bfdffb78-6718-4d1a-82fe-9b6817aecc0b","email":"jacob.lopez@dropbox.net","message":"successfully handled skipped operation."},{"id":"670304fa-a5bc-48a8-a0b8-abe63de5cea5","email":"elizabeth.martinez@dropbox.net","message":"failed to process due to network exception."},{"id":"12a70c0a-f975-47a9-bbce-84947c093a3b","email":"nathan.young@microsoft.com","message":"successfully processed after 6506 milliseconds."},{"id":"49907411-7ffc-44da-b399-9a2ad3bf526a","email":"emily.taylor@gmail.com","message":"failed to process due to network exception."},{"id":"c0522554-49f6-4116-a931-3fc49f181ada","email":"sophia.baker@dropbox.net","message":"failed to process due to datastore timeout of 30 seconds.  operation took 61 seconds."},{"id":"134806d2-71c6-486c-bfe8-4f5b298e8758","email":"jacob.lopez@dropbox.net","message":"successfully processed after 8406 milliseconds."},{"id":"73401338-115e-4b7f-a8b0-955f8702f37e","email":"andrew.miller@gmail.com","message":"failed to process due to datastore timeout of 30 seconds.  operation took 90 seconds."},{"id":"ae1e5823-c79c-458e-b7e2-84c3f5235322","email":"samantha.scott@me.com","message":"successfully parsed message, but message temporarily enqueued while system restarts."},{"id":"913799ac-8ea0-4134-b534-7ff181f23850","email":"jack.thompson@me.com","message":"successfully processed after 8333 milliseconds."},{"id":"e78ab1de-b740-4f01-836d-88f8d768b512","email":"emily.taylor@gmail.com","message":"successfully processed after 2298 milliseconds."},{"id":"74ed8b94-79d8-474b-93ca-44fe2fa27f5f","email":"alyssa.jones@amerisave.com","message":"successfully handled skipped operation."},{"id":"aeaf627d-8979-4773-8c88-a01af9b6d213","email":"nathan.young@microsoft.com","message":"successfully processed after 8355 milliseconds."},{"id":"30b46bff-2405-489b-9a4e-7594f43e90e5","email":"isabella.jackson@amerisave.com","message":"successfully parsed message, but message temporarily enqueued while system restarts."},{"id":"a77dbb5f-e84d-4ef0-946e-6fe44d193fc2","email":"nicholas.allen@microsoft.com","message":"successfully parsed message, but message temporarily enqueued while system restarts."},{"id":"48d56a0b-c8b0-44a9-9a0d-e32ca3af3af5","email":"mason.robinson@amerisave.com","message":"failed to process due to network exception."},{"id":"0c267457-98c7-41e5-89df-41492916b568","email":"mason.robinson@amerisave.com","message":"successfully parsed message, but message temporarily enqueued while system restarts."},{"id":"9e307704-4c29-4af2-ab56-49f7cbd7cc22","email":"nathan.young@microsoft.com","message":"failed to process due to datastore timeout of 30 seconds.  operation took 116 seconds."},{"id":"4d7186d5-ec3f-4bc5-bc7e-1b457ebed363","email":"andrew.miller@gmail.com","message":"failed to process due to network exception."},{"id":"ef8b7154-cead-47bc-8c52-f1d24768f31d","email":"jack.thompson@me.com","message":"failed to process due to network exception."},{"id":"6ea8d0a7-6c80-40cc-b4e1-c71b214ae7bd","email":"tyler.nelson@microsoft.com","message":"failed to process due to datastore timeout of 30 seconds.  operation took 106 seconds."},{"id":"1fbc8180-cc2c-4af9-9c09-25c4691e624b","email":"sarah.green@amerisave.com","message":"successfully parsed message, but message temporarily enqueued while system restarts."},{"id":"23337747-5b39-4843-8eb7-f3249e53b59f","email":"mia.perez@me.com","message":"failed to process due to datastore timeout of 30 seconds.  operation took 119 seconds."},{"id":"ceb69d8d-eebb-488f-85b3-c3d649f613f3","email":"noah.sanchez@me.com","message":"successfully parsed message, but message temporarily enqueued while system restarts."},{"id":"36547561-c16e-44cb-aa77-c1173883c6e4","email":"ava.davis@gmail.com","message":"failed to process due to network exception."},{"id":"c186c984-ebd4-40d9-95e9-80241708851e","email":"abigail.smith@amerisave.com","message":"successfully handled skipped operation."},{"id":"c4ff3157-115e-425e-a992-05f77e97926d","email":"emma.thomas@me.com","message":"failed to process due to datastore timeout of 30 seconds.  operation took 42 seconds."},{"id":"d52ae721-9d8a-491d-9e7a-139ec827cedc","email":"noah.sanchez@me.com","message":"successfully parsed message, but message temporarily enqueued while system restarts."},{"id":"c6bddc5c-332a-4b36-8828-f1b1c0c59aa3","email":"sarah.green@amerisave.com","message":"failed to process due to datastore timeout of 30 seconds.  operation took 122 seconds."},{"id":"39bddf31-7765-4082-bc44-2fbb22ac7307","email":"alexander.williams@gmail.com","message":"successfully parsed message, but message temporarily enqueued while system restarts."},{"id":"6e32457a-d0fa-49dc-90a1-1e11735eb24f","email":"joshua.lee@gmail.com","message":"successfully parsed message, but message temporarily enqueued while system restarts."},{"id":"85187a76-502f-46e6-b847-f1003e57e671","email":"jacob.lopez@dropbox.net","message":"failed to process due to datastore timeout of 30 seconds.  operation took 90 seconds."},{"id":"3882bff0-785a-417f-9746-0d4bf3f4e032","email":"samantha.scott@me.com","message":"successfully parsed message, but message temporarily enqueued while system restarts."},{"id":"21d5f9df-37cf-429a-8fa1-b44dca38edbc","email":"madison.lewis@gmail.com","message":"successfully parsed message, but message temporarily enqueued while system restarts."},{"id":"9e203544-8440-4861-a4d5-5b9c2b380d24","email":"madison.lewis@gmail.com","message":"failed to process due to datastore timeout of 30 seconds.  operation took 58 seconds."},{"id":"a92bee67-5b3b-48e1-976c-ee27f82a761a","email":"alexander.williams@gmail.com","message":"successfully processed after 5759 milliseconds."},{"id":"d46ebd82-1f63-46ab-aa43-183d7feac674","email":"sophia.baker@dropbox.net","message":"successfully parsed message, but message temporarily enqueued while system restarts."},{"id":"8f269fd8-5d6a-45b1-b615-2c016ddb88fb","email":"hannah.martin@dropbox.net","message":"successfully processed after 8490 milliseconds."},{"id":"cba80d02-dafa-470b-85ba-fdb42020f160","email":"dylan.wilson@gmail.com","message":"failed to process due to network exception."},{"id":"b47d6794-9190-46d6-995a-bd6ac50c2ece","email":"alexis.brown@microsoft.com","message":"failed to process due to network exception."},{"id":"f7438098-a6a0-4f8b-a236-b085fa221b23","email":"dylan.wilson@gmail.com","message":"successfully processed after 2598 milliseconds."},{"id":"778469b5-32a6-403e-9c8c-a970c0b1bec8","email":"mason.robinson@amerisave.com","message":"successfully handled skipped operation."},{"id":"fd1060e2-e832-4228-bf93-1e6f84492378","email":"jack.thompson@me.com","message":"successfully handled skipped operation."},{"id":"38befa0e-3d15-4dc7-bae0-260ca20f1ef4","email":"alexander.williams@gmail.com","message":"successfully parsed message, but message temporarily enqueued while system restarts."}],"id":"f03db73f-5f71-43a6-9dbb-fc62936b3bb5"}