{"logs":[{"id":"f98d87e4-a928-47aa-a022-3397621f93f0","email":"lily.harris@gmail.com","message":"failed to process due to datastore timeout of 30 seconds.  operation took 48 seconds."},{"id":"e5f8934f-7e9a-4bf5-9d0a-5685fa48caf2","email":"joshua.lee@gmail.com","message":"successfully processed after 7081 milliseconds."},{"id":"91118045-2707-4f53-ac38-c3df56a329b5","email":"alyssa.jones@amerisave.com","message":"successfully processed after 322 milliseconds."},{"id":"cc6484be-a74f-456f-9237-811aa17ba708","email":"taylor.adams@gmail.com","message":"failed to process due to datastore timeout of 30 seconds.  operation took 51 seconds."},{"id":"6e2f269d-c64b-4ddf-a9be-caae8c8e1ad9","email":"lily.harris@gmail.com","message":"successfully handled skipped operation."},{"id":"e27319ed-b261-4048-8ead-08d3236bd19b","email":"ethan.hernandez@microsoft.com","message":"successfully handled skipped operation."},{"id":"b17e9c57-e6db-4ef7-ba42-a997a1260e06","email":"nicholas.allen@microsoft.com","message":"successfully processed after 6972 milliseconds."},{"id":"82b46909-928c-44e1-91e5-5e11c533afe6","email":"elizabeth.martinez@dropbox.net","message":"successfully parsed message, but message temporarily enqueued while system restarts."},{"id":"70184169-aea2-43a5-a42f-d0e8d0b090ca","email":"samantha.scott@me.com","message":"failed to process due to datastore timeout of 30 seconds.  operation took 115 seconds."},{"id":"70f2a8fe-632d-4ad4-b13e-f864ef2d57fb","email":"tyler.nelson@microsoft.com","message":"successfully parsed message, but message temporarily enqueued while system restarts."},{"id":"7ea66c94-a239-48dd-9576-de6cf0ec8e30","email":"michael.hall@dropbox.net","message":"successfully parsed message, but message temporarily enqueued while system restarts."},{"id":"3e39ff96-7e8c-46d1-a23e-f288dcf04183","email":"ryan.king@dropbox.net","message":"successfully handled skipped operation."},{"id":"5baec85d-740f-4324-bf36-4228e7c1fc00","email":"ella.anderson@dropbox.net","message":"successfully handled skipped operation."},{"id":"093344ec-c2cc-4cd0-9fad-c00de2b50560","email":"isabella.jackson@amerisave.com","message":"successfully handled skipped operation."},{"id":"b86b5bb4-1310-4cc5-a71d-c495201bcafd","email":"mia.perez@me.com","message":"successfully handled skipped operation."},{"id":"492fcf57-81a1-42c0-a2a3-7ede3898860b","email":"alexander.williams@gmail.com","message":"failed to process due to network exception."},{"id":"dd79d1e1-6f8e-44bc-b251-fcb7269c25c5","email":"jack.thompson@me.com","message":"successfully handled skipped operation."},{"id":"95ce08d5-28d3-40ab-8775-683ab99e2a02","email":"nicholas.allen@microsoft.com","message":"failed to process due to datastore timeout of 30 seconds.  operation took 126 seconds."},{"id":"ad3f811b-bd9f-4d94-bd6f-cfbc47bd1438","email":"ella.anderson@dropbox.net","message":"failed to process due to network exception."},{"id":"dbc83bdd-5c7f-4133-83cf-090a25025792","email":"olivia.wright@gmail.com","message":"failed to process due to network exception."},{"id":"37761768-5fcd-4f41-aceb-3bf163a78a37","email":"samantha.scott@me.com","message":"successfully parsed message, but message temporarily enqueued while system restarts."},{"id":"0f20cd5e-7cf7-423f-bcd1-3f1cd50faf7c","email":"matthew.walker@amerisave.com","message":"successfully processed after 6902 milliseconds."},{"id":"77fd3e67-0455-44fa-b60b-0cfd2385ac78","email":"madison.lewis@gmail.com","message":"successfully handled skipped operation."},{"id":"4cc24ab1-3832-4be2-98b8-c1c587d99794","email":"hannah.martin@dropbox.net","message":"successfully parsed message, but message temporarily enqueued while system restarts."},{"id":"77b61224-53f4-4b9f-9510-758fc9af484d","email":"michael.hall@dropbox.net","message":"failed to process due to datastore timeout of 30 seconds.  operation took 127 seconds."},{"id":"19ee037d-44d1-438f-844e-f52057849228","email":"jacob.lopez@dropbox.net","message":"failed to process due to network exception."},{"id":"216b80fd-4dfa-4497-ac63-146e752500b3","email":"ella.anderson@dropbox.net","message":"successfully handled skipped operation."},{"id":"3cdaa156-2322-47ca-8ec6-5114dec36447","email":"alexis.brown@microsoft.com","message":"successfully processed after 5788 milliseconds."},{"id":"fb4cd533-d9ec-49b0-a23a-a5d11556b369","email":"ethan.hernandez@microsoft.com","message":"failed to process due to network exception."},{"id":"2571a774-2851-4d8b-b86a-e74b79de5a3b","email":"daniel.rodriguez@amerisave.com","message":"successfully parsed message, but message temporarily enqueued while system restarts."},{"id":"6bec1c41-3cfc-4d13-90bc-fcb22dcfd53e","email":"hannah.martin@dropbox.net","message":"failed to process due to datastore timeout of 30 seconds.  operation took 96 seconds."},{"id":"df11cc23-e581-4a12-932f-1491ca36cfea","email":"jack.thompson@me.com","message":"successfully processed after 7619 milliseconds."},{"id":"415e6466-6e7a-434e-816c-53dbe61dc72d","email":"isabella.jackson@amerisave.com","message":"failed to process due to datastore timeout of 30 seconds.  operation took 115 seconds."},{"id":"a4a7ba99-d928-409f-87bf-e4317818603f","email":"daniel.rodriguez@amerisave.com","message":"successfully parsed message, but message temporarily enqueued while system restarts."},{"id":"51fd3ba2-909f-4290-9647-e5647462f38e","email":"alexis.brown@microsoft.com","message":"successfully processed after 9453 milliseconds."},{"id":"d2bcec6a-90fd-446b-9bfc-51087f7eee7f","email":"michael.hall@dropbox.net","message":"successfully parsed message, but message temporarily enqueued while system restarts."},{"id":"96a13b67-3c87-4cb7-826b-7bee3812d259","email":"lily.harris@gmail.com","message":"successfully parsed message, but message temporarily enqueued while system restarts."},{"id":"3bc2ff42-3e8d-4ff7-9a87-b649c6209680","email":"alyssa.jones@amerisave.com","message":"successfully processed after 3257 milliseconds."},{"id":"df639f6b-b88b-4535-bea9-59beb64edbba","email":"alyssa.jones@amerisave.com","message":"successfully parsed message, but message temporarily enqueued while system restarts."},{"id":"05385aed-497e-4d8d-9804-a3744a02010a","email":"matthew.walker@amerisave.com","message":"failed to process due to network exception."},{"id":"9acbcdb6-52e7-4350-aae9-917bf03682d1","email":"sarah.green@amerisave.com","message":"successfully handled skipped operation."},{"id":"ed6a8559-eacb-4db9-bf1b-e41bd718319d","email":"ella.anderson@dropbox.net","message":"successfully processed after 5210 milliseconds."},{"id":"6a4b7201-46b5-4ceb-8086-9dc724d0d589","email":"jackson.white@gmail.com","message":"failed to process due to datastore timeout of 30 seconds.  operation took 88 seconds."},{"id":"a28fba6d-12c7-4b5e-9b96-3c9c33325410","email":"ava.davis@gmail.com","message":"failed to process due to network exception."},{"id":"e58f172e-b0dd-4061-8b5e-16d40c01ad89","email":"daniel.rodriguez@amerisave.com","message":"failed to process due to network exception."},{"id":"0b2ca613-6881-4b29-84b0-a200475e1048","email":"daniel.rodriguez@amerisave.com","message":"successfully handled skipped operation."},{"id":"6f28fbaf-24fd-43d8-b427-15667f4cb3eb","email":"liam.gonzalez@me.com","message":"successfully processed after 559 milliseconds."},{"id":"d69507cc-7f7a-458d-af99-d4c755fd4cee","email":"grace.moore@gmail.com","message":"failed to process due to network exception."},{"id":"fe6c12d1-2639-473c-acd6-6e86fc762af6","email":"tyler.nelson@microsoft.com","message":"successfully handled skipped operation."},{"id":"a9f31c3c-cc3b-4cd3-a4f2-693f37d5d4db","email":"madison.lewis@gmail.com","message":"failed to process due to network exception."},{"id":"8b6c8f0b-4fb5-4409-a1ce-a57c73966c91","email":"alexis.brown@microsoft.com","message":"successfully handled skipped operation."},{"id":"4dce12f2-e1f9-4f2b-9257-b229eb820733","email":"nicholas.allen@microsoft.com","message":"successfully processed after 1360 milliseconds."},{"id":"fe006c62-e050-4b4d-a7b3-f5fbfd49e181","email":"ethan.hernandez@microsoft.com","message":"successfully handled skipped operation."},{"id":"b1f5c000-e232-4422-a4f7-d77b08afbcf4","email":"lily.harris@gmail.com","message":"successfully handled skipped operation."},{"id":"1e5d6e8e-7cc6-4fe9-a5b8-370746a10458","email":"sophia.baker@dropbox.net","message":"successfully processed after 9730 milliseconds."},{"id":"e2d13532-cfa7-48de-9f70-eed248da0783","email":"ethan.hernandez@microsoft.com","message":"failed to process due to network exception."},{"id":"26b3b88d-2c08-4492-b81e-8e8877b1c247","email":"daniel.rodriguez@amerisave.com","message":"successfully handled skipped operation."},{"id":"c1f65b1c-0009-4b8f-9636-cca3cd979eca","email":"ryan.king@dropbox.net","message":"successfully handled skipped operation."},{"id":"60e7812f-6ed9-45bf-aa02-f0253d65814c","email":"dylan.wilson@gmail.com","message":"successfully handled skipped operation."},{"id":"015ba019-fef6-4db8-ac25-8f969220e98a","email":"michael.hall@dropbox.net","message":"successfully parsed message, but message temporarily enqueued while system restarts."},{"id":"11cf9b12-8fda-4364-85f6-6d84bb9b567b","email":"chloe.garcia@dropbox.net","message":"failed to process due to datastore timeout of 30 seconds.  operation took 47 seconds."},{"id":"8f94ba0e-c1cd-42f3-8353-25443232c929","email":"tyler.nelson@microsoft.com","message":"successfully processed after 8417 milliseconds."},{"id":"631b0a91-5a25-4f88-9134-6b0eee92b834","email":"jacob.lopez@dropbox.net","message":"failed to process due to network exception."},{"id":"d17c194f-9f6e-445c-a7ce-dd6f450b0cd7","email":"aiden.johnson@microsoft.com","message":"successfully handled skipped operation."},{"id":"3f29e69c-4e07-46a0-a5b6-0114896b651f","email":"ryan.king@dropbox.net","message":"successfully handled skipped operation."},{"id":"1ecb01bc-ad42-49f6-9159-23bbb7423078","email":"ella.anderson@dropbox.net","message":"failed to process due to datastore timeout of 30 seconds.  operation took 67 seconds."},{"id":"c2692924-0267-4663-9274-467fda9cc9de","email":"mia.perez@me.com","message":"failed to process due to network exception."},{"id":"a6c506db-e022-49ea-badd-8ede5174f7c6","email":"alexis.brown@microsoft.com","message":"failed to process due to datastore timeout of 30 seconds.  operation took 125 seconds."},{"id":"0876d6fd-2430-48f6-87b2-c96c91d30876","email":"olivia.wright@gmail.com","message":"failed to process due to datastore timeout of 30 seconds.  operation took 124 seconds."},{"id":"fa5fc4b4-9360-4c5a-9805-dffd6bb3eac9","email":"alexander.williams@gmail.com","message":"successfully processed after 930 milliseconds."},{"id":"264f8630-2139-414c-a14a-3bc4e6ecedb2","email":"ava.davis@gmail.com","message":"successfully parsed message, but message temporarily enqueued while system restarts."},{"id":"6e3d90f5-256e-40f3-8d52-425d6acf2625","email":"lily.harris@gmail.com","message":"failed to process due to datastore timeout of 30 seconds.  operation took 103 seconds."},{"id":"afccb203-bbb9-4635-a9df-e3b8e39b0eb4","email":"ella.anderson@dropbox.net","message":"successfully processed after 8840 milliseconds."},{"id":"88d61cc6-551f-40ad-9464-46d924d4767a","email":"joshua.lee@gmail.com","message":"failed to process due to network exception."},{"id":"dc1d6977-1ef9-4e83-9623-f23566a2a696","email":"jack.thompson@me.com","message":"successfully parsed message, but message temporarily enqueued while system restarts."},{"id":"528432fc-e97b-4dd5-912e-0ac1ac4345b3","email":"nathan.young@microsoft.com","message":"successfully handled skipped operation."},{"id":"2a18a5a8-af61-497d-ac17-094bbdb01785","email":"alexander.williams@gmail.com","message":"successfully parsed message, but message temporarily enqueued while system restarts."},{"id":"a9003776-ba15-4991-965a-a208ae4e3567","email":"michael.hall@dropbox.net","message":"successfully processed after 721 milliseconds."},{"id":"751f7b8f-bb5f-49a9-bfad-59c3ca2d9252","email":"jackson.white@gmail.com","message":"failed to process due to network exception."},{"id":"e4c1ab06-0402-4b0c-ab27-9c468040172c","email":"andrew.miller@gmail.com","message":"successfully handled skipped operation."},{"id":"ff4879d6-4b48-4684-872f-8b879bfc84b4","email":"jack.thompson@me.com","message":"failed to process due to network exception."},{"id":"af5b23fb-8497-49a2-a18e-47b6f21b007f","email":"grace.moore@gmail.com","message":"successfully handled skipped operation."},{"id":"61fc42db-3606-483c-8196-e94cc992b5fd","email":"alyssa.jones@amerisave.com","message":"failed to process due to datastore timeout of 30 seconds.  operation took 119 seconds."},{"id":"4dcd95f9-8520-4535-93be-837a93ac308e","email":"mason.robinson@amerisave.com","message":"successfully parsed message, but message temporarily enqueued while system restarts."},{"id":"9ed576b9-4d52-43a4-b886-b585b4f06ffd","email":"elizabeth.martinez@dropbox.net","message":"successfully parsed message, but message temporarily enqueued while system restarts."},{"id":"774caa57-721a-46bc-ade1-b9e1bda7b8fb","email":"samantha.scott@me.com","message":"failed to process due to network exception."},{"id":"d61b4731-d403-4c7e-8fdc-944251e0a95b","email":"emily.taylor@gmail.com","message":"failed to process due to network exception."},{"id":"b51e677d-353b-4e7f-a2a6-09cad1d79f9d","email":"ryan.king@dropbox.net","message":"successfully processed after 8203 milliseconds."},{"id":"8e943f7b-0228-4aa6-9510-f8b3b6893932","email":"nathan.young@microsoft.com","message":"successfully processed after 6531 milliseconds."},{"id":"b871a846-36e3-4266-b58b-b115cb509eae","email":"dylan.wilson@gmail.com","message":"successfully processed after 4764 milliseconds."},{"id":"ef8d5418-f550-4e03-bdbc-f7cb89073709","email":"chloe.garcia@dropbox.net","message":"successfully handled skipped operation."},{"id":"a7ad0908-73e0-492f-862f-76a0e5015750","email":"hannah.martin@dropbox.net","message":"successfully handled skipped operation."},{"id":"c39f18b5-ca14-4ace-8fa6-ca88f93ffc4f","email":"emily.taylor@gmail.com","message":"successfully handled skipped operation."},{"id":"b1b6313d-3f48-4f42-af6c-7d2efc48538e","email":"mason.robinson@amerisave.com","message":"successfully handled skipped operation."},{"id":"ad8658ae-08da-405f-96aa-cb870ebf86c4","email":"dylan.wilson@gmail.com","message":"successfully processed after 69 milliseconds."},{"id":"ff758c00-d434-4f31-b26c-d0688ca7d849","email":"abigail.smith@amerisave.com","message":"failed to process due to network exception."},{"id":"caffb058-c5ab-4703-8230-c9d3c2d9a092","email":"sarah.green@amerisave.com","message":"successfully processed after 9796 milliseconds."},{"id":"42dc3dbd-bc17-4d33-8c39-cac7a3355ed8","email":"nicholas.allen@microsoft.com","message":"successfully handled skipped operation."},{"id":"34ef1f5b-1128-4d31-a04e-e82997230a87","email":"andrew.miller@gmail.com","message":"successfully processed after 5799 milliseconds."},{"id":"37cc43be-8564-42e6-9efe-0cb341b58a4a","email":"nicholas.allen@microsoft.com","message":"successfully processed after 5490 milliseconds."},{"id":"6f49f023-c9b0-4fea-a7a1-39981e94be8b","email":"sophia.baker@dropbox.net","message":"failed to process due to datastore timeout of 30 seconds.  operation took 55 seconds."},{"id":"5fca5dee-5e61-4057-89c9-d9032dba8511","email":"mia.perez@me.com","message":"successfully processed after 3454 milliseconds."},{"id":"d2a4134d-9ae0-4d6b-b3a8-252ad795696a","email":"jacob.lopez@dropbox.net","message":"failed to process due to datastore timeout of 30 seconds.  operation took 91 seconds."},{"id":"53d384c0-a371-4731-ab31-bbda35557a62","email":"michael.hall@dropbox.net","message":"successfully parsed message, but message temporarily enqueued while system restarts."},{"id":"7417df9d-021c-4ec9-a1a8-6847aadd332e","email":"emily.taylor@gmail.com","message":"failed to process due to network exception."}],"id":"d1efe322-b432-4ed1-8bc5-ccdc49c6a114"}