{"logs":[{"id":"7f76f22e-60b1-48e4-9ccc-ed6b47ac23af","email":"jacob.lopez@dropbox.net","message":"failed to process due to datastore timeout of 30 seconds.  operation took 93 seconds."},{"id":"8604cea3-e45f-4e15-b60a-1157040e790f","email":"nicholas.allen@microsoft.com","message":"successfully parsed message, but message temporarily enqueued while system restarts."},{"id":"588af4a1-0561-41e7-93d0-79bd69e8f74f","email":"abigail.smith@amerisave.com","message":"failed to process due to datastore timeout of 30 seconds.  operation took 51 seconds."},{"id":"8dd3ba28-4962-403a-ba27-414da4d3ad89","email":"elizabeth.martinez@dropbox.net","message":"successfully handled skipped operation."},{"id":"fafe7d0a-40d8-4b4f-a73e-555627a9e71a","email":"ethan.hernandez@microsoft.com","message":"successfully parsed message, but message temporarily enqueued while system restarts."},{"id":"facf6e26-5932-44cf-b7cb-8c9f5f3cd438","email":"nicholas.allen@microsoft.com","message":"failed to process due to datastore timeout of 30 seconds.  operation took 81 seconds."},{"id":"20798386-f4bb-400d-95a5-3466fc9a095f","email":"taylor.adams@gmail.com","message":"successfully parsed message, but message temporarily enqueued while system restarts."},{"id":"aa323580-0603-4ca7-bf70-f448338df10b","email":"hannah.martin@dropbox.net","message":"successfully processed after 9848 milliseconds."},{"id":"2844b208-2e7c-4d4e-adb2-cd3c26322dd9","email":"nathan.young@microsoft.com","message":"successfully processed after 8039 milliseconds."},{"id":"f513095d-d862-48d6-a29a-44e1b79a14fc","email":"mia.perez@me.com","message":"failed to process due to network exception."},{"id":"96ec0d23-d52c-43fd-b313-76013ed6b03e","email":"logan.clark@dropbox.net","message":"failed to process due to datastore timeout of 30 seconds.  operation took 64 seconds."},{"id":"b090f392-c387-434a-bfd7-8738e10cf911","email":"chloe.garcia@dropbox.net","message":"successfully parsed message, but message temporarily enqueued while system restarts."},{"id":"a8000a42-a6a8-48c2-ae27-b4f14a692788","email":"ava.davis@gmail.com","message":"failed to process due to network exception."},{"id":"3b2b747f-7ba5-4e51-bb1c-89fe73e9cb8c","email":"jacob.lopez@dropbox.net","message":"failed to process due to network exception."},{"id":"19914fca-24d0-4731-8987-4ff9b0962f73","email":"logan.clark@dropbox.net","message":"successfully parsed message, but message temporarily enqueued while system restarts."},{"id":"6f81ff72-9033-4c07-8ce4-759b50cf37a5","email":"jackson.white@gmail.com","message":"failed to process due to datastore timeout of 30 seconds.  operation took 88 seconds."},{"id":"aa078ba7-fa87-4177-82bd-8b3c7554e87d","email":"jacob.lopez@dropbox.net","message":"successfully processed after 5751 milliseconds."},{"id":"292d582c-258a-4fa8-9424-73738e9bbf05","email":"olivia.wright@gmail.com","message":"failed to process due to network exception."},{"id":"3764323c-e2bc-440e-9fba-8b640c6d2b59","email":"elizabeth.martinez@dropbox.net","message":"successfully parsed message, but message temporarily enqueued while system restarts."},{"id":"926be1d0-3a8f-4d36-a428-879fb9e3a095","email":"elizabeth.martinez@dropbox.net","message":"failed to process due to datastore timeout of 30 seconds.  operation took 43 seconds."},{"id":"809b7b98-3f36-44cc-95e0-3373a8319f95","email":"aiden.johnson@microsoft.com","message":"failed to process due to network exception."},{"id":"8d2ac312-0125-4730-9958-eb7e2456abd1","email":"noah.sanchez@me.com","message":"successfully processed after 6450 milliseconds."},{"id":"4fbc14ee-4d0a-424f-9ed4-bf81599a6a69","email":"matthew.walker@amerisave.com","message":"successfully processed after 948 milliseconds."},{"id":"741e31c3-9154-4593-b170-20b70fd5a504","email":"sophia.baker@dropbox.net","message":"failed to process due to datastore timeout of 30 seconds.  operation took 126 seconds."},{"id":"e57946a0-11fe-4648-85ad-943315370062","email":"lily.harris@gmail.com","message":"successfully processed after 7053 milliseconds."},{"id":"ab287151-73ac-4d4a-be05-26b86572e7f0","email":"elizabeth.martinez@dropbox.net","message":"successfully processed after 9327 milliseconds."},{"id":"5dbb4dcb-d0af-4d7c-9d63-59c8470c3be4","email":"nicholas.allen@microsoft.com","message":"successfully processed after 2469 milliseconds."},{"id":"8e886818-c95b-4dc0-ac78-961b808e6592","email":"abigail.smith@amerisave.com","message":"failed to process due to datastore timeout of 30 seconds.  operation took 71 seconds."},{"id":"aa441136-e745-4337-8cb7-dd25b3f03cd5","email":"tyler.nelson@microsoft.com","message":"failed to process due to datastore timeout of 30 seconds.  operation took 106 seconds."},{"id":"0a01d56a-f3ef-46cf-ad8a-887a66e3cb45","email":"liam.gonzalez@me.com","message":"successfully handled skipped operation."},{"id":"745891db-c792-4616-9f5e-59383e7d06ae","email":"sarah.green@amerisave.com","message":"successfully handled skipped operation."},{"id":"36d12bc0-a0ea-4dff-83b8-041068bbb7e8","email":"elizabeth.martinez@dropbox.net","message":"failed to process due to datastore timeout of 30 seconds.  operation took 130 seconds."},{"id":"fa04e624-2105-4a12-a8fc-cc8e5fa3fdaf","email":"tyler.nelson@microsoft.com","message":"successfully processed after 9759 milliseconds."},{"id":"fd753f95-7b68-44b5-a021-7a41db4dfcc3","email":"taylor.adams@gmail.com","message":"successfully handled skipped operation."},{"id":"5433e04e-d462-4896-b3e9-266ca6039e6c","email":"madison.lewis@gmail.com","message":"failed to process due to datastore timeout of 30 seconds.  operation took 115 seconds."},{"id":"8bf05715-a9c6-4188-a137-3f30d106349d","email":"emma.thomas@me.com","message":"successfully handled skipped operation."},{"id":"3e8f5bed-4706-4a54-8968-b92eb85c4149","email":"alyssa.jones@amerisave.com","message":"successfully parsed message, but message temporarily enqueued while system restarts."},{"id":"a1ca5e5e-68ca-4d7c-9ee9-14ec43a67741","email":"jack.thompson@me.com","message":"failed to process due to datastore timeout of 30 seconds.  operation took 117 seconds."},{"id":"5c01d733-38fd-425a-a28e-b40f478b7e2d","email":"logan.clark@dropbox.net","message":"failed to process due to datastore timeout of 30 seconds.  operation took 124 seconds."},{"id":"806fb9f7-cad0-4482-8034-56ca4f86febc","email":"emily.taylor@gmail.com","message":"successfully processed after 6066 milliseconds."},{"id":"eb29371a-0372-4cc7-be7b-8bcb2ecc0251","email":"grace.moore@gmail.com","message":"successfully handled skipped operation."},{"id":"82809b45-7c6d-4aab-aecf-0635af098176","email":"nathan.young@microsoft.com","message":"failed to process due to datastore timeout of 30 seconds.  operation took 93 seconds."},{"id":"07a1b90a-6382-4f90-a66f-10a369b6eac8","email":"sophia.baker@dropbox.net","message":"successfully processed after 2700 milliseconds."},{"id":"6f04d27a-39f3-4cd6-8188-e013ede5eaeb","email":"jack.thompson@me.com","message":"failed to process due to datastore timeout of 30 seconds.  operation took 113 seconds."},{"id":"83d73565-b5c6-414c-8c94-1b9bff3e6c0c","email":"mason.robinson@amerisave.com","message":"successfully parsed message, but message temporarily enqueued while system restarts."},{"id":"0c759da6-2ea4-4aeb-9f34-cc208b93bcb2","email":"matthew.walker@amerisave.com","message":"successfully handled skipped operation."},{"id":"d25a8e35-2a60-4a5a-88a8-b036f8c29054","email":"michael.hall@dropbox.net","message":"successfully handled skipped operation."},{"id":"d9529a0d-7045-48c3-8a55-eb928031700e","email":"sophia.baker@dropbox.net","message":"successfully processed after 5501 milliseconds."},{"id":"fe564076-4c9c-40c0-a434-d65ae47fb479","email":"tyler.nelson@microsoft.com","message":"failed to process due to network exception."},{"id":"faf84f09-21d3-4840-81f6-42b0fad22131","email":"jackson.white@gmail.com","message":"successfully handled skipped operation."},{"id":"41f16825-65fe-43a6-acc4-64828ef8c046","email":"noah.sanchez@me.com","message":"failed to process due to datastore timeout of 30 seconds.  operation took 59 seconds."},{"id":"57eb7423-b7e0-4179-a7fd-ac8471d78dcd","email":"ava.davis@gmail.com","message":"successfully processed after 3967 milliseconds."},{"id":"32e949f1-c6ce-4e44-bde6-d9d785898b09","email":"liam.gonzalez@me.com","message":"failed to process due to datastore timeout of 30 seconds.  operation took 101 seconds."},{"id":"dcffdb82-9fb7-4695-8516-cfe9ab13c397","email":"grace.moore@gmail.com","message":"successfully parsed message, but message temporarily enqueued while system restarts."},{"id":"a11f8ee8-3aad-41e0-8b4b-50a39669c414","email":"nicholas.allen@microsoft.com","message":"successfully parsed message, but message temporarily enqueued while system restarts."},{"id":"b073fca4-a05a-44ff-b3d9-a66519121890","email":"taylor.adams@gmail.com","message":"failed to process due to network exception."},{"id":"fd63a6df-3097-49bd-b1a9-61296e36c167","email":"madison.lewis@gmail.com","message":"successfully handled skipped operation."},{"id":"798249cb-f0ea-4712-800f-8ea5e29ecec2","email":"daniel.rodriguez@amerisave.com","message":"failed to process due to datastore timeout of 30 seconds.  operation took 31 seconds."},{"id":"2e5e9ae7-956c-49af-806b-9002f88bb4d2","email":"elizabeth.martinez@dropbox.net","message":"successfully processed after 4539 milliseconds."},{"id":"db2a2049-e8b3-4669-a2d0-2c13272ba1a4","email":"nicholas.allen@microsoft.com","message":"failed to process due to datastore timeout of 30 seconds.  operation took 116 seconds."},{"id":"6ad4605d-e8e5-4083-aeb9-5188bd1481fd","email":"madison.lewis@gmail.com","message":"successfully processed after 6423 milliseconds."},{"id":"efbfaeaf-eedd-4cbe-b590-ec5b104c48ba","email":"andrew.miller@gmail.com","message":"successfully processed after 5052 milliseconds."},{"id":"e4d6b4c4-30c4-41ba-82f0-f8f21a844858","email":"grace.moore@gmail.com","message":"successfully parsed message, but message temporarily enqueued while system restarts."},{"id":"db2bba28-3f35-457c-9c6c-7b2166b0da29","email":"jacob.lopez@dropbox.net","message":"failed to process due to network exception."},{"id":"c1da3ade-6147-43e1-ad63-eb0d368499ba","email":"ella.anderson@dropbox.net","message":"failed to process due to datastore timeout of 30 seconds.  operation took 88 seconds."},{"id":"b07e13b1-342e-4838-b742-2913869c7d9a","email":"jackson.white@gmail.com","message":"failed to process due to network exception."},{"id":"b8d8b96a-f84c-476b-8b66-cf3dc14746b3","email":"samantha.scott@me.com","message":"failed to process due to datastore timeout of 30 seconds.  operation took 89 seconds."},{"id":"4ad9ae57-39a3-4701-8110-79b587b521b6","email":"sarah.green@amerisave.com","message":"successfully parsed message, but message temporarily enqueued while system restarts."},{"id":"fad4bb03-0072-4230-bf5a-b58d1883e08a","email":"ethan.hernandez@microsoft.com","message":"successfully processed after 7586 milliseconds."},{"id":"8d1f69f1-bc1a-42cf-ad61-bc3f67fb4837","email":"tyler.nelson@microsoft.com","message":"successfully processed after 1010 milliseconds."},{"id":"25471b6b-0cbb-42c6-8a7a-deac00bb646c","email":"mia.perez@me.com","message":"failed to process due to datastore timeout of 30 seconds.  operation took 60 seconds."},{"id":"bc35c3a9-9493-40cd-9258-c516881115a8","email":"emma.thomas@me.com","message":"successfully processed after 35 milliseconds."},{"id":"7b9250a1-911e-4884-b875-2997ff4e4543","email":"taylor.adams@gmail.com","message":"successfully parsed message, but message temporarily enqueued while system restarts."},{"id":"64434f18-44c7-45bb-8ae4-4fd2b8a69657","email":"alyssa.jones@amerisave.com","message":"successfully parsed message, but message temporarily enqueued while system restarts."},{"id":"476a52cb-e282-4b03-a90a-e8902d1822cb","email":"madison.lewis@gmail.com","message":"successfully handled skipped operation."},{"id":"c43754c9-ef22-4fdf-b20f-8da70eb5176e","email":"isabella.jackson@amerisave.com","message":"failed to process due to network exception."},{"id":"ccefc146-5d86-489f-8d1d-be9a8db59b65","email":"samantha.scott@me.com","message":"successfully processed after 2591 milliseconds."},{"id":"1d59dae4-fce9-4a2e-92e4-09d2cb847965","email":"sarah.green@amerisave.com","message":"failed to process due to datastore timeout of 30 seconds.  operation took 126 seconds."},{"id":"da2c525e-d49a-4780-b20b-438b7325148c","email":"logan.clark@dropbox.net","message":"successfully handled skipped operation."},{"id":"87711ecd-6121-4453-9e4d-9193112ec0f6","email":"jack.thompson@me.com","message":"successfully handled skipped operation."},{"id":"6dec8826-13ae-4e19-9dad-c4ce5998eb83","email":"alexander.williams@gmail.com","message":"successfully parsed message, but message temporarily enqueued while system restarts."},{"id":"6560e469-4ecd-4219-a802-43e30fefd28c","email":"dylan.wilson@gmail.com","message":"failed to process due to network exception."},{"id":"2b0d9fea-2314-4f3e-aa03-91cba3d71407","email":"logan.clark@dropbox.net","message":"successfully parsed message, but message temporarily enqueued while system restarts."},{"id":"632c3c4b-bcb0-4d1f-8a8d-7e8dd8d411d0","email":"sarah.green@amerisave.com","message":"successfully processed after 1793 milliseconds."},{"id":"03d5815f-54ab-49d1-ad1b-ecd4bf339934","email":"emily.taylor@gmail.com","message":"failed to process due to network exception."},{"id":"49dd5e74-8055-49f4-8b24-ed53184c018d","email":"elizabeth.martinez@dropbox.net","message":"successfully processed after 1472 milliseconds."},{"id":"9b7a5d4a-5f46-4c57-9485-cbc6719b94a8","email":"dylan.wilson@gmail.com","message":"successfully processed after 5056 milliseconds."},{"id":"50bfdf99-8ee7-4804-8eed-eef9ea680e46","email":"elizabeth.martinez@dropbox.net","message":"successfully parsed message, but message temporarily enqueued while system restarts."},{"id":"12691008-6a64-44c1-9b1a-c29c07c07737","email":"nathan.young@microsoft.com","message":"successfully handled skipped operation."},{"id":"8d36e16a-a6db-421d-aac8-c941161c7b82","email":"sarah.green@amerisave.com","message":"successfully processed after 7780 milliseconds."},{"id":"06efeeee-c55c-4857-86a4-ba7393a0f529","email":"alexander.williams@gmail.com","message":"successfully handled skipped operation."},{"id":"21b95288-937a-4ab6-bd92-d16186d73883","email":"chloe.garcia@dropbox.net","message":"failed to process due to datastore timeout of 30 seconds.  operation took 41 seconds."},{"id":"0c996e60-4f00-479d-b9db-7ad4e004f80e","email":"ethan.hernandez@microsoft.com","message":"failed to process due to network exception."},{"id":"8de158ad-bf9e-4c2d-a5f3-b65823a05a23","email":"aiden.johnson@microsoft.com","message":"successfully handled skipped operation."},{"id":"b4c4a273-01e3-457f-b849-8326fd8dcf83","email":"noah.sanchez@me.com","message":"failed to process due to network exception."},{"id":"5892841b-ad05-4a25-a460-37c554ff23f5","email":"alyssa.jones@amerisave.com","message":"successfully processed after 9432 milliseconds."},{"id":"fb4941e2-fb2a-41e5-9161-35a6df35c599","email":"liam.gonzalez@me.com","message":"failed to process due to network exception."},{"id":"3ddac970-9ba5-4bdb-abac-9e7095d61079","email":"daniel.rodriguez@amerisave.com","message":"successfully processed after 3147 milliseconds."},{"id":"ea0ea87b-8ac5-4b46-9c6d-5f0b14319ec0","email":"ryan.king@dropbox.net","message":"failed to process due to network exception."},{"id":"69f585ca-a08b-4a38-951f-0985da996288","email":"hannah.martin@dropbox.net","message":"successfully handled skipped operation."},{"id":"e333b203-2bd9-4e6d-bc2e-48d78e4839e9","email":"sarah.green@amerisave.com","message":"failed to process due to datastore timeout of 30 seconds.  operation took 75 seconds."},{"id":"21b34482-8a18-4172-a214-6f8907af21e3","email":"abigail.smith@amerisave.com","message":"failed to process due to datastore timeout of 30 seconds.  operation took 123 seconds."},{"id":"8d491e51-1e64-4233-8d61-b23cdce57b30","email":"samantha.scott@me.com","message":"failed to process due to network exception."},{"id":"baa84ba7-c069-43d1-a159-2032b81a87ce","email":"nicholas.allen@microsoft.com","message":"failed to process due to datastore timeout of 30 seconds.  operation took 77 seconds."},{"id":"be8f6801-286e-404a-bcea-cb6864e92195","email":"jack.thompson@me.com","message":"failed to process due to network exception."},{"id":"0eb9d169-b2b8-4206-9488-6c723ed29a98","email":"alyssa.jones@amerisave.com","message":"failed to process due to datastore timeout of 30 seconds.  operation took 104 seconds."},{"id":"56730633-8600-428c-8cf9-5a0f59087c71","email":"emma.thomas@me.com","message":"successfully handled skipped operation."},{"id":"319bfb85-669b-4ede-8d51-9aa276339395","email":"mia.perez@me.com","message":"failed to process due to network exception."},{"id":"c4ec6154-7f84-49a1-8a73-590f3c6b0a42","email":"logan.clark@dropbox.net","message":"failed to process due to datastore timeout of 30 seconds.  operation took 100 seconds."},{"id":"4ad0837b-414a-44ac-a739-3c74835a69ed","email":"dylan.wilson@gmail.com","message":"successfully parsed message, but message temporarily enqueued while system restarts."},{"id":"da118f80-5622-4756-b59c-4b6db5358939","email":"sarah.green@amerisave.com","message":"successfully handled skipped operation."},{"id":"fc12ee99-fd4f-47ae-8a4d-d5c18e94845e","email":"chloe.garcia@dropbox.net","message":"failed to process due to network exception."},{"id":"5422d508-ccf0-42e6-8912-df9dfa1a5721","email":"lily.harris@gmail.com","message":"successfully parsed message, but message temporarily enqueued while system restarts."},{"id":"efa0f889-3280-4ee5-99f3-24d79c3570a4","email":"abigail.smith@amerisave.com","message":"successfully processed after 8842 milliseconds."},{"id":"4608f3fd-9b27-45f6-bb09-a8e285d3abec","email":"sarah.green@amerisave.com","message":"failed to process due to datastore timeout of 30 seconds.  operation took 100 seconds."},{"id":"fd80c164-7d54-4124-840d-90985610e7c3","email":"ava.davis@gmail.com","message":"successfully parsed message, but message temporarily enqueued while system restarts."},{"id":"9170d27d-1479-497e-aa8b-18417c9b1b74","email":"daniel.rodriguez@amerisave.com","message":"successfully processed after 3874 milliseconds."},{"id":"a15c4b10-0ba5-44fe-a55a-79da7c573525","email":"ryan.king@dropbox.net","message":"failed to process due to datastore timeout of 30 seconds.  operation took 56 seconds."},{"id":"173045dc-bd73-478e-a187-45eaf57fd8a4","email":"isabella.jackson@amerisave.com","message":"failed to process due to network exception."},{"id":"8ed64cf0-011d-48bd-96a7-4f2c90b72910","email":"liam.gonzalez@me.com","message":"successfully processed after 3422 milliseconds."},{"id":"87c4eacd-c063-4819-84f3-bc7a1d0c0f15","email":"tyler.nelson@microsoft.com","message":"failed to process due to datastore timeout of 30 seconds.  operation took 68 seconds."},{"id":"a2fd6833-7956-4f23-a779-e8a737116cd0","email":"emily.taylor@gmail.com","message":"failed to process due to network exception."},{"id":"d4602247-2f89-4ce4-a778-e07f0dce6278","email":"alexander.williams@gmail.com","message":"successfully parsed message, but message temporarily enqueued while system restarts."},{"id":"0ec45b8b-5f96-40ac-b2ec-325f38613b4a","email":"alexander.williams@gmail.com","message":"successfully handled skipped operation."},{"id":"984a12a1-7599-439b-8d79-3c73ef8f6dd3","email":"sarah.green@amerisave.com","message":"failed to process due to datastore timeout of 30 seconds.  operation took 37 seconds."},{"id":"f89f4428-2a30-4c76-aadb-8ec53f77da7e","email":"joshua.lee@gmail.com","message":"failed to process due to datastore timeout of 30 seconds.  operation took 52 seconds."},{"id":"b3cfe2bb-bf6d-4488-84fd-0650d26918c4","email":"hannah.martin@dropbox.net","message":"successfully handled skipped operation."},{"id":"cdf30dd0-add8-4bfa-90c5-07aa76a5ce14","email":"dylan.wilson@gmail.com","message":"successfully handled skipped operation."},{"id":"a084e6b2-cf8c-47ed-bea6-e9c62ccf9377","email":"alexander.williams@gmail.com","message":"successfully processed after 4895 milliseconds."},{"id":"c583b303-1428-4d54-a626-2daed760fe6b","email":"abigail.smith@amerisave.com","message":"successfully processed after 5661 milliseconds."},{"id":"e0b2a9a1-62aa-4d22-8d59-cde8c650712e","email":"madison.lewis@gmail.com","message":"successfully handled skipped operation."},{"id":"7a0ddfcc-626b-4daf-9f2f-6d998dad7337","email":"nicholas.allen@microsoft.com","message":"failed to process due to network exception."},{"id":"7daee05d-ddc2-4cac-aae6-c79dd9fe4f92","email":"chloe.garcia@dropbox.net","message":"successfully handled skipped operation."},{"id":"3a8aaf8f-fd25-4434-b057-72fcf3369260","email":"hannah.martin@dropbox.net","message":"successfully processed after 8145 milliseconds."},{"id":"2a2270b8-e10f-480f-b80c-3b0cf785b7f8","email":"olivia.wright@gmail.com","message":"successfully handled skipped operation."},{"id":"2155bf20-4f52-4b7e-9500-9f8e48241ac2","email":"chloe.garcia@dropbox.net","message":"failed to process due to datastore timeout of 30 seconds.  operation took 42 seconds."},{"id":"381b85d9-899e-4754-92b7-8d9ab5d63608","email":"nicholas.allen@microsoft.com","message":"successfully processed after 2925 milliseconds."},{"id":"34ba8a31-c775-47ea-832a-552c01c9f244","email":"liam.gonzalez@me.com","message":"failed to process due to network exception."},{"id":"c456f84f-ad97-4961-9413-4c48be224d07","email":"sarah.green@amerisave.com","message":"failed to process due to datastore timeout of 30 seconds.  operation took 78 seconds."},{"id":"c831174e-833d-4220-9096-5242a549fe42","email":"daniel.rodriguez@amerisave.com","message":"failed to process due to datastore timeout of 30 seconds.  operation took 102 seconds."},{"id":"7de975c1-77b2-4078-9761-5466417c4fc6","email":"joshua.lee@gmail.com","message":"successfully parsed message, but message temporarily enqueued while system restarts."},{"id":"2c21960c-39f9-47a2-98cc-c467708ce958","email":"samantha.scott@me.com","message":"successfully parsed message, but message temporarily enqueued while system restarts."},{"id":"87600b71-325b-4a39-be57-44e56ddb9885","email":"isabella.jackson@amerisave.com","message":"successfully handled skipped operation."},{"id":"d3ca1e4b-f126-49b2-9c99-2b66ea046d0c","email":"joshua.lee@gmail.com","message":"successfully handled skipped operation."},{"id":"59ebd6e4-e2d0-4014-a6ed-a6e5599e1d9f","email":"mason.robinson@amerisave.com","message":"failed to process due to datastore timeout of 30 seconds.  operation took 114 seconds."},{"id":"6a4c3f68-c7e8-4551-a921-cea889f372cc","email":"abigail.smith@amerisave.com","message":"successfully handled skipped operation."},{"id":"0683b7b2-64bf-4aaf-b254-f75908eef1c6","email":"andrew.miller@gmail.com","message":"failed to process due to datastore timeout of 30 seconds.  operation took 94 seconds."},{"id":"44e45bea-57ed-4038-8ac8-271af86a19cc","email":"nicholas.allen@microsoft.com","message":"failed to process due to datastore timeout of 30 seconds.  operation took 42 seconds."},{"id":"685ace37-4a46-466b-9964-fafaf19f97cc","email":"olivia.wright@gmail.com","message":"failed to process due to datastore timeout of 30 seconds.  operation took 127 seconds."},{"id":"aecb8a96-bc71-48bf-b027-ff2935406b7d","email":"lily.harris@gmail.com","message":"successfully processed after 4904 milliseconds."},{"id":"48c514f3-65f7-4627-8cc7-15e587f7d766","email":"hannah.martin@dropbox.net","message":"successfully handled skipped operation."},{"id":"0cec7b5f-642a-4f71-a724-22bbd5ef7b99","email":"jackson.white@gmail.com","message":"failed to process due to datastore timeout of 30 seconds.  operation took 42 seconds."},{"id":"3d428bd3-52cf-4d16-a7f3-1a6977772ddb","email":"tyler.nelson@microsoft.com","message":"failed to process due to datastore timeout of 30 seconds.  operation took 105 seconds."},{"id":"df7f2b1f-49ec-4882-8822-4aa801e38a31","email":"matthew.walker@amerisave.com","message":"failed to process due to datastore timeout of 30 seconds.  operation took 114 seconds."},{"id":"6f1c7cb4-c910-42d7-b34d-9b5ef08667fa","email":"sarah.green@amerisave.com","message":"successfully handled skipped operation."},{"id":"5c6413e9-281e-4410-8f2a-246555466a9a","email":"alexis.brown@microsoft.com","message":"successfully parsed message, but message temporarily enqueued while system restarts."},{"id":"07d1f494-9f80-4b4c-a6d5-2453663b996e","email":"alexander.williams@gmail.com","message":"successfully processed after 6793 milliseconds."},{"id":"a58badca-f048-4981-9ae4-2cd06005b4a5","email":"sophia.baker@dropbox.net","message":"failed to process due to network exception."},{"id":"5ef41918-dfa4-4a55-bb5a-73eeea5db5c4","email":"sarah.green@amerisave.com","message":"successfully parsed message, but message temporarily enqueued while system restarts."},{"id":"8a11a179-18d0-458a-8c7b-9ff5bcae6941","email":"alyssa.jones@amerisave.com","message":"failed to process due to network exception."},{"id":"e2b7159e-04bd-44b3-aba7-9af08d91af1b","email":"dylan.wilson@gmail.com","message":"failed to process due to network exception."},{"id":"3ee1b0cb-06ab-4e78-8ba4-2878910b3cbe","email":"daniel.rodriguez@amerisave.com","message":"successfully parsed message, but message temporarily enqueued while system restarts."},{"id":"d58fe6ef-feb3-4519-a91b-80d0ae140f3e","email":"logan.clark@dropbox.net","message":"failed to process due to network exception."},{"id":"cbbc9676-05ea-44af-ac07-f1a2f62c8c65","email":"tyler.nelson@microsoft.com","message":"successfully parsed message, but message temporarily enqueued while system restarts."},{"id":"d37dcc33-0a6e-4265-847e-bdb27ec05acf","email":"emily.taylor@gmail.com","message":"successfully processed after 4691 milliseconds."},{"id":"1e980b9a-279b-4369-ae82-8765d1250aab","email":"samantha.scott@me.com","message":"failed to process due to datastore timeout of 30 seconds.  operation took 70 seconds."},{"id":"6b35c04c-6943-4df9-9a2c-6fbd42d07b44","email":"mason.robinson@amerisave.com","message":"successfully parsed message, but message temporarily enqueued while system restarts."},{"id":"6df31c47-991e-48e4-bbfd-2e4ff5bdb1f7","email":"tyler.nelson@microsoft.com","message":"successfully processed after 6655 milliseconds."},{"id":"2bda4822-725d-4c29-b1e2-f9fe504e3abc","email":"samantha.scott@me.com","message":"failed to process due to datastore timeout of 30 seconds.  operation took 130 seconds."},{"id":"6999e4e9-4435-41ca-bfb2-1d4821625812","email":"nicholas.allen@microsoft.com","message":"failed to process due to network exception."},{"id":"c38a4afc-acdc-44f9-95cc-7d447d5fa4f5","email":"sarah.green@amerisave.com","message":"successfully processed after 1350 milliseconds."},{"id":"7f3ea5c3-ffae-4621-9602-38b92b08771d","email":"logan.clark@dropbox.net","message":"failed to process due to datastore timeout of 30 seconds.  operation took 81 seconds."},{"id":"0e74581c-830c-4b36-896e-1289e2be81fe","email":"abigail.smith@amerisave.com","message":"failed to process due to datastore timeout of 30 seconds.  operation took 43 seconds."},{"id":"4e422e85-1796-41f5-ac69-e4adcfcd5165","email":"ethan.hernandez@microsoft.com","message":"successfully parsed message, but message temporarily enqueued while system restarts."},{"id":"c1f241f1-838f-4b14-8d3b-bac56196fccc","email":"hannah.martin@dropbox.net","message":"successfully parsed message, but message temporarily enqueued while system restarts."},{"id":"d360d271-62ef-4024-b940-06ad6245b3c0","email":"madison.lewis@gmail.com","message":"successfully parsed message, but message temporarily enqueued while system restarts."},{"id":"ad1709d0-5f9d-46ad-a443-c17ce3ff181c","email":"tyler.nelson@microsoft.com","message":"failed to process due to network exception."},{"id":"692dd4fa-c33c-4d77-9a43-64be60d2a73a","email":"joshua.lee@gmail.com","message":"successfully handled skipped operation."},{"id":"a4a85023-6c16-49c4-be5c-57f5e7fc0c5f","email":"abigail.smith@amerisave.com","message":"failed to process due to datastore timeout of 30 seconds.  operation took 106 seconds."},{"id":"67d691a4-3255-469a-9f33-39709e3518f2","email":"hannah.martin@dropbox.net","message":"successfully handled skipped operation."},{"id":"de079101-9f32-46ae-ac93-3f10b40a976f","email":"nathan.young@microsoft.com","message":"successfully processed after 3693 milliseconds."},{"id":"68fbf356-8556-45a2-b479-e6243ef4b786","email":"ella.anderson@dropbox.net","message":"successfully processed after 8826 milliseconds."},{"id":"dd74452a-4bda-4718-8308-2fa58097db3f","email":"grace.moore@gmail.com","message":"successfully processed after 8437 milliseconds."},{"id":"e955f911-a01a-4cee-8376-81051b032ede","email":"chloe.garcia@dropbox.net","message":"successfully processed after 1840 milliseconds."},{"id":"9d5b6828-7685-4f05-982e-fe5246b76b7e","email":"isabella.jackson@amerisave.com","message":"successfully parsed message, but message temporarily enqueued while system restarts."},{"id":"2276dc9c-6c33-433e-b71a-1605e271fd70","email":"ava.davis@gmail.com","message":"failed to process due to datastore timeout of 30 seconds.  operation took 91 seconds."},{"id":"b10205ca-5107-4dd4-8dcf-86129ad5c0a3","email":"michael.hall@dropbox.net","message":"failed to process due to datastore timeout of 30 seconds.  operation took 69 seconds."},{"id":"f791c120-8643-4be4-9ed2-14c85bcd43b3","email":"joshua.lee@gmail.com","message":"successfully handled skipped operation."},{"id":"cc8f0039-bfbe-4658-8a68-dbc7920725c2","email":"ella.anderson@dropbox.net","message":"successfully handled skipped operation."},{"id":"5e4baca1-3415-443d-9e0c-fe3c4a03b34f","email":"dylan.wilson@gmail.com","message":"failed to process due to datastore timeout of 30 seconds.  operation took 123 seconds."},{"id":"98fa9e3a-0de0-433d-ba22-449b922b4abd","email":"isabella.jackson@amerisave.com","message":"successfully handled skipped operation."},{"id":"94fac176-7401-47cd-bc39-1967569bc05c","email":"daniel.rodriguez@amerisave.com","message":"failed to process due to datastore timeout of 30 seconds.  operation took 124 seconds."},{"id":"301dc662-00dd-4ace-a666-b5a3581f545c","email":"alyssa.jones@amerisave.com","message":"successfully processed after 2525 milliseconds."},{"id":"12e13175-a12c-45db-958b-128caf2fdf63","email":"logan.clark@dropbox.net","message":"failed to process due to datastore timeout of 30 seconds.  operation took 53 seconds."},{"id":"166fd17b-ee44-4628-8d0c-0007704be0d1","email":"abigail.smith@amerisave.com","message":"failed to process due to network exception."},{"id":"16069d73-4275-4704-9137-df76a92a16d5","email":"tyler.nelson@microsoft.com","message":"successfully handled skipped operation."},{"id":"ad09dc52-7440-4d2b-934d-5d41b260c94b","email":"ella.anderson@dropbox.net","message":"successfully handled skipped operation."},{"id":"6d255888-85f9-49a0-9b80-460b894a621d","email":"nathan.young@microsoft.com","message":"failed to process due to datastore timeout of 30 seconds.  operation took 89 seconds."},{"id":"12264fce-3d68-4e05-a741-4f134a924f17","email":"emma.thomas@me.com","message":"successfully processed after 5384 milliseconds."},{"id":"601d311d-5c81-45ff-9ee2-18c2facab27e","email":"jack.thompson@me.com","message":"successfully handled skipped operation."},{"id":"23023376-6330-4f05-8454-e1f1017ac5f9","email":"jack.thompson@me.com","message":"successfully processed after 4581 milliseconds."},{"id":"b271e0ac-89ac-4b34-a5bc-936bd6e4416c","email":"abigail.smith@amerisave.com","message":"successfully parsed message, but message temporarily enqueued while system restarts."},{"id":"382e6c7c-0788-42b4-b4eb-509cc03b554f","email":"noah.sanchez@me.com","message":"failed to process due to datastore timeout of 30 seconds.  operation took 65 seconds."},{"id":"ac881ec6-915a-4f41-946b-882f91431f92","email":"lily.harris@gmail.com","message":"successfully processed after 2187 milliseconds."},{"id":"b4455117-69ba-4997-b69e-52086cfe43d8","email":"jackson.white@gmail.com","message":"successfully parsed message, but message temporarily enqueued while system restarts."},{"id":"a028fa09-6bf4-4814-b827-9e1b19257bee","email":"joshua.lee@gmail.com","message":"failed to process due to network exception."},{"id":"b68bf2db-f3c6-4b9a-86e9-646e75fc87ed","email":"sophia.baker@dropbox.net","message":"successfully handled skipped operation."},{"id":"ce59f8d1-7048-47d2-9460-36238c92ad9f","email":"logan.clark@dropbox.net","message":"successfully parsed message, but message temporarily enqueued while system restarts."},{"id":"81c450d0-7e4c-47d0-b901-6fa234dc28cb","email":"logan.clark@dropbox.net","message":"failed to process due to datastore timeout of 30 seconds.  operation took 86 seconds."},{"id":"f418285a-b2a1-47d5-bc94-716abc2121b2","email":"lily.harris@gmail.com","message":"failed to process due to network exception."},{"id":"51aaaffd-a2a0-4f3e-9d1a-6709774a61f4","email":"taylor.adams@gmail.com","message":"successfully processed after 902 milliseconds."},{"id":"69a75a29-18f4-4ce2-bd6d-b4bce9330431","email":"jackson.white@gmail.com","message":"successfully processed after 8818 milliseconds."},{"id":"a6262f9d-156c-48e4-a833-7091c34b6258","email":"andrew.miller@gmail.com","message":"successfully processed after 8467 milliseconds."},{"id":"462ce988-8f87-4479-b8d7-b3a9fb609e7e","email":"chloe.garcia@dropbox.net","message":"successfully processed after 7399 milliseconds."},{"id":"2ab284d4-91cc-4b17-83d2-eac8bdac0b8c","email":"alyssa.jones@amerisave.com","message":"successfully processed after 8807 milliseconds."},{"id":"248627c3-ce0b-44fb-9d6d-55ed24bdaf53","email":"tyler.nelson@microsoft.com","message":"successfully parsed message, but message temporarily enqueued while system restarts."},{"id":"389c90bc-272e-45ef-9053-32b0d40a8a99","email":"ryan.king@dropbox.net","message":"failed to process due to network exception."},{"id":"e40c969e-a35e-4b7d-a87b-7c79fceb0679","email":"sophia.baker@dropbox.net","message":"successfully processed after 235 milliseconds."},{"id":"42699972-0ba6-42f8-9079-5c0be8ffe587","email":"matthew.walker@amerisave.com","message":"successfully processed after 7021 milliseconds."},{"id":"518c06b3-be66-468e-9971-1b9c8ffdac93","email":"emily.taylor@gmail.com","message":"failed to process due to network exception."},{"id":"10a80fb3-6ebf-4704-be5d-b1f28bfb123f","email":"nicholas.allen@microsoft.com","message":"successfully processed after 6938 milliseconds."},{"id":"e37ee639-c278-495e-a4ed-63c660d4c987","email":"alyssa.jones@amerisave.com","message":"successfully parsed message, but message temporarily enqueued while system restarts."},{"id":"77037f4a-5d58-4525-adbe-23fb49e7670a","email":"mia.perez@me.com","message":"successfully parsed message, but message temporarily enqueued while system restarts."},{"id":"d91be98f-129b-4234-a89f-6b0289ae6e33","email":"nicholas.allen@microsoft.com","message":"successfully handled skipped operation."},{"id":"6eb7a050-d05a-433f-8e68-74e3cde88b7e","email":"hannah.martin@dropbox.net","message":"failed to process due to network exception."},{"id":"cff3a8e5-e10f-4e3a-9b9e-f492c24d3336","email":"sarah.green@amerisave.com","message":"failed to process due to datastore timeout of 30 seconds.  operation took 101 seconds."},{"id":"e2ea0c15-63cf-4999-a8d4-0ffd12d42460","email":"mia.perez@me.com","message":"successfully handled skipped operation."},{"id":"78044edb-8b27-4fdd-bde9-394eee314e5d","email":"tyler.nelson@microsoft.com","message":"failed to process due to datastore timeout of 30 seconds.  operation took 52 seconds."},{"id":"3e00a2f4-536d-41c1-b207-6ffc3c06bcca","email":"ethan.hernandez@microsoft.com","message":"successfully parsed message, but message temporarily enqueued while system restarts."},{"id":"18e6d8b2-ba54-453a-a2d1-101b56f1669e","email":"grace.moore@gmail.com","message":"successfully handled skipped operation."},{"id":"02992137-fc70-42dd-b413-a0f6d26f6405","email":"liam.gonzalez@me.com","message":"failed to process due to network exception."},{"id":"cb2e3682-53fe-4977-a34d-0e02078add51","email":"sophia.baker@dropbox.net","message":"successfully parsed message, but message temporarily enqueued while system restarts."},{"id":"3c1b5557-1e1e-4c6e-8ae1-35e36a6ba43f","email":"alyssa.jones@amerisave.com","message":"successfully handled skipped operation."},{"id":"ec4dcc96-0fe2-4f9e-8a64-c4148201a568","email":"joshua.lee@gmail.com","message":"failed to process due to network exception."},{"id":"a333545f-4330-4c4a-a036-3405c5bd8d23","email":"alexis.brown@microsoft.com","message":"failed to process due to datastore timeout of 30 seconds.  operation took 126 seconds."},{"id":"f6292968-cd20-48fc-9233-ebb4d41d553a","email":"jack.thompson@me.com","message":"failed to process due to network exception."},{"id":"4864dde1-b9eb-49ce-bdd9-60b30cdad34b","email":"hannah.martin@dropbox.net","message":"failed to process due to network exception."},{"id":"7ff8fc97-cb7a-40e2-8470-02f59f1d95d3","email":"joshua.lee@gmail.com","message":"failed to process due to network exception."},{"id":"f02b6171-0286-461d-806f-4f37f214ec18","email":"hannah.martin@dropbox.net","message":"failed to process due to datastore timeout of 30 seconds.  operation took 42 seconds."},{"id":"83e05ff0-bbe7-4adc-9ae8-d51cfb1399ac","email":"emma.thomas@me.com","message":"failed to process due to network exception."},{"id":"c556d44c-3de6-48ff-bf5f-12bf8ac01115","email":"mia.perez@me.com","message":"successfully parsed message, but message temporarily enqueued while system restarts."},{"id":"bb514c89-d6a7-49c9-af10-1c6bdaf9768b","email":"mia.perez@me.com","message":"failed to process due to datastore timeout of 30 seconds.  operation took 73 seconds."},{"id":"fabab87b-9afb-41ac-851b-0703cee69b8c","email":"olivia.wright@gmail.com","message":"successfully parsed message, but message temporarily enqueued while system restarts."},{"id":"2e0031ce-11ef-4143-a5c2-18f175c4ca85","email":"mia.perez@me.com","message":"failed to process due to datastore timeout of 30 seconds.  operation took 67 seconds."},{"id":"db4cad88-dc3f-4a9f-a235-eb0c0c4c17f3","email":"ryan.king@dropbox.net","message":"failed to process due to network exception."},{"id":"a3ae6c00-d175-41b6-8507-8496b3d16667","email":"emma.thomas@me.com","message":"failed to process due to network exception."},{"id":"99300061-64fd-46dc-8740-654268249a0f","email":"hannah.martin@dropbox.net","message":"failed to process due to datastore timeout of 30 seconds.  operation took 110 seconds."},{"id":"aa3c6410-163a-4ab9-a7d1-0441cbbdc328","email":"grace.moore@gmail.com","message":"successfully processed after 9757 milliseconds."},{"id":"c4a721f5-0015-45a8-a229-d2353527bd32","email":"isabella.jackson@amerisave.com","message":"successfully handled skipped operation."},{"id":"7e311bc4-2923-4e3c-9a58-ea21991e89fa","email":"emily.taylor@gmail.com","message":"successfully handled skipped operation."},{"id":"f4cc7b63-ee81-4a65-afdb-8753935bea22","email":"ryan.king@dropbox.net","message":"successfully handled skipped operation."},{"id":"11d4ab0f-2f5d-475a-85e8-d0178c77de10","email":"sarah.green@amerisave.com","message":"successfully handled skipped operation."},{"id":"dcdc31bd-48df-46b1-982d-1456a268ce99","email":"michael.hall@dropbox.net","message":"successfully parsed message, but message temporarily enqueued while system restarts."},{"id":"52f85a8e-6e99-44ad-bc1b-db5a375015f4","email":"mason.robinson@amerisave.com","message":"successfully parsed message, but message temporarily enqueued while system restarts."},{"id":"8a337e41-7076-48b6-8ae0-46c87578994e","email":"liam.gonzalez@me.com","message":"failed to process due to datastore timeout of 30 seconds.  operation took 78 seconds."},{"id":"a83faf00-a3d9-49d5-878d-a6b7d7ccd551","email":"alexander.williams@gmail.com","message":"failed to process due to network exception."},{"id":"627fa1a2-6d71-4af0-bfc0-414db19cd7bd","email":"michael.hall@dropbox.net","message":"failed to process due to network exception."},{"id":"2d0bfaf7-6698-49f5-9c2f-8cb3dff4205a","email":"mia.perez@me.com","message":"failed to process due to datastore timeout of 30 seconds.  operation took 78 seconds."},{"id":"e6084656-b0ff-437d-95e1-5963436996f3","email":"grace.moore@gmail.com","message":"successfully handled skipped operation."},{"id":"f7a79137-302d-4326-b2dd-1bd99400e37c","email":"daniel.rodriguez@amerisave.com","message":"successfully parsed message, but message temporarily enqueued while system restarts."},{"id":"b515f6c8-7cce-4203-bf18-31d7ec4aa550","email":"alyssa.jones@amerisave.com","message":"successfully parsed message, but message temporarily enqueued while system restarts."},{"id":"8a768923-1897-48df-b755-dd4496ba2dcc","email":"emma.thomas@me.com","message":"successfully processed after 6763 milliseconds."},{"id":"49fe533e-2e30-4b24-9ea0-6a8954d6889a","email":"jack.thompson@me.com","message":"failed to process due to network exception."},{"id":"129b1fdf-06e2-4dc4-bb4c-7d6d1d82bace","email":"jackson.white@gmail.com","message":"successfully handled skipped operation."},{"id":"3fdc655d-bf66-4ba5-9ee4-c150cced9050","email":"madison.lewis@gmail.com","message":"successfully processed after 2784 milliseconds."},{"id":"2d44d1cf-da68-455b-a5f4-bdb45cbe6cce","email":"michael.hall@dropbox.net","message":"successfully parsed message, but message temporarily enqueued while system restarts."},{"id":"ae837b88-782b-4674-bb74-7c3d5346c6d3","email":"joshua.lee@gmail.com","message":"successfully parsed message, but message temporarily enqueued while system restarts."},{"id":"e0c5b257-747b-4dd3-ae87-0f35018da612","email":"daniel.rodriguez@amerisave.com","message":"successfully handled skipped operation."},{"id":"29d0d127-9c5d-438f-9547-afd3748f92a1","email":"chloe.garcia@dropbox.net","message":"successfully handled skipped operation."},{"id":"0d040b65-44ff-408b-bd04-a4719dff1984","email":"olivia.wright@gmail.com","message":"successfully handled skipped operation."},{"id":"8ee417d2-e127-43ec-a3be-3c421bfec4be","email":"nathan.young@microsoft.com","message":"successfully handled skipped operation."},{"id":"650a3f1b-0404-4ad3-b3a1-29e3597197f1","email":"joshua.lee@gmail.com","message":"successfully parsed message, but message temporarily enqueued while system restarts."},{"id":"c491fce2-bf45-46b0-8ca6-3780e3bddcef","email":"liam.gonzalez@me.com","message":"failed to process due to datastore timeout of 30 seconds.  operation took 95 seconds."},{"id":"cb55192e-825d-45eb-93a4-2d7270c6a493","email":"abigail.smith@amerisave.com","message":"failed to process due to datastore timeout of 30 seconds.  operation took 65 seconds."},{"id":"dcd968b6-5f77-4dd2-ad87-f30e019da793","email":"ryan.king@dropbox.net","message":"failed to process due to datastore timeout of 30 seconds.  operation took 33 seconds."},{"id":"f8b988d8-06f4-42c8-812a-197223a04fde","email":"jack.thompson@me.com","message":"successfully processed after 3211 milliseconds."},{"id":"436ff24e-c13f-49b7-9cac-26b9cc89537d","email":"dylan.wilson@gmail.com","message":"failed to process due to network exception."},{"id":"9ea96a12-69ab-4e47-a6c7-7b81d4b24b3d","email":"alyssa.jones@amerisave.com","message":"failed to process due to network exception."},{"id":"99e994c8-6edd-4dde-afa1-f14beb3741b4","email":"dylan.wilson@gmail.com","message":"successfully handled skipped operation."},{"id":"c901d1bb-d670-4fee-904d-290ed570c53c","email":"mia.perez@me.com","message":"failed to process due to datastore timeout of 30 seconds.  operation took 112 seconds."},{"id":"a663de4e-1113-4747-ae37-3ca62725ccea","email":"tyler.nelson@microsoft.com","message":"failed to process due to network exception."},{"id":"2e54caaf-e4ed-41e9-bcf2-1930f4e6ec5a","email":"sophia.baker@dropbox.net","message":"failed to process due to datastore timeout of 30 seconds.  operation took 87 seconds."},{"id":"b61fa3bf-d158-49ea-a320-cc41a51a2287","email":"chloe.garcia@dropbox.net","message":"failed to process due to datastore timeout of 30 seconds.  operation took 84 seconds."},{"id":"0cedbe0f-4b91-4970-b2e4-c33fbdaefa0e","email":"taylor.adams@gmail.com","message":"failed to process due to datastore timeout of 30 seconds.  operation took 87 seconds."},{"id":"bda12d9a-9213-44fb-aabd-d202d1b44950","email":"samantha.scott@me.com","message":"successfully parsed message, but message temporarily enqueued while system restarts."},{"id":"5f403517-ac96-4b79-96ff-ef1924099898","email":"jack.thompson@me.com","message":"successfully handled skipped operation."},{"id":"5c938778-04d9-4e6d-96cd-e29b7dea3eb6","email":"nathan.young@microsoft.com","message":"successfully handled skipped operation."},{"id":"f92fdd6d-4b16-462b-88df-e9fc277e16ef","email":"tyler.nelson@microsoft.com","message":"successfully parsed message, but message temporarily enqueued while system restarts."},{"id":"5913338f-1eec-47ff-8984-a3b95a68f85d","email":"ella.anderson@dropbox.net","message":"successfully parsed message, but message temporarily enqueued while system restarts."},{"id":"2f005862-7cfa-4098-a24c-7b8624c021da","email":"ethan.hernandez@microsoft.com","message":"successfully processed after 1111 milliseconds."},{"id":"016eb85b-c337-4823-b468-224d3ca3f33d","email":"ava.davis@gmail.com","message":"successfully parsed message, but message temporarily enqueued while system restarts."},{"id":"b3833061-b802-4d1d-a8d5-0c72351dab4f","email":"alexander.williams@gmail.com","message":"failed to process due to datastore timeout of 30 seconds.  operation took 84 seconds."},{"id":"afdd573f-0c51-4ad3-b1bb-470bb54fc454","email":"michael.hall@dropbox.net","message":"successfully processed after 7807 milliseconds."},{"id":"351f8d33-503e-425b-8534-b65e92e98268","email":"jack.thompson@me.com","message":"failed to process due to datastore timeout of 30 seconds.  operation took 124 seconds."},{"id":"87d8e062-2335-4749-b86d-c675f53dd3d5","email":"tyler.nelson@microsoft.com","message":"failed to process due to network exception."},{"id":"671f3b21-0bc1-448a-baf4-cb6388b04a55","email":"sarah.green@amerisave.com","message":"successfully handled skipped operation."},{"id":"06328e1f-f8a5-402d-949d-f7412ac301fc","email":"emma.thomas@me.com","message":"failed to process due to network exception."},{"id":"9bafe4a3-6559-4080-8282-6ff9cdbd5711","email":"elizabeth.martinez@dropbox.net","message":"successfully processed after 2737 milliseconds."},{"id":"1865c6fa-635e-4fdb-b39a-6ff85a0955d0","email":"dylan.wilson@gmail.com","message":"failed to process due to network exception."},{"id":"b0559c59-b904-4067-a932-a87f56ca85af","email":"nicholas.allen@microsoft.com","message":"failed to process due to network exception."},{"id":"13937e42-f754-40b4-a37e-ffc2c36dad2e","email":"isabella.jackson@amerisave.com","message":"failed to process due to network exception."},{"id":"9e10345f-b1aa-4dc3-9773-fc7ce1ef8a9c","email":"alexander.williams@gmail.com","message":"failed to process due to datastore timeout of 30 seconds.  operation took 72 seconds."},{"id":"283eb2fa-9c20-438e-b658-3cbfacffb723","email":"elizabeth.martinez@dropbox.net","message":"successfully parsed message, but message temporarily enqueued while system restarts."},{"id":"a6e624c9-c537-414b-95aa-8b3b2500ebe7","email":"ava.davis@gmail.com","message":"failed to process due to network exception."},{"id":"8bf994b9-8105-480b-a683-5d333ea96143","email":"alyssa.jones@amerisave.com","message":"successfully parsed message, but message temporarily enqueued while system restarts."},{"id":"d1db4134-8560-4fb1-9ec3-9d6930d8a9bf","email":"noah.sanchez@me.com","message":"failed to process due to network exception."},{"id":"9c8c1d23-4029-4189-a7bc-5091c69f5689","email":"emma.thomas@me.com","message":"failed to process due to network exception."},{"id":"433bc070-ba61-4518-b36c-dd5ea6e52f46","email":"logan.clark@dropbox.net","message":"failed to process due to datastore timeout of 30 seconds.  operation took 107 seconds."},{"id":"3b398991-960c-4a63-96c6-a133e260f125","email":"sarah.green@amerisave.com","message":"successfully parsed message, but message temporarily enqueued while system restarts."},{"id":"1d792cbf-28d4-4dcc-ad7b-b8a637ca6088","email":"mason.robinson@amerisave.com","message":"successfully handled skipped operation."},{"id":"a6390383-6f76-4b61-868d-2a7bdb90ecd0","email":"aiden.johnson@microsoft.com","message":"failed to process due to datastore timeout of 30 seconds.  operation took 97 seconds."},{"id":"4a774c93-eb71-4857-857c-d78d2329591e","email":"joshua.lee@gmail.com","message":"successfully handled skipped operation."},{"id":"c861f2de-7799-46e8-89f9-578581a99f34","email":"joshua.lee@gmail.com","message":"successfully processed after 387 milliseconds."},{"id":"e1b3a152-4cd2-4ddd-9e04-5133e930f07d","email":"alexis.brown@microsoft.com","message":"failed to process due to datastore timeout of 30 seconds.  operation took 76 seconds."},{"id":"1192cd6b-7e2b-4f1a-8ea9-98730dc4bd28","email":"ava.davis@gmail.com","message":"successfully handled skipped operation."},{"id":"11a4ea38-015d-4d98-b269-f72e9f746093","email":"andrew.miller@gmail.com","message":"successfully parsed message, but message temporarily enqueued while system restarts."},{"id":"fc83531d-66c0-4f3f-ad5b-3891c2bd1d5b","email":"emily.taylor@gmail.com","message":"failed to process due to datastore timeout of 30 seconds.  operation took 78 seconds."},{"id":"f7aa3989-4456-48dc-9ce3-1b20649bf15f","email":"alexis.brown@microsoft.com","message":"successfully processed after 102 milliseconds."},{"id":"961f02ad-f79a-4b73-a817-646c3e06b9e7","email":"madison.lewis@gmail.com","message":"successfully handled skipped operation."},{"id":"fc44296e-4a14-432b-95f3-58b61d28e3c1","email":"chloe.garcia@dropbox.net","message":"successfully parsed message, but message temporarily enqueued while system restarts."},{"id":"b935b42b-b68d-4254-affb-111fe7e8d716","email":"elizabeth.martinez@dropbox.net","message":"successfully handled skipped operation."},{"id":"deaae59e-2ea5-4e2a-b674-8e9c5124c6c7","email":"alexander.williams@gmail.com","message":"successfully processed after 6312 milliseconds."},{"id":"3bc97a0a-dbd4-4edb-ac3c-2cc1dfa6c699","email":"tyler.nelson@microsoft.com","message":"successfully processed after 8154 milliseconds."},{"id":"7a7f3f84-0441-40cf-896e-347497fa4661","email":"matthew.walker@amerisave.com","message":"failed to process due to datastore timeout of 30 seconds.  operation took 61 seconds."},{"id":"aafc3dc9-ad5a-4317-9d76-b3eb3cf36c7f","email":"ava.davis@gmail.com","message":"failed to process due to network exception."},{"id":"1048d120-8347-4536-879d-2fc9d76208ac","email":"ella.anderson@dropbox.net","message":"successfully processed after 5932 milliseconds."},{"id":"b49ccb91-9962-4067-b72d-84fffc514759","email":"alexis.brown@microsoft.com","message":"successfully handled skipped operation."},{"id":"adad7b63-7ce5-42e5-ae96-ca42f9189cae","email":"chloe.garcia@dropbox.net","message":"successfully processed after 242 milliseconds."},{"id":"b4cd9601-553f-4142-9e29-ceb2f6bcf53a","email":"logan.clark@dropbox.net","message":"successfully processed after 9079 milliseconds."},{"id":"97cb6c86-f7c0-4677-94ca-28687cd00d3d","email":"alexis.brown@microsoft.com","message":"successfully parsed message, but message temporarily enqueued while system restarts."},{"id":"76b8ac23-adee-4139-95db-3e7c77f1cd44","email":"ella.anderson@dropbox.net","message":"successfully parsed message, but message temporarily enqueued while system restarts."},{"id":"1b4c0688-a44f-4dd1-988d-1287dfb66e57","email":"abigail.smith@amerisave.com","message":"successfully parsed message, but message temporarily enqueued while system restarts."},{"id":"23f49348-ac72-4e60-a9d9-632f400f6602","email":"abigail.smith@amerisave.com","message":"successfully handled skipped operation."},{"id":"747e5de9-ce70-4d7f-bae5-d9c37c22dce0","email":"michael.hall@dropbox.net","message":"failed to process due to datastore timeout of 30 seconds.  operation took 72 seconds."},{"id":"92c9a15a-b92a-4a2f-877a-5e17fdee6b51","email":"ethan.hernandez@microsoft.com","message":"successfully handled skipped operation."},{"id":"900424b7-90af-45ff-88f1-a811255eec5a","email":"emily.taylor@gmail.com","message":"failed to process due to network exception."},{"id":"0ac7b5c9-9d7c-489f-83a1-fd509dd57710","email":"alyssa.jones@amerisave.com","message":"failed to process due to datastore timeout of 30 seconds.  operation took 118 seconds."},{"id":"31af8279-293d-44ef-ba1a-2c857c12affe","email":"dylan.wilson@gmail.com","message":"failed to process due to datastore timeout of 30 seconds.  operation took 119 seconds."},{"id":"1b6a1afe-8611-46ef-876c-9999a8bc5719","email":"sarah.green@amerisave.com","message":"successfully parsed message, but message temporarily enqueued while system restarts."},{"id":"1316c543-7a2c-4bde-866c-daf368a9b36d","email":"abigail.smith@amerisave.com","message":"successfully handled skipped operation."},{"id":"20bdfb5a-1b9d-4ecc-ae64-1e1344355074","email":"sophia.baker@dropbox.net","message":"successfully handled skipped operation."},{"id":"c300da46-3535-406b-96ae-24e806b1e5f5","email":"daniel.rodriguez@amerisave.com","message":"failed to process due to network exception."},{"id":"0c825654-f32c-42d4-b155-9ef9c52c47cf","email":"nicholas.allen@microsoft.com","message":"successfully processed after 326 milliseconds."},{"id":"5ef96cb7-4940-4e83-a63e-5a243894c772","email":"mason.robinson@amerisave.com","message":"successfully processed after 5128 milliseconds."},{"id":"912d46c7-d5e0-4018-bffb-1af430e61226","email":"hannah.martin@dropbox.net","message":"successfully processed after 3803 milliseconds."},{"id":"7a46047c-2a86-48c8-bfc7-788d2e5c005b","email":"ryan.king@dropbox.net","message":"failed to process due to network exception."},{"id":"b7d5bb0a-45bb-4a65-a080-411666f420ee","email":"sophia.baker@dropbox.net","message":"successfully parsed message, but message temporarily enqueued while system restarts."},{"id":"c3558c60-8aed-47d6-a05e-887c2c511d08","email":"noah.sanchez@me.com","message":"failed to process due to datastore timeout of 30 seconds.  operation took 130 seconds."},{"id":"a68bc022-0b88-475d-a4c9-b7dcc908ac93","email":"andrew.miller@gmail.com","message":"successfully parsed message, but message temporarily enqueued while system restarts."},{"id":"7f3029ed-aee3-4006-a405-9c646f9964ae","email":"mason.robinson@amerisave.com","message":"failed to process due to network exception."},{"id":"b83e8696-eaff-4181-b1da-d4caef8aaae9","email":"chloe.garcia@dropbox.net","message":"successfully parsed message, but message temporarily enqueued while system restarts."},{"id":"ed332f21-e3f3-4422-ad27-88649da44e78","email":"tyler.nelson@microsoft.com","message":"successfully parsed message, but message temporarily enqueued while system restarts."},{"id":"554aa8ff-3379-4464-801b-4cc97082ca2e","email":"mason.robinson@amerisave.com","message":"failed to process due to datastore timeout of 30 seconds.  operation took 108 seconds."},{"id":"89467bdc-4d53-4619-8b5d-28132f39eff4","email":"nicholas.allen@microsoft.com","message":"successfully handled skipped operation."},{"id":"6b686ae1-bf02-4ee6-82d9-4c7282031868","email":"jacob.lopez@dropbox.net","message":"successfully handled skipped operation."},{"id":"80c3c276-38f9-497e-80ec-b657a78bfeef","email":"elizabeth.martinez@dropbox.net","message":"failed to process due to datastore timeout of 30 seconds.  operation took 48 seconds."},{"id":"6f2ee507-ace1-4af0-a87f-34ac3d260255","email":"noah.sanchez@me.com","message":"failed to process due to datastore timeout of 30 seconds.  operation took 65 seconds."},{"id":"a291206a-67c8-4097-812b-59cd1dca061d","email":"elizabeth.martinez@dropbox.net","message":"successfully parsed message, but message temporarily enqueued while system restarts."},{"id":"41a1ed41-dd8c-4d46-b100-abc148d0ab1e","email":"dylan.wilson@gmail.com","message":"successfully parsed message, but message temporarily enqueued while system restarts."},{"id":"8e0a9ff9-50f7-4a33-a82e-32773bbd8fa1","email":"jacob.lopez@dropbox.net","message":"successfully processed after 5883 milliseconds."},{"id":"79a9533d-d49a-4c2f-a1ec-78ceda7f1484","email":"mason.robinson@amerisave.com","message":"failed to process due to datastore timeout of 30 seconds.  operation took 102 seconds."},{"id":"7b68df4b-21c1-47ae-af22-ce4022d7a78a","email":"liam.gonzalez@me.com","message":"failed to process due to datastore timeout of 30 seconds.  operation took 71 seconds."},{"id":"2d82ab90-48c3-4c5d-b28d-cded96fa9763","email":"jacob.lopez@dropbox.net","message":"failed to process due to datastore timeout of 30 seconds.  operation took 82 seconds."},{"id":"1dd203f6-264e-4754-98c5-b2bf3a19e955","email":"joshua.lee@gmail.com","message":"successfully handled skipped operation."},{"id":"17c78084-d615-4c21-a776-b0dfcf003188","email":"emily.taylor@gmail.com","message":"failed to process due to network exception."},{"id":"f214de8e-b9ca-41ad-8818-2dfaea2f624e","email":"alyssa.jones@amerisave.com","message":"failed to process due to datastore timeout of 30 seconds.  operation took 122 seconds."},{"id":"67bff6a5-66fc-473b-a695-a7045a116fc2","email":"logan.clark@dropbox.net","message":"successfully parsed message, but message temporarily enqueued while system restarts."},{"id":"bd8f4a70-41d3-4a8d-a5a8-47a4f5fbd1f1","email":"michael.hall@dropbox.net","message":"successfully processed after 3407 milliseconds."},{"id":"99418f67-8d67-40f2-9e02-c93fd6765790","email":"madison.lewis@gmail.com","message":"failed to process due to datastore timeout of 30 seconds.  operation took 127 seconds."},{"id":"8b8de1b8-968b-4b67-9995-3ba70e999681","email":"emily.taylor@gmail.com","message":"failed to process due to network exception."},{"id":"03bf644d-f45c-4f43-af8a-7071da1ca187","email":"ethan.hernandez@microsoft.com","message":"successfully processed after 9345 milliseconds."},{"id":"7fe38e4a-ad26-45f0-ba36-da05fa51b793","email":"noah.sanchez@me.com","message":"successfully parsed message, but message temporarily enqueued while system restarts."},{"id":"955ff379-b913-40a5-bbe3-b03a7b4a6ad0","email":"ella.anderson@dropbox.net","message":"successfully processed after 5175 milliseconds."},{"id":"c4a87005-82bf-469a-b156-dba3d19307fd","email":"jacob.lopez@dropbox.net","message":"successfully handled skipped operation."},{"id":"af6ee1f8-00f9-4215-a105-3d6109165bf5","email":"alexis.brown@microsoft.com","message":"successfully parsed message, but message temporarily enqueued while system restarts."},{"id":"ae4d43c9-9308-432b-8892-a46335d0f324","email":"michael.hall@dropbox.net","message":"successfully parsed message, but message temporarily enqueued while system restarts."},{"id":"7e401b12-b241-4447-aec5-47c3857e579d","email":"emily.taylor@gmail.com","message":"successfully parsed message, but message temporarily enqueued while system restarts."},{"id":"571b466b-4f80-48b4-87da-fe9bd1889fc8","email":"lily.harris@gmail.com","message":"successfully handled skipped operation."},{"id":"7d7eb25e-f866-4d96-b958-692e97306d0f","email":"emily.taylor@gmail.com","message":"failed to process due to datastore timeout of 30 seconds.  operation took 130 seconds."},{"id":"9c3601f7-6383-455e-8bc1-1ed28a765218","email":"ava.davis@gmail.com","message":"successfully handled skipped operation."},{"id":"c391efa2-264d-4133-acd8-24e3663b4e33","email":"mia.perez@me.com","message":"failed to process due to datastore timeout of 30 seconds.  operation took 67 seconds."},{"id":"34f8975c-d316-40fe-8d6e-e4f970c44d7a","email":"chloe.garcia@dropbox.net","message":"successfully processed after 7704 milliseconds."},{"id":"082fb7b9-4ec1-4665-9bcf-f8cc2c56f91d","email":"nicholas.allen@microsoft.com","message":"failed to process due to network exception."},{"id":"f70e55cc-12b8-4376-9fa9-1111dca502d4","email":"madison.lewis@gmail.com","message":"failed to process due to datastore timeout of 30 seconds.  operation took 109 seconds."},{"id":"8c264c5c-b2f2-4e43-bdcb-6f3c7216b44e","email":"jacob.lopez@dropbox.net","message":"failed to process due to network exception."},{"id":"9ef4efb7-63d2-4255-bb8d-85ff842d19e4","email":"logan.clark@dropbox.net","message":"successfully handled skipped operation."},{"id":"fd7d5da9-3d2b-4e70-a887-0889a4255ddf","email":"mason.robinson@amerisave.com","message":"failed to process due to datastore timeout of 30 seconds.  operation took 127 seconds."},{"id":"1a43575b-7def-467f-bdf8-a137b9be067d","email":"liam.gonzalez@me.com","message":"successfully processed after 4691 milliseconds."},{"id":"7dd82070-4717-4804-8d85-dc0246b1e244","email":"dylan.wilson@gmail.com","message":"successfully processed after 5854 milliseconds."},{"id":"cd9d805a-40a1-488b-9802-e7088f1b9824","email":"aiden.johnson@microsoft.com","message":"successfully handled skipped operation."},{"id":"10a1c87d-4f9e-4ef2-8453-4a23f4eac2a5","email":"madison.lewis@gmail.com","message":"successfully parsed message, but message temporarily enqueued while system restarts."},{"id":"f82f33af-4f2d-4b25-be92-376556ba11e5","email":"joshua.lee@gmail.com","message":"successfully parsed message, but message temporarily enqueued while system restarts."},{"id":"3cf2413e-5eeb-438a-9def-2049cd5d4ad6","email":"noah.sanchez@me.com","message":"successfully processed after 1349 milliseconds."},{"id":"e377cab9-50fb-4c54-8a06-3b0afb1469e9","email":"andrew.miller@gmail.com","message":"successfully handled skipped operation."},{"id":"ecdb8406-d305-44af-ad35-c89b659950bc","email":"michael.hall@dropbox.net","message":"failed to process due to datastore timeout of 30 seconds.  operation took 126 seconds."},{"id":"ce1a0e91-923f-4a2a-b588-b51c90d5e398","email":"joshua.lee@gmail.com","message":"successfully processed after 3917 milliseconds."},{"id":"ab3f5780-8dfb-4438-a6dd-df8e0aceb431","email":"jack.thompson@me.com","message":"successfully parsed message, but message temporarily enqueued while system restarts."},{"id":"960468f5-a0f7-4f14-95c3-941140b210d0","email":"chloe.garcia@dropbox.net","message":"successfully handled skipped operation."},{"id":"feb275a1-58f6-40a6-b6b5-e0d97a70d8d2","email":"mason.robinson@amerisave.com","message":"failed to process due to datastore timeout of 30 seconds.  operation took 88 seconds."},{"id":"6df3c115-8183-44fa-82cd-552b58dfbceb","email":"abigail.smith@amerisave.com","message":"failed to process due to datastore timeout of 30 seconds.  operation took 118 seconds."},{"id":"0a6c1d38-1bd7-49f1-a412-7b229dfda08b","email":"mason.robinson@amerisave.com","message":"failed to process due to network exception."},{"id":"90bdd8b5-9521-4324-b9a4-4459827dfa7a","email":"emily.taylor@gmail.com","message":"failed to process due to network exception."},{"id":"226f2ed5-14c4-4437-b74d-fd2a710a63bf","email":"jackson.white@gmail.com","message":"successfully handled skipped operation."},{"id":"a4a35a7a-de55-4cfa-9ae9-6a1a6781de67","email":"tyler.nelson@microsoft.com","message":"successfully parsed message, but message temporarily enqueued while system restarts."},{"id":"e22d3b62-49e8-47da-969d-78404b206a3e","email":"alexis.brown@microsoft.com","message":"failed to process due to datastore timeout of 30 seconds.  operation took 102 seconds."},{"id":"8c411354-a367-4bc5-9b4c-6eb4193fb9a5","email":"abigail.smith@amerisave.com","message":"successfully processed after 7124 milliseconds."},{"id":"ba869784-a53b-4916-a636-f73b9f4bd4e5","email":"tyler.nelson@microsoft.com","message":"successfully handled skipped operation."},{"id":"0f0bcb29-62d3-4679-b69c-3977fa871fbd","email":"elizabeth.martinez@dropbox.net","message":"failed to process due to datastore timeout of 30 seconds.  operation took 114 seconds."},{"id":"6081784b-2306-4839-bc33-3e14059fa334","email":"lily.harris@gmail.com","message":"successfully processed after 1852 milliseconds."},{"id":"ba28d43b-c378-469e-b179-fa138eb102fa","email":"hannah.martin@dropbox.net","message":"failed to process due to network exception."},{"id":"2cdc5bf4-5551-4274-ae83-03d319f214ee","email":"olivia.wright@gmail.com","message":"failed to process due to datastore timeout of 30 seconds.  operation took 68 seconds."},{"id":"fa018696-8abd-4ff3-b3c3-62dfda52e1fe","email":"andrew.miller@gmail.com","message":"successfully parsed message, but message temporarily enqueued while system restarts."},{"id":"fa9b2b3b-7c43-4ca4-9d6f-4ebf319f1ffb","email":"hannah.martin@dropbox.net","message":"successfully processed after 575 milliseconds."},{"id":"bec16e7a-e649-4ba8-b387-603702b234a3","email":"matthew.walker@amerisave.com","message":"failed to process due to datastore timeout of 30 seconds.  operation took 106 seconds."},{"id":"f140d770-d876-45db-8a00-a18987244a73","email":"lily.harris@gmail.com","message":"failed to process due to datastore timeout of 30 seconds.  operation took 79 seconds."},{"id":"f6878558-ccf5-49dc-b748-10c5083afffb","email":"sophia.baker@dropbox.net","message":"successfully processed after 7387 milliseconds."},{"id":"db198b98-60ee-4f20-b10f-b075ac1f8424","email":"logan.clark@dropbox.net","message":"successfully parsed message, but message temporarily enqueued while system restarts."},{"id":"84e5c393-42ec-4a75-a441-936ca849a0fe","email":"ryan.king@dropbox.net","message":"failed to process due to network exception."},{"id":"4194419e-3953-424f-97f5-104a1ef2c46b","email":"andrew.miller@gmail.com","message":"successfully parsed message, but message temporarily enqueued while system restarts."},{"id":"56b3f736-177c-4360-a8b0-95abf5f5923d","email":"samantha.scott@me.com","message":"successfully parsed message, but message temporarily enqueued while system restarts."},{"id":"85cdac52-1626-4c81-b32e-2be22ff7ee87","email":"emily.taylor@gmail.com","message":"successfully processed after 1942 milliseconds."},{"id":"13b74ad7-fc12-4cf8-9c5e-3431b1d44da6","email":"andrew.miller@gmail.com","message":"failed to process due to network exception."},{"id":"28b0e016-4104-4a2f-881a-8854372489ec","email":"ava.davis@gmail.com","message":"failed to process due to datastore timeout of 30 seconds.  operation took 125 seconds."},{"id":"4e4de66b-cc96-4e61-906b-cb82d8a21147","email":"tyler.nelson@microsoft.com","message":"failed to process due to datastore timeout of 30 seconds.  operation took 84 seconds."},{"id":"b60a8430-f668-45b4-b87a-c42ee43cdf27","email":"samantha.scott@me.com","message":"failed to process due to network exception."},{"id":"236ad3b5-533c-48f9-bad8-c6f39ed6a30a","email":"jackson.white@gmail.com","message":"successfully parsed message, but message temporarily enqueued while system restarts."},{"id":"a5e2b8cd-61f2-4fee-b98e-0092070a16f9","email":"abigail.smith@amerisave.com","message":"successfully parsed message, but message temporarily enqueued while system restarts."},{"id":"369e3034-c902-4804-a3c1-fda6b5c3d198","email":"dylan.wilson@gmail.com","message":"successfully processed after 2809 milliseconds."},{"id":"1956e84b-a4a5-4df4-92f6-af5e6a279d2c","email":"mia.perez@me.com","message":"failed to process due to network exception."},{"id":"116f1ce4-cf3f-4ab9-b8bf-86adc784e9e6","email":"emma.thomas@me.com","message":"successfully processed after 3451 milliseconds."},{"id":"b6c9ec69-ba22-46e5-bb8e-4ab9f0184879","email":"sarah.green@amerisave.com","message":"successfully parsed message, but message temporarily enqueued while system restarts."},{"id":"39f26c1b-f01e-408b-85c2-aa64cca821fa","email":"daniel.rodriguez@amerisave.com","message":"successfully processed after 3700 milliseconds."},{"id":"c1839732-2e17-4a72-ad65-d6740c2cf9cf","email":"joshua.lee@gmail.com","message":"failed to process due to datastore timeout of 30 seconds.  operation took 89 seconds."},{"id":"e38ece9f-4598-4978-bfb3-75e74f1ce540","email":"daniel.rodriguez@amerisave.com","message":"failed to process due to datastore timeout of 30 seconds.  operation took 39 seconds."},{"id":"edc66960-e992-4244-80d8-9571a4e9f07b","email":"emma.thomas@me.com","message":"failed to process due to network exception."},{"id":"50136275-9b45-4e9f-8acc-23c4c2ad2783","email":"chloe.garcia@dropbox.net","message":"failed to process due to network exception."},{"id":"42e8e98b-bc61-499d-92f6-038cca6b48ba","email":"alexander.williams@gmail.com","message":"successfully handled skipped operation."},{"id":"4d4e9828-208f-4294-8b15-25c7de0e0b72","email":"michael.hall@dropbox.net","message":"failed to process due to datastore timeout of 30 seconds.  operation took 110 seconds."},{"id":"e1f5634f-40a6-4c4e-b15b-791ecd31a757","email":"taylor.adams@gmail.com","message":"successfully handled skipped operation."},{"id":"09cbe11c-e11b-41c3-8ef2-d2211c4af77f","email":"ava.davis@gmail.com","message":"failed to process due to network exception."},{"id":"8d315684-8abe-4aa0-a0a2-ba15cea441d7","email":"ella.anderson@dropbox.net","message":"failed to process due to network exception."},{"id":"a3541f98-70b4-4c6f-a2e8-04f0bcb34860","email":"jacob.lopez@dropbox.net","message":"successfully handled skipped operation."},{"id":"fbf8ea98-57bb-43e4-9f60-1d5768f00f54","email":"grace.moore@gmail.com","message":"failed to process due to network exception."},{"id":"a0f69a1f-ddf2-4029-aa65-be6217cf0ea0","email":"tyler.nelson@microsoft.com","message":"successfully processed after 7436 milliseconds."},{"id":"37230c41-9f4a-4525-a6b6-daf5e4e5164f","email":"logan.clark@dropbox.net","message":"successfully parsed message, but message temporarily enqueued while system restarts."},{"id":"4c191111-a3ac-45d5-970e-38f04581e730","email":"ethan.hernandez@microsoft.com","message":"failed to process due to datastore timeout of 30 seconds.  operation took 115 seconds."},{"id":"390a9402-67e0-4445-a541-1c2e04e702d2","email":"emma.thomas@me.com","message":"successfully handled skipped operation."},{"id":"d499d618-ac05-4a39-8bec-96e2edd1e2dc","email":"madison.lewis@gmail.com","message":"failed to process due to network exception."},{"id":"2e51b94d-3802-480f-acd3-e0b0e86ea31f","email":"emma.thomas@me.com","message":"failed to process due to datastore timeout of 30 seconds.  operation took 77 seconds."},{"id":"43c60dbe-ef70-4cdd-b1b8-3fabd0ba60b6","email":"olivia.wright@gmail.com","message":"failed to process due to datastore timeout of 30 seconds.  operation took 76 seconds."},{"id":"acb21b48-f541-4e4e-96c2-4410720d5f3f","email":"ava.davis@gmail.com","message":"successfully processed after 1199 milliseconds."},{"id":"4001ceca-8adc-4989-b174-1087423c8d64","email":"nathan.young@microsoft.com","message":"successfully processed after 1681 milliseconds."},{"id":"2ac51d62-b408-401c-94b9-1f5ede5c05ce","email":"nicholas.allen@microsoft.com","message":"successfully processed after 5088 milliseconds."},{"id":"d09390d2-4679-442f-9c64-0994e1e22cf1","email":"alexis.brown@microsoft.com","message":"successfully parsed message, but message temporarily enqueued while system restarts."},{"id":"c00192d8-35bc-4763-9b7e-3dcbf95cb6d8","email":"tyler.nelson@microsoft.com","message":"successfully handled skipped operation."},{"id":"c940a279-e87f-4fbb-a182-c6813ce4fe55","email":"tyler.nelson@microsoft.com","message":"failed to process due to network exception."},{"id":"cf508640-19c8-46e4-a8f6-32d5f45e8a67","email":"logan.clark@dropbox.net","message":"successfully handled skipped operation."},{"id":"b22e3f74-1e21-4180-9b07-8064d5935ebc","email":"matthew.walker@amerisave.com","message":"failed to process due to network exception."},{"id":"2656ca53-3264-4166-a606-721289f3aa31","email":"dylan.wilson@gmail.com","message":"failed to process due to datastore timeout of 30 seconds.  operation took 123 seconds."},{"id":"bdbb3078-b78f-4225-88be-afe038bcd64d","email":"ryan.king@dropbox.net","message":"failed to process due to datastore timeout of 30 seconds.  operation took 62 seconds."},{"id":"84588837-8130-47d9-b27d-144336e97e74","email":"emily.taylor@gmail.com","message":"successfully parsed message, but message temporarily enqueued while system restarts."},{"id":"2df84ca4-feac-4ef1-9fa9-37e9a26698d9","email":"alexander.williams@gmail.com","message":"successfully processed after 4295 milliseconds."},{"id":"54959222-5389-45a5-8ca1-125072c36377","email":"nicholas.allen@microsoft.com","message":"failed to process due to datastore timeout of 30 seconds.  operation took 38 seconds."},{"id":"8df3626b-d295-47f8-b7dc-fe18ed4d96da","email":"hannah.martin@dropbox.net","message":"failed to process due to datastore timeout of 30 seconds.  operation took 33 seconds."},{"id":"6a98f5ef-31cf-42a2-88e2-451cdbdb4d0d","email":"abigail.smith@amerisave.com","message":"successfully handled skipped operation."},{"id":"83b647da-b2a4-49b8-971f-5e3d16b19a85","email":"abigail.smith@amerisave.com","message":"successfully parsed message, but message temporarily enqueued while system restarts."},{"id":"56ad3cbd-2b0b-4d3c-9c2e-0155ed75821b","email":"lily.harris@gmail.com","message":"failed to process due to datastore timeout of 30 seconds.  operation took 111 seconds."},{"id":"c465d48b-622f-4cb4-93dc-424f237eacd2","email":"olivia.wright@gmail.com","message":"successfully processed after 4615 milliseconds."},{"id":"369534d7-715a-47aa-9b1f-86f4babc508f","email":"sarah.green@amerisave.com","message":"successfully processed after 5958 milliseconds."},{"id":"89387c19-9974-4d38-8ec6-b160c2eb4937","email":"abigail.smith@amerisave.com","message":"failed to process due to network exception."},{"id":"3e4c52de-240a-4fa3-8ac1-e33323c16174","email":"jackson.white@gmail.com","message":"successfully handled skipped operation."},{"id":"b9e0730b-01ea-42df-8521-966cdc50d868","email":"madison.lewis@gmail.com","message":"successfully handled skipped operation."},{"id":"01d61cb0-749f-4115-9fe4-f5967ca90169","email":"joshua.lee@gmail.com","message":"failed to process due to datastore timeout of 30 seconds.  operation took 99 seconds."},{"id":"18e99f77-07cf-49d4-945c-e9f270e1128c","email":"nicholas.allen@microsoft.com","message":"failed to process due to datastore timeout of 30 seconds.  operation took 123 seconds."},{"id":"c5f584fe-1292-4ce4-a1ea-f34781009bf1","email":"andrew.miller@gmail.com","message":"successfully processed after 5529 milliseconds."},{"id":"16eb8b52-ffdb-40b9-bbd6-de7c06329d1c","email":"ava.davis@gmail.com","message":"successfully processed after 5052 milliseconds."},{"id":"415bc4e0-ab3f-4d7d-8d03-c7b989fea540","email":"lily.harris@gmail.com","message":"failed to process due to network exception."},{"id":"0eceed87-79d2-4d99-95fa-7dcf399d01ff","email":"alyssa.jones@amerisave.com","message":"failed to process due to network exception."},{"id":"99049bc5-4886-40fe-bdcc-a567bd11813b","email":"alyssa.jones@amerisave.com","message":"successfully processed after 7173 milliseconds."},{"id":"b394de2c-3a23-4bec-9484-3d5f038e3a02","email":"joshua.lee@gmail.com","message":"successfully handled skipped operation."},{"id":"fbc805db-30b8-480c-828b-fd0813ba39a2","email":"madison.lewis@gmail.com","message":"failed to process due to network exception."},{"id":"2aa18723-8c1e-4104-9a60-4ba0cc59f6b7","email":"hannah.martin@dropbox.net","message":"failed to process due to datastore timeout of 30 seconds.  operation took 36 seconds."},{"id":"c5c801ea-4738-492e-926a-4c819466a27d","email":"mia.perez@me.com","message":"failed to process due to datastore timeout of 30 seconds.  operation took 91 seconds."},{"id":"8dfe8f08-6267-4a30-a810-615c78e79668","email":"matthew.walker@amerisave.com","message":"failed to process due to datastore timeout of 30 seconds.  operation took 100 seconds."},{"id":"08fde6ee-433a-4ecb-b5d3-0c5602d7ef1b","email":"madison.lewis@gmail.com","message":"successfully processed after 9973 milliseconds."}],"id":"7dc481f1-a58b-4683-8bba-daa88b41b52b"}