{"logs":[{"id":"98e216f2-627f-4e2c-837d-9797a74d6bb2","email":"chloe.garcia@dropbox.net","message":"failed to process due to network exception."},{"id":"2f1d88cc-8aa3-4df4-bb7b-9f24923a9e4c","email":"emma.thomas@me.com","message":"failed to process due to network exception."},{"id":"da604d49-65bc-4a44-8391-0d033fd7b813","email":"elizabeth.martinez@dropbox.net","message":"successfully processed after 1338 milliseconds."},{"id":"6d70aa9a-aa98-48bd-9d28-2c26a2012fc2","email":"liam.gonzalez@me.com","message":"successfully handled skipped operation."},{"id":"e63bf3d2-c602-406c-b377-d39c265c3236","email":"ella.anderson@dropbox.net","message":"successfully processed after 6854 milliseconds."},{"id":"b2c7245a-172e-4bad-b6bd-0cabc90233b6","email":"sarah.green@amerisave.com","message":"failed to process due to datastore timeout of 30 seconds.  operation took 112 seconds."},{"id":"37f7b77b-3f98-4c82-aea0-ee11a78d71e9","email":"alyssa.jones@amerisave.com","message":"failed to process due to network exception."},{"id":"1e060c3a-5a64-4335-b8a2-82cfd195a403","email":"hannah.martin@dropbox.net","message":"failed to process due to datastore timeout of 30 seconds.  operation took 45 seconds."},{"id":"6c1309cb-2cc9-4b85-a6c7-5636c8134f99","email":"ethan.hernandez@microsoft.com","message":"successfully handled skipped operation."},{"id":"02ad93b3-fea3-4fcc-ae30-99cc5667957e","email":"joshua.lee@gmail.com","message":"failed to process due to datastore timeout of 30 seconds.  operation took 113 seconds."},{"id":"62c5a6f8-b007-4623-9efa-2a75a9040ab8","email":"jacob.lopez@dropbox.net","message":"failed to process due to network exception."},{"id":"63664614-cc4c-46e9-b76c-0dda20c6d771","email":"hannah.martin@dropbox.net","message":"successfully parsed message, but message temporarily enqueued while system restarts."},{"id":"a5f8ce47-ba4a-4266-9599-2d877b15acbb","email":"jack.thompson@me.com","message":"successfully processed after 5907 milliseconds."},{"id":"3d5efc7c-1729-4cda-86b8-9d9682015abc","email":"liam.gonzalez@me.com","message":"failed to process due to network exception."},{"id":"84f03b96-3bca-49fd-8c10-c57151897281","email":"sarah.green@amerisave.com","message":"successfully processed after 4996 milliseconds."},{"id":"1f7728f0-ec0d-4c16-b698-81d4250c854a","email":"noah.sanchez@me.com","message":"failed to process due to datastore timeout of 30 seconds.  operation took 122 seconds."},{"id":"1e63c81c-f124-469c-a015-ac19a31df93b","email":"isabella.jackson@amerisave.com","message":"successfully processed after 982 milliseconds."},{"id":"cf31724a-90c4-4afd-9e5f-9f38b947bc73","email":"michael.hall@dropbox.net","message":"failed to process due to network exception."},{"id":"f61d81f8-6e3c-4e22-a456-b9a253332ca7","email":"mason.robinson@amerisave.com","message":"failed to process due to datastore timeout of 30 seconds.  operation took 118 seconds."},{"id":"9bb2f186-b974-4dd1-a28f-8af9695bd3c4","email":"sarah.green@amerisave.com","message":"successfully processed after 4342 milliseconds."},{"id":"88bfb17e-6231-43e7-8ada-3419217390f1","email":"alexis.brown@microsoft.com","message":"failed to process due to network exception."},{"id":"ca733ea2-f834-46e3-a0e6-3cc3ef7dd028","email":"sophia.baker@dropbox.net","message":"failed to process due to network exception."},{"id":"573c03a9-e59d-49fc-adab-b766cf8c5eb7","email":"olivia.wright@gmail.com","message":"failed to process due to datastore timeout of 30 seconds.  operation took 57 seconds."},{"id":"fbd89faa-73d3-409e-8a08-d9bb61685f89","email":"jackson.white@gmail.com","message":"successfully parsed message, but message temporarily enqueued while system restarts."},{"id":"7d8f6bc8-cd92-45c3-8f50-e4e987e8058b","email":"emily.taylor@gmail.com","message":"successfully parsed message, but message temporarily enqueued while system restarts."},{"id":"75c0123b-2d74-4e18-a173-73785450866c","email":"ryan.king@dropbox.net","message":"successfully parsed message, but message temporarily enqueued while system restarts."},{"id":"99506569-0b15-4e67-a1b7-c5a7e613711a","email":"lily.harris@gmail.com","message":"failed to process due to network exception."},{"id":"96a73efe-7f65-4126-b80d-25dd436c72d2","email":"ethan.hernandez@microsoft.com","message":"failed to process due to datastore timeout of 30 seconds.  operation took 100 seconds."},{"id":"1c351647-2f6a-4355-8658-6fe62873a49f","email":"grace.moore@gmail.com","message":"failed to process due to network exception."},{"id":"bd7df9a3-69fd-489d-bab2-66ef0d036682","email":"joshua.lee@gmail.com","message":"successfully handled skipped operation."},{"id":"c564aceb-4de7-4213-95a5-822b224ed4df","email":"sarah.green@amerisave.com","message":"failed to process due to datastore timeout of 30 seconds.  operation took 90 seconds."},{"id":"ad7e34f8-1ae2-4ce8-9005-8657cea0fa88","email":"elizabeth.martinez@dropbox.net","message":"failed to process due to datastore timeout of 30 seconds.  operation took 55 seconds."},{"id":"43795a37-a102-4478-85bd-01afa082c115","email":"jack.thompson@me.com","message":"failed to process due to datastore timeout of 30 seconds.  operation took 60 seconds."}],"id":"1f1f111f-5daf-4faa-83cf-c1ce17a3598e"}