{"logs":[{"id":"d5966518-0164-46bb-bc48-d6c9463ca51f","email":"alexis.brown@microsoft.com","message":"failed to process due to network exception."},{"id":"447f630d-4e86-4f9d-b4e7-e9fb4cf3d3a8","email":"isabella.jackson@amerisave.com","message":"failed to process due to network exception."},{"id":"66b44f70-130b-4c9f-8ad7-85862f11859b","email":"jacob.lopez@dropbox.net","message":"successfully processed after 7031 milliseconds."},{"id":"88b355ab-e1bd-4ed9-9243-d4d862e35370","email":"ryan.king@dropbox.net","message":"successfully handled skipped operation."},{"id":"787e5ad2-e694-4dcc-b491-2cec77c5a499","email":"matthew.walker@amerisave.com","message":"successfully parsed message, but message temporarily enqueued while system restarts."},{"id":"4c7eeddb-5203-41c1-b0a4-08fd0744e0b3","email":"tyler.nelson@microsoft.com","message":"successfully parsed message, but message temporarily enqueued while system restarts."},{"id":"5791424f-5e3e-4dd5-a89e-4f2d5bc27091","email":"logan.clark@dropbox.net","message":"successfully parsed message, but message temporarily enqueued while system restarts."},{"id":"0eaa61c2-61d1-46af-9bd5-6c1f439f5bc7","email":"ava.davis@gmail.com","message":"successfully processed after 1280 milliseconds."},{"id":"8d545e9d-e657-434e-ae69-2d43466cace6","email":"mason.robinson@amerisave.com","message":"failed to process due to network exception."},{"id":"22286c02-2ce8-463d-ac05-1a099ace3095","email":"chloe.garcia@dropbox.net","message":"failed to process due to network exception."},{"id":"2eca3de4-70a7-48fa-85c5-227c54353f81","email":"alyssa.jones@amerisave.com","message":"successfully processed after 727 milliseconds."},{"id":"4e5016d1-d676-4e9f-92e8-38bc28bfca38","email":"alexander.williams@gmail.com","message":"successfully processed after 7026 milliseconds."},{"id":"41a78712-52ed-47bf-90e1-1bfd965d006e","email":"sophia.baker@dropbox.net","message":"failed to process due to datastore timeout of 30 seconds.  operation took 111 seconds."},{"id":"c98b3dcf-6a78-413a-9853-88a9affb5e8d","email":"mia.perez@me.com","message":"successfully processed after 7342 milliseconds."},{"id":"e3338d44-6aff-42fa-a02c-c5ae71e54483","email":"lily.harris@gmail.com","message":"successfully handled skipped operation."},{"id":"0b4242fc-4dbd-4fe0-b4a8-83f594a10a93","email":"ethan.hernandez@microsoft.com","message":"failed to process due to datastore timeout of 30 seconds.  operation took 124 seconds."},{"id":"8ce1388e-120c-448b-a8b6-2196b44052b1","email":"samantha.scott@me.com","message":"successfully processed after 6954 milliseconds."},{"id":"74ca6f49-1c35-405f-8366-6fd3bd8cab56","email":"michael.hall@dropbox.net","message":"successfully parsed message, but message temporarily enqueued while system restarts."},{"id":"8ca8f934-e788-4137-b418-ab0e7cbf3c20","email":"nathan.young@microsoft.com","message":"successfully handled skipped operation."},{"id":"5a99c8ec-0a53-4092-ad16-f1c53925bfda","email":"michael.hall@dropbox.net","message":"failed to process due to datastore timeout of 30 seconds.  operation took 47 seconds."},{"id":"9c1f8f31-7a5b-4ae9-a54b-4ae46ddf5498","email":"madison.lewis@gmail.com","message":"successfully parsed message, but message temporarily enqueued while system restarts."},{"id":"287c2406-6e95-43cb-995a-b7069d2c96d5","email":"madison.lewis@gmail.com","message":"successfully parsed message, but message temporarily enqueued while system restarts."},{"id":"a4563d15-c90d-4bb9-85af-357eaa87c8fb","email":"ethan.hernandez@microsoft.com","message":"failed to process due to network exception."},{"id":"51471954-1274-4026-ae76-5fa9b0134447","email":"hannah.martin@dropbox.net","message":"failed to process due to network exception."},{"id":"0fcdd46f-d635-45d7-af35-2c94770f96ed","email":"aiden.johnson@microsoft.com","message":"failed to process due to datastore timeout of 30 seconds.  operation took 55 seconds."},{"id":"57c2faca-e002-4ecc-92da-c66163a75e8e","email":"samantha.scott@me.com","message":"successfully parsed message, but message temporarily enqueued while system restarts."},{"id":"1d068819-6cb2-41e4-b604-049d79ad65ed","email":"jackson.white@gmail.com","message":"successfully parsed message, but message temporarily enqueued while system restarts."},{"id":"7bf1e39d-9042-44fa-8b73-eaaa8c9568aa","email":"isabella.jackson@amerisave.com","message":"failed to process due to datastore timeout of 30 seconds.  operation took 74 seconds."},{"id":"4be4e3ce-842b-480a-93f8-8188467542bc","email":"ava.davis@gmail.com","message":"failed to process due to network exception."},{"id":"6bae5040-d029-4ed6-9cf6-fb3c62df50ac","email":"logan.clark@dropbox.net","message":"successfully processed after 4491 milliseconds."},{"id":"619c101b-3def-4613-a5d3-21996cc4b988","email":"liam.gonzalez@me.com","message":"successfully processed after 8397 milliseconds."},{"id":"86e3d1d0-ad85-4b0e-a690-3ae9249937ce","email":"alexander.williams@gmail.com","message":"successfully handled skipped operation."},{"id":"94e7f9aa-ce81-4235-855c-46b84b175388","email":"liam.gonzalez@me.com","message":"successfully handled skipped operation."},{"id":"55c1ebc3-b293-4749-b7a8-426913fa26a1","email":"chloe.garcia@dropbox.net","message":"successfully parsed message, but message temporarily enqueued while system restarts."},{"id":"3a194443-ea2f-44fb-878d-fa054916ebe5","email":"emily.taylor@gmail.com","message":"failed to process due to network exception."},{"id":"8b093bae-ee7b-4e67-a094-984d47645fa2","email":"nicholas.allen@microsoft.com","message":"successfully processed after 7285 milliseconds."},{"id":"162c23ab-5084-48aa-a3d2-4a01acc7ff9b","email":"samantha.scott@me.com","message":"successfully handled skipped operation."},{"id":"5baff551-082f-4e0f-9f17-a8bbd7d07dfc","email":"madison.lewis@gmail.com","message":"successfully parsed message, but message temporarily enqueued while system restarts."},{"id":"e52b99be-e213-4eb9-9b33-2cbe71e9b210","email":"ella.anderson@dropbox.net","message":"successfully parsed message, but message temporarily enqueued while system restarts."},{"id":"c6ad66a6-be15-4037-8bca-0f1c65d56a13","email":"jackson.white@gmail.com","message":"successfully parsed message, but message temporarily enqueued while system restarts."},{"id":"49883394-a4ad-4a86-b0eb-4e76bff14576","email":"abigail.smith@amerisave.com","message":"successfully processed after 5624 milliseconds."},{"id":"eacfc72b-96dd-4d99-a568-9ddf43339a4b","email":"jackson.white@gmail.com","message":"successfully processed after 3251 milliseconds."},{"id":"21cc56c8-af1e-4914-b9d6-cd4f5ece09cf","email":"abigail.smith@amerisave.com","message":"successfully parsed message, but message temporarily enqueued while system restarts."},{"id":"5c08d298-42fc-4f67-be39-829b7c9ef666","email":"elizabeth.martinez@dropbox.net","message":"failed to process due to network exception."},{"id":"0aa29828-0cbb-49f0-b4b4-962e031b1173","email":"abigail.smith@amerisave.com","message":"successfully parsed message, but message temporarily enqueued while system restarts."},{"id":"de8871a6-4658-4f4b-a317-a8a0bcb38988","email":"matthew.walker@amerisave.com","message":"failed to process due to datastore timeout of 30 seconds.  operation took 61 seconds."},{"id":"39418a1e-fd8e-4198-93da-22f540576914","email":"hannah.martin@dropbox.net","message":"successfully processed after 4866 milliseconds."},{"id":"5a954074-b04f-49a4-af2c-73d8eb1329de","email":"daniel.rodriguez@amerisave.com","message":"failed to process due to datastore timeout of 30 seconds.  operation took 43 seconds."},{"id":"534fbc4d-8521-4838-8e2a-7c6c67e5a389","email":"ava.davis@gmail.com","message":"failed to process due to network exception."},{"id":"5c79bbaa-b668-418f-9451-b616b658cd54","email":"andrew.miller@gmail.com","message":"failed to process due to network exception."},{"id":"7c028e44-0734-4b6d-aff3-e279e8415277","email":"alyssa.jones@amerisave.com","message":"failed to process due to network exception."},{"id":"de968d24-9d7f-475f-b35d-a62f65bdfb18","email":"ethan.hernandez@microsoft.com","message":"failed to process due to network exception."},{"id":"1e154ce0-093a-4007-b3b2-a93a3935201e","email":"ella.anderson@dropbox.net","message":"failed to process due to datastore timeout of 30 seconds.  operation took 94 seconds."},{"id":"9f46ad96-6677-45fe-8ef9-c43822d00643","email":"lily.harris@gmail.com","message":"failed to process due to network exception."},{"id":"d43fe541-a67d-4e8a-a75c-539e4af31cdc","email":"liam.gonzalez@me.com","message":"failed to process due to datastore timeout of 30 seconds.  operation took 92 seconds."},{"id":"a0813b69-48eb-4ab8-ab09-e3f2f8067ee3","email":"madison.lewis@gmail.com","message":"successfully handled skipped operation."},{"id":"9471af10-5c23-4d14-81f4-2679a872f89d","email":"chloe.garcia@dropbox.net","message":"failed to process due to datastore timeout of 30 seconds.  operation took 40 seconds."},{"id":"17f9abfd-b85d-4ee1-b1cc-b3b9bcc3be43","email":"michael.hall@dropbox.net","message":"successfully handled skipped operation."},{"id":"9945661b-9a4d-4932-b4cc-e980f97824c4","email":"elizabeth.martinez@dropbox.net","message":"successfully parsed message, but message temporarily enqueued while system restarts."},{"id":"b27901ba-f87c-4d7e-8adf-70b6be6d69be","email":"chloe.garcia@dropbox.net","message":"successfully parsed message, but message temporarily enqueued while system restarts."},{"id":"dab3ae63-805f-4fdf-8928-23ff789c5f84","email":"jack.thompson@me.com","message":"successfully parsed message, but message temporarily enqueued while system restarts."},{"id":"97b2a973-046f-4ca8-9793-f1502575b5fc","email":"nathan.young@microsoft.com","message":"successfully parsed message, but message temporarily enqueued while system restarts."},{"id":"8a435763-be5c-4f22-b9c3-0ee1af2b9caa","email":"ryan.king@dropbox.net","message":"failed to process due to datastore timeout of 30 seconds.  operation took 85 seconds."},{"id":"4f5288ae-8200-461d-a460-592b5ac1f1c6","email":"madison.lewis@gmail.com","message":"failed to process due to datastore timeout of 30 seconds.  operation took 55 seconds."},{"id":"16d45f19-389b-495c-ad21-d230425e20c2","email":"matthew.walker@amerisave.com","message":"successfully parsed message, but message temporarily enqueued while system restarts."},{"id":"24988cbc-aba3-4bf1-94e9-5ea68fec5a89","email":"elizabeth.martinez@dropbox.net","message":"successfully processed after 9082 milliseconds."},{"id":"94f05497-be2a-4a49-b64e-d1156d284ac1","email":"jack.thompson@me.com","message":"successfully handled skipped operation."},{"id":"4e05c818-af83-4416-b990-99428bca41d1","email":"joshua.lee@gmail.com","message":"successfully handled skipped operation."},{"id":"85ff3be7-95dd-4d6e-a0de-1186e8170fa1","email":"taylor.adams@gmail.com","message":"successfully handled skipped operation."},{"id":"7168124d-7f1b-4b07-b975-4c35310f61a4","email":"ryan.king@dropbox.net","message":"successfully processed after 1686 milliseconds."},{"id":"752788af-ff21-4792-8dfc-1fba9bed7387","email":"nathan.young@microsoft.com","message":"failed to process due to network exception."},{"id":"c4676f5d-d5a5-4d37-b7eb-2636fce9ec45","email":"noah.sanchez@me.com","message":"successfully processed after 2526 milliseconds."},{"id":"54c09798-e4a6-421a-a0dc-5c533008db63","email":"matthew.walker@amerisave.com","message":"failed to process due to network exception."},{"id":"1b6def8f-8747-4136-af5a-63349a025c52","email":"ella.anderson@dropbox.net","message":"successfully parsed message, but message temporarily enqueued while system restarts."},{"id":"fab646cd-903b-4242-9209-a0abcb5f6f5c","email":"nathan.young@microsoft.com","message":"successfully parsed message, but message temporarily enqueued while system restarts."},{"id":"5bf5e050-0228-421f-a137-0090720ca208","email":"emily.taylor@gmail.com","message":"successfully handled skipped operation."},{"id":"8ebade2d-fe36-497d-b480-500cabfce87a","email":"andrew.miller@gmail.com","message":"successfully processed after 4092 milliseconds."},{"id":"a17f1b7c-4aa9-4ce4-98d9-007cbb98c8c0","email":"matthew.walker@amerisave.com","message":"failed to process due to network exception."},{"id":"908dda1d-e92e-4aac-8182-dff4946703e8","email":"sarah.green@amerisave.com","message":"failed to process due to network exception."},{"id":"0fad0b7c-cff5-4ab8-a9c3-dfad237126a2","email":"jack.thompson@me.com","message":"successfully processed after 7981 milliseconds."},{"id":"8d9fc8b2-83d8-4e72-bb65-3cc865debb5c","email":"andrew.miller@gmail.com","message":"successfully processed after 3516 milliseconds."},{"id":"f7ef3c35-523b-4f8b-9d57-3574408fc6cd","email":"alexis.brown@microsoft.com","message":"failed to process due to network exception."},{"id":"d67d4735-b165-48ca-be40-38abe57ea112","email":"noah.sanchez@me.com","message":"failed to process due to network exception."},{"id":"d00f725d-6b11-4e11-b55d-bb3fe32b0bdb","email":"mia.perez@me.com","message":"successfully handled skipped operation."},{"id":"a1ddea37-4add-4dad-a0af-62b07a76b090","email":"ella.anderson@dropbox.net","message":"successfully handled skipped operation."},{"id":"fe9492ce-c034-4a1f-bd27-98a4bc8458ef","email":"liam.gonzalez@me.com","message":"successfully parsed message, but message temporarily enqueued while system restarts."},{"id":"89695501-587a-4bb7-ae29-bf553296685e","email":"mia.perez@me.com","message":"failed to process due to datastore timeout of 30 seconds.  operation took 109 seconds."},{"id":"70d56407-1be4-423f-ad1a-e1e044db2266","email":"liam.gonzalez@me.com","message":"successfully processed after 3830 milliseconds."},{"id":"fa0a1536-c133-4a57-82ed-c9c08d8c6170","email":"michael.hall@dropbox.net","message":"successfully handled skipped operation."},{"id":"4056e687-8755-4298-ab91-8520288391e4","email":"mia.perez@me.com","message":"successfully handled skipped operation."},{"id":"23591c1c-28b0-4845-8919-5a61eb876512","email":"joshua.lee@gmail.com","message":"successfully handled skipped operation."},{"id":"6f9cd6bd-0bd6-4fe4-9663-ad251078a733","email":"samantha.scott@me.com","message":"successfully handled skipped operation."},{"id":"816915e6-d03d-439a-9e0b-60938949136a","email":"aiden.johnson@microsoft.com","message":"successfully handled skipped operation."},{"id":"f1049b9b-dcaa-4ce2-b9dc-1194618d7691","email":"isabella.jackson@amerisave.com","message":"successfully parsed message, but message temporarily enqueued while system restarts."},{"id":"b757105f-0e87-47c2-b628-133cbec2a214","email":"emma.thomas@me.com","message":"successfully processed after 6179 milliseconds."},{"id":"af91c773-55c3-45da-8b15-3b2ea4fef651","email":"logan.clark@dropbox.net","message":"failed to process due to network exception."},{"id":"08f8c80b-3c3b-442b-b2aa-4a7f1abf4d89","email":"dylan.wilson@gmail.com","message":"failed to process due to network exception."},{"id":"19f203bb-41fc-42df-976e-1409ea961f9d","email":"lily.harris@gmail.com","message":"successfully parsed message, but message temporarily enqueued while system restarts."},{"id":"b0d98670-0e6e-450e-b71c-90d974a7363d","email":"hannah.martin@dropbox.net","message":"failed to process due to network exception."},{"id":"4df7213a-69ad-4bd3-9ae0-4a857dcfe3af","email":"samantha.scott@me.com","message":"successfully handled skipped operation."},{"id":"053d324d-aada-49c8-8571-9516014bd317","email":"hannah.martin@dropbox.net","message":"successfully parsed message, but message temporarily enqueued while system restarts."},{"id":"0b1930a8-f5f6-42af-8639-c9ccd020ac61","email":"sarah.green@amerisave.com","message":"successfully parsed message, but message temporarily enqueued while system restarts."},{"id":"e75bc831-c2f8-41e0-b7be-2460c0d56de6","email":"ethan.hernandez@microsoft.com","message":"successfully processed after 1964 milliseconds."},{"id":"5e144258-7d44-4689-80c5-13b9a3177609","email":"tyler.nelson@microsoft.com","message":"failed to process due to network exception."},{"id":"bf962eb3-0e8c-45d1-972e-c9c9a6e58691","email":"olivia.wright@gmail.com","message":"successfully processed after 1704 milliseconds."},{"id":"e7d59a4e-0d44-433f-94fb-598a6fbfda91","email":"samantha.scott@me.com","message":"successfully handled skipped operation."},{"id":"8b3e9ae2-da3c-4e87-a605-7764a38cade4","email":"taylor.adams@gmail.com","message":"failed to process due to datastore timeout of 30 seconds.  operation took 52 seconds."},{"id":"72c47ae2-aa85-4797-a8fd-26af082df25e","email":"ryan.king@dropbox.net","message":"successfully parsed message, but message temporarily enqueued while system restarts."},{"id":"b52b29d2-1821-4612-afb9-fa69cef197f8","email":"nathan.young@microsoft.com","message":"failed to process due to network exception."},{"id":"262c3856-8758-41ef-b9c6-a838688de2a4","email":"noah.sanchez@me.com","message":"successfully handled skipped operation."},{"id":"44a7e92b-7576-4dbc-be29-abbe1ddcc79b","email":"taylor.adams@gmail.com","message":"successfully handled skipped operation."},{"id":"0c9f68f1-cdac-4196-8410-5c3e39b7590c","email":"mason.robinson@amerisave.com","message":"successfully handled skipped operation."},{"id":"23bb7a9d-5c7b-4721-bcd0-833dc3a5f5e5","email":"aiden.johnson@microsoft.com","message":"failed to process due to datastore timeout of 30 seconds.  operation took 55 seconds."},{"id":"a3a87986-2ff2-4e4c-8df9-1eed9d10d32a","email":"nicholas.allen@microsoft.com","message":"successfully parsed message, but message temporarily enqueued while system restarts."},{"id":"f2d9668d-d29b-44ff-831a-2a93483b226a","email":"noah.sanchez@me.com","message":"failed to process due to network exception."},{"id":"1ca25446-2ee4-4c45-afa1-6d6c3cacd276","email":"ethan.hernandez@microsoft.com","message":"successfully processed after 3356 milliseconds."},{"id":"286bd6fb-641e-488e-9c0b-edd9eb7b45ec","email":"jack.thompson@me.com","message":"failed to process due to datastore timeout of 30 seconds.  operation took 127 seconds."},{"id":"db1373b7-7ee5-462a-990f-e604be5129d6","email":"ryan.king@dropbox.net","message":"successfully processed after 8519 milliseconds."},{"id":"9d24cea9-fbc4-4a89-987b-c012cca1c61c","email":"ryan.king@dropbox.net","message":"successfully handled skipped operation."},{"id":"f82a2404-5200-43e2-8e85-f6e02946e31c","email":"mia.perez@me.com","message":"successfully parsed message, but message temporarily enqueued while system restarts."},{"id":"b4081bd0-8b79-41d3-9ac3-037aecb0db73","email":"olivia.wright@gmail.com","message":"successfully parsed message, but message temporarily enqueued while system restarts."},{"id":"17d851e6-56bb-4183-8912-9d5938ca5621","email":"abigail.smith@amerisave.com","message":"successfully processed after 2558 milliseconds."},{"id":"07e09752-c918-42b9-b17b-280d4951e186","email":"jacob.lopez@dropbox.net","message":"failed to process due to network exception."},{"id":"0a7bffc5-7623-4b17-a650-6d030e827ba2","email":"emily.taylor@gmail.com","message":"successfully processed after 8922 milliseconds."},{"id":"4df33adf-80a1-4292-8a3a-bf199b9af5d0","email":"daniel.rodriguez@amerisave.com","message":"successfully handled skipped operation."},{"id":"fbb1b650-68f0-4688-93d8-74c65820482e","email":"sophia.baker@dropbox.net","message":"successfully processed after 2484 milliseconds."},{"id":"f9a9f595-48ff-44f3-af62-a023c4de8e74","email":"logan.clark@dropbox.net","message":"successfully processed after 5192 milliseconds."},{"id":"2d74117b-4a8f-491b-b6e4-60abac01db39","email":"andrew.miller@gmail.com","message":"successfully processed after 7320 milliseconds."},{"id":"bff3d52f-01b2-465e-bc61-18a5533c0b16","email":"tyler.nelson@microsoft.com","message":"failed to process due to datastore timeout of 30 seconds.  operation took 62 seconds."},{"id":"1afaa296-7016-4e0b-8140-d7682a45ee31","email":"hannah.martin@dropbox.net","message":"successfully parsed message, but message temporarily enqueued while system restarts."},{"id":"30012168-3a3f-4322-90ea-4ae9ff1f9c84","email":"sophia.baker@dropbox.net","message":"successfully processed after 9249 milliseconds."},{"id":"f9cb643e-3c5b-4445-9da6-b8e8ee071a84","email":"alexander.williams@gmail.com","message":"successfully handled skipped operation."},{"id":"5bb2684a-e587-469c-b344-f374e06f2eef","email":"jacob.lopez@dropbox.net","message":"successfully processed after 6980 milliseconds."},{"id":"9b4698c4-a604-43a5-a139-88ca4b1bf887","email":"madison.lewis@gmail.com","message":"successfully parsed message, but message temporarily enqueued while system restarts."},{"id":"50aabcf9-324c-41b5-833b-a3269e5304bc","email":"ryan.king@dropbox.net","message":"successfully handled skipped operation."},{"id":"61c2b49f-92ef-4475-81c6-945e78f8554b","email":"jackson.white@gmail.com","message":"failed to process due to datastore timeout of 30 seconds.  operation took 76 seconds."},{"id":"64f95cca-fece-4bbd-a173-6ae9f3a18c1f","email":"noah.sanchez@me.com","message":"successfully processed after 5591 milliseconds."},{"id":"13924799-d477-456a-911c-c92536c45c37","email":"chloe.garcia@dropbox.net","message":"successfully processed after 3903 milliseconds."},{"id":"f85731fb-62b0-4010-888a-2b80be478778","email":"olivia.wright@gmail.com","message":"successfully parsed message, but message temporarily enqueued while system restarts."},{"id":"84b3c854-fc95-4f63-971e-e50a8f501745","email":"joshua.lee@gmail.com","message":"successfully handled skipped operation."},{"id":"cd04daf0-b615-4c73-b985-5780dc2664ce","email":"hannah.martin@dropbox.net","message":"failed to process due to datastore timeout of 30 seconds.  operation took 123 seconds."},{"id":"cbef3f3a-0874-4364-bae8-1b9f9223c17d","email":"daniel.rodriguez@amerisave.com","message":"successfully handled skipped operation."},{"id":"ab3a01a3-dc50-4272-afce-398fce229367","email":"madison.lewis@gmail.com","message":"failed to process due to datastore timeout of 30 seconds.  operation took 104 seconds."},{"id":"fd23ad74-0064-4e8a-b1aa-b8f65d1c41e2","email":"dylan.wilson@gmail.com","message":"successfully parsed message, but message temporarily enqueued while system restarts."},{"id":"6362bf38-cb8f-4e5f-bfd3-24f83a1e3f3d","email":"mason.robinson@amerisave.com","message":"successfully parsed message, but message temporarily enqueued while system restarts."},{"id":"17525331-e681-4b93-ae2d-6d59a792313a","email":"ryan.king@dropbox.net","message":"successfully handled skipped operation."},{"id":"b5c8ad24-4534-4a03-9905-3631739b35c8","email":"logan.clark@dropbox.net","message":"successfully parsed message, but message temporarily enqueued while system restarts."},{"id":"09d5dc39-f923-4b83-b914-cee6b7233982","email":"joshua.lee@gmail.com","message":"successfully processed after 6928 milliseconds."},{"id":"c8b0cc5a-4ffc-49ce-a91c-9116b6a153ee","email":"sarah.green@amerisave.com","message":"failed to process due to network exception."},{"id":"ac6282c8-9b67-4946-9c62-401f5965d5b0","email":"dylan.wilson@gmail.com","message":"failed to process due to datastore timeout of 30 seconds.  operation took 87 seconds."},{"id":"a0dd874c-51bc-4111-9546-527d0514550a","email":"nathan.young@microsoft.com","message":"failed to process due to datastore timeout of 30 seconds.  operation took 120 seconds."},{"id":"dc34cdc3-e876-46c6-815f-2e9961471766","email":"emma.thomas@me.com","message":"failed to process due to datastore timeout of 30 seconds.  operation took 46 seconds."},{"id":"1b1136ae-59ca-4921-9d07-4b2615411eed","email":"jack.thompson@me.com","message":"failed to process due to datastore timeout of 30 seconds.  operation took 71 seconds."},{"id":"adcd94ac-dfe6-4aad-baec-c7964ed423ea","email":"noah.sanchez@me.com","message":"successfully parsed message, but message temporarily enqueued while system restarts."},{"id":"26010cac-5afb-435b-94dd-f81f2f5eed52","email":"alexis.brown@microsoft.com","message":"failed to process due to network exception."},{"id":"0d14f614-25af-44fc-bc68-ea070565cbd8","email":"isabella.jackson@amerisave.com","message":"successfully handled skipped operation."},{"id":"fe9db1c0-66f0-4f6d-8803-88e27ba03f44","email":"nathan.young@microsoft.com","message":"failed to process due to network exception."},{"id":"a51d223e-07df-4ebc-9be7-38a82fa923be","email":"nathan.young@microsoft.com","message":"successfully parsed message, but message temporarily enqueued while system restarts."},{"id":"107294c0-16ae-4c28-b5a2-6d8c761cc140","email":"jacob.lopez@dropbox.net","message":"successfully parsed message, but message temporarily enqueued while system restarts."},{"id":"44ca4a76-842b-4ab8-98ad-d391967cdeeb","email":"liam.gonzalez@me.com","message":"successfully handled skipped operation."},{"id":"3fce6642-6ed9-4b69-b5fd-3334aa894e58","email":"hannah.martin@dropbox.net","message":"failed to process due to datastore timeout of 30 seconds.  operation took 125 seconds."},{"id":"6268b447-59b6-4111-bcec-eaac5d547bc0","email":"logan.clark@dropbox.net","message":"successfully handled skipped operation."},{"id":"497405e2-5dbf-4dcc-bb64-2fef0e670034","email":"sarah.green@amerisave.com","message":"successfully handled skipped operation."},{"id":"85063af7-29b4-4b77-946e-1aec31a0b969","email":"joshua.lee@gmail.com","message":"failed to process due to datastore timeout of 30 seconds.  operation took 82 seconds."},{"id":"cd553182-9c21-4242-8039-93463df74422","email":"grace.moore@gmail.com","message":"successfully parsed message, but message temporarily enqueued while system restarts."},{"id":"ce7430f8-b216-4dcf-8413-6ee0da045050","email":"alexis.brown@microsoft.com","message":"successfully handled skipped operation."},{"id":"5ca9b2c0-27f4-428d-86fe-1de46ac30420","email":"ava.davis@gmail.com","message":"failed to process due to datastore timeout of 30 seconds.  operation took 85 seconds."},{"id":"712cd7aa-b837-4f4c-abe2-975d5da6935c","email":"hannah.martin@dropbox.net","message":"successfully processed after 3156 milliseconds."},{"id":"b79ca4a0-d997-4da2-8315-6bff1bd2bdfa","email":"aiden.johnson@microsoft.com","message":"failed to process due to network exception."},{"id":"b09c44b3-41e7-4da5-b370-c26644d0fe6b","email":"sophia.baker@dropbox.net","message":"failed to process due to network exception."},{"id":"8e7ab6b2-a0ef-49a6-a6c9-648141227a7f","email":"jacob.lopez@dropbox.net","message":"successfully handled skipped operation."},{"id":"f13a4355-d578-4924-a60a-0fe274dfbb82","email":"taylor.adams@gmail.com","message":"successfully processed after 3670 milliseconds."},{"id":"27074252-0ac0-43e1-962d-ce173a3c9a58","email":"taylor.adams@gmail.com","message":"failed to process due to network exception."},{"id":"bb11c05b-8b5b-4630-94b6-f88ee8444ab7","email":"ethan.hernandez@microsoft.com","message":"successfully handled skipped operation."},{"id":"11c676a1-4fbb-49ef-ad7f-bc2606614822","email":"isabella.jackson@amerisave.com","message":"failed to process due to network exception."},{"id":"45865917-ea49-40f7-b4cd-cd437f94da78","email":"aiden.johnson@microsoft.com","message":"failed to process due to network exception."},{"id":"bad8abc3-061b-43c2-b1c9-beafb7f4cb98","email":"dylan.wilson@gmail.com","message":"successfully handled skipped operation."},{"id":"9577f043-9efb-48ee-a184-34efa69a376f","email":"chloe.garcia@dropbox.net","message":"failed to process due to network exception."},{"id":"51e3a4d2-02de-4f4d-8c5e-00575df41b77","email":"noah.sanchez@me.com","message":"successfully handled skipped operation."},{"id":"273963b6-9ecd-4ace-95fc-129706f3cc95","email":"alyssa.jones@amerisave.com","message":"successfully parsed message, but message temporarily enqueued while system restarts."},{"id":"940e1a0c-530a-425f-b4ae-c92b51690df2","email":"alyssa.jones@amerisave.com","message":"successfully parsed message, but message temporarily enqueued while system restarts."},{"id":"8d8e95c0-beb1-4579-8159-55b8036cfdfc","email":"emma.thomas@me.com","message":"successfully processed after 9392 milliseconds."},{"id":"8ffa9d52-b293-440a-a565-a7c41c469158","email":"madison.lewis@gmail.com","message":"successfully parsed message, but message temporarily enqueued while system restarts."},{"id":"c2879150-43d2-4a50-884d-eb6246e6dd41","email":"madison.lewis@gmail.com","message":"successfully handled skipped operation."},{"id":"eab6970f-1dab-4498-b691-52b7ee097eec","email":"dylan.wilson@gmail.com","message":"successfully parsed message, but message temporarily enqueued while system restarts."},{"id":"857646d5-e941-4c18-bcef-bab87a116dde","email":"ella.anderson@dropbox.net","message":"failed to process due to network exception."},{"id":"8b3807da-51f3-49d3-8b4b-1fbd8886693c","email":"isabella.jackson@amerisave.com","message":"failed to process due to datastore timeout of 30 seconds.  operation took 55 seconds."},{"id":"f6f52049-4546-4e7a-af62-8074e6fbbe4e","email":"alyssa.jones@amerisave.com","message":"successfully parsed message, but message temporarily enqueued while system restarts."},{"id":"faa8ce8c-1d40-4653-b792-8fff8dd44cbe","email":"jack.thompson@me.com","message":"successfully parsed message, but message temporarily enqueued while system restarts."},{"id":"f78864f6-9b2a-4fb1-b821-eb17d63f5409","email":"aiden.johnson@microsoft.com","message":"failed to process due to datastore timeout of 30 seconds.  operation took 92 seconds."},{"id":"291ee7a7-57c1-41f6-af3d-7fd913bb5096","email":"daniel.rodriguez@amerisave.com","message":"successfully handled skipped operation."},{"id":"02cfd235-e961-42b1-9c2e-deee4087f710","email":"ella.anderson@dropbox.net","message":"successfully parsed message, but message temporarily enqueued while system restarts."},{"id":"a3eb19c4-8b26-4fe7-b93c-30fe56d089ec","email":"mason.robinson@amerisave.com","message":"failed to process due to datastore timeout of 30 seconds.  operation took 114 seconds."},{"id":"f166566f-0d55-4706-a6d0-77c11745d531","email":"daniel.rodriguez@amerisave.com","message":"failed to process due to datastore timeout of 30 seconds.  operation took 68 seconds."},{"id":"a7cbfa14-d1d2-4171-92d8-8cec69a0981b","email":"emily.taylor@gmail.com","message":"failed to process due to network exception."},{"id":"829a0126-23af-4eb7-958e-4756408eff3e","email":"michael.hall@dropbox.net","message":"failed to process due to datastore timeout of 30 seconds.  operation took 81 seconds."},{"id":"047fe877-5cc2-4f7c-9f55-4684345725ca","email":"alyssa.jones@amerisave.com","message":"successfully processed after 5510 milliseconds."},{"id":"98844c72-28aa-40d1-bf8e-2931b1b373f4","email":"isabella.jackson@amerisave.com","message":"failed to process due to network exception."},{"id":"f7aa6fcd-ecc4-41fd-9417-2970b550dee2","email":"nicholas.allen@microsoft.com","message":"successfully parsed message, but message temporarily enqueued while system restarts."},{"id":"20f67622-eb1a-4250-93b3-2d69da87ceda","email":"andrew.miller@gmail.com","message":"successfully handled skipped operation."},{"id":"cc27171f-2c9e-40a8-8d80-58cfad6ce11c","email":"emma.thomas@me.com","message":"successfully parsed message, but message temporarily enqueued while system restarts."},{"id":"6cff7628-4c98-4efd-bfd7-d7165af159e6","email":"sophia.baker@dropbox.net","message":"successfully processed after 3571 milliseconds."},{"id":"412ac682-9b4a-4aa8-83b5-20028996cf28","email":"mason.robinson@amerisave.com","message":"successfully parsed message, but message temporarily enqueued while system restarts."},{"id":"882ccb47-6507-4f8d-ad49-74b8d0e15474","email":"emma.thomas@me.com","message":"failed to process due to datastore timeout of 30 seconds.  operation took 75 seconds."},{"id":"df56ca02-c5ef-40eb-9b1a-8164d8c70133","email":"matthew.walker@amerisave.com","message":"failed to process due to datastore timeout of 30 seconds.  operation took 41 seconds."},{"id":"42feec08-626b-47b1-82e0-f97939ae6c1b","email":"jackson.white@gmail.com","message":"failed to process due to datastore timeout of 30 seconds.  operation took 124 seconds."},{"id":"79ed4e72-6153-4d02-9d02-9d989a91a5d8","email":"samantha.scott@me.com","message":"successfully parsed message, but message temporarily enqueued while system restarts."},{"id":"76672ed1-791e-4a24-8716-f17a91d0125d","email":"lily.harris@gmail.com","message":"successfully processed after 2605 milliseconds."},{"id":"bda38ce0-efda-4158-a2b0-bb78266a7176","email":"ella.anderson@dropbox.net","message":"failed to process due to network exception."},{"id":"539ad047-9133-433e-9f67-1de62b3fae49","email":"aiden.johnson@microsoft.com","message":"successfully parsed message, but message temporarily enqueued while system restarts."},{"id":"0a57cda6-fb4d-4455-ad2e-7688b488641e","email":"sophia.baker@dropbox.net","message":"successfully handled skipped operation."},{"id":"bf844056-6368-42f5-8b19-3215f35cc882","email":"sarah.green@amerisave.com","message":"successfully handled skipped operation."},{"id":"23a0b8cf-d16c-47a6-bebe-64aa2b6ff51c","email":"tyler.nelson@microsoft.com","message":"failed to process due to network exception."},{"id":"5e461f81-e6fb-48b2-bda8-7b03bf73d84e","email":"chloe.garcia@dropbox.net","message":"successfully parsed message, but message temporarily enqueued while system restarts."},{"id":"1d68c638-8ed0-43c1-9b1a-a7ec859bfcae","email":"sophia.baker@dropbox.net","message":"successfully parsed message, but message temporarily enqueued while system restarts."},{"id":"8d72773b-1235-4803-a225-e41a90ebd187","email":"matthew.walker@amerisave.com","message":"successfully processed after 830 milliseconds."},{"id":"44fe470c-2602-435b-9a34-8cc78eeb1c64","email":"elizabeth.martinez@dropbox.net","message":"successfully parsed message, but message temporarily enqueued while system restarts."},{"id":"96f63c24-97b4-4b51-9a3f-0ba33facc308","email":"madison.lewis@gmail.com","message":"successfully handled skipped operation."},{"id":"260d7e0c-8d7e-492d-9499-ce41afb762b5","email":"jackson.white@gmail.com","message":"successfully processed after 6290 milliseconds."},{"id":"40f25906-0b38-4792-94be-9a87615f7f74","email":"mason.robinson@amerisave.com","message":"successfully handled skipped operation."},{"id":"a216adac-b753-4923-8df0-a8a4bb0a1ac4","email":"chloe.garcia@dropbox.net","message":"successfully processed after 4243 milliseconds."},{"id":"83297e03-8883-4d78-bb49-d27856f3b3e0","email":"joshua.lee@gmail.com","message":"failed to process due to network exception."},{"id":"6e2f3003-8e0f-4cfa-aa22-bb75e739969a","email":"lily.harris@gmail.com","message":"successfully parsed message, but message temporarily enqueued while system restarts."},{"id":"57e5449f-789a-4868-8144-d10988ec97e1","email":"tyler.nelson@microsoft.com","message":"successfully handled skipped operation."},{"id":"199d0ab9-a4ac-4b44-ac49-5e9128051b03","email":"alexander.williams@gmail.com","message":"failed to process due to datastore timeout of 30 seconds.  operation took 47 seconds."},{"id":"47e9dcaa-7302-4999-8018-5ab0ac8de084","email":"jacob.lopez@dropbox.net","message":"successfully processed after 9980 milliseconds."},{"id":"28b33a8a-0fe6-4515-ae9b-ca27547c7a1d","email":"ava.davis@gmail.com","message":"successfully processed after 3347 milliseconds."},{"id":"502db293-d2cf-4d8a-89c2-71c7bf09a57c","email":"hannah.martin@dropbox.net","message":"successfully processed after 1436 milliseconds."},{"id":"34c87858-c2b3-4eb9-9f09-8b78189d76ea","email":"ethan.hernandez@microsoft.com","message":"failed to process due to datastore timeout of 30 seconds.  operation took 86 seconds."},{"id":"be17771f-3d83-4031-9e81-1201833fdb54","email":"noah.sanchez@me.com","message":"successfully parsed message, but message temporarily enqueued while system restarts."},{"id":"589695c8-018f-4456-b1bf-a21decbb9bb4","email":"taylor.adams@gmail.com","message":"successfully handled skipped operation."},{"id":"1cc9e20b-b046-476b-9c93-ac15b841c0be","email":"alyssa.jones@amerisave.com","message":"successfully handled skipped operation."},{"id":"2baed015-4c52-4b9b-a24d-f80401dcd544","email":"noah.sanchez@me.com","message":"successfully handled skipped operation."},{"id":"24b4d17f-ddb3-4854-9a7a-131cddeb5433","email":"olivia.wright@gmail.com","message":"successfully processed after 1715 milliseconds."},{"id":"020aa746-635c-4ee9-b830-6d9ab3fc31b5","email":"aiden.johnson@microsoft.com","message":"successfully processed after 4164 milliseconds."},{"id":"6a1ef30b-373f-4c41-bbae-402084a4cc28","email":"daniel.rodriguez@amerisave.com","message":"successfully processed after 3042 milliseconds."},{"id":"fd00c2c0-7be0-481c-85af-6e260b7a18bf","email":"jackson.white@gmail.com","message":"successfully parsed message, but message temporarily enqueued while system restarts."},{"id":"1fed7d8b-a1a5-49cd-8499-61127fa2f422","email":"chloe.garcia@dropbox.net","message":"successfully processed after 7069 milliseconds."},{"id":"5c5ba08b-7039-48b7-a1ad-001859574129","email":"noah.sanchez@me.com","message":"successfully processed after 9222 milliseconds."},{"id":"04ed656e-4483-4d61-8e53-50d2033310dc","email":"alexis.brown@microsoft.com","message":"failed to process due to network exception."},{"id":"86a35435-d30c-44bd-81c3-da7f3903da2e","email":"sarah.green@amerisave.com","message":"successfully processed after 4132 milliseconds."},{"id":"72b29de2-edcb-4afc-b4b1-b02914fbac95","email":"chloe.garcia@dropbox.net","message":"failed to process due to network exception."},{"id":"1b362902-adad-467b-8cc6-de4884c47f2f","email":"tyler.nelson@microsoft.com","message":"successfully parsed message, but message temporarily enqueued while system restarts."},{"id":"56959bed-c691-4c73-87b1-781b576dd4a1","email":"nathan.young@microsoft.com","message":"successfully parsed message, but message temporarily enqueued while system restarts."},{"id":"45dc6b38-49e6-4cc7-a746-35a97f5edba0","email":"abigail.smith@amerisave.com","message":"failed to process due to datastore timeout of 30 seconds.  operation took 91 seconds."},{"id":"09002653-ac08-47db-afa8-bf4f2c82a72f","email":"ella.anderson@dropbox.net","message":"failed to process due to network exception."},{"id":"e926bdf6-de1d-4c74-8826-ae16a15b4d8c","email":"alexis.brown@microsoft.com","message":"successfully processed after 2726 milliseconds."},{"id":"88f8d139-fc74-48dc-85ec-a2a822fae2ea","email":"ethan.hernandez@microsoft.com","message":"failed to process due to datastore timeout of 30 seconds.  operation took 79 seconds."},{"id":"8e7c75d7-f506-403b-8b62-b3b735a2ef97","email":"andrew.miller@gmail.com","message":"successfully processed after 7566 milliseconds."},{"id":"d2779026-96ab-4735-aa0a-91cb356e01b0","email":"ethan.hernandez@microsoft.com","message":"successfully parsed message, but message temporarily enqueued while system restarts."},{"id":"7055341e-6fb5-45a4-ba9f-90116e58c5a6","email":"jack.thompson@me.com","message":"successfully handled skipped operation."},{"id":"cc6b162e-3903-4728-bf92-854dcae76765","email":"michael.hall@dropbox.net","message":"successfully parsed message, but message temporarily enqueued while system restarts."},{"id":"5f4708e8-8616-4c8c-83bb-b7b00323f912","email":"ava.davis@gmail.com","message":"successfully parsed message, but message temporarily enqueued while system restarts."},{"id":"d71f5278-d256-4da4-9779-b36c481430a1","email":"grace.moore@gmail.com","message":"successfully handled skipped operation."},{"id":"a07711d5-f6bd-4816-8a3b-8cc87da001f8","email":"mason.robinson@amerisave.com","message":"failed to process due to network exception."},{"id":"b321288d-b266-45ff-becc-4d06f27f6a1f","email":"ava.davis@gmail.com","message":"failed to process due to datastore timeout of 30 seconds.  operation took 112 seconds."},{"id":"69ae4106-a1c3-4ec3-8ba6-e3b92296f48c","email":"ella.anderson@dropbox.net","message":"successfully processed after 6 milliseconds."},{"id":"d8da0459-5b85-4548-8ced-f6fe52d27b76","email":"matthew.walker@amerisave.com","message":"failed to process due to datastore timeout of 30 seconds.  operation took 98 seconds."},{"id":"1b542191-ebdc-4e16-b4df-7b5245e144da","email":"alexander.williams@gmail.com","message":"failed to process due to network exception."},{"id":"2e9d0404-ee7b-4033-b346-3214f6a04521","email":"elizabeth.martinez@dropbox.net","message":"successfully handled skipped operation."},{"id":"af4d634e-d0b3-4141-a8df-2010e6979adf","email":"chloe.garcia@dropbox.net","message":"successfully handled skipped operation."},{"id":"c8d6c716-5025-4f52-9929-afe1441417dc","email":"liam.gonzalez@me.com","message":"successfully handled skipped operation."},{"id":"c69734b0-c632-4386-9d8b-64052a7f7d7a","email":"ella.anderson@dropbox.net","message":"failed to process due to datastore timeout of 30 seconds.  operation took 126 seconds."},{"id":"d0224ef5-3133-409d-8722-84d69f39d009","email":"jackson.white@gmail.com","message":"failed to process due to datastore timeout of 30 seconds.  operation took 67 seconds."},{"id":"80df2566-09e0-46fe-a2d5-d3e6cf1e4766","email":"aiden.johnson@microsoft.com","message":"failed to process due to datastore timeout of 30 seconds.  operation took 84 seconds."},{"id":"a5498203-ddc8-4519-b116-9a8cfbb865fe","email":"michael.hall@dropbox.net","message":"successfully processed after 2976 milliseconds."},{"id":"be586cce-d49d-4f3e-9991-918d92a98901","email":"aiden.johnson@microsoft.com","message":"failed to process due to network exception."},{"id":"11a18294-3713-47ad-91b2-1bdd47c78e68","email":"tyler.nelson@microsoft.com","message":"failed to process due to network exception."},{"id":"f9117794-edaf-407c-b430-7984d2d055ad","email":"ava.davis@gmail.com","message":"successfully processed after 9096 milliseconds."},{"id":"64049d84-8c50-4890-8c80-03d6840ddb93","email":"jacob.lopez@dropbox.net","message":"failed to process due to datastore timeout of 30 seconds.  operation took 67 seconds."},{"id":"945f5aa9-8dbe-455a-8fd2-03e261d6607d","email":"lily.harris@gmail.com","message":"failed to process due to network exception."}],"id":"f7e09863-fe52-418d-927e-340df353fc18"}