{"logs":[{"id":"ed1c4885-3f94-4c52-b206-cc84d7b9de85","email":"alexis.brown@microsoft.com","message":"successfully processed after 9316 milliseconds."},{"id":"09f57f2c-62ce-4d03-b892-e4a1b733b768","email":"daniel.rodriguez@amerisave.com","message":"successfully processed after 6565 milliseconds."},{"id":"2fcf3555-5c9d-424d-83df-8d869cd611cc","email":"elizabeth.martinez@dropbox.net","message":"successfully processed after 7408 milliseconds."},{"id":"9ac59a44-29cc-49a3-b262-8d46ca62a89e","email":"sophia.baker@dropbox.net","message":"successfully processed after 4829 milliseconds."},{"id":"b3a90e8e-43b5-4c88-aeb3-c9bb3eb1919b","email":"aiden.johnson@microsoft.com","message":"failed to process due to datastore timeout of 30 seconds.  operation took 45 seconds."},{"id":"3938d731-a543-4e81-9ab1-1b60d6a3d51e","email":"ava.davis@gmail.com","message":"failed to process due to datastore timeout of 30 seconds.  operation took 42 seconds."},{"id":"1716cfac-9886-4c4e-81f2-334542647cab","email":"michael.hall@dropbox.net","message":"successfully handled skipped operation."},{"id":"ab6e40de-cb9d-4d30-a3db-56a02de63537","email":"mia.perez@me.com","message":"failed to process due to network exception."},{"id":"2ad14a79-abde-44cd-bca1-55f40bf59d53","email":"daniel.rodriguez@amerisave.com","message":"successfully parsed message, but message temporarily enqueued while system restarts."},{"id":"59afc772-47a3-4e52-93e8-c213e820cd55","email":"jack.thompson@me.com","message":"successfully processed after 6659 milliseconds."},{"id":"7bdbfc24-843c-4f8b-9a28-44dbdaac3e75","email":"taylor.adams@gmail.com","message":"successfully processed after 1439 milliseconds."},{"id":"2382630e-63c0-4bda-8066-fa55f3c3bf51","email":"jack.thompson@me.com","message":"successfully parsed message, but message temporarily enqueued while system restarts."},{"id":"bf413f17-9436-4f16-98fc-dfa939eb4ef5","email":"ryan.king@dropbox.net","message":"failed to process due to datastore timeout of 30 seconds.  operation took 34 seconds."},{"id":"8bcd392d-12c4-404d-b293-436ca924b478","email":"madison.lewis@gmail.com","message":"failed to process due to datastore timeout of 30 seconds.  operation took 126 seconds."},{"id":"a87ec6f3-7c14-47bc-8ff1-41ea517f40a8","email":"hannah.martin@dropbox.net","message":"successfully handled skipped operation."},{"id":"4d806cef-6367-4fae-ad69-5c269610ca9b","email":"alexis.brown@microsoft.com","message":"failed to process due to network exception."},{"id":"7d8def55-e24e-462f-9d30-5f142e30c79f","email":"sophia.baker@dropbox.net","message":"successfully handled skipped operation."},{"id":"498fdfd0-c0a7-48bb-9f77-4d79fdf9f3ec","email":"isabella.jackson@amerisave.com","message":"successfully handled skipped operation."},{"id":"ad728f95-4763-4da4-a910-08573ab948f7","email":"jack.thompson@me.com","message":"successfully parsed message, but message temporarily enqueued while system restarts."},{"id":"5fbe6028-1da5-49d3-8b26-93fffad13227","email":"emma.thomas@me.com","message":"successfully parsed message, but message temporarily enqueued while system restarts."},{"id":"cfa6925e-febf-4aa1-a5f2-0e22b4fd8bc2","email":"nathan.young@microsoft.com","message":"successfully parsed message, but message temporarily enqueued while system restarts."},{"id":"84b8c931-838b-427c-8204-2d8333963e58","email":"alyssa.jones@amerisave.com","message":"successfully parsed message, but message temporarily enqueued while system restarts."},{"id":"8d970e69-0c40-4356-9077-caa1f997872c","email":"emma.thomas@me.com","message":"failed to process due to network exception."},{"id":"ee3229fd-7d62-431a-a5bd-034fba2dbbc6","email":"michael.hall@dropbox.net","message":"failed to process due to datastore timeout of 30 seconds.  operation took 45 seconds."},{"id":"a6d9820d-00ab-4936-92eb-9e9e0c44586a","email":"mia.perez@me.com","message":"successfully parsed message, but message temporarily enqueued while system restarts."},{"id":"693de339-fa21-474b-b993-93ee69dad841","email":"madison.lewis@gmail.com","message":"failed to process due to network exception."},{"id":"6ac241e2-900c-42ad-868b-795087d1a075","email":"alexis.brown@microsoft.com","message":"successfully parsed message, but message temporarily enqueued while system restarts."},{"id":"7900d2b8-7c23-4642-8b92-7a489a8d03b3","email":"lily.harris@gmail.com","message":"successfully handled skipped operation."},{"id":"3f096fa3-02b5-4a87-8009-4786b822d703","email":"joshua.lee@gmail.com","message":"successfully processed after 2034 milliseconds."},{"id":"39cf73d3-9f8f-4692-a4ae-8fe2136a60d0","email":"elizabeth.martinez@dropbox.net","message":"successfully processed after 8883 milliseconds."},{"id":"fc61b400-c749-49da-a17f-473f36a7d69a","email":"emma.thomas@me.com","message":"successfully handled skipped operation."},{"id":"068a23e8-1db7-4f34-a5bb-6faf7c51dfe7","email":"tyler.nelson@microsoft.com","message":"successfully handled skipped operation."},{"id":"9056f072-7b15-41cd-a4d4-e81216e1ef99","email":"madison.lewis@gmail.com","message":"failed to process due to network exception."},{"id":"1ad69bbb-6b78-4227-ad6b-5d2bc6d0f42b","email":"alyssa.jones@amerisave.com","message":"successfully processed after 7874 milliseconds."},{"id":"3c1af543-c2e1-4da7-ad07-3097b06b1183","email":"ethan.hernandez@microsoft.com","message":"failed to process due to datastore timeout of 30 seconds.  operation took 74 seconds."},{"id":"20f61a19-37fa-49df-b4b3-4a5f6abe3b5a","email":"alexis.brown@microsoft.com","message":"successfully handled skipped operation."},{"id":"5465cee3-04c4-499c-9f75-19a90a37943a","email":"alexander.williams@gmail.com","message":"failed to process due to datastore timeout of 30 seconds.  operation took 127 seconds."},{"id":"aa51e32c-578d-46ac-8e41-9f6a4b71c6f4","email":"mia.perez@me.com","message":"successfully processed after 3592 milliseconds."},{"id":"487d79c0-d57b-45a8-b7ff-cdc5d31a2e84","email":"samantha.scott@me.com","message":"failed to process due to datastore timeout of 30 seconds.  operation took 82 seconds."},{"id":"fc0f39c5-dda3-4f98-908b-c4aeb426044c","email":"daniel.rodriguez@amerisave.com","message":"successfully processed after 3626 milliseconds."},{"id":"ad53bf74-874b-4b63-b9c6-06a07a17879e","email":"tyler.nelson@microsoft.com","message":"failed to process due to network exception."},{"id":"1de45181-cafb-4f76-b8e9-e8af7bfed243","email":"jackson.white@gmail.com","message":"successfully processed after 3670 milliseconds."},{"id":"22ab9e3a-f48f-46ad-b4fa-633799032dd6","email":"abigail.smith@amerisave.com","message":"failed to process due to datastore timeout of 30 seconds.  operation took 32 seconds."},{"id":"88d5becb-21f4-49fd-a782-c7da0d22410f","email":"alexis.brown@microsoft.com","message":"successfully parsed message, but message temporarily enqueued while system restarts."},{"id":"e463b759-6eab-49f6-8edf-71ca94248095","email":"jack.thompson@me.com","message":"successfully parsed message, but message temporarily enqueued while system restarts."},{"id":"9f55caba-b85d-4512-b445-e4d8b487a10b","email":"ethan.hernandez@microsoft.com","message":"successfully parsed message, but message temporarily enqueued while system restarts."},{"id":"e417c195-a393-4912-91a8-ccc708530fdc","email":"mason.robinson@amerisave.com","message":"successfully parsed message, but message temporarily enqueued while system restarts."},{"id":"aea1f992-6956-46f2-a102-55ebb5e65ea0","email":"sophia.baker@dropbox.net","message":"successfully processed after 6697 milliseconds."},{"id":"9c355297-e9cb-4ef5-9bdd-9ed98bd2286a","email":"daniel.rodriguez@amerisave.com","message":"successfully parsed message, but message temporarily enqueued while system restarts."},{"id":"8e46947b-d877-4cbb-9203-65bbd51193aa","email":"liam.gonzalez@me.com","message":"successfully processed after 1364 milliseconds."},{"id":"6a06de99-492c-4e58-9bbe-972228f86960","email":"nathan.young@microsoft.com","message":"successfully parsed message, but message temporarily enqueued while system restarts."},{"id":"7d296687-bce8-4792-b1c5-49bcfbaaa666","email":"ella.anderson@dropbox.net","message":"successfully parsed message, but message temporarily enqueued while system restarts."},{"id":"5d792ff5-50d1-40ca-86f3-342457145228","email":"isabella.jackson@amerisave.com","message":"successfully parsed message, but message temporarily enqueued while system restarts."},{"id":"8cd36ff1-6c7d-41a6-ad1e-44b52f14818d","email":"alexander.williams@gmail.com","message":"failed to process due to datastore timeout of 30 seconds.  operation took 114 seconds."},{"id":"f0a420a6-b3a1-4027-843c-5aa2664ac5e0","email":"logan.clark@dropbox.net","message":"successfully parsed message, but message temporarily enqueued while system restarts."},{"id":"1d32c7bc-d98f-48ba-8a26-1b5b98f7b300","email":"joshua.lee@gmail.com","message":"successfully processed after 4035 milliseconds."},{"id":"01bc7eda-66b9-4afe-a531-008e3f8f16ad","email":"michael.hall@dropbox.net","message":"failed to process due to network exception."},{"id":"78cf1fbb-5548-49c7-ab1e-e5f66e95f143","email":"alexander.williams@gmail.com","message":"successfully processed after 6480 milliseconds."},{"id":"bee860b5-4822-4165-b23f-205cab02fd6e","email":"chloe.garcia@dropbox.net","message":"successfully parsed message, but message temporarily enqueued while system restarts."},{"id":"61ffda32-801d-4609-8c6c-fbbfd167b18a","email":"ryan.king@dropbox.net","message":"successfully processed after 4750 milliseconds."},{"id":"2ec8673c-e0ca-4794-9b10-fe7da12bd27e","email":"mia.perez@me.com","message":"successfully processed after 8404 milliseconds."},{"id":"9c1fa5d8-2659-45a3-82a8-1c3cb85d6cf1","email":"ava.davis@gmail.com","message":"successfully handled skipped operation."},{"id":"4acdbbfd-ff71-4ee0-a6f6-478207c52d33","email":"michael.hall@dropbox.net","message":"failed to process due to network exception."},{"id":"a455c966-7c00-455b-89ad-c4f6ee74a8ba","email":"abigail.smith@amerisave.com","message":"successfully parsed message, but message temporarily enqueued while system restarts."},{"id":"15a80b4c-0049-4649-914a-b3ae6c167e1e","email":"alexander.williams@gmail.com","message":"failed to process due to datastore timeout of 30 seconds.  operation took 48 seconds."},{"id":"2f9a97b8-9ac1-443d-a515-d0ac71bca8b9","email":"joshua.lee@gmail.com","message":"successfully parsed message, but message temporarily enqueued while system restarts."},{"id":"ec23fe3c-5f22-472b-9bf9-d1a5caa8cbbc","email":"olivia.wright@gmail.com","message":"successfully handled skipped operation."},{"id":"44bae469-54c7-4025-b165-5ac9a6c1531b","email":"nathan.young@microsoft.com","message":"failed to process due to datastore timeout of 30 seconds.  operation took 97 seconds."},{"id":"ed68c6f9-c928-4c4b-9b5e-855f9479260b","email":"nathan.young@microsoft.com","message":"failed to process due to datastore timeout of 30 seconds.  operation took 77 seconds."},{"id":"6e8523dd-ff02-46f1-ab89-d33c58e1079c","email":"andrew.miller@gmail.com","message":"failed to process due to network exception."},{"id":"d268b851-d733-4f2b-8859-97529593685e","email":"aiden.johnson@microsoft.com","message":"failed to process due to datastore timeout of 30 seconds.  operation took 127 seconds."},{"id":"d91652aa-f6aa-47ed-a706-ed8719895aa2","email":"logan.clark@dropbox.net","message":"successfully processed after 1923 milliseconds."},{"id":"a769f500-4eb9-4733-9eb9-e457d669f4c6","email":"mason.robinson@amerisave.com","message":"successfully handled skipped operation."},{"id":"5e5ed2ff-0f2c-4e23-87b4-8dbd3df0b5f3","email":"matthew.walker@amerisave.com","message":"successfully parsed message, but message temporarily enqueued while system restarts."},{"id":"043857ef-ce08-4120-bbd3-1eb8b7f6c95a","email":"nicholas.allen@microsoft.com","message":"failed to process due to datastore timeout of 30 seconds.  operation took 121 seconds."},{"id":"ca8011dd-0f94-42fb-ac74-089aa6ce50b6","email":"emma.thomas@me.com","message":"failed to process due to network exception."},{"id":"64e8c2f1-a7a5-4184-96c6-488a94699334","email":"alexander.williams@gmail.com","message":"successfully processed after 2582 milliseconds."},{"id":"0f2dd6b0-926c-4d8d-9fe9-4b4ef4749205","email":"tyler.nelson@microsoft.com","message":"failed to process due to network exception."},{"id":"829f6abc-6370-4ee7-9854-4c5bdabc917b","email":"ethan.hernandez@microsoft.com","message":"failed to process due to datastore timeout of 30 seconds.  operation took 67 seconds."},{"id":"f4698598-8c47-479c-8c05-869e95dbc05d","email":"mia.perez@me.com","message":"successfully processed after 8584 milliseconds."},{"id":"a40da34d-b6ac-4bec-b0f1-640a81512a46","email":"matthew.walker@amerisave.com","message":"successfully handled skipped operation."},{"id":"c6248402-99f4-4ba7-b322-efddcf542a81","email":"grace.moore@gmail.com","message":"failed to process due to datastore timeout of 30 seconds.  operation took 76 seconds."},{"id":"14d3bda3-18a1-45b3-8fa4-43314c8c6404","email":"ava.davis@gmail.com","message":"successfully handled skipped operation."},{"id":"9c3d0d5f-272a-4a9a-bbde-e5ccf30799d9","email":"ava.davis@gmail.com","message":"successfully handled skipped operation."},{"id":"9b65f118-b550-4dd1-9330-95c7b31592a1","email":"alexander.williams@gmail.com","message":"successfully processed after 1448 milliseconds."},{"id":"53d26667-30c4-4f37-a763-2c973473aa1f","email":"nathan.young@microsoft.com","message":"failed to process due to network exception."},{"id":"992e5e8f-11c3-47a5-bee1-8d336779c4bd","email":"ava.davis@gmail.com","message":"failed to process due to network exception."},{"id":"ea36a4b1-2d05-4b8d-ba65-e16f5fe25ae7","email":"madison.lewis@gmail.com","message":"successfully processed after 3132 milliseconds."},{"id":"d11b4841-6f5c-4917-ba26-915b2cc96c79","email":"jack.thompson@me.com","message":"failed to process due to datastore timeout of 30 seconds.  operation took 116 seconds."},{"id":"1ffef3a3-6dd3-438c-a9fe-4436aaafc91f","email":"nathan.young@microsoft.com","message":"successfully processed after 3376 milliseconds."},{"id":"b829d305-c2f3-4569-bbb5-ed6efa0f5f8a","email":"tyler.nelson@microsoft.com","message":"successfully parsed message, but message temporarily enqueued while system restarts."},{"id":"43ff87d6-1389-41ea-b2e6-49250814fafb","email":"sarah.green@amerisave.com","message":"successfully processed after 2099 milliseconds."},{"id":"a8840941-9518-4f9e-816a-203cc0056ef6","email":"taylor.adams@gmail.com","message":"successfully processed after 7284 milliseconds."},{"id":"9595b0fc-8b73-4aa3-b235-d42d9b0630ed","email":"alexander.williams@gmail.com","message":"failed to process due to datastore timeout of 30 seconds.  operation took 100 seconds."},{"id":"5658e98a-8e52-40fd-b1d3-2b072722ebf1","email":"ryan.king@dropbox.net","message":"successfully processed after 2138 milliseconds."},{"id":"a0a2cd9d-51b0-45a2-884a-b0eb7de92255","email":"emily.taylor@gmail.com","message":"successfully parsed message, but message temporarily enqueued while system restarts."},{"id":"39c228e4-629f-482a-8223-647039396a54","email":"alexander.williams@gmail.com","message":"successfully handled skipped operation."},{"id":"f201f283-8ee3-40bd-a85e-671033ee81b6","email":"alyssa.jones@amerisave.com","message":"successfully parsed message, but message temporarily enqueued while system restarts."},{"id":"76796c88-491c-4e1d-8cb1-fdcf4b7a904b","email":"matthew.walker@amerisave.com","message":"failed to process due to datastore timeout of 30 seconds.  operation took 106 seconds."},{"id":"0d362634-ddbb-42a8-9775-d55b749715c3","email":"isabella.jackson@amerisave.com","message":"successfully handled skipped operation."},{"id":"38d8e6d3-6dc8-4ada-b9b2-9e2ad72f9f00","email":"logan.clark@dropbox.net","message":"successfully handled skipped operation."},{"id":"f3bc89f9-c745-40de-b621-f01b65a4295c","email":"isabella.jackson@amerisave.com","message":"successfully handled skipped operation."},{"id":"cc619688-06fc-46a0-a627-504f25624806","email":"abigail.smith@amerisave.com","message":"successfully processed after 8130 milliseconds."},{"id":"e23f3171-f41c-49c5-b874-43c988d7bb13","email":"joshua.lee@gmail.com","message":"successfully handled skipped operation."},{"id":"b6e3a129-7144-4f34-8f0d-be7dc00d9e3d","email":"jack.thompson@me.com","message":"successfully processed after 8196 milliseconds."},{"id":"ee5b4799-1a00-46fa-827b-fa21261ad5c4","email":"jackson.white@gmail.com","message":"successfully processed after 2832 milliseconds."},{"id":"c8c10dc4-e53d-48e4-b51c-f7f0c943af73","email":"ava.davis@gmail.com","message":"failed to process due to datastore timeout of 30 seconds.  operation took 122 seconds."},{"id":"41803fa6-76ad-47ea-9f5c-c8e5f145be32","email":"nathan.young@microsoft.com","message":"successfully handled skipped operation."},{"id":"a86a8099-ab6a-40cb-83b4-f88826c31e83","email":"aiden.johnson@microsoft.com","message":"failed to process due to network exception."},{"id":"b8a6846d-cdcc-41a1-a7b6-5421dc0da486","email":"emily.taylor@gmail.com","message":"successfully processed after 8292 milliseconds."},{"id":"3eb59acd-7f74-49de-9627-5cb3ba3a4cfe","email":"sophia.baker@dropbox.net","message":"successfully processed after 7399 milliseconds."},{"id":"ff84ef46-c51d-4ebd-947c-3cc486e4c010","email":"mason.robinson@amerisave.com","message":"successfully handled skipped operation."},{"id":"fe7349d8-ce75-4721-9cad-83d764c5655f","email":"olivia.wright@gmail.com","message":"successfully processed after 6415 milliseconds."},{"id":"14b9a325-190a-41c9-8b91-74500cb22e02","email":"matthew.walker@amerisave.com","message":"successfully processed after 5886 milliseconds."},{"id":"c55671bb-f19c-4c77-b8cd-a116e296a1d5","email":"daniel.rodriguez@amerisave.com","message":"failed to process due to datastore timeout of 30 seconds.  operation took 93 seconds."},{"id":"786a48cb-4beb-4e2d-974e-3382fe31a465","email":"tyler.nelson@microsoft.com","message":"successfully processed after 7888 milliseconds."},{"id":"ab2bd610-a213-43d2-8fbc-8add1e434f81","email":"ethan.hernandez@microsoft.com","message":"successfully processed after 7404 milliseconds."},{"id":"612a9964-98fc-40e8-ba56-75d62d2ac043","email":"andrew.miller@gmail.com","message":"successfully handled skipped operation."},{"id":"26bb72cf-7e77-4ce3-b1e2-ec1de34e0bcd","email":"alexander.williams@gmail.com","message":"successfully processed after 6233 milliseconds."},{"id":"43051231-5b69-4304-a181-6a367d82c244","email":"liam.gonzalez@me.com","message":"successfully handled skipped operation."},{"id":"185967d5-a703-4057-8a9c-e767b148633a","email":"andrew.miller@gmail.com","message":"successfully handled skipped operation."},{"id":"fea82234-15a9-4a70-8d87-326d762dda80","email":"sarah.green@amerisave.com","message":"failed to process due to datastore timeout of 30 seconds.  operation took 83 seconds."},{"id":"76f9951c-4354-4d48-b61d-185bdcd5c42e","email":"ryan.king@dropbox.net","message":"successfully parsed message, but message temporarily enqueued while system restarts."},{"id":"e869dbf3-017c-4f43-8b5c-5885db9eaa6e","email":"liam.gonzalez@me.com","message":"successfully processed after 8805 milliseconds."},{"id":"e0fc740a-5a61-4e0c-934a-2f9db9a06be1","email":"daniel.rodriguez@amerisave.com","message":"successfully processed after 8222 milliseconds."},{"id":"75141472-0331-43c8-aea1-1a4154839b0d","email":"lily.harris@gmail.com","message":"successfully parsed message, but message temporarily enqueued while system restarts."},{"id":"09b0fff2-ef34-4c6b-8bdc-03cf6debe5e5","email":"daniel.rodriguez@amerisave.com","message":"successfully processed after 2262 milliseconds."},{"id":"9cada1a6-afd3-4220-a26d-6dea6077ebcf","email":"ethan.hernandez@microsoft.com","message":"successfully handled skipped operation."},{"id":"a0b7132f-9b98-4ce7-a7a5-da01d0489f67","email":"taylor.adams@gmail.com","message":"failed to process due to network exception."},{"id":"9f8ce8ec-e1c3-4db0-a124-28065b383e63","email":"dylan.wilson@gmail.com","message":"successfully parsed message, but message temporarily enqueued while system restarts."},{"id":"8c295380-34b0-49f7-840e-94e3cae86f1a","email":"joshua.lee@gmail.com","message":"successfully parsed message, but message temporarily enqueued while system restarts."},{"id":"84123061-817a-422c-8301-1591056b9970","email":"olivia.wright@gmail.com","message":"successfully handled skipped operation."},{"id":"b7a3de75-4409-4121-9eed-d78e0e918041","email":"madison.lewis@gmail.com","message":"failed to process due to network exception."},{"id":"ed4520ab-271e-4f4a-a2c8-152ffb235789","email":"ava.davis@gmail.com","message":"successfully processed after 5962 milliseconds."},{"id":"994ac9ad-70dd-4eff-af8e-9167669b17ab","email":"hannah.martin@dropbox.net","message":"failed to process due to datastore timeout of 30 seconds.  operation took 112 seconds."},{"id":"85288a89-8b0f-4e43-8c37-c6fc0ba81723","email":"isabella.jackson@amerisave.com","message":"successfully processed after 372 milliseconds."},{"id":"e4a65f68-b879-41a0-b15e-9da41a99a03c","email":"alexander.williams@gmail.com","message":"successfully handled skipped operation."},{"id":"cda33d20-74c1-49f0-96c5-8a0fdff72685","email":"aiden.johnson@microsoft.com","message":"successfully handled skipped operation."},{"id":"53625d6f-09de-4602-b301-5122ba8f7dfe","email":"elizabeth.martinez@dropbox.net","message":"successfully handled skipped operation."},{"id":"f683d16c-1773-4a6d-99e4-06fd6961a771","email":"dylan.wilson@gmail.com","message":"successfully processed after 9010 milliseconds."},{"id":"5fe2ec7b-48c5-4b33-b77a-cac06498ec38","email":"noah.sanchez@me.com","message":"failed to process due to datastore timeout of 30 seconds.  operation took 127 seconds."},{"id":"884ac242-dc5c-4f76-94cf-3c1daeca2307","email":"hannah.martin@dropbox.net","message":"successfully processed after 9415 milliseconds."},{"id":"1cbcc96e-d365-456e-8e68-d94c697fc00b","email":"nicholas.allen@microsoft.com","message":"successfully handled skipped operation."},{"id":"c45971bc-97bc-4725-8348-30264f48bc9d","email":"mason.robinson@amerisave.com","message":"failed to process due to network exception."},{"id":"9852ff1c-bad9-460a-acaf-1c220dfac4ea","email":"samantha.scott@me.com","message":"successfully processed after 9411 milliseconds."},{"id":"63ff2a4b-8a14-4e88-89b7-304aaa3c567c","email":"mia.perez@me.com","message":"successfully parsed message, but message temporarily enqueued while system restarts."},{"id":"d55671ab-5866-4395-bda7-b0a3b9f45dbe","email":"abigail.smith@amerisave.com","message":"successfully processed after 4961 milliseconds."},{"id":"7d2b50c4-ed3a-48df-8eea-da2755d79572","email":"olivia.wright@gmail.com","message":"failed to process due to network exception."},{"id":"a1846a80-56ac-4cb0-ada2-5a65ddcbf188","email":"mason.robinson@amerisave.com","message":"failed to process due to datastore timeout of 30 seconds.  operation took 99 seconds."},{"id":"f544e1cc-b118-4742-a851-fea2448b0e13","email":"mason.robinson@amerisave.com","message":"failed to process due to datastore timeout of 30 seconds.  operation took 95 seconds."},{"id":"1825d7ce-e02a-43f9-9d23-dfd77e693d4a","email":"liam.gonzalez@me.com","message":"failed to process due to network exception."},{"id":"3a897c2f-f353-448f-ae76-af2e991c054b","email":"alyssa.jones@amerisave.com","message":"successfully parsed message, but message temporarily enqueued while system restarts."},{"id":"82a57c33-a3ae-4401-a2e8-88893c1bd361","email":"emily.taylor@gmail.com","message":"successfully parsed message, but message temporarily enqueued while system restarts."},{"id":"867dd65c-1d32-40ea-8652-ba77b82f7353","email":"lily.harris@gmail.com","message":"successfully parsed message, but message temporarily enqueued while system restarts."},{"id":"78ef2470-f4cc-4413-9584-df8861d75345","email":"isabella.jackson@amerisave.com","message":"successfully handled skipped operation."},{"id":"9ba4f6e8-f0aa-4180-9199-4598ad742b67","email":"hannah.martin@dropbox.net","message":"failed to process due to network exception."},{"id":"12e6ae1c-7357-4ef3-ae06-5e159746fb8e","email":"alyssa.jones@amerisave.com","message":"successfully handled skipped operation."},{"id":"a42ef77e-ea3e-4ffd-a316-c54b0dbd05b6","email":"noah.sanchez@me.com","message":"successfully parsed message, but message temporarily enqueued while system restarts."},{"id":"f67cc100-3dbf-48a3-9927-088e18b4f3c3","email":"emma.thomas@me.com","message":"successfully parsed message, but message temporarily enqueued while system restarts."},{"id":"dc68a353-a9e3-47e7-abed-483530c3a5b9","email":"jack.thompson@me.com","message":"successfully handled skipped operation."},{"id":"5ecff818-7785-49a6-ba64-dc8a8d95a580","email":"nicholas.allen@microsoft.com","message":"failed to process due to datastore timeout of 30 seconds.  operation took 120 seconds."},{"id":"32f2148e-fe4d-4b6d-8cfb-dd6c13831a15","email":"tyler.nelson@microsoft.com","message":"successfully handled skipped operation."},{"id":"66cd1854-6c88-4370-b3e2-eb023fe3f970","email":"nathan.young@microsoft.com","message":"failed to process due to network exception."},{"id":"e3026602-7fc7-4ae6-9b34-505de5ece238","email":"alexander.williams@gmail.com","message":"successfully processed after 2312 milliseconds."},{"id":"8e074da1-079d-449b-a593-b717819b23ca","email":"nathan.young@microsoft.com","message":"failed to process due to datastore timeout of 30 seconds.  operation took 84 seconds."},{"id":"527dd2ef-d647-43a4-9cb4-4a5ae15f4fee","email":"michael.hall@dropbox.net","message":"successfully handled skipped operation."},{"id":"a5d0fffc-5d03-404f-ac7e-e7317123ca00","email":"jackson.white@gmail.com","message":"failed to process due to network exception."},{"id":"934b3c01-ff22-400c-8850-70e65926c528","email":"daniel.rodriguez@amerisave.com","message":"successfully processed after 9485 milliseconds."},{"id":"4c7f75ed-e432-4236-9751-18b464fddc41","email":"hannah.martin@dropbox.net","message":"failed to process due to datastore timeout of 30 seconds.  operation took 57 seconds."},{"id":"80681d98-68ce-4e72-9334-2027fe15abf9","email":"ella.anderson@dropbox.net","message":"successfully parsed message, but message temporarily enqueued while system restarts."},{"id":"fd16d684-2aef-4f59-9a99-1e04dbeb3657","email":"emily.taylor@gmail.com","message":"failed to process due to network exception."},{"id":"93d9991a-cc4e-4636-af0c-9213c4a23324","email":"mia.perez@me.com","message":"failed to process due to datastore timeout of 30 seconds.  operation took 128 seconds."},{"id":"3d2c4b0d-788e-4954-ae33-bf74af9cbba1","email":"dylan.wilson@gmail.com","message":"failed to process due to network exception."},{"id":"28d085d0-bcbe-47c4-bca4-7e7b9ecb2b17","email":"lily.harris@gmail.com","message":"successfully parsed message, but message temporarily enqueued while system restarts."},{"id":"2258f135-2fb3-4a8e-83e1-42313539522b","email":"ava.davis@gmail.com","message":"successfully parsed message, but message temporarily enqueued while system restarts."},{"id":"8bb85f1e-d38e-4bd8-a163-78c2c71c065b","email":"abigail.smith@amerisave.com","message":"successfully parsed message, but message temporarily enqueued while system restarts."},{"id":"7f7a6de5-99f0-4857-9431-edf6f17b4ad9","email":"nicholas.allen@microsoft.com","message":"failed to process due to network exception."},{"id":"15d5798d-04ec-44e9-8bdf-cc0148ffaedb","email":"sophia.baker@dropbox.net","message":"failed to process due to network exception."},{"id":"e9b93696-8723-42ba-912b-3e54da1876ac","email":"chloe.garcia@dropbox.net","message":"successfully handled skipped operation."},{"id":"55f57f95-21d9-41e7-94d2-fb0aa0c6436a","email":"dylan.wilson@gmail.com","message":"failed to process due to datastore timeout of 30 seconds.  operation took 110 seconds."},{"id":"d6c71efe-7a07-43f3-916a-2a8475fcf35b","email":"jacob.lopez@dropbox.net","message":"failed to process due to network exception."},{"id":"441b2674-254d-4904-a22b-89e14224dbbf","email":"michael.hall@dropbox.net","message":"failed to process due to network exception."},{"id":"5250a18d-9196-41c0-a729-b41466bff83e","email":"sarah.green@amerisave.com","message":"failed to process due to datastore timeout of 30 seconds.  operation took 73 seconds."},{"id":"515a14cd-b13d-479f-8b2d-6e8907fb9946","email":"jack.thompson@me.com","message":"successfully processed after 3240 milliseconds."},{"id":"25662e0a-e6b4-4756-8cad-9de08b8d7d38","email":"tyler.nelson@microsoft.com","message":"failed to process due to datastore timeout of 30 seconds.  operation took 34 seconds."},{"id":"3bfd7e3f-8769-4596-91c3-76598c585bd9","email":"nicholas.allen@microsoft.com","message":"failed to process due to datastore timeout of 30 seconds.  operation took 114 seconds."},{"id":"dfd015b1-164a-454d-8c09-850123b0eb79","email":"jack.thompson@me.com","message":"successfully parsed message, but message temporarily enqueued while system restarts."},{"id":"62bc3489-4a0d-4d40-880a-d0918d236ea1","email":"ryan.king@dropbox.net","message":"successfully parsed message, but message temporarily enqueued while system restarts."},{"id":"844aa892-8647-4b97-8c38-eca308b74543","email":"alyssa.jones@amerisave.com","message":"successfully processed after 1308 milliseconds."},{"id":"599daa59-3d2e-44e7-b870-7096bf67e6b5","email":"alexis.brown@microsoft.com","message":"failed to process due to datastore timeout of 30 seconds.  operation took 52 seconds."},{"id":"5235514c-ce00-4d91-892d-4ac19a7b7f49","email":"andrew.miller@gmail.com","message":"successfully handled skipped operation."},{"id":"c0558f46-c7d9-44a6-ba28-c5ba76e729f2","email":"sophia.baker@dropbox.net","message":"successfully parsed message, but message temporarily enqueued while system restarts."},{"id":"017ea33e-3d2a-4167-87d0-2895c0390d44","email":"jacob.lopez@dropbox.net","message":"failed to process due to datastore timeout of 30 seconds.  operation took 73 seconds."},{"id":"1e12ccf5-110a-4902-b9d2-fb8e9bfc99fe","email":"abigail.smith@amerisave.com","message":"failed to process due to network exception."},{"id":"bf5d0f03-3782-4e06-98e9-22e638fc8d8c","email":"liam.gonzalez@me.com","message":"successfully parsed message, but message temporarily enqueued while system restarts."},{"id":"56b3546c-5933-4210-9aef-13818a04894c","email":"emma.thomas@me.com","message":"successfully parsed message, but message temporarily enqueued while system restarts."},{"id":"2eee2a0f-5c39-4669-a4c3-657435c57f63","email":"jackson.white@gmail.com","message":"successfully processed after 9178 milliseconds."},{"id":"23a60e0e-16f0-4142-bc07-c7ccd959e684","email":"jacob.lopez@dropbox.net","message":"successfully parsed message, but message temporarily enqueued while system restarts."},{"id":"2675aff6-243c-444d-bd95-fa953e77739c","email":"lily.harris@gmail.com","message":"failed to process due to network exception."},{"id":"96aa5e18-484c-43bf-90a7-83125fa5912e","email":"hannah.martin@dropbox.net","message":"successfully handled skipped operation."},{"id":"2f2ad2d7-1289-4cbb-ab54-b29fb0c4f70e","email":"mason.robinson@amerisave.com","message":"successfully handled skipped operation."},{"id":"7c16cb00-727a-46e3-818b-76a211a31369","email":"nicholas.allen@microsoft.com","message":"successfully parsed message, but message temporarily enqueued while system restarts."},{"id":"b1bc6699-ee16-4e57-b4c1-40b459127f50","email":"nicholas.allen@microsoft.com","message":"successfully parsed message, but message temporarily enqueued while system restarts."},{"id":"ddd647ed-045e-4f0d-8e25-bac8a91d7ec1","email":"nathan.young@microsoft.com","message":"failed to process due to datastore timeout of 30 seconds.  operation took 39 seconds."},{"id":"61ef621e-8724-4afe-ae0a-778682151fbe","email":"elizabeth.martinez@dropbox.net","message":"failed to process due to network exception."},{"id":"f8eefba7-ccd9-4bcc-a0b7-c4a60db016fb","email":"samantha.scott@me.com","message":"successfully handled skipped operation."},{"id":"57126d4c-98c4-4609-b3f8-358769ea5976","email":"ella.anderson@dropbox.net","message":"failed to process due to datastore timeout of 30 seconds.  operation took 44 seconds."},{"id":"1e26950f-7788-42eb-ac6d-2c403ccd58cb","email":"olivia.wright@gmail.com","message":"successfully processed after 7833 milliseconds."},{"id":"71b43bd1-1a65-44ca-b540-ce90c931960b","email":"samantha.scott@me.com","message":"successfully processed after 9505 milliseconds."},{"id":"eec3936a-b6dd-4292-8616-2eef2277f46a","email":"sophia.baker@dropbox.net","message":"successfully parsed message, but message temporarily enqueued while system restarts."},{"id":"3427b752-5444-4087-aaf6-d69a09d1b54e","email":"ella.anderson@dropbox.net","message":"successfully processed after 2061 milliseconds."},{"id":"c88d3964-1e0b-4804-a90c-407ec4680767","email":"madison.lewis@gmail.com","message":"failed to process due to network exception."},{"id":"2e864a7a-cd84-41f7-9fee-cbc7f855e73a","email":"nicholas.allen@microsoft.com","message":"successfully handled skipped operation."},{"id":"bee1c792-cd60-45c9-87d2-6d6daad5f15f","email":"lily.harris@gmail.com","message":"failed to process due to network exception."},{"id":"24cb3928-3ccd-4b48-a22a-751b224b3370","email":"logan.clark@dropbox.net","message":"successfully handled skipped operation."},{"id":"6ad08b24-be4a-42d7-8d86-3677b6f26d99","email":"emma.thomas@me.com","message":"failed to process due to datastore timeout of 30 seconds.  operation took 88 seconds."},{"id":"375a64f8-0639-4f8b-b80b-2a82904e81ac","email":"grace.moore@gmail.com","message":"successfully processed after 1199 milliseconds."},{"id":"3d3dc382-2476-4ea8-b591-d6a09d5f087a","email":"mia.perez@me.com","message":"failed to process due to network exception."},{"id":"80e392d1-bc8f-4bf2-9b46-3a528748d3b1","email":"michael.hall@dropbox.net","message":"successfully parsed message, but message temporarily enqueued while system restarts."},{"id":"1b0f79fb-1186-4a77-975a-c4d8e94a6eea","email":"hannah.martin@dropbox.net","message":"successfully handled skipped operation."},{"id":"779e7b1a-bbff-4a65-8d80-a49b1f133a15","email":"emma.thomas@me.com","message":"successfully processed after 5823 milliseconds."},{"id":"e79192fe-51b3-4efc-87d1-0f9a54bc73cf","email":"andrew.miller@gmail.com","message":"failed to process due to datastore timeout of 30 seconds.  operation took 74 seconds."},{"id":"69432e62-73d3-40d3-938e-cb3d65a62bec","email":"andrew.miller@gmail.com","message":"successfully handled skipped operation."},{"id":"6319c6c8-9e49-4871-998e-12dce24f5df1","email":"samantha.scott@me.com","message":"failed to process due to datastore timeout of 30 seconds.  operation took 57 seconds."},{"id":"d2686eb6-e982-4c9b-be95-c24330672a93","email":"nathan.young@microsoft.com","message":"successfully processed after 4538 milliseconds."},{"id":"43dfbafe-6f3d-4603-83a5-b4c9113996ba","email":"matthew.walker@amerisave.com","message":"failed to process due to network exception."},{"id":"d537fdc6-a6c8-409d-b2cb-e3c893639b86","email":"isabella.jackson@amerisave.com","message":"successfully handled skipped operation."},{"id":"c66e636e-9664-4cf4-bdd9-1e5835c683fb","email":"aiden.johnson@microsoft.com","message":"successfully handled skipped operation."},{"id":"fe9e06e7-7d8a-4d83-a986-329519660f79","email":"matthew.walker@amerisave.com","message":"successfully processed after 8114 milliseconds."},{"id":"b79e3d1c-dac4-4304-8ce1-57f63aeca2f6","email":"nathan.young@microsoft.com","message":"failed to process due to network exception."},{"id":"6bcb3508-93ce-4542-be83-386c506927e5","email":"olivia.wright@gmail.com","message":"successfully handled skipped operation."},{"id":"01b0a594-3713-44f7-933e-0e89bda7a58c","email":"noah.sanchez@me.com","message":"failed to process due to network exception."},{"id":"13519802-972e-4d8e-8bbb-087380810228","email":"chloe.garcia@dropbox.net","message":"successfully parsed message, but message temporarily enqueued while system restarts."},{"id":"6f6f538b-b3be-478f-a3b4-d15919a1c81b","email":"ella.anderson@dropbox.net","message":"successfully handled skipped operation."},{"id":"ecef6217-680f-4da6-9e34-331291bf2019","email":"matthew.walker@amerisave.com","message":"successfully parsed message, but message temporarily enqueued while system restarts."},{"id":"e5460f39-6382-41b4-b7b7-dd3d3477b4e0","email":"hannah.martin@dropbox.net","message":"successfully processed after 6215 milliseconds."},{"id":"57327532-2054-4f7a-9a49-8cc3bbe1f391","email":"andrew.miller@gmail.com","message":"successfully handled skipped operation."},{"id":"be1027a5-a807-4b72-b5a5-818e8e5c19a9","email":"alexander.williams@gmail.com","message":"failed to process due to network exception."},{"id":"6b15f6b7-88f8-4154-b123-03d1fc683ead","email":"andrew.miller@gmail.com","message":"successfully handled skipped operation."},{"id":"29ebfd98-5dd8-4bd1-a682-bd4c0ce9fed1","email":"noah.sanchez@me.com","message":"failed to process due to datastore timeout of 30 seconds.  operation took 77 seconds."},{"id":"68125d02-36f4-4f50-a03f-09c6871ad3ba","email":"chloe.garcia@dropbox.net","message":"successfully parsed message, but message temporarily enqueued while system restarts."},{"id":"379b7aac-b219-4f25-a1b5-11200e5caec4","email":"liam.gonzalez@me.com","message":"successfully handled skipped operation."},{"id":"4f6af596-36be-48e2-afdf-98653708a681","email":"ella.anderson@dropbox.net","message":"successfully parsed message, but message temporarily enqueued while system restarts."},{"id":"3da8ab3f-807e-49bf-9ac6-bb6c65100300","email":"matthew.walker@amerisave.com","message":"failed to process due to network exception."},{"id":"df18ecde-5f8f-4ecd-b107-0606be175b48","email":"chloe.garcia@dropbox.net","message":"successfully processed after 780 milliseconds."},{"id":"4d14d945-0c93-4e30-ba89-599fcf4cd7bb","email":"ella.anderson@dropbox.net","message":"successfully parsed message, but message temporarily enqueued while system restarts."},{"id":"8ed1cebe-edfb-4678-916f-9503d277ebe3","email":"nicholas.allen@microsoft.com","message":"failed to process due to datastore timeout of 30 seconds.  operation took 114 seconds."},{"id":"6ee0f7f4-fd9f-4eeb-a215-46d3973925eb","email":"andrew.miller@gmail.com","message":"failed to process due to network exception."},{"id":"0ef17404-3d46-4284-91f5-85e1e84fb276","email":"taylor.adams@gmail.com","message":"failed to process due to network exception."},{"id":"1d61fdcb-3f21-4845-b7bc-c6d2207ef5d4","email":"madison.lewis@gmail.com","message":"failed to process due to datastore timeout of 30 seconds.  operation took 111 seconds."},{"id":"0aa29707-cc56-4d09-8037-5ff5357a2090","email":"tyler.nelson@microsoft.com","message":"successfully parsed message, but message temporarily enqueued while system restarts."},{"id":"794fa976-f1a8-4381-80a0-ab4d86e8f1ca","email":"samantha.scott@me.com","message":"failed to process due to network exception."},{"id":"202fec49-5819-4cf9-a3b5-e9f21fa48e7e","email":"alexis.brown@microsoft.com","message":"failed to process due to network exception."},{"id":"74a4f288-d842-4145-b062-15944b685d22","email":"ava.davis@gmail.com","message":"failed to process due to network exception."},{"id":"cbc1a52f-f390-4cbc-b28b-a8ce7d972b23","email":"mia.perez@me.com","message":"successfully parsed message, but message temporarily enqueued while system restarts."},{"id":"e2a7d13f-1581-404f-b61c-4821364d9193","email":"ethan.hernandez@microsoft.com","message":"failed to process due to datastore timeout of 30 seconds.  operation took 77 seconds."},{"id":"838fb512-eaa1-4b41-9a88-b854d4383f30","email":"andrew.miller@gmail.com","message":"successfully handled skipped operation."},{"id":"836980c3-1808-4f1b-a504-d63f78f25876","email":"michael.hall@dropbox.net","message":"failed to process due to datastore timeout of 30 seconds.  operation took 117 seconds."},{"id":"c969354f-9e01-4b7a-967a-44a90df4c288","email":"logan.clark@dropbox.net","message":"successfully parsed message, but message temporarily enqueued while system restarts."},{"id":"114c80c0-d3e0-4edd-8f67-de884297b900","email":"aiden.johnson@microsoft.com","message":"successfully handled skipped operation."},{"id":"742dfa84-2256-426b-b47f-9d61d3aaafba","email":"liam.gonzalez@me.com","message":"successfully parsed message, but message temporarily enqueued while system restarts."},{"id":"8863a281-f5e4-4e5e-9387-862a24c86fba","email":"madison.lewis@gmail.com","message":"successfully processed after 40 milliseconds."},{"id":"26068073-790b-40b5-8160-7b9afaad7484","email":"alexander.williams@gmail.com","message":"successfully processed after 9831 milliseconds."},{"id":"29ec82fc-fb0a-4447-a198-99a097485451","email":"jackson.white@gmail.com","message":"successfully processed after 4509 milliseconds."},{"id":"cbb6720d-b9fc-43b4-a8af-bd08888b992c","email":"alexis.brown@microsoft.com","message":"successfully parsed message, but message temporarily enqueued while system restarts."},{"id":"d0d8c9db-b2bb-4954-9ccd-5a2dcf85959f","email":"tyler.nelson@microsoft.com","message":"failed to process due to datastore timeout of 30 seconds.  operation took 49 seconds."},{"id":"468b4b63-8144-4d72-9091-500a0cdfab59","email":"chloe.garcia@dropbox.net","message":"failed to process due to network exception."},{"id":"f567e5ce-7102-40e8-8342-0dbcfe308af5","email":"elizabeth.martinez@dropbox.net","message":"failed to process due to datastore timeout of 30 seconds.  operation took 31 seconds."},{"id":"c1f039a9-bd23-4b55-9a7d-4d18cb0d8d71","email":"mason.robinson@amerisave.com","message":"failed to process due to network exception."},{"id":"ca3a07b7-57d0-4d4f-a056-54b410cb96af","email":"matthew.walker@amerisave.com","message":"successfully processed after 2569 milliseconds."},{"id":"3bef6aff-b5b7-4a6a-81e6-7ebb97c12638","email":"jacob.lopez@dropbox.net","message":"successfully processed after 6884 milliseconds."},{"id":"ae58c7cc-1c2c-449c-88e1-fb10479068b7","email":"joshua.lee@gmail.com","message":"failed to process due to network exception."},{"id":"2b9b2e0b-ac15-4d70-a3e3-8acc9b3f85a8","email":"chloe.garcia@dropbox.net","message":"successfully handled skipped operation."},{"id":"2a1d9992-8f78-4d0a-99c2-3258f69a5eb9","email":"daniel.rodriguez@amerisave.com","message":"failed to process due to datastore timeout of 30 seconds.  operation took 58 seconds."},{"id":"7f89cdd8-0f1f-45d3-8c49-7b9405fd74ee","email":"ava.davis@gmail.com","message":"failed to process due to datastore timeout of 30 seconds.  operation took 97 seconds."},{"id":"44de219e-4700-4a14-88fb-9812009e858f","email":"jack.thompson@me.com","message":"successfully processed after 4165 milliseconds."},{"id":"5bb24b59-1bf3-40d1-a994-feea5b5c0145","email":"matthew.walker@amerisave.com","message":"failed to process due to network exception."},{"id":"1340e18f-31c7-4790-b12e-cd993e8e93ff","email":"olivia.wright@gmail.com","message":"failed to process due to datastore timeout of 30 seconds.  operation took 127 seconds."},{"id":"938336c6-4e74-4380-919f-0505a851cc02","email":"nathan.young@microsoft.com","message":"successfully parsed message, but message temporarily enqueued while system restarts."},{"id":"d6b1dd01-6911-43b4-8221-4ffdbb13691e","email":"madison.lewis@gmail.com","message":"failed to process due to datastore timeout of 30 seconds.  operation took 113 seconds."},{"id":"79f8d3a7-d075-4333-87a6-02f917944616","email":"emma.thomas@me.com","message":"successfully parsed message, but message temporarily enqueued while system restarts."},{"id":"79a634ec-239b-41d1-9b92-628902d0f14d","email":"samantha.scott@me.com","message":"successfully processed after 2066 milliseconds."},{"id":"800ff8c4-ff90-4b8c-b144-ee22c89d9d96","email":"joshua.lee@gmail.com","message":"failed to process due to network exception."},{"id":"d2c804ea-98db-498d-b540-786be9c8a3b3","email":"taylor.adams@gmail.com","message":"successfully processed after 9649 milliseconds."},{"id":"80626446-1dd2-4f94-b35e-160aafd5e920","email":"jack.thompson@me.com","message":"successfully handled skipped operation."},{"id":"55c83a5e-8f50-4cbd-a559-d91028a76dfe","email":"joshua.lee@gmail.com","message":"failed to process due to datastore timeout of 30 seconds.  operation took 100 seconds."},{"id":"7da4ac71-2081-458a-b27b-441ef37838a2","email":"ava.davis@gmail.com","message":"successfully processed after 722 milliseconds."},{"id":"f4742ed6-8d99-4325-8733-845bf9e63673","email":"ethan.hernandez@microsoft.com","message":"failed to process due to datastore timeout of 30 seconds.  operation took 45 seconds."},{"id":"391a0d14-7174-4f2d-bdfb-6bd00e3ab8bf","email":"alexander.williams@gmail.com","message":"successfully processed after 3091 milliseconds."},{"id":"bef9f769-f864-4c78-a1c1-d7d02418babe","email":"tyler.nelson@microsoft.com","message":"successfully parsed message, but message temporarily enqueued while system restarts."},{"id":"be2019f5-030f-4a1e-8aa3-c592f3e775c5","email":"noah.sanchez@me.com","message":"successfully processed after 6757 milliseconds."},{"id":"ce35b9ff-a782-4bd0-b76e-067ce2da4a68","email":"joshua.lee@gmail.com","message":"failed to process due to datastore timeout of 30 seconds.  operation took 89 seconds."},{"id":"9e4e00c4-3b18-47ba-9129-38d35c157280","email":"isabella.jackson@amerisave.com","message":"successfully parsed message, but message temporarily enqueued while system restarts."},{"id":"d4c6cda4-5f25-4413-9fde-c8fe124d62ad","email":"jackson.white@gmail.com","message":"successfully parsed message, but message temporarily enqueued while system restarts."},{"id":"74904b6c-5e96-4105-91fa-1bbb380164ef","email":"alexis.brown@microsoft.com","message":"successfully parsed message, but message temporarily enqueued while system restarts."},{"id":"074bf628-bb0f-47e7-ba96-2c7cead4a503","email":"isabella.jackson@amerisave.com","message":"failed to process due to network exception."},{"id":"fa8ba5a0-d528-405e-b721-1cbf57a63a3b","email":"jackson.white@gmail.com","message":"successfully processed after 3683 milliseconds."},{"id":"29179849-b34d-4e87-aa08-f984114c6b1d","email":"noah.sanchez@me.com","message":"successfully handled skipped operation."},{"id":"7c84aec3-808f-4bcd-817f-4bf392b29ff5","email":"nathan.young@microsoft.com","message":"successfully parsed message, but message temporarily enqueued while system restarts."},{"id":"9805e141-3c0a-47ae-99e4-e20e831333f3","email":"michael.hall@dropbox.net","message":"failed to process due to datastore timeout of 30 seconds.  operation took 119 seconds."},{"id":"fd04684f-c26d-4799-beaf-902cf2e98c63","email":"logan.clark@dropbox.net","message":"successfully processed after 7109 milliseconds."},{"id":"618e8a99-0cff-4847-81d0-c2edf5005fa1","email":"samantha.scott@me.com","message":"successfully processed after 7624 milliseconds."},{"id":"03f3f27e-52fa-4674-ac37-2ad34f19bcd2","email":"lily.harris@gmail.com","message":"successfully handled skipped operation."},{"id":"12a95111-4369-4f0d-94de-faa6f8b5df58","email":"jack.thompson@me.com","message":"successfully processed after 6212 milliseconds."},{"id":"4367c6c5-f57e-4d3d-aba6-f85c7b7ab569","email":"ethan.hernandez@microsoft.com","message":"failed to process due to network exception."},{"id":"12829469-ca3b-4638-ab65-620687fe990f","email":"hannah.martin@dropbox.net","message":"successfully processed after 7586 milliseconds."},{"id":"ee4f3c30-2d84-4944-baf2-4584a153ce80","email":"abigail.smith@amerisave.com","message":"failed to process due to datastore timeout of 30 seconds.  operation took 36 seconds."},{"id":"88ade262-024a-4544-bf23-5e83af3ec7d5","email":"emma.thomas@me.com","message":"successfully processed after 5482 milliseconds."},{"id":"66e48066-b8f8-4f30-aba2-8c10add2de87","email":"madison.lewis@gmail.com","message":"failed to process due to network exception."},{"id":"2fbaaa0e-3b90-4c5e-8aeb-dec80b6b5e4e","email":"nicholas.allen@microsoft.com","message":"successfully parsed message, but message temporarily enqueued while system restarts."},{"id":"a790ae5c-8e67-4f0d-bdd7-0ec81797cd3c","email":"ava.davis@gmail.com","message":"successfully handled skipped operation."},{"id":"76ce4719-1f47-4127-aac5-deba6186ad15","email":"daniel.rodriguez@amerisave.com","message":"successfully processed after 6066 milliseconds."},{"id":"40dc4d04-0f1a-4bbb-9c2a-bcf511cbb20a","email":"emma.thomas@me.com","message":"successfully parsed message, but message temporarily enqueued while system restarts."},{"id":"0f125c62-2a20-4deb-a7d9-5b94fc93675a","email":"grace.moore@gmail.com","message":"failed to process due to datastore timeout of 30 seconds.  operation took 111 seconds."},{"id":"45eb593a-9219-4f26-a444-8f92a2b46e2a","email":"michael.hall@dropbox.net","message":"successfully handled skipped operation."},{"id":"29d003f8-5a08-4495-9899-72c882b903e9","email":"alyssa.jones@amerisave.com","message":"successfully parsed message, but message temporarily enqueued while system restarts."},{"id":"ea3f61af-f348-4863-bee2-2d6cad9cb332","email":"jackson.white@gmail.com","message":"failed to process due to network exception."},{"id":"f66fb8a2-2178-468a-8848-caeec20ed808","email":"madison.lewis@gmail.com","message":"failed to process due to datastore timeout of 30 seconds.  operation took 113 seconds."},{"id":"cae5ab4c-f51a-4b73-a888-cdc261cb3b62","email":"jack.thompson@me.com","message":"successfully parsed message, but message temporarily enqueued while system restarts."},{"id":"efca2019-e65e-425f-8117-5bb474eaf73f","email":"elizabeth.martinez@dropbox.net","message":"failed to process due to datastore timeout of 30 seconds.  operation took 76 seconds."},{"id":"07513d7c-d19e-46e1-a228-63a3a0a1e521","email":"jack.thompson@me.com","message":"successfully handled skipped operation."},{"id":"24ca09c9-ad4c-4450-b606-2c89d333751e","email":"noah.sanchez@me.com","message":"failed to process due to datastore timeout of 30 seconds.  operation took 130 seconds."},{"id":"1e95edce-848b-4c3e-84cd-0aaa2c78a536","email":"alexander.williams@gmail.com","message":"successfully parsed message, but message temporarily enqueued while system restarts."},{"id":"c4e400bf-2f24-46b3-b2ae-d7930a53c8e3","email":"mason.robinson@amerisave.com","message":"successfully handled skipped operation."},{"id":"b292a1dd-c449-4a4d-b0a1-349b900dc953","email":"lily.harris@gmail.com","message":"failed to process due to network exception."},{"id":"7bf974a0-6b60-4354-a84d-f0f4049bb49e","email":"ethan.hernandez@microsoft.com","message":"successfully handled skipped operation."},{"id":"f21dec98-fe94-40c1-8e2c-7d16f5b7d2ba","email":"alexis.brown@microsoft.com","message":"failed to process due to datastore timeout of 30 seconds.  operation took 119 seconds."},{"id":"f4355ec7-796b-484b-804b-fa9c06e2bc67","email":"ella.anderson@dropbox.net","message":"failed to process due to network exception."},{"id":"9b7dac93-8e1e-4ec1-9264-18cbe445c61a","email":"alexander.williams@gmail.com","message":"successfully handled skipped operation."},{"id":"1877cb6c-3095-4c69-b9e9-7c08ecfd58a7","email":"samantha.scott@me.com","message":"failed to process due to network exception."},{"id":"98a76478-c25f-4a46-a131-9d282fc090b9","email":"daniel.rodriguez@amerisave.com","message":"successfully parsed message, but message temporarily enqueued while system restarts."},{"id":"101382da-89ad-4ea1-94a5-81ed1eb75605","email":"alexander.williams@gmail.com","message":"successfully processed after 1331 milliseconds."},{"id":"2e4d5618-7e4c-4af8-87cc-38206fcc060c","email":"michael.hall@dropbox.net","message":"successfully handled skipped operation."},{"id":"f97e311a-e425-4f58-951a-e339329208dd","email":"liam.gonzalez@me.com","message":"successfully parsed message, but message temporarily enqueued while system restarts."},{"id":"192d2643-c050-49bd-b819-ab8477c4b4e4","email":"noah.sanchez@me.com","message":"successfully parsed message, but message temporarily enqueued while system restarts."},{"id":"cddf3c2d-d2e8-4222-aee5-5874e073c22e","email":"jackson.white@gmail.com","message":"successfully handled skipped operation."},{"id":"eb3e26c6-52da-4abc-94f8-ca34cb7eb46e","email":"jacob.lopez@dropbox.net","message":"failed to process due to datastore timeout of 30 seconds.  operation took 61 seconds."},{"id":"2ee71443-c2a7-4af2-b99a-2d459d18159b","email":"olivia.wright@gmail.com","message":"failed to process due to network exception."},{"id":"4cb99858-41ae-4f3f-aa50-0e8940eb7425","email":"tyler.nelson@microsoft.com","message":"successfully parsed message, but message temporarily enqueued while system restarts."},{"id":"7dbf03d4-d74a-4f0b-9418-9beef3ef42b4","email":"noah.sanchez@me.com","message":"successfully processed after 7315 milliseconds."},{"id":"1aad7bcc-610f-4fbb-96d9-42d63f1577c1","email":"madison.lewis@gmail.com","message":"successfully handled skipped operation."},{"id":"76e30ad3-225a-4ac1-bda3-a6ef7df2fee8","email":"mason.robinson@amerisave.com","message":"successfully handled skipped operation."},{"id":"bd59059e-deb7-45e8-bff6-0cbfc1b3c952","email":"sarah.green@amerisave.com","message":"failed to process due to network exception."},{"id":"8d5b6e7f-8932-45d0-a860-c7b7a6e5cf8d","email":"olivia.wright@gmail.com","message":"successfully parsed message, but message temporarily enqueued while system restarts."},{"id":"5697c29f-ae4a-48b0-a9c5-a1a9a13096a2","email":"ryan.king@dropbox.net","message":"successfully processed after 5529 milliseconds."},{"id":"c2debf82-edd0-4727-abca-fa3c76b230d0","email":"jacob.lopez@dropbox.net","message":"successfully processed after 7906 milliseconds."},{"id":"6375a835-f0e9-4cd4-a809-24b15e7d76a7","email":"jacob.lopez@dropbox.net","message":"successfully processed after 9233 milliseconds."},{"id":"4267d72b-1cef-4abd-b00a-a67cfe36591f","email":"taylor.adams@gmail.com","message":"successfully parsed message, but message temporarily enqueued while system restarts."},{"id":"fe1a5299-dccc-4a96-93aa-12e9f2746889","email":"chloe.garcia@dropbox.net","message":"successfully processed after 4630 milliseconds."},{"id":"58313335-b4cf-416a-9ae6-5cb59a3b01c2","email":"sarah.green@amerisave.com","message":"failed to process due to network exception."},{"id":"b86abfc4-36d0-4be9-aecc-bd675e3dc345","email":"jack.thompson@me.com","message":"failed to process due to network exception."},{"id":"a34fcb44-de15-4b9d-b6d0-0be157a6ce92","email":"grace.moore@gmail.com","message":"failed to process due to network exception."},{"id":"01de6da2-7696-4a97-8866-aef94589b55c","email":"elizabeth.martinez@dropbox.net","message":"successfully processed after 4527 milliseconds."},{"id":"d8e1d9fb-9dac-4257-949a-1cdd3cced1f9","email":"jack.thompson@me.com","message":"failed to process due to datastore timeout of 30 seconds.  operation took 64 seconds."},{"id":"7cca7cbc-330e-4c4d-8d21-012740b7f9e2","email":"liam.gonzalez@me.com","message":"successfully parsed message, but message temporarily enqueued while system restarts."},{"id":"5cf9743d-4ff0-452f-ba6a-067b2b9dd234","email":"alyssa.jones@amerisave.com","message":"failed to process due to network exception."},{"id":"6c497609-84a3-46aa-b591-ed65a102362d","email":"liam.gonzalez@me.com","message":"failed to process due to network exception."},{"id":"054ff88e-0918-467f-b8a3-f5fd1a3cd58e","email":"nathan.young@microsoft.com","message":"failed to process due to datastore timeout of 30 seconds.  operation took 41 seconds."},{"id":"26c3317c-ae17-4c34-a53e-13a602691f50","email":"emma.thomas@me.com","message":"failed to process due to datastore timeout of 30 seconds.  operation took 115 seconds."},{"id":"56811754-1400-422a-811b-b7873a43346c","email":"sophia.baker@dropbox.net","message":"failed to process due to network exception."},{"id":"52bbf57b-0f15-4343-aa89-b3ef0694f32e","email":"jackson.white@gmail.com","message":"successfully handled skipped operation."},{"id":"6bf4de90-89c2-41e6-af2c-96ef4df40c79","email":"mia.perez@me.com","message":"successfully processed after 3420 milliseconds."},{"id":"348f36fe-adfd-4a45-b715-4028a62e5027","email":"liam.gonzalez@me.com","message":"successfully processed after 4397 milliseconds."},{"id":"82c01e05-bc37-49cd-bcee-56908838e785","email":"nathan.young@microsoft.com","message":"successfully processed after 7762 milliseconds."},{"id":"76bc115f-73c9-468d-b72f-dcf0313d0940","email":"elizabeth.martinez@dropbox.net","message":"successfully processed after 7524 milliseconds."},{"id":"8938d79f-19f4-4add-95c6-9fa4efe16ef1","email":"chloe.garcia@dropbox.net","message":"failed to process due to network exception."},{"id":"9587e1ed-0033-486b-b594-be71551e48d3","email":"elizabeth.martinez@dropbox.net","message":"successfully parsed message, but message temporarily enqueued while system restarts."},{"id":"2cd5bfcb-74f5-49e4-b051-3dd60b09baee","email":"ella.anderson@dropbox.net","message":"successfully processed after 3293 milliseconds."},{"id":"cd565886-b9e3-463f-941e-46c756d8d4b2","email":"ryan.king@dropbox.net","message":"successfully processed after 217 milliseconds."},{"id":"fb05ae07-416c-49bd-85ed-4d64a80a703b","email":"chloe.garcia@dropbox.net","message":"successfully parsed message, but message temporarily enqueued while system restarts."},{"id":"9546ded7-05f4-4d02-a255-4346d8738b5b","email":"nicholas.allen@microsoft.com","message":"failed to process due to datastore timeout of 30 seconds.  operation took 101 seconds."},{"id":"5957925b-bd51-4ba8-9b04-acf339a2c04d","email":"elizabeth.martinez@dropbox.net","message":"successfully processed after 228 milliseconds."}],"id":"b599a4b9-235f-4862-b994-93870c47ab45"}