{"logs":[{"id":"0cdec66f-608e-45a6-810e-1dbcdf5fcded","email":"logan.clark@dropbox.net","message":"successfully parsed message, but message temporarily enqueued while system restarts."},{"id":"ee2a74ec-5b84-491b-a664-535fb8a19acc","email":"joshua.lee@gmail.com","message":"failed to process due to network exception."},{"id":"54cbc369-464b-495f-848f-7e7b3e38b056","email":"alyssa.jones@amerisave.com","message":"successfully parsed message, but message temporarily enqueued while system restarts."},{"id":"d2bb1225-4ba7-403c-b620-695fe0198c5d","email":"alexis.brown@microsoft.com","message":"successfully handled skipped operation."},{"id":"2acbe754-a324-482d-ba0f-cd1b97c11a41","email":"alexis.brown@microsoft.com","message":"failed to process due to network exception."},{"id":"d5e358ac-20a3-4d45-85ce-15e4375962c6","email":"lily.harris@gmail.com","message":"successfully handled skipped operation."},{"id":"01e95061-e801-49c2-9fcd-3ee643157526","email":"jackson.white@gmail.com","message":"failed to process due to datastore timeout of 30 seconds.  operation took 122 seconds."},{"id":"c11013ed-40c2-4188-9e15-9eeb37bf7e06","email":"isabella.jackson@amerisave.com","message":"failed to process due to datastore timeout of 30 seconds.  operation took 51 seconds."},{"id":"20f1b0f3-cb82-4220-a6b4-6e2cd2746fee","email":"noah.sanchez@me.com","message":"successfully handled skipped operation."},{"id":"eafb8c29-2939-42e8-a509-ac427af47acf","email":"ryan.king@dropbox.net","message":"failed to process due to network exception."},{"id":"8b886a74-1609-46aa-b7f5-ba07748e66b1","email":"liam.gonzalez@me.com","message":"failed to process due to network exception."},{"id":"05d581b3-9452-40be-ad2f-12cf09045f05","email":"ella.anderson@dropbox.net","message":"failed to process due to datastore timeout of 30 seconds.  operation took 34 seconds."},{"id":"12766ccf-9bf0-4723-9641-938c54455612","email":"lily.harris@gmail.com","message":"failed to process due to datastore timeout of 30 seconds.  operation took 74 seconds."},{"id":"3cba4d29-f9df-4752-b0d5-2a097a2fc771","email":"elizabeth.martinez@dropbox.net","message":"successfully parsed message, but message temporarily enqueued while system restarts."},{"id":"275b3992-5d02-4b45-9062-a5764776de04","email":"daniel.rodriguez@amerisave.com","message":"failed to process due to datastore timeout of 30 seconds.  operation took 123 seconds."},{"id":"17ec42ed-0186-4202-a728-49070b3c60c2","email":"alexis.brown@microsoft.com","message":"failed to process due to network exception."},{"id":"478264dc-1a47-4921-9232-df8f59c8ad45","email":"mia.perez@me.com","message":"failed to process due to network exception."},{"id":"f85106b8-593a-48ef-a984-8f48942b58e4","email":"madison.lewis@gmail.com","message":"successfully handled skipped operation."},{"id":"6e9bf72e-529a-4c90-9da4-24d4cc75e654","email":"jackson.white@gmail.com","message":"successfully handled skipped operation."},{"id":"ded34a86-5400-485b-a440-94557a4f215e","email":"isabella.jackson@amerisave.com","message":"successfully handled skipped operation."},{"id":"9132bd70-23a7-4e86-9de0-7a2bb283188d","email":"hannah.martin@dropbox.net","message":"failed to process due to datastore timeout of 30 seconds.  operation took 62 seconds."},{"id":"c541be24-41cf-4b8c-a8d0-7e74fe2b6034","email":"jacob.lopez@dropbox.net","message":"successfully handled skipped operation."},{"id":"8992302b-50ec-4dfb-b497-acb1011f8c08","email":"sophia.baker@dropbox.net","message":"failed to process due to network exception."},{"id":"95bd7f6e-54ec-4eca-aa7f-4c5ac8f08b0c","email":"isabella.jackson@amerisave.com","message":"successfully parsed message, but message temporarily enqueued while system restarts."},{"id":"30231eeb-4ddd-4619-a63e-5909e84ce9fa","email":"chloe.garcia@dropbox.net","message":"successfully handled skipped operation."},{"id":"b424dcde-b1f7-453e-84b8-f5e86784a73c","email":"tyler.nelson@microsoft.com","message":"successfully handled skipped operation."},{"id":"af2bb5fa-36f5-46bd-8200-d36561330432","email":"jackson.white@gmail.com","message":"failed to process due to datastore timeout of 30 seconds.  operation took 41 seconds."},{"id":"f736e7c6-0701-4bc9-bc0a-e9ffd2ecfcaa","email":"isabella.jackson@amerisave.com","message":"successfully parsed message, but message temporarily enqueued while system restarts."},{"id":"280ea062-682b-4293-b4fe-76ad03a39966","email":"jacob.lopez@dropbox.net","message":"successfully parsed message, but message temporarily enqueued while system restarts."},{"id":"787f1b82-302e-4a39-aa68-fe391567b354","email":"emily.taylor@gmail.com","message":"successfully processed after 3398 milliseconds."},{"id":"61ecb016-1ab2-476d-9320-bcadd90e7956","email":"ryan.king@dropbox.net","message":"successfully handled skipped operation."},{"id":"6a0a4c17-dcbe-4127-9c09-3387fbb9b0c1","email":"sophia.baker@dropbox.net","message":"successfully parsed message, but message temporarily enqueued while system restarts."},{"id":"31c9e439-3e70-4a68-9b44-66288365f19c","email":"mia.perez@me.com","message":"successfully handled skipped operation."},{"id":"0696af2c-b980-4ce6-87eb-7225e38457d2","email":"grace.moore@gmail.com","message":"failed to process due to network exception."},{"id":"ec6bccca-b442-40a4-be7f-afa34a9931ee","email":"jack.thompson@me.com","message":"successfully parsed message, but message temporarily enqueued while system restarts."},{"id":"037af370-098e-43d1-b754-1f5dbad13c65","email":"alexander.williams@gmail.com","message":"failed to process due to datastore timeout of 30 seconds.  operation took 57 seconds."},{"id":"bbfde596-1f30-49ae-8e96-f823588adab3","email":"madison.lewis@gmail.com","message":"successfully parsed message, but message temporarily enqueued while system restarts."},{"id":"597feed0-24ea-4376-b730-1f4c5d58292d","email":"noah.sanchez@me.com","message":"successfully processed after 3891 milliseconds."},{"id":"7bc383d0-0e4b-49be-b830-12d8ea1f9919","email":"hannah.martin@dropbox.net","message":"successfully processed after 4168 milliseconds."},{"id":"f9e6c435-7b21-426c-b2d1-db390d1bb235","email":"lily.harris@gmail.com","message":"failed to process due to network exception."},{"id":"f3a1ceff-4d24-44bb-ab93-8e8d24ce6182","email":"elizabeth.martinez@dropbox.net","message":"successfully parsed message, but message temporarily enqueued while system restarts."},{"id":"4395d39a-951c-4990-bdda-3c9c83170adc","email":"michael.hall@dropbox.net","message":"successfully handled skipped operation."},{"id":"a2ba1e2e-4b07-4aa7-a683-8e2051c56aa6","email":"mason.robinson@amerisave.com","message":"successfully parsed message, but message temporarily enqueued while system restarts."},{"id":"f8fa29eb-d2a5-4a1b-b3fa-7460b130abae","email":"sophia.baker@dropbox.net","message":"failed to process due to network exception."},{"id":"610c1d33-d3e5-40eb-8a45-0910e95ecc62","email":"alyssa.jones@amerisave.com","message":"successfully processed after 124 milliseconds."},{"id":"77499b71-ca78-4c11-bb68-5bff09bb8aac","email":"jackson.white@gmail.com","message":"successfully processed after 9346 milliseconds."},{"id":"a4ef9d06-e9f9-47a4-82ca-85a6960d705d","email":"alexander.williams@gmail.com","message":"successfully handled skipped operation."},{"id":"24c4fea7-67f6-4878-9e98-f387be8d7aa3","email":"madison.lewis@gmail.com","message":"successfully processed after 3051 milliseconds."},{"id":"d7f49734-a425-4491-b19c-588d4775950b","email":"nathan.young@microsoft.com","message":"failed to process due to network exception."},{"id":"01f28edd-acd6-4e55-96c1-fc0ee687ce73","email":"ryan.king@dropbox.net","message":"successfully handled skipped operation."},{"id":"8c5b99de-04f6-4ac6-b034-c090454634d3","email":"matthew.walker@amerisave.com","message":"failed to process due to network exception."},{"id":"1d273f8b-47a1-4097-b2ff-3de668bad749","email":"jacob.lopez@dropbox.net","message":"successfully handled skipped operation."},{"id":"7bc27fe9-dc07-479d-bdbe-0790b1493fa6","email":"andrew.miller@gmail.com","message":"successfully processed after 8831 milliseconds."},{"id":"c3ad49d2-f4d3-40de-a291-2fca837a97b1","email":"logan.clark@dropbox.net","message":"failed to process due to network exception."},{"id":"5cdcf8c5-f8b8-44bc-b481-2c28de4ca67a","email":"hannah.martin@dropbox.net","message":"successfully parsed message, but message temporarily enqueued while system restarts."},{"id":"f0b785ae-25de-4899-8aff-4b621d481118","email":"logan.clark@dropbox.net","message":"successfully processed after 7663 milliseconds."},{"id":"2b256236-e7f0-4bab-9fb0-07b53fd49158","email":"grace.moore@gmail.com","message":"successfully processed after 7760 milliseconds."},{"id":"6fe4de87-52c8-4caf-876f-040c3878a5c3","email":"daniel.rodriguez@amerisave.com","message":"failed to process due to network exception."},{"id":"3934a647-79b1-4548-996c-8cb61db6733a","email":"samantha.scott@me.com","message":"failed to process due to datastore timeout of 30 seconds.  operation took 72 seconds."},{"id":"a3a4300d-d98b-4b24-b844-5f7639aaec74","email":"emily.taylor@gmail.com","message":"successfully handled skipped operation."},{"id":"c01629af-291b-4ab5-81c3-30ddfbd8d40d","email":"ella.anderson@dropbox.net","message":"successfully handled skipped operation."},{"id":"f9a9c313-4d45-4ed8-b7cb-a0f733fa0dbd","email":"ryan.king@dropbox.net","message":"failed to process due to network exception."},{"id":"fd153469-141d-4d82-a820-7a407a98efdf","email":"abigail.smith@amerisave.com","message":"successfully handled skipped operation."},{"id":"0ed9c9ba-6264-4368-8472-4d31996187ce","email":"sophia.baker@dropbox.net","message":"successfully processed after 2153 milliseconds."},{"id":"980031b7-fb7f-49e3-af47-94fb00b29527","email":"ava.davis@gmail.com","message":"failed to process due to datastore timeout of 30 seconds.  operation took 43 seconds."},{"id":"9c10d0f0-dd43-4276-94b6-4127591f6ee3","email":"ella.anderson@dropbox.net","message":"successfully parsed message, but message temporarily enqueued while system restarts."},{"id":"79e1aa06-e025-43dc-84f0-7684851279f7","email":"aiden.johnson@microsoft.com","message":"failed to process due to datastore timeout of 30 seconds.  operation took 83 seconds."},{"id":"98c05973-0a3f-45b8-abe9-8563ed36cd28","email":"liam.gonzalez@me.com","message":"successfully parsed message, but message temporarily enqueued while system restarts."},{"id":"2bd85a77-14c8-4c75-85ba-d2558c2063e9","email":"ethan.hernandez@microsoft.com","message":"failed to process due to network exception."},{"id":"cd1053b4-beb7-456d-8b30-0735a349f1f7","email":"hannah.martin@dropbox.net","message":"failed to process due to network exception."},{"id":"221b48e8-756b-437c-b7e1-27f43adb07eb","email":"lily.harris@gmail.com","message":"failed to process due to datastore timeout of 30 seconds.  operation took 69 seconds."},{"id":"fbea1f70-0aac-45a4-a23a-f673c39d77a2","email":"sophia.baker@dropbox.net","message":"successfully handled skipped operation."},{"id":"fa3bc3ab-9dd8-48ba-90a0-6ea1ac6e1fea","email":"madison.lewis@gmail.com","message":"successfully handled skipped operation."},{"id":"7c178aec-04c3-47d2-bd24-b84d148f9f24","email":"mia.perez@me.com","message":"successfully processed after 4397 milliseconds."},{"id":"4835e399-2397-4fa3-84c9-9b815017571e","email":"alexis.brown@microsoft.com","message":"successfully handled skipped operation."},{"id":"834a0fba-cca9-426c-b9b9-b3ae47186c13","email":"ava.davis@gmail.com","message":"successfully parsed message, but message temporarily enqueued while system restarts."},{"id":"a6b72e7d-9014-4958-a4ce-0948a22eac57","email":"isabella.jackson@amerisave.com","message":"failed to process due to network exception."},{"id":"d0264b30-b6ab-44bd-9a4f-f09c994b596a","email":"isabella.jackson@amerisave.com","message":"failed to process due to network exception."},{"id":"b135ccf4-b7e5-4a71-96a1-1fb573ddba9e","email":"liam.gonzalez@me.com","message":"successfully parsed message, but message temporarily enqueued while system restarts."},{"id":"ff85feee-3ee6-428b-9035-cb2acc1275f8","email":"alyssa.jones@amerisave.com","message":"failed to process due to datastore timeout of 30 seconds.  operation took 42 seconds."},{"id":"d7dd15fb-5651-4817-b0e8-afd11b0cbd6e","email":"sarah.green@amerisave.com","message":"failed to process due to datastore timeout of 30 seconds.  operation took 38 seconds."},{"id":"118c0f85-7231-4dfb-b1a4-45e3974b59c3","email":"isabella.jackson@amerisave.com","message":"successfully processed after 6815 milliseconds."},{"id":"32b35a07-8ed9-4900-8859-12ea2015a235","email":"liam.gonzalez@me.com","message":"successfully parsed message, but message temporarily enqueued while system restarts."},{"id":"b71c267d-e5de-447f-b06f-b52f9400c515","email":"emily.taylor@gmail.com","message":"successfully processed after 3027 milliseconds."},{"id":"85e0062b-890b-469f-b073-c7f1704aae86","email":"sophia.baker@dropbox.net","message":"successfully parsed message, but message temporarily enqueued while system restarts."},{"id":"ade5ed49-1a39-4569-aab0-da6763b1e973","email":"abigail.smith@amerisave.com","message":"failed to process due to datastore timeout of 30 seconds.  operation took 83 seconds."},{"id":"4ca181f9-2ded-48d1-b9a5-8438a3befed4","email":"matthew.walker@amerisave.com","message":"successfully handled skipped operation."},{"id":"421a70c4-314d-47d2-b895-141efdc225dc","email":"alexis.brown@microsoft.com","message":"successfully processed after 3457 milliseconds."},{"id":"e1025e83-df82-4dbe-8996-aa93575070b6","email":"isabella.jackson@amerisave.com","message":"failed to process due to datastore timeout of 30 seconds.  operation took 94 seconds."},{"id":"6a86699b-62db-40dd-8ca1-99fc9087c391","email":"tyler.nelson@microsoft.com","message":"successfully processed after 2075 milliseconds."},{"id":"6ea89d84-1ac6-4d0d-b429-318b41640b87","email":"madison.lewis@gmail.com","message":"successfully processed after 2934 milliseconds."},{"id":"d9447d48-cecb-4fd3-85b8-a6e5c6dfa584","email":"olivia.wright@gmail.com","message":"successfully parsed message, but message temporarily enqueued while system restarts."},{"id":"82895da1-40e8-435f-833b-1722dcde4c7e","email":"lily.harris@gmail.com","message":"successfully parsed message, but message temporarily enqueued while system restarts."},{"id":"a04717b2-bb52-4d6d-8efa-821c0fe50b01","email":"alyssa.jones@amerisave.com","message":"successfully processed after 2075 milliseconds."},{"id":"70006337-7f3f-47c5-b08f-2bb49b654511","email":"olivia.wright@gmail.com","message":"successfully handled skipped operation."},{"id":"4476c5f1-942d-486c-8f3c-56d4650ad6f8","email":"matthew.walker@amerisave.com","message":"successfully parsed message, but message temporarily enqueued while system restarts."},{"id":"00280f00-feba-4c08-ad16-14e5334fe74c","email":"sophia.baker@dropbox.net","message":"failed to process due to network exception."},{"id":"4648edfd-d8d1-4ae3-82b7-5242bb27ac77","email":"andrew.miller@gmail.com","message":"successfully parsed message, but message temporarily enqueued while system restarts."},{"id":"37b481d2-ec8e-4b67-843f-865fc4c4fb90","email":"tyler.nelson@microsoft.com","message":"successfully parsed message, but message temporarily enqueued while system restarts."},{"id":"0569b1de-510f-4857-8b68-a52dde78cb13","email":"jackson.white@gmail.com","message":"failed to process due to network exception."},{"id":"5359531b-fa3e-4248-8551-700d56fdbf22","email":"ryan.king@dropbox.net","message":"successfully parsed message, but message temporarily enqueued while system restarts."},{"id":"26f69033-3764-4572-aee3-0ab414cb8dae","email":"taylor.adams@gmail.com","message":"failed to process due to network exception."},{"id":"e5775818-808f-4baf-b08e-ed312a32838a","email":"noah.sanchez@me.com","message":"successfully processed after 5140 milliseconds."},{"id":"d89155f6-ea4f-44db-aeef-a8e74b7f3b25","email":"liam.gonzalez@me.com","message":"failed to process due to datastore timeout of 30 seconds.  operation took 98 seconds."},{"id":"e8b66606-2f7c-4c77-8f0c-65e21d43f526","email":"sarah.green@amerisave.com","message":"successfully processed after 3077 milliseconds."},{"id":"f058e178-66e8-4335-b1cb-a547e3e11eb8","email":"olivia.wright@gmail.com","message":"successfully handled skipped operation."},{"id":"1b820c46-93d4-46cd-8fbc-0ac5d2f2c168","email":"ethan.hernandez@microsoft.com","message":"successfully handled skipped operation."},{"id":"ca737c4f-18f3-4fb4-9646-23dcd5785351","email":"elizabeth.martinez@dropbox.net","message":"successfully handled skipped operation."},{"id":"9786c6a6-bcbd-47c9-b1bd-73b617595ec2","email":"tyler.nelson@microsoft.com","message":"successfully handled skipped operation."},{"id":"1a5595b1-45b0-4244-90c3-94c21b6dbd77","email":"olivia.wright@gmail.com","message":"successfully parsed message, but message temporarily enqueued while system restarts."},{"id":"2830963c-75fd-42e4-8a2e-3efad51c4a64","email":"alexis.brown@microsoft.com","message":"successfully processed after 5919 milliseconds."},{"id":"7603d807-5ac6-4c48-83d8-c55980397c68","email":"tyler.nelson@microsoft.com","message":"successfully handled skipped operation."},{"id":"d9414898-9b45-455e-a6fc-035194e56c7b","email":"ella.anderson@dropbox.net","message":"successfully processed after 2552 milliseconds."},{"id":"bef73a18-d142-4a3f-8d6b-8579d89c0ef5","email":"dylan.wilson@gmail.com","message":"failed to process due to datastore timeout of 30 seconds.  operation took 71 seconds."},{"id":"41276dd6-e6bb-48da-9b6b-9621b2ba8479","email":"noah.sanchez@me.com","message":"successfully processed after 9758 milliseconds."},{"id":"5a85d2cf-2ff5-4029-adf5-97c6be8e9828","email":"ava.davis@gmail.com","message":"successfully handled skipped operation."},{"id":"d4fd809d-5f84-40ae-ac1e-55d0362cd5d6","email":"mia.perez@me.com","message":"failed to process due to datastore timeout of 30 seconds.  operation took 31 seconds."},{"id":"b4f53d42-7265-43fa-bc6c-f12340b1598f","email":"alexander.williams@gmail.com","message":"failed to process due to datastore timeout of 30 seconds.  operation took 72 seconds."},{"id":"68b80a12-1054-4b70-bfb1-ce594c2e9e27","email":"isabella.jackson@amerisave.com","message":"successfully parsed message, but message temporarily enqueued while system restarts."},{"id":"532c48e1-f88c-4246-8918-7984b49b3932","email":"alyssa.jones@amerisave.com","message":"successfully processed after 9990 milliseconds."},{"id":"b17edb9e-4fd0-46b3-bc5c-4c66682a8398","email":"jacob.lopez@dropbox.net","message":"successfully handled skipped operation."},{"id":"ea0792e9-5770-4c37-b597-f775b4928256","email":"ava.davis@gmail.com","message":"failed to process due to datastore timeout of 30 seconds.  operation took 76 seconds."},{"id":"4de677f6-e19a-49f7-9195-dc0315a45483","email":"jack.thompson@me.com","message":"successfully handled skipped operation."},{"id":"2fc62c4e-9815-43cd-bdee-fb29607ce1e8","email":"abigail.smith@amerisave.com","message":"failed to process due to network exception."},{"id":"dff958fc-c634-4c30-9321-3936173f1346","email":"isabella.jackson@amerisave.com","message":"successfully parsed message, but message temporarily enqueued while system restarts."},{"id":"d5f4b2a6-9ea4-4893-abab-358a5a799da7","email":"dylan.wilson@gmail.com","message":"successfully parsed message, but message temporarily enqueued while system restarts."},{"id":"b940d9dd-f0bc-405c-a73c-f00cc6323a0e","email":"dylan.wilson@gmail.com","message":"successfully processed after 8270 milliseconds."},{"id":"0c2a7323-9fe5-4bca-afb1-a04280166137","email":"ella.anderson@dropbox.net","message":"failed to process due to datastore timeout of 30 seconds.  operation took 97 seconds."},{"id":"2e6e5230-4208-41db-a5e9-2627de1e52a6","email":"jack.thompson@me.com","message":"successfully parsed message, but message temporarily enqueued while system restarts."},{"id":"e9d4bb80-befc-48d3-bfd0-3941554fd495","email":"andrew.miller@gmail.com","message":"failed to process due to network exception."},{"id":"a6e945b7-58cb-4d9b-a4e3-11753677910c","email":"liam.gonzalez@me.com","message":"successfully handled skipped operation."},{"id":"5b0e6f6f-aba7-4e8a-bc78-6db109215671","email":"michael.hall@dropbox.net","message":"failed to process due to network exception."},{"id":"6eaf6985-276d-4386-bf15-de2e6f700510","email":"andrew.miller@gmail.com","message":"failed to process due to datastore timeout of 30 seconds.  operation took 85 seconds."},{"id":"c6b6c495-f917-4452-9859-9ace8d97576e","email":"tyler.nelson@microsoft.com","message":"successfully processed after 8421 milliseconds."},{"id":"cb364262-255a-4c4b-a70f-8fc2a46d306e","email":"olivia.wright@gmail.com","message":"successfully processed after 5800 milliseconds."},{"id":"d95bdd4c-2c4d-4dd1-81e1-06dc61aabdd1","email":"ethan.hernandez@microsoft.com","message":"failed to process due to datastore timeout of 30 seconds.  operation took 45 seconds."},{"id":"2a660396-0070-406a-8936-2db441d31bfe","email":"andrew.miller@gmail.com","message":"failed to process due to datastore timeout of 30 seconds.  operation took 62 seconds."},{"id":"3f4745f7-63ff-480a-9c6c-c36bbf8851fb","email":"emily.taylor@gmail.com","message":"failed to process due to datastore timeout of 30 seconds.  operation took 105 seconds."},{"id":"f224fc77-aaac-4a07-96a2-3c1e28bf12af","email":"liam.gonzalez@me.com","message":"successfully processed after 1790 milliseconds."},{"id":"662d3eec-c699-4c4b-88da-89d821446bdc","email":"sophia.baker@dropbox.net","message":"successfully parsed message, but message temporarily enqueued while system restarts."},{"id":"01a277bc-ea72-4e59-a854-bb0ba0715bde","email":"jackson.white@gmail.com","message":"failed to process due to datastore timeout of 30 seconds.  operation took 114 seconds."},{"id":"04dc5715-1481-47e3-afe9-cab3aae07e40","email":"joshua.lee@gmail.com","message":"failed to process due to datastore timeout of 30 seconds.  operation took 66 seconds."},{"id":"494b4bea-0bf5-4c25-addf-7a136cd39805","email":"noah.sanchez@me.com","message":"successfully handled skipped operation."},{"id":"aca6e9ba-4b55-4aec-9d89-a8ed0799f9bb","email":"lily.harris@gmail.com","message":"failed to process due to datastore timeout of 30 seconds.  operation took 76 seconds."},{"id":"4066702f-b973-46eb-b32f-12510f32cb67","email":"daniel.rodriguez@amerisave.com","message":"failed to process due to network exception."},{"id":"3a414f58-5e18-4859-a66a-e37b35ee710e","email":"isabella.jackson@amerisave.com","message":"failed to process due to network exception."},{"id":"7fbdedc3-502f-49d2-a65a-eb2f77b4ccd1","email":"samantha.scott@me.com","message":"failed to process due to network exception."},{"id":"b1b9ff41-5eac-496a-a91a-f1dd154061ef","email":"logan.clark@dropbox.net","message":"successfully processed after 271 milliseconds."},{"id":"b4a29917-68c8-4482-a854-1ffc78b8b62e","email":"hannah.martin@dropbox.net","message":"successfully parsed message, but message temporarily enqueued while system restarts."},{"id":"c0c60aa0-5f4c-49ee-a249-6aa9b632d03b","email":"andrew.miller@gmail.com","message":"failed to process due to network exception."},{"id":"c8a29742-d377-4487-86c5-5fe51eb1eb3b","email":"jackson.white@gmail.com","message":"successfully handled skipped operation."},{"id":"ef677f76-7171-4382-8099-482f140776a8","email":"isabella.jackson@amerisave.com","message":"successfully parsed message, but message temporarily enqueued while system restarts."},{"id":"e60b6a44-9bd7-4fe0-80cc-199da62a84b1","email":"emily.taylor@gmail.com","message":"failed to process due to datastore timeout of 30 seconds.  operation took 53 seconds."},{"id":"4bb79701-800e-4722-809a-73babef78778","email":"mia.perez@me.com","message":"failed to process due to network exception."},{"id":"9e8d2465-5234-40f4-bfcf-671d9897a595","email":"sophia.baker@dropbox.net","message":"successfully parsed message, but message temporarily enqueued while system restarts."},{"id":"f7d97224-48b6-4588-b465-e49b7fe25456","email":"lily.harris@gmail.com","message":"failed to process due to datastore timeout of 30 seconds.  operation took 99 seconds."},{"id":"1623c1a4-b749-4a7e-bdf1-05d5108cd80a","email":"hannah.martin@dropbox.net","message":"failed to process due to network exception."},{"id":"3015dfac-825a-4a34-90fb-a91b548fd87b","email":"emma.thomas@me.com","message":"failed to process due to datastore timeout of 30 seconds.  operation took 73 seconds."},{"id":"14dbbe45-3b50-4890-a653-eeb155e1e035","email":"ava.davis@gmail.com","message":"successfully handled skipped operation."},{"id":"f06df16e-5d4b-4430-8e59-7acee8ecfd90","email":"alexis.brown@microsoft.com","message":"failed to process due to network exception."},{"id":"f44cb9d7-bf32-423b-b6d1-6864d29f1e67","email":"andrew.miller@gmail.com","message":"successfully processed after 3423 milliseconds."},{"id":"0bf9c051-04c4-499d-af4b-7e8c265e82d6","email":"ryan.king@dropbox.net","message":"successfully handled skipped operation."},{"id":"84540c25-26da-4373-80b3-07fd24c3a887","email":"jacob.lopez@dropbox.net","message":"successfully processed after 3802 milliseconds."},{"id":"c42c151f-18e5-492c-96f2-902f4b2a8aea","email":"grace.moore@gmail.com","message":"successfully parsed message, but message temporarily enqueued while system restarts."},{"id":"c9119cfe-f5f2-4845-8fa2-007ae8196247","email":"liam.gonzalez@me.com","message":"failed to process due to datastore timeout of 30 seconds.  operation took 74 seconds."},{"id":"b95148c4-d8f1-4e67-8bdb-51365064bdd7","email":"sarah.green@amerisave.com","message":"successfully handled skipped operation."},{"id":"9f4fa875-7125-4cf1-bea5-f3fe38a8f1fe","email":"michael.hall@dropbox.net","message":"successfully processed after 4966 milliseconds."},{"id":"7eab7b05-f0a5-41d6-ad58-15d3feae130d","email":"sarah.green@amerisave.com","message":"successfully handled skipped operation."},{"id":"a0c45b28-0dd4-40e9-8020-05e371287413","email":"logan.clark@dropbox.net","message":"successfully processed after 8802 milliseconds."},{"id":"8113b89d-7fd7-4a1c-b500-b6892200cb56","email":"emily.taylor@gmail.com","message":"failed to process due to datastore timeout of 30 seconds.  operation took 123 seconds."},{"id":"7ad5672a-45d5-422a-88f5-ec53b5d1b1c4","email":"lily.harris@gmail.com","message":"successfully parsed message, but message temporarily enqueued while system restarts."},{"id":"9c64de89-b828-41dc-afe1-ce61d1c44939","email":"samantha.scott@me.com","message":"failed to process due to datastore timeout of 30 seconds.  operation took 113 seconds."},{"id":"0eedf710-ebda-40a0-9128-cb7185a65eb9","email":"daniel.rodriguez@amerisave.com","message":"failed to process due to datastore timeout of 30 seconds.  operation took 77 seconds."},{"id":"c7de9b73-7db2-4ab8-88c1-7dc3297bc5a9","email":"ethan.hernandez@microsoft.com","message":"failed to process due to network exception."},{"id":"e0119f6e-0a97-4fd7-9542-f13af7565dd2","email":"nathan.young@microsoft.com","message":"successfully handled skipped operation."},{"id":"575e098c-2c46-4c7d-b818-4a9c100851f5","email":"lily.harris@gmail.com","message":"successfully parsed message, but message temporarily enqueued while system restarts."},{"id":"a0ee97de-8443-4253-9f6d-8e38890df586","email":"madison.lewis@gmail.com","message":"failed to process due to datastore timeout of 30 seconds.  operation took 121 seconds."},{"id":"86ac651e-28c0-4c0d-af87-635eea483112","email":"samantha.scott@me.com","message":"failed to process due to network exception."},{"id":"699bfea6-7804-4420-94ef-154beb8a5c51","email":"grace.moore@gmail.com","message":"successfully parsed message, but message temporarily enqueued while system restarts."},{"id":"568dce0c-1c02-44a8-9e8f-a8a887931f9b","email":"alexander.williams@gmail.com","message":"successfully processed after 1805 milliseconds."}],"id":"000ae9e8-1116-4632-b0a5-f95436a4a47c"}