{"logs":[{"id":"40dec649-1d59-4c85-a898-382aacb172a3","email":"mia.perez@me.com","message":"failed to process due to datastore timeout of 30 seconds.  operation took 82 seconds."},{"id":"54fbee73-1241-4bdb-8bd5-f9f92b9a98f1","email":"ryan.king@dropbox.net","message":"successfully parsed message, but message temporarily enqueued while system restarts."},{"id":"6a6aaadc-9034-431d-af5d-2626f733b59f","email":"elizabeth.martinez@dropbox.net","message":"successfully handled skipped operation."},{"id":"a0432d5e-61aa-43a0-a31d-06f7eaf536b8","email":"ella.anderson@dropbox.net","message":"successfully handled skipped operation."},{"id":"5b537f83-7bb3-423b-b9a9-1ce4ce88c0e1","email":"taylor.adams@gmail.com","message":"failed to process due to datastore timeout of 30 seconds.  operation took 75 seconds."},{"id":"49d29e8e-0b68-4477-a9ba-e524c5f7a665","email":"chloe.garcia@dropbox.net","message":"failed to process due to network exception."},{"id":"6b1bc30a-b392-4ecf-bb2f-b945d6da8c90","email":"matthew.walker@amerisave.com","message":"successfully handled skipped operation."},{"id":"36a2c281-318a-4ea9-ae82-3dc4a3a68154","email":"logan.clark@dropbox.net","message":"failed to process due to datastore timeout of 30 seconds.  operation took 42 seconds."},{"id":"74943e97-70ba-41be-930e-ab1ec50bfa75","email":"daniel.rodriguez@amerisave.com","message":"failed to process due to datastore timeout of 30 seconds.  operation took 47 seconds."},{"id":"66d1a622-3a09-4f5f-a555-1a10123481df","email":"ryan.king@dropbox.net","message":"failed to process due to datastore timeout of 30 seconds.  operation took 90 seconds."},{"id":"af62dbed-3573-42f1-b973-de1e9503ac58","email":"grace.moore@gmail.com","message":"successfully processed after 5691 milliseconds."},{"id":"c589f8c2-b650-4d2b-bf1f-7a3725525a67","email":"alexander.williams@gmail.com","message":"successfully handled skipped operation."},{"id":"1cb6e6f1-9271-4575-bb55-25c43e340a1c","email":"emma.thomas@me.com","message":"successfully handled skipped operation."},{"id":"cf07f884-8bdc-43ae-9ecd-b89ca16c43d8","email":"mia.perez@me.com","message":"failed to process due to datastore timeout of 30 seconds.  operation took 102 seconds."},{"id":"5b55b70f-3a58-464f-a45b-d29a760aa849","email":"michael.hall@dropbox.net","message":"successfully handled skipped operation."},{"id":"b0175e58-8d79-4484-b9a2-9b7067741ff1","email":"nicholas.allen@microsoft.com","message":"successfully processed after 1676 milliseconds."},{"id":"a978b3df-ba0e-42e8-a873-8c673836ae6d","email":"nathan.young@microsoft.com","message":"failed to process due to datastore timeout of 30 seconds.  operation took 109 seconds."},{"id":"e66a5499-ec6b-4c26-b95d-abc1df38227f","email":"nathan.young@microsoft.com","message":"failed to process due to datastore timeout of 30 seconds.  operation took 54 seconds."},{"id":"2ba6ed58-ecb4-4d4e-baf2-2f8b92967438","email":"emma.thomas@me.com","message":"successfully parsed message, but message temporarily enqueued while system restarts."},{"id":"017150de-ca90-4a66-88a1-59b1f71ba4b3","email":"alyssa.jones@amerisave.com","message":"successfully processed after 961 milliseconds."},{"id":"b555333f-0692-47e0-bc29-fdf059d7b6b7","email":"noah.sanchez@me.com","message":"successfully handled skipped operation."},{"id":"98f5d20d-889e-4de3-ad97-227ef1e0dea2","email":"taylor.adams@gmail.com","message":"successfully parsed message, but message temporarily enqueued while system restarts."},{"id":"774a7167-c8db-40c6-aec7-089963f08565","email":"michael.hall@dropbox.net","message":"failed to process due to network exception."},{"id":"5b454f12-e2b9-4087-849c-5ae8db01388f","email":"elizabeth.martinez@dropbox.net","message":"successfully processed after 2539 milliseconds."},{"id":"c6fe45d8-2cc3-43b6-bcf8-0871e5ad0993","email":"alexis.brown@microsoft.com","message":"failed to process due to datastore timeout of 30 seconds.  operation took 34 seconds."},{"id":"21749786-3754-448c-9593-daef88fd617e","email":"ella.anderson@dropbox.net","message":"failed to process due to datastore timeout of 30 seconds.  operation took 43 seconds."},{"id":"fe4ce013-f98b-422b-806f-84ee4c6df3fc","email":"mason.robinson@amerisave.com","message":"successfully processed after 8347 milliseconds."},{"id":"e343390a-783c-4309-bf9e-373388ea2845","email":"sophia.baker@dropbox.net","message":"failed to process due to network exception."},{"id":"16f8c8c6-684a-44b9-a63d-1006fa96313e","email":"sarah.green@amerisave.com","message":"successfully parsed message, but message temporarily enqueued while system restarts."},{"id":"651e4eeb-50f4-471f-9423-482bea6dee3e","email":"madison.lewis@gmail.com","message":"failed to process due to network exception."},{"id":"4271ee11-5ab3-4b7b-b14e-adc1d772330a","email":"ava.davis@gmail.com","message":"failed to process due to network exception."},{"id":"b58296ca-039e-49a7-8847-b3722437d414","email":"abigail.smith@amerisave.com","message":"successfully processed after 9753 milliseconds."},{"id":"8ca1cc29-24a0-428f-8918-cc5ce0b7b4ac","email":"isabella.jackson@amerisave.com","message":"successfully handled skipped operation."},{"id":"16a2b544-29c3-434f-a8ff-3eca51a6af2d","email":"jackson.white@gmail.com","message":"failed to process due to datastore timeout of 30 seconds.  operation took 86 seconds."},{"id":"6a431432-43cd-4a3b-ab70-34cd116b644e","email":"emma.thomas@me.com","message":"successfully processed after 702 milliseconds."},{"id":"dc5abaa2-de38-465c-86b9-0be371744388","email":"samantha.scott@me.com","message":"failed to process due to datastore timeout of 30 seconds.  operation took 88 seconds."},{"id":"b5a78f33-4d2f-41cf-b122-18455f6d2aec","email":"sarah.green@amerisave.com","message":"successfully processed after 6399 milliseconds."},{"id":"62160545-33ae-4505-afc4-d6e533c57210","email":"matthew.walker@amerisave.com","message":"successfully handled skipped operation."},{"id":"64d407a7-474d-4cf4-8f67-0d873576943f","email":"logan.clark@dropbox.net","message":"failed to process due to datastore timeout of 30 seconds.  operation took 100 seconds."},{"id":"236c490c-6cec-4172-82a5-70651738f70b","email":"aiden.johnson@microsoft.com","message":"failed to process due to network exception."},{"id":"d9a3cde5-59b0-4382-acac-9cd11544a487","email":"isabella.jackson@amerisave.com","message":"failed to process due to network exception."},{"id":"6c0c4643-3cf2-408e-b063-a47f524ba615","email":"emily.taylor@gmail.com","message":"successfully processed after 5916 milliseconds."},{"id":"d528073e-75b2-4db3-8728-0720cf196f6d","email":"logan.clark@dropbox.net","message":"failed to process due to network exception."},{"id":"bfad617d-e540-407a-b2db-0b9d883765a3","email":"chloe.garcia@dropbox.net","message":"successfully parsed message, but message temporarily enqueued while system restarts."},{"id":"2a5a7662-809e-4bd4-b28d-69d707f21cf0","email":"hannah.martin@dropbox.net","message":"successfully processed after 5258 milliseconds."},{"id":"97e1c3cb-748f-4ea0-b674-451d6ef2c4ba","email":"samantha.scott@me.com","message":"successfully processed after 9023 milliseconds."},{"id":"e796b012-e541-47fe-bfe1-798af6edda0d","email":"logan.clark@dropbox.net","message":"successfully handled skipped operation."},{"id":"084d2143-1238-4d59-bdca-dc7b3ae78d68","email":"sophia.baker@dropbox.net","message":"failed to process due to network exception."},{"id":"fcdf5d44-6b2f-4c80-9088-12491b226bc2","email":"ethan.hernandez@microsoft.com","message":"successfully handled skipped operation."},{"id":"5bb7c5fb-f9c2-49d2-8ab1-b010983edd27","email":"mason.robinson@amerisave.com","message":"failed to process due to network exception."},{"id":"bb934e5a-00b4-4a22-ba09-c8162c7245bc","email":"sophia.baker@dropbox.net","message":"successfully processed after 668 milliseconds."},{"id":"5441a8b7-5f97-4984-88df-37721aef3bbc","email":"tyler.nelson@microsoft.com","message":"successfully parsed message, but message temporarily enqueued while system restarts."},{"id":"8c03ca53-373e-40a5-8fd4-939375725fd3","email":"aiden.johnson@microsoft.com","message":"failed to process due to datastore timeout of 30 seconds.  operation took 40 seconds."},{"id":"6bb322fa-e732-4f49-98b6-6460c1c07ffc","email":"ryan.king@dropbox.net","message":"successfully parsed message, but message temporarily enqueued while system restarts."},{"id":"a7a949f2-97d1-49ed-ab9a-deeffbe062dd","email":"sophia.baker@dropbox.net","message":"failed to process due to network exception."},{"id":"333a3ec2-2a33-499f-bd2c-d25fc5bec529","email":"taylor.adams@gmail.com","message":"failed to process due to network exception."},{"id":"189d36ee-4ef0-4ab6-ae08-e61d21e95750","email":"chloe.garcia@dropbox.net","message":"failed to process due to datastore timeout of 30 seconds.  operation took 128 seconds."},{"id":"a2eaaa44-b2ba-45f1-8642-ec8d65a23617","email":"olivia.wright@gmail.com","message":"successfully parsed message, but message temporarily enqueued while system restarts."},{"id":"ab5f7348-b2a4-4172-9783-999f22b0f432","email":"hannah.martin@dropbox.net","message":"failed to process due to datastore timeout of 30 seconds.  operation took 66 seconds."},{"id":"5b5d5d35-2794-43dd-9fea-58f8d8a16967","email":"hannah.martin@dropbox.net","message":"successfully parsed message, but message temporarily enqueued while system restarts."},{"id":"adf63714-fa81-40f3-a6cc-236ac77a4d80","email":"abigail.smith@amerisave.com","message":"successfully parsed message, but message temporarily enqueued while system restarts."},{"id":"1455ee85-e8d9-4b3b-a7ea-575b7db285fa","email":"alyssa.jones@amerisave.com","message":"successfully handled skipped operation."},{"id":"1a89b826-da5d-4b37-a87a-adaa69e11e26","email":"alyssa.jones@amerisave.com","message":"failed to process due to network exception."},{"id":"99f2dbb1-37cd-423e-99b9-32efe15a02ef","email":"dylan.wilson@gmail.com","message":"successfully processed after 5546 milliseconds."},{"id":"58af1205-8805-449f-bf46-eb4b53b31214","email":"tyler.nelson@microsoft.com","message":"successfully handled skipped operation."},{"id":"e6f3c340-c893-46be-a6fd-012db1cf0cbd","email":"ryan.king@dropbox.net","message":"successfully parsed message, but message temporarily enqueued while system restarts."},{"id":"51b7bcfc-8148-4659-8f5d-b35e3976230f","email":"chloe.garcia@dropbox.net","message":"successfully processed after 4016 milliseconds."},{"id":"1267ad49-56ba-4572-9b19-6023bfab5fe0","email":"hannah.martin@dropbox.net","message":"successfully parsed message, but message temporarily enqueued while system restarts."},{"id":"fc3871d9-a39b-4772-8fde-44a286d9a7a2","email":"elizabeth.martinez@dropbox.net","message":"successfully handled skipped operation."},{"id":"e407ce78-4a62-4df4-bd47-b4e196239a4e","email":"jackson.white@gmail.com","message":"successfully handled skipped operation."},{"id":"836b9998-7942-4d4c-bc77-8a9802e5ca7c","email":"grace.moore@gmail.com","message":"successfully processed after 9678 milliseconds."},{"id":"3e68d0f4-b8da-4309-af45-050723cca379","email":"noah.sanchez@me.com","message":"failed to process due to network exception."},{"id":"bb4052ce-9628-4d25-b49e-3238b747cdd4","email":"elizabeth.martinez@dropbox.net","message":"successfully processed after 1272 milliseconds."},{"id":"d6668ecd-b0a2-46c1-97b5-b1a1fcebdde8","email":"ethan.hernandez@microsoft.com","message":"successfully handled skipped operation."},{"id":"d5d18d0f-891e-4a8e-9811-255df840cd8f","email":"chloe.garcia@dropbox.net","message":"failed to process due to datastore timeout of 30 seconds.  operation took 76 seconds."},{"id":"e48c89ed-40f4-4a0b-a053-93273e2b78b8","email":"ryan.king@dropbox.net","message":"failed to process due to network exception."},{"id":"2164325b-7852-4398-a498-3e6ca135c12f","email":"sophia.baker@dropbox.net","message":"successfully processed after 4597 milliseconds."},{"id":"75c6a92d-344b-4425-be62-05513a77a966","email":"sophia.baker@dropbox.net","message":"successfully handled skipped operation."},{"id":"9b2eb64a-7557-4296-96ec-5e5954a75096","email":"elizabeth.martinez@dropbox.net","message":"successfully processed after 8482 milliseconds."},{"id":"aa58ac9a-076b-4958-b3d4-06ef51d3375b","email":"hannah.martin@dropbox.net","message":"failed to process due to network exception."},{"id":"e3ef136c-f422-42b3-a1fb-2781d02d939f","email":"matthew.walker@amerisave.com","message":"failed to process due to network exception."},{"id":"8d9c686c-d17c-41bc-be6d-2466a7feaf95","email":"olivia.wright@gmail.com","message":"successfully parsed message, but message temporarily enqueued while system restarts."},{"id":"b279e4e1-0a36-4728-92ab-a1dbd567a9d0","email":"tyler.nelson@microsoft.com","message":"successfully processed after 952 milliseconds."},{"id":"e4805ca1-ff99-4b40-a7f2-60e19bccf18f","email":"alexis.brown@microsoft.com","message":"successfully handled skipped operation."},{"id":"cc98b11c-797b-4b94-b2b4-c945e866202c","email":"liam.gonzalez@me.com","message":"successfully parsed message, but message temporarily enqueued while system restarts."},{"id":"75bc0dd6-3914-4ec3-8290-128b3b3b6d34","email":"matthew.walker@amerisave.com","message":"failed to process due to datastore timeout of 30 seconds.  operation took 111 seconds."},{"id":"f4bdc2f7-b94b-4a1c-bec2-25100642a2de","email":"ava.davis@gmail.com","message":"successfully processed after 9726 milliseconds."},{"id":"d6a82723-1497-48db-96d7-5058bbc258a3","email":"noah.sanchez@me.com","message":"failed to process due to network exception."},{"id":"74cec41b-44b6-414c-b99c-905f2cb21731","email":"logan.clark@dropbox.net","message":"successfully parsed message, but message temporarily enqueued while system restarts."},{"id":"ef920744-ca04-4e71-a24b-9808e838bbc6","email":"hannah.martin@dropbox.net","message":"failed to process due to network exception."},{"id":"c025b007-3a24-4612-b1a4-a6667ece9b04","email":"ryan.king@dropbox.net","message":"successfully handled skipped operation."},{"id":"2b992e42-372f-418b-877b-be417f377dc3","email":"daniel.rodriguez@amerisave.com","message":"successfully processed after 6111 milliseconds."},{"id":"6952b5a9-5360-4b7c-bc1c-f99f13a11dc8","email":"joshua.lee@gmail.com","message":"failed to process due to network exception."},{"id":"08e2662d-be1d-43a2-af67-cbcd578f6fe0","email":"hannah.martin@dropbox.net","message":"successfully parsed message, but message temporarily enqueued while system restarts."},{"id":"84af0b96-0e5f-4840-8299-e9122c658fd0","email":"alyssa.jones@amerisave.com","message":"successfully processed after 3154 milliseconds."},{"id":"e9369828-cc0f-4e60-8515-1158c0a6cb8b","email":"madison.lewis@gmail.com","message":"successfully processed after 3408 milliseconds."},{"id":"ce481e6d-0d7f-4e29-936b-eda8d8c97bd3","email":"elizabeth.martinez@dropbox.net","message":"successfully handled skipped operation."},{"id":"e9bdb47d-8246-4fa4-bef4-65e4e74c954c","email":"sophia.baker@dropbox.net","message":"successfully processed after 1466 milliseconds."},{"id":"07911a75-520a-40a9-a9e7-b7e7251e3699","email":"taylor.adams@gmail.com","message":"successfully processed after 6997 milliseconds."},{"id":"fc136796-26c0-49cc-9a93-0583e9b29642","email":"olivia.wright@gmail.com","message":"successfully parsed message, but message temporarily enqueued while system restarts."},{"id":"e6b579da-8881-4c83-a797-69f65eb06240","email":"alexis.brown@microsoft.com","message":"successfully handled skipped operation."},{"id":"7acd5a07-8c89-458b-8b57-6cc83f0e88bb","email":"emma.thomas@me.com","message":"failed to process due to network exception."},{"id":"b00c5e7d-54b4-46b9-bbf5-82aff7f081c6","email":"dylan.wilson@gmail.com","message":"failed to process due to network exception."},{"id":"7e5ab375-5d5d-4054-8b9f-a6cf25fb7caa","email":"olivia.wright@gmail.com","message":"failed to process due to datastore timeout of 30 seconds.  operation took 88 seconds."},{"id":"9cee49d3-addb-4d92-b9a5-c935b243bcdc","email":"jackson.white@gmail.com","message":"failed to process due to datastore timeout of 30 seconds.  operation took 111 seconds."},{"id":"e34aa610-2387-45ac-92c8-8664dbf8f299","email":"ethan.hernandez@microsoft.com","message":"successfully parsed message, but message temporarily enqueued while system restarts."},{"id":"e0d55ca6-6af6-4f14-9255-f719abbbf459","email":"sarah.green@amerisave.com","message":"successfully processed after 5488 milliseconds."},{"id":"9455c27c-1065-42e7-846b-8980041f7374","email":"abigail.smith@amerisave.com","message":"successfully processed after 591 milliseconds."},{"id":"b6b9d72d-df64-41f5-8ba5-aa8e1c3911b7","email":"isabella.jackson@amerisave.com","message":"failed to process due to datastore timeout of 30 seconds.  operation took 49 seconds."},{"id":"0852d397-04d6-4bd2-a3db-4a305f6968a8","email":"noah.sanchez@me.com","message":"successfully processed after 73 milliseconds."},{"id":"3b2e9921-f2da-49ca-8ed9-05b9b04c9dfa","email":"joshua.lee@gmail.com","message":"successfully processed after 2068 milliseconds."},{"id":"0c29c5cb-6175-4a5b-94ce-1047a39db34d","email":"emma.thomas@me.com","message":"failed to process due to network exception."},{"id":"d50132da-5ac6-4894-a932-083beb97aa90","email":"mason.robinson@amerisave.com","message":"successfully parsed message, but message temporarily enqueued while system restarts."},{"id":"0d925b24-a984-48bf-8ad4-b10bc3305449","email":"dylan.wilson@gmail.com","message":"failed to process due to network exception."},{"id":"ccdf22db-72b3-4fb7-b7f6-9737e3c65157","email":"jackson.white@gmail.com","message":"failed to process due to network exception."},{"id":"4431aa64-74c7-428d-ba17-e03891e78be6","email":"isabella.jackson@amerisave.com","message":"failed to process due to network exception."},{"id":"95fa1708-a274-4fbf-aae7-f73bb0d2b66c","email":"michael.hall@dropbox.net","message":"successfully parsed message, but message temporarily enqueued while system restarts."},{"id":"1d56bff4-d389-4f7a-8000-9655f853c63b","email":"aiden.johnson@microsoft.com","message":"successfully handled skipped operation."},{"id":"54af8e5f-464e-459b-a858-0fcd5002532a","email":"mason.robinson@amerisave.com","message":"successfully processed after 3066 milliseconds."},{"id":"d3c847b2-5f6b-4f99-8687-0c39c4556dc1","email":"nicholas.allen@microsoft.com","message":"failed to process due to network exception."},{"id":"599732ee-05d3-48ea-bd80-bb0a8be17a6d","email":"alyssa.jones@amerisave.com","message":"successfully parsed message, but message temporarily enqueued while system restarts."},{"id":"0fe1c562-43a5-4688-9803-eb65575f9148","email":"ethan.hernandez@microsoft.com","message":"successfully handled skipped operation."},{"id":"6ad7f43f-c289-4558-ae42-13d3f8a39c3e","email":"chloe.garcia@dropbox.net","message":"failed to process due to datastore timeout of 30 seconds.  operation took 41 seconds."},{"id":"ead064e6-6748-44fd-97c6-0bf766ce04e3","email":"olivia.wright@gmail.com","message":"successfully processed after 947 milliseconds."},{"id":"29baa9a3-c5ae-4ca2-beba-6125686c3336","email":"lily.harris@gmail.com","message":"successfully parsed message, but message temporarily enqueued while system restarts."},{"id":"e3d2e456-ce32-427a-88dc-48c904a4f932","email":"taylor.adams@gmail.com","message":"successfully parsed message, but message temporarily enqueued while system restarts."},{"id":"b09998f6-130a-4de9-b803-a16b39b7fe68","email":"michael.hall@dropbox.net","message":"successfully parsed message, but message temporarily enqueued while system restarts."},{"id":"c66ad882-bec5-4b85-af9f-e8fe6e382145","email":"dylan.wilson@gmail.com","message":"failed to process due to datastore timeout of 30 seconds.  operation took 109 seconds."},{"id":"331d5661-34ca-4f2d-a268-f50aa6f5097a","email":"tyler.nelson@microsoft.com","message":"failed to process due to network exception."},{"id":"9a78d600-73d2-422c-90b6-08a6fdfb6efc","email":"mason.robinson@amerisave.com","message":"successfully handled skipped operation."},{"id":"b5eee68d-0b20-4f2c-bab2-7bf45bd43cc9","email":"lily.harris@gmail.com","message":"successfully handled skipped operation."},{"id":"5d7eca8f-8604-4ff7-86d0-60b8a84a5e4d","email":"chloe.garcia@dropbox.net","message":"failed to process due to network exception."},{"id":"14ba879c-08ab-4bba-823a-901365ebb708","email":"jack.thompson@me.com","message":"successfully handled skipped operation."},{"id":"b9dcb125-4553-4f0c-803c-f478d20abc64","email":"liam.gonzalez@me.com","message":"failed to process due to network exception."},{"id":"396efad2-7ea0-4626-b672-81829de17e81","email":"andrew.miller@gmail.com","message":"successfully parsed message, but message temporarily enqueued while system restarts."},{"id":"5117ccdc-cb0a-479f-bb45-54f535f489d8","email":"alexander.williams@gmail.com","message":"successfully processed after 1928 milliseconds."},{"id":"e84e6c93-dc52-4d3e-82e4-2454ac17f33e","email":"jacob.lopez@dropbox.net","message":"successfully parsed message, but message temporarily enqueued while system restarts."},{"id":"ff3eb446-9c7b-4526-8cfd-4a6a012c2b57","email":"jackson.white@gmail.com","message":"successfully processed after 2599 milliseconds."},{"id":"80f30ecb-8593-4873-b326-ee06e9c14e1c","email":"isabella.jackson@amerisave.com","message":"failed to process due to datastore timeout of 30 seconds.  operation took 126 seconds."},{"id":"17b4dc6e-f003-4e0d-b752-6a9b3489d0e3","email":"alexander.williams@gmail.com","message":"successfully processed after 4218 milliseconds."},{"id":"c9d6a298-31e7-436b-a8df-43dccb99f811","email":"taylor.adams@gmail.com","message":"successfully handled skipped operation."},{"id":"fe22e3db-ad46-496c-8845-d30026670bf0","email":"sophia.baker@dropbox.net","message":"failed to process due to network exception."},{"id":"1ba88951-a1da-4a55-a0fb-1966761264a5","email":"emma.thomas@me.com","message":"successfully handled skipped operation."},{"id":"7daccec4-8d5a-44a3-be29-eb8d1c5700ac","email":"liam.gonzalez@me.com","message":"failed to process due to network exception."},{"id":"dc75d719-3b27-4a20-9dc9-3b4b3fae21bb","email":"hannah.martin@dropbox.net","message":"successfully parsed message, but message temporarily enqueued while system restarts."},{"id":"adbb05b4-9b73-4c2e-a264-34f1aed120b0","email":"noah.sanchez@me.com","message":"successfully parsed message, but message temporarily enqueued while system restarts."},{"id":"525086f6-bfde-46e3-b8d9-b9de1d020f89","email":"sophia.baker@dropbox.net","message":"failed to process due to network exception."},{"id":"3397182d-7794-41b3-ad6b-9a49e89f6c10","email":"elizabeth.martinez@dropbox.net","message":"failed to process due to datastore timeout of 30 seconds.  operation took 65 seconds."},{"id":"3f55dad2-b24f-4425-ad94-a75066e26d9a","email":"mason.robinson@amerisave.com","message":"failed to process due to datastore timeout of 30 seconds.  operation took 38 seconds."},{"id":"c695add4-e215-4303-9d6f-0090a7f326c4","email":"samantha.scott@me.com","message":"failed to process due to network exception."},{"id":"4dbb232c-7d12-48ec-b8c4-86d65a422264","email":"olivia.wright@gmail.com","message":"failed to process due to datastore timeout of 30 seconds.  operation took 79 seconds."},{"id":"be1387b2-5cf9-474d-a404-c345e95fef2c","email":"lily.harris@gmail.com","message":"successfully processed after 2313 milliseconds."},{"id":"91cd5bef-ef85-4d77-8676-9d3010a4d58a","email":"dylan.wilson@gmail.com","message":"successfully handled skipped operation."},{"id":"195feaeb-0995-4164-8153-72093070f8d1","email":"matthew.walker@amerisave.com","message":"failed to process due to network exception."},{"id":"7034cbe1-c7cc-412b-94fa-80ebd032a7f5","email":"aiden.johnson@microsoft.com","message":"successfully parsed message, but message temporarily enqueued while system restarts."},{"id":"67c9c62f-8dbd-43a5-b94e-4c8a7192b609","email":"taylor.adams@gmail.com","message":"successfully processed after 3477 milliseconds."},{"id":"ad11d16c-fac9-4508-942e-1d78fcf8b5db","email":"elizabeth.martinez@dropbox.net","message":"failed to process due to datastore timeout of 30 seconds.  operation took 92 seconds."},{"id":"9f73c079-96fb-4996-b427-25dbd686527d","email":"alexis.brown@microsoft.com","message":"successfully parsed message, but message temporarily enqueued while system restarts."},{"id":"5015508c-123c-47bb-88a6-5f7c717b6653","email":"madison.lewis@gmail.com","message":"successfully handled skipped operation."},{"id":"d651d9e9-1851-4d58-b600-43aa74494b60","email":"lily.harris@gmail.com","message":"failed to process due to datastore timeout of 30 seconds.  operation took 37 seconds."},{"id":"6abf56a9-6e7d-4b92-a7e0-f88c5ad97834","email":"taylor.adams@gmail.com","message":"successfully handled skipped operation."},{"id":"86addd64-c6ad-4b33-9c88-941bbea1ee4e","email":"grace.moore@gmail.com","message":"failed to process due to datastore timeout of 30 seconds.  operation took 104 seconds."},{"id":"3ad951ba-2bfc-4803-b4d1-a4ae0d1b75e0","email":"jackson.white@gmail.com","message":"failed to process due to network exception."},{"id":"348461be-621a-473c-8aca-633b9c060c8d","email":"olivia.wright@gmail.com","message":"successfully processed after 7123 milliseconds."},{"id":"1d8872ff-a1fc-45dc-b516-1bf738855bd7","email":"ava.davis@gmail.com","message":"successfully parsed message, but message temporarily enqueued while system restarts."},{"id":"f7dbff6c-8a12-4ffd-9ce9-3ccb2b3af6ab","email":"tyler.nelson@microsoft.com","message":"successfully processed after 4782 milliseconds."},{"id":"47423641-bebb-419d-994a-c60ce412f98f","email":"isabella.jackson@amerisave.com","message":"successfully parsed message, but message temporarily enqueued while system restarts."},{"id":"b651014e-bd84-4d35-afed-b18b497ff1a4","email":"daniel.rodriguez@amerisave.com","message":"failed to process due to network exception."},{"id":"aa90c80c-a3c2-482f-888f-916e40f5519f","email":"jackson.white@gmail.com","message":"successfully handled skipped operation."},{"id":"07eddc27-2fce-42ab-b97e-c54e061ea5ed","email":"ethan.hernandez@microsoft.com","message":"failed to process due to network exception."},{"id":"e4eb085c-2e4e-4cd7-ae74-43fe1b4df646","email":"lily.harris@gmail.com","message":"failed to process due to network exception."},{"id":"d04b66d2-ec61-48c6-b0f2-69e27a8b02de","email":"joshua.lee@gmail.com","message":"successfully parsed message, but message temporarily enqueued while system restarts."},{"id":"8661b1e2-da23-4b56-bb40-3b34461b9175","email":"nathan.young@microsoft.com","message":"failed to process due to datastore timeout of 30 seconds.  operation took 70 seconds."},{"id":"20c49ebb-4702-4651-9721-e2590dbd13cf","email":"jackson.white@gmail.com","message":"failed to process due to network exception."},{"id":"3ba956b7-cd9d-4418-9a3b-426eeb749d8a","email":"tyler.nelson@microsoft.com","message":"failed to process due to datastore timeout of 30 seconds.  operation took 82 seconds."},{"id":"7f59a1f5-9592-4d26-9d2d-3a80a60a209e","email":"dylan.wilson@gmail.com","message":"failed to process due to datastore timeout of 30 seconds.  operation took 86 seconds."},{"id":"74dd77db-89a5-410f-bbb6-cd73b215f5e7","email":"nathan.young@microsoft.com","message":"successfully parsed message, but message temporarily enqueued while system restarts."},{"id":"528092a6-c0ab-4542-b220-6ead3721223e","email":"samantha.scott@me.com","message":"failed to process due to datastore timeout of 30 seconds.  operation took 59 seconds."},{"id":"a5b15adf-697d-442d-b47f-aed417859f7f","email":"alexis.brown@microsoft.com","message":"successfully parsed message, but message temporarily enqueued while system restarts."},{"id":"48fe2ef8-4835-41c8-b345-ac799f7d80a5","email":"ella.anderson@dropbox.net","message":"successfully handled skipped operation."},{"id":"72025d0f-6ee9-408e-af99-24e7fc260f4b","email":"michael.hall@dropbox.net","message":"successfully processed after 9734 milliseconds."},{"id":"a03a1a9f-c92b-494d-9326-bdcc3e5cf8df","email":"aiden.johnson@microsoft.com","message":"successfully handled skipped operation."},{"id":"7c793eb9-fde1-403c-bfe7-f7da4b66777e","email":"madison.lewis@gmail.com","message":"successfully parsed message, but message temporarily enqueued while system restarts."},{"id":"5e678e72-618a-43ee-bc28-e455c0355570","email":"matthew.walker@amerisave.com","message":"failed to process due to datastore timeout of 30 seconds.  operation took 49 seconds."},{"id":"49d197e0-ee7c-461d-9af6-f8daf575b19b","email":"noah.sanchez@me.com","message":"successfully parsed message, but message temporarily enqueued while system restarts."},{"id":"d592c9d7-7841-4d42-a9b6-b551fa4e64d8","email":"olivia.wright@gmail.com","message":"failed to process due to network exception."},{"id":"d3bf48bd-ace5-483e-b794-66d7c1c4c3b9","email":"lily.harris@gmail.com","message":"successfully processed after 4116 milliseconds."},{"id":"00054ddd-a853-4bd1-9443-fc7965711249","email":"alexis.brown@microsoft.com","message":"successfully handled skipped operation."},{"id":"44fb8e35-fc3c-4e8c-b45e-7b3ede800961","email":"mia.perez@me.com","message":"successfully processed after 9706 milliseconds."},{"id":"d246b18c-ffc5-4aa3-bdab-6f0823d6af3c","email":"samantha.scott@me.com","message":"successfully parsed message, but message temporarily enqueued while system restarts."},{"id":"3b3d71df-cebe-4811-a799-21dce033a2b1","email":"mia.perez@me.com","message":"failed to process due to network exception."},{"id":"44e167d3-71a1-4bac-a30f-10c71ad5182c","email":"ethan.hernandez@microsoft.com","message":"successfully parsed message, but message temporarily enqueued while system restarts."},{"id":"ba546f8a-c531-41a4-be5a-889d771f95ab","email":"michael.hall@dropbox.net","message":"successfully processed after 404 milliseconds."},{"id":"4432dc49-146e-40ef-8769-c77d4ba44225","email":"joshua.lee@gmail.com","message":"failed to process due to datastore timeout of 30 seconds.  operation took 130 seconds."},{"id":"6779e1cc-dbb6-4b4d-8c81-408d34ba259d","email":"tyler.nelson@microsoft.com","message":"failed to process due to network exception."},{"id":"541a841c-ae29-4c5d-abd6-f72fe161157e","email":"matthew.walker@amerisave.com","message":"successfully processed after 723 milliseconds."},{"id":"90111adf-fac4-468b-81cf-24dfce737f2d","email":"isabella.jackson@amerisave.com","message":"successfully handled skipped operation."},{"id":"c6ffb7d8-728f-47fb-9876-837cf239190d","email":"hannah.martin@dropbox.net","message":"failed to process due to datastore timeout of 30 seconds.  operation took 111 seconds."},{"id":"233713fd-15b4-4d29-b40d-f1a0ee481c5b","email":"dylan.wilson@gmail.com","message":"failed to process due to datastore timeout of 30 seconds.  operation took 124 seconds."},{"id":"0b01933e-db8d-4667-b5de-19c446393489","email":"dylan.wilson@gmail.com","message":"successfully parsed message, but message temporarily enqueued while system restarts."},{"id":"914bfea9-c409-4767-a8b7-ce40ecfced66","email":"grace.moore@gmail.com","message":"successfully processed after 351 milliseconds."},{"id":"9c22470e-316b-423b-9e32-8631c1b9bfd7","email":"sarah.green@amerisave.com","message":"successfully parsed message, but message temporarily enqueued while system restarts."},{"id":"343af546-d27f-4102-9477-b5d13beb7e41","email":"alexander.williams@gmail.com","message":"failed to process due to datastore timeout of 30 seconds.  operation took 50 seconds."},{"id":"7fa1d18f-a4d9-4cf7-8ba4-c19991ec5a38","email":"alyssa.jones@amerisave.com","message":"failed to process due to datastore timeout of 30 seconds.  operation took 90 seconds."},{"id":"08ff9e97-7901-4e99-a04e-88f796d31d2c","email":"matthew.walker@amerisave.com","message":"successfully processed after 9133 milliseconds."},{"id":"d25f254c-058b-400d-8cff-d5e1b2290b2c","email":"ava.davis@gmail.com","message":"failed to process due to network exception."},{"id":"b3de3944-543b-4d62-9c6c-a8feab8415bf","email":"aiden.johnson@microsoft.com","message":"successfully parsed message, but message temporarily enqueued while system restarts."},{"id":"7bce18e0-ef7c-4a93-ad70-a878620fc9d6","email":"alexis.brown@microsoft.com","message":"failed to process due to datastore timeout of 30 seconds.  operation took 55 seconds."},{"id":"ada14ce5-0472-44fe-9920-c561402968d6","email":"aiden.johnson@microsoft.com","message":"successfully handled skipped operation."},{"id":"b4c103af-f6bf-4f02-be07-b0b92867f87b","email":"jackson.white@gmail.com","message":"failed to process due to datastore timeout of 30 seconds.  operation took 38 seconds."},{"id":"1a03f5b7-550a-4e12-a12a-38ccd2be8bd4","email":"michael.hall@dropbox.net","message":"failed to process due to datastore timeout of 30 seconds.  operation took 91 seconds."},{"id":"5ee762eb-4f36-4965-bf91-bc6f450c87cc","email":"olivia.wright@gmail.com","message":"failed to process due to network exception."},{"id":"c48d8105-1e8a-4fb8-b03b-89dde09df5ae","email":"logan.clark@dropbox.net","message":"successfully processed after 1114 milliseconds."},{"id":"4c7c3483-8538-4f8f-b18c-11948f0fcbdf","email":"nathan.young@microsoft.com","message":"failed to process due to network exception."},{"id":"ae5c385e-743b-40d7-9862-77e76dc971f5","email":"andrew.miller@gmail.com","message":"failed to process due to network exception."},{"id":"2b55be4d-cbbd-44a2-bc31-7501d48d9963","email":"isabella.jackson@amerisave.com","message":"successfully processed after 4836 milliseconds."},{"id":"4ad2e712-c688-44a0-8a81-dd7d2091e70b","email":"noah.sanchez@me.com","message":"successfully handled skipped operation."},{"id":"7cb1dd03-ef7a-4376-bb92-c3b4af1256e7","email":"emily.taylor@gmail.com","message":"successfully handled skipped operation."},{"id":"9fd901c3-9eee-4e64-ac17-bccc566d952f","email":"elizabeth.martinez@dropbox.net","message":"successfully handled skipped operation."},{"id":"a63ea262-89f1-4084-9bac-6959d687401a","email":"emily.taylor@gmail.com","message":"successfully handled skipped operation."},{"id":"fbad06b4-a15c-44ff-b341-e5dbcffa1be1","email":"matthew.walker@amerisave.com","message":"failed to process due to datastore timeout of 30 seconds.  operation took 44 seconds."},{"id":"e388f910-3e3c-4eed-9406-7531d48dfc8e","email":"nathan.young@microsoft.com","message":"failed to process due to network exception."},{"id":"397cc0cf-ae4c-4828-bd77-fb2280c2c76a","email":"matthew.walker@amerisave.com","message":"failed to process due to network exception."},{"id":"7abbd1fe-0106-4daa-ab01-557b5b056f03","email":"alexis.brown@microsoft.com","message":"successfully processed after 2149 milliseconds."},{"id":"2dfdb30f-4208-4c72-b9c7-b0e101538381","email":"elizabeth.martinez@dropbox.net","message":"successfully parsed message, but message temporarily enqueued while system restarts."},{"id":"9c062e19-186c-4f0f-88fd-49fed464d0cd","email":"olivia.wright@gmail.com","message":"successfully parsed message, but message temporarily enqueued while system restarts."},{"id":"20849752-3e2c-4ea0-8c9c-09f18a4f8ac8","email":"noah.sanchez@me.com","message":"successfully processed after 5302 milliseconds."},{"id":"f48f7ec9-d547-4f40-ad99-86b3180a405f","email":"emily.taylor@gmail.com","message":"successfully handled skipped operation."},{"id":"3abe0ef4-dfe8-4a3d-835c-0f8580a7d50d","email":"logan.clark@dropbox.net","message":"successfully parsed message, but message temporarily enqueued while system restarts."},{"id":"617aef26-9ab2-4784-9177-e6ec58d5eb56","email":"noah.sanchez@me.com","message":"successfully processed after 5700 milliseconds."},{"id":"dcea67ec-3f40-440f-8bbb-172e98dc0f78","email":"alexis.brown@microsoft.com","message":"failed to process due to network exception."},{"id":"6565d9b1-5005-4baa-81d9-57198f0f00bf","email":"isabella.jackson@amerisave.com","message":"successfully processed after 3133 milliseconds."}],"id":"7c160ab6-3f8a-4668-89cb-baf2bd42e2e4"}