{"logs":[{"id":"a94017d6-01cc-4df3-8a67-28b02da3d061","email":"isabella.jackson@amerisave.com","message":"failed to process due to network exception."},{"id":"a4181a65-c416-4bc1-94eb-d357981faf30","email":"elizabeth.martinez@dropbox.net","message":"failed to process due to network exception."},{"id":"d384d798-1d76-423c-a3c9-afb8a32a9d19","email":"emily.taylor@gmail.com","message":"failed to process due to datastore timeout of 30 seconds.  operation took 104 seconds."},{"id":"f4144aa5-8939-4dd5-9bc6-ee29d4a63b15","email":"isabella.jackson@amerisave.com","message":"successfully processed after 8938 milliseconds."},{"id":"bb45b47b-1bc6-4571-9d5a-9b1282afb513","email":"jack.thompson@me.com","message":"failed to process due to datastore timeout of 30 seconds.  operation took 47 seconds."},{"id":"2ca02534-fa3b-4ea8-9463-408f1d35525e","email":"isabella.jackson@amerisave.com","message":"failed to process due to datastore timeout of 30 seconds.  operation took 67 seconds."},{"id":"b294b0ed-57b3-47a0-9b56-ee738e9ee066","email":"nicholas.allen@microsoft.com","message":"successfully parsed message, but message temporarily enqueued while system restarts."},{"id":"6da212b1-66e9-4e7e-bb96-0b02e297c947","email":"jacob.lopez@dropbox.net","message":"failed to process due to network exception."},{"id":"7318808b-0ebf-40ff-9428-b041115f4bb3","email":"chloe.garcia@dropbox.net","message":"successfully parsed message, but message temporarily enqueued while system restarts."},{"id":"151700ca-72de-4abc-8594-e23532205acc","email":"matthew.walker@amerisave.com","message":"failed to process due to network exception."},{"id":"5571a75c-d257-4a39-bed5-a08b7d9a61be","email":"isabella.jackson@amerisave.com","message":"successfully parsed message, but message temporarily enqueued while system restarts."},{"id":"21ec6a78-928a-494e-91f8-2c3b09729a93","email":"abigail.smith@amerisave.com","message":"failed to process due to datastore timeout of 30 seconds.  operation took 86 seconds."},{"id":"ccf16403-e541-4d3a-a53f-56c16a80723e","email":"andrew.miller@gmail.com","message":"successfully processed after 379 milliseconds."},{"id":"f8b1671a-46dc-407d-bcea-58a77cad5754","email":"jack.thompson@me.com","message":"failed to process due to network exception."},{"id":"adc0c628-2291-418e-be4d-ad89abec4f68","email":"alyssa.jones@amerisave.com","message":"successfully handled skipped operation."},{"id":"100fe050-537f-4b11-946a-3b5b70b1883c","email":"aiden.johnson@microsoft.com","message":"successfully handled skipped operation."},{"id":"98eeaada-c854-49e7-9e63-2c82bab39856","email":"alyssa.jones@amerisave.com","message":"successfully handled skipped operation."},{"id":"c7847b6d-faad-46d9-8eb5-4b756242ffe2","email":"ryan.king@dropbox.net","message":"successfully handled skipped operation."},{"id":"06a9f4f0-eccd-48c7-a2cb-14cc004a45e8","email":"andrew.miller@gmail.com","message":"successfully processed after 2273 milliseconds."},{"id":"ae6431a8-467e-4447-96e1-a78752b9bd5f","email":"noah.sanchez@me.com","message":"failed to process due to datastore timeout of 30 seconds.  operation took 47 seconds."},{"id":"50b23f6b-91f6-4204-bf3b-7afc278e7a3d","email":"chloe.garcia@dropbox.net","message":"failed to process due to network exception."},{"id":"27cd1955-49eb-48cb-ab53-d14c1c33bf42","email":"joshua.lee@gmail.com","message":"successfully parsed message, but message temporarily enqueued while system restarts."},{"id":"934893a1-8ba7-4b88-9685-e9ce6c2e8676","email":"dylan.wilson@gmail.com","message":"successfully processed after 2805 milliseconds."},{"id":"d5cdc35c-850c-43c3-9cd1-1f03a2227e07","email":"grace.moore@gmail.com","message":"successfully parsed message, but message temporarily enqueued while system restarts."},{"id":"662b7560-90b0-4d40-9001-8701d67af2c9","email":"ryan.king@dropbox.net","message":"failed to process due to datastore timeout of 30 seconds.  operation took 117 seconds."},{"id":"d36d8cc0-9db1-46b5-bd33-2cefb6e5ef80","email":"jack.thompson@me.com","message":"successfully processed after 4323 milliseconds."},{"id":"958ba400-5faa-477b-93f0-e7cd728362ee","email":"alexander.williams@gmail.com","message":"failed to process due to network exception."},{"id":"8ad3b5a5-6800-49b1-af7b-48aeba022e85","email":"tyler.nelson@microsoft.com","message":"failed to process due to network exception."},{"id":"6ea50999-6ddb-49bc-abc4-c2ad6b916453","email":"ava.davis@gmail.com","message":"failed to process due to network exception."},{"id":"14d4286a-36fc-4829-9103-d3a393b0d5f3","email":"alyssa.jones@amerisave.com","message":"successfully processed after 1190 milliseconds."},{"id":"6b0416be-462e-4ecc-b0d7-cdc1837f9775","email":"aiden.johnson@microsoft.com","message":"failed to process due to network exception."},{"id":"ddc27ee5-dba5-4d2a-a8c7-4b6e4ff5fa4b","email":"olivia.wright@gmail.com","message":"failed to process due to network exception."},{"id":"903528b2-361d-413f-9790-6d4b4469831e","email":"nathan.young@microsoft.com","message":"failed to process due to network exception."},{"id":"630a0d5d-155d-4647-8b67-c4baf29ebd93","email":"liam.gonzalez@me.com","message":"successfully handled skipped operation."},{"id":"373d2363-0081-42c1-8d24-60f128498ab9","email":"samantha.scott@me.com","message":"successfully parsed message, but message temporarily enqueued while system restarts."},{"id":"2a8c663b-0111-48e5-b7c8-ae5baa800cfb","email":"alyssa.jones@amerisave.com","message":"successfully handled skipped operation."},{"id":"bcbc2313-5386-414e-bcda-a0b941b078a8","email":"mason.robinson@amerisave.com","message":"successfully parsed message, but message temporarily enqueued while system restarts."},{"id":"74120f7c-d0b9-469e-b72f-b4070cfe78eb","email":"dylan.wilson@gmail.com","message":"failed to process due to network exception."},{"id":"02f96f91-7f50-4624-8769-d8f6b565f741","email":"alexis.brown@microsoft.com","message":"successfully parsed message, but message temporarily enqueued while system restarts."},{"id":"bed3de4b-595b-4608-a911-f405222b978a","email":"emily.taylor@gmail.com","message":"failed to process due to network exception."},{"id":"0737f232-5a54-416e-aea9-cc50411beb38","email":"dylan.wilson@gmail.com","message":"successfully processed after 9778 milliseconds."},{"id":"57f28115-2824-4501-858b-b9e908e605f2","email":"madison.lewis@gmail.com","message":"successfully handled skipped operation."},{"id":"42f13115-deab-4926-8602-ca574d8fb8da","email":"liam.gonzalez@me.com","message":"failed to process due to datastore timeout of 30 seconds.  operation took 98 seconds."},{"id":"42847fc9-d16d-49e6-8112-083d2dce35b6","email":"isabella.jackson@amerisave.com","message":"successfully handled skipped operation."},{"id":"3c945534-c39e-4fe2-ac75-ee793ebdecf9","email":"mason.robinson@amerisave.com","message":"failed to process due to network exception."},{"id":"bb07fc76-29e7-4240-b182-72bb72324d1d","email":"matthew.walker@amerisave.com","message":"successfully processed after 9870 milliseconds."},{"id":"eef608d5-5738-499b-b85e-a3167c2fd211","email":"alexander.williams@gmail.com","message":"failed to process due to datastore timeout of 30 seconds.  operation took 91 seconds."},{"id":"895b4327-5493-444b-82b7-747ffe776acf","email":"emma.thomas@me.com","message":"failed to process due to network exception."},{"id":"c437f3ef-c507-40ab-8902-d37a84367633","email":"dylan.wilson@gmail.com","message":"successfully parsed message, but message temporarily enqueued while system restarts."},{"id":"e713fd1e-c242-4651-a4bc-047b5b0a3548","email":"sarah.green@amerisave.com","message":"successfully processed after 3492 milliseconds."},{"id":"667992cf-0e42-49b4-8249-5df7bc857e91","email":"isabella.jackson@amerisave.com","message":"failed to process due to network exception."},{"id":"f16d5451-d706-4c01-b959-1e86a33a8a10","email":"abigail.smith@amerisave.com","message":"failed to process due to datastore timeout of 30 seconds.  operation took 48 seconds."},{"id":"9d1aeaae-38c3-4981-b0f2-b95f83b74353","email":"jack.thompson@me.com","message":"successfully parsed message, but message temporarily enqueued while system restarts."},{"id":"c82658e4-b939-46b9-baaf-730eacc51026","email":"isabella.jackson@amerisave.com","message":"successfully parsed message, but message temporarily enqueued while system restarts."},{"id":"af05495a-dab7-4af5-8d27-e4924b81412f","email":"hannah.martin@dropbox.net","message":"successfully handled skipped operation."},{"id":"b038999c-e9da-4904-bf4f-eae53d3eb512","email":"nathan.young@microsoft.com","message":"successfully processed after 9059 milliseconds."},{"id":"6a2ac16b-ddae-4fc6-8c81-a003f83fdc1b","email":"ella.anderson@dropbox.net","message":"successfully parsed message, but message temporarily enqueued while system restarts."},{"id":"1deaa515-3bc9-4230-8f4d-858382ef8ae6","email":"alexis.brown@microsoft.com","message":"failed to process due to datastore timeout of 30 seconds.  operation took 108 seconds."},{"id":"568e380e-d012-432b-bd35-95ad5aca6a7e","email":"taylor.adams@gmail.com","message":"successfully processed after 8806 milliseconds."},{"id":"87d64eb7-12da-489d-8b26-8063f7d6d57c","email":"mia.perez@me.com","message":"successfully parsed message, but message temporarily enqueued while system restarts."},{"id":"31400b46-256a-4178-9cc1-2a7509917d5c","email":"logan.clark@dropbox.net","message":"failed to process due to network exception."},{"id":"ab14bfd7-6bcf-4537-bcf0-f8320c556ca4","email":"isabella.jackson@amerisave.com","message":"failed to process due to datastore timeout of 30 seconds.  operation took 102 seconds."},{"id":"d5d02c45-1f2f-4f50-90f2-648f7beae9b8","email":"olivia.wright@gmail.com","message":"failed to process due to network exception."},{"id":"a01656f3-a90d-4002-a17d-98c3c5e7f123","email":"emily.taylor@gmail.com","message":"successfully parsed message, but message temporarily enqueued while system restarts."},{"id":"7fba76bd-3463-40e1-8411-a478377c1899","email":"taylor.adams@gmail.com","message":"successfully handled skipped operation."},{"id":"7a75a783-9968-4418-9691-a8bb7ce6f814","email":"nathan.young@microsoft.com","message":"failed to process due to network exception."},{"id":"1a914a77-342e-4ebd-a52e-82c1579457c8","email":"isabella.jackson@amerisave.com","message":"failed to process due to datastore timeout of 30 seconds.  operation took 85 seconds."}],"id":"24c63622-f69b-4936-8ab4-96d07091a9d6"}