{"logs":[{"id":"18aea9da-3de5-405b-9a2b-32d756bb25ef","email":"samantha.scott@me.com","message":"successfully handled skipped operation."},{"id":"fa8d72c8-40e3-4931-912b-ad63c6a4392a","email":"matthew.walker@amerisave.com","message":"successfully parsed message, but message temporarily enqueued while system restarts."},{"id":"2c525484-c779-4ae6-aaa2-30580f46b6da","email":"sarah.green@amerisave.com","message":"failed to process due to network exception."},{"id":"3af72341-997e-4a65-a454-91ec3df56b18","email":"lily.harris@gmail.com","message":"failed to process due to datastore timeout of 30 seconds.  operation took 34 seconds."},{"id":"9eaa4f9a-6567-41f8-a15a-efabb88f2979","email":"samantha.scott@me.com","message":"failed to process due to datastore timeout of 30 seconds.  operation took 71 seconds."},{"id":"096ce802-91c2-41e4-9e78-784f58120c2b","email":"emma.thomas@me.com","message":"successfully handled skipped operation."},{"id":"77a1451d-96d0-45f4-aa7c-5065bad00849","email":"emma.thomas@me.com","message":"successfully handled skipped operation."},{"id":"b1d561ce-461a-47dd-8026-27f4845bcb63","email":"aiden.johnson@microsoft.com","message":"successfully parsed message, but message temporarily enqueued while system restarts."},{"id":"0c0de827-5db8-4a22-b23a-32612798b9e9","email":"jack.thompson@me.com","message":"successfully handled skipped operation."},{"id":"7d64ca89-fd37-4cdc-a844-6eff1f2048c7","email":"nicholas.allen@microsoft.com","message":"successfully handled skipped operation."},{"id":"da78eea6-dfef-4e05-9d6e-7ebdf2137163","email":"ella.anderson@dropbox.net","message":"successfully processed after 6586 milliseconds."},{"id":"6b728c58-8287-445d-8485-5908c68a9b97","email":"emily.taylor@gmail.com","message":"successfully parsed message, but message temporarily enqueued while system restarts."},{"id":"32a43f32-2501-4356-84af-bbc9653d326c","email":"nathan.young@microsoft.com","message":"successfully handled skipped operation."},{"id":"9b0d053c-8d37-4b84-b030-0b0c7366e484","email":"mason.robinson@amerisave.com","message":"failed to process due to datastore timeout of 30 seconds.  operation took 88 seconds."},{"id":"2c4abef4-8b35-44d3-b5fa-ea52d02ee7aa","email":"elizabeth.martinez@dropbox.net","message":"successfully parsed message, but message temporarily enqueued while system restarts."},{"id":"c3db5150-3490-46c9-8533-7100b81edabf","email":"jacob.lopez@dropbox.net","message":"successfully handled skipped operation."},{"id":"2b71c35f-9dfc-45d7-babd-740b45e6e79f","email":"noah.sanchez@me.com","message":"failed to process due to network exception."},{"id":"f5dfc34f-7b68-4614-a5c9-3672171ce3d7","email":"sophia.baker@dropbox.net","message":"failed to process due to network exception."},{"id":"b99f9362-9d57-48a7-a5cb-863241c20c36","email":"matthew.walker@amerisave.com","message":"successfully handled skipped operation."},{"id":"ae7f1077-f7b9-46c6-8467-d61ed8178d3a","email":"mia.perez@me.com","message":"successfully parsed message, but message temporarily enqueued while system restarts."},{"id":"be6cd1b6-5e1c-4fa9-b6bd-456749b0ade5","email":"madison.lewis@gmail.com","message":"failed to process due to datastore timeout of 30 seconds.  operation took 116 seconds."},{"id":"d0f04d4c-fcb3-47ed-b33b-34645964ee99","email":"sarah.green@amerisave.com","message":"failed to process due to network exception."},{"id":"10298f4c-38f3-471c-9f13-fac2d6dffa56","email":"ethan.hernandez@microsoft.com","message":"successfully handled skipped operation."},{"id":"8388f072-f29f-4c26-b7c2-172adcd2cd7f","email":"sophia.baker@dropbox.net","message":"failed to process due to datastore timeout of 30 seconds.  operation took 58 seconds."},{"id":"48337241-f044-4925-b092-123a07e82009","email":"sarah.green@amerisave.com","message":"failed to process due to network exception."},{"id":"0c75618d-68cd-4e4e-8262-20e2913e7ea1","email":"andrew.miller@gmail.com","message":"failed to process due to network exception."},{"id":"0bfea2d3-f814-4d1a-a79a-94f4684e5e6f","email":"isabella.jackson@amerisave.com","message":"successfully handled skipped operation."},{"id":"2b431ae8-d2ab-46b1-9fb7-67b9e07eacc8","email":"abigail.smith@amerisave.com","message":"successfully parsed message, but message temporarily enqueued while system restarts."},{"id":"1e2b24e6-4f1e-45d2-a2d1-d5e653bcc985","email":"joshua.lee@gmail.com","message":"successfully parsed message, but message temporarily enqueued while system restarts."},{"id":"da9781c8-8249-41bf-932c-84290fa419bd","email":"samantha.scott@me.com","message":"successfully handled skipped operation."},{"id":"d2f372f6-a612-4100-a8a8-3a10a0b0e537","email":"andrew.miller@gmail.com","message":"failed to process due to datastore timeout of 30 seconds.  operation took 119 seconds."},{"id":"0b2deb66-38e5-4729-a644-0dc08ac3bc3c","email":"grace.moore@gmail.com","message":"successfully parsed message, but message temporarily enqueued while system restarts."},{"id":"6a1e9d57-d383-43ab-8cd9-0c469aa65809","email":"ryan.king@dropbox.net","message":"failed to process due to datastore timeout of 30 seconds.  operation took 97 seconds."},{"id":"a95e3562-479c-4bc3-85f8-b1086fa3692d","email":"liam.gonzalez@me.com","message":"successfully handled skipped operation."},{"id":"bcc033b6-00d5-40c4-b10c-5c220f130090","email":"ryan.king@dropbox.net","message":"successfully handled skipped operation."},{"id":"5cbaf335-d775-4b11-ba47-648e81bd90ec","email":"matthew.walker@amerisave.com","message":"failed to process due to datastore timeout of 30 seconds.  operation took 94 seconds."},{"id":"ac2ba447-5b5a-43e5-9405-b527cf52e072","email":"olivia.wright@gmail.com","message":"successfully processed after 732 milliseconds."},{"id":"d75e3f3e-6f23-4489-9ae5-35af7d6ecfbd","email":"samantha.scott@me.com","message":"successfully parsed message, but message temporarily enqueued while system restarts."},{"id":"f9cac66b-ec72-4ff6-ab70-f0aaf679c4f4","email":"daniel.rodriguez@amerisave.com","message":"failed to process due to network exception."},{"id":"2dc18b4d-7a53-4cf1-bc03-70699057fc4a","email":"ava.davis@gmail.com","message":"successfully parsed message, but message temporarily enqueued while system restarts."},{"id":"5ce8a0c7-850d-48fb-bc49-655172227d69","email":"ryan.king@dropbox.net","message":"failed to process due to datastore timeout of 30 seconds.  operation took 77 seconds."},{"id":"6c1371ab-1297-4d23-85c7-24f21a46d898","email":"nicholas.allen@microsoft.com","message":"successfully parsed message, but message temporarily enqueued while system restarts."},{"id":"c6e9d63f-8e8a-487e-9489-f21d7871f9bf","email":"dylan.wilson@gmail.com","message":"failed to process due to datastore timeout of 30 seconds.  operation took 99 seconds."},{"id":"c6a90d77-7bc2-4bf0-b128-e73018fa8f09","email":"dylan.wilson@gmail.com","message":"successfully processed after 6048 milliseconds."},{"id":"288122ff-45d2-4e69-85b1-282f89c3e425","email":"nathan.young@microsoft.com","message":"successfully parsed message, but message temporarily enqueued while system restarts."},{"id":"1ccd4487-0bec-4432-b3c9-e84d277915dc","email":"grace.moore@gmail.com","message":"successfully parsed message, but message temporarily enqueued while system restarts."},{"id":"15d28b23-9416-4e78-9117-cc7d909587bc","email":"mason.robinson@amerisave.com","message":"successfully handled skipped operation."},{"id":"fb772f91-1472-4881-818b-166d393e3330","email":"emily.taylor@gmail.com","message":"failed to process due to datastore timeout of 30 seconds.  operation took 94 seconds."},{"id":"8ea90daa-cec0-4824-9644-b5143f2557ca","email":"sarah.green@amerisave.com","message":"successfully handled skipped operation."},{"id":"152d9cef-dbe3-486c-a54f-dc7809c16f3d","email":"jack.thompson@me.com","message":"failed to process due to network exception."},{"id":"5d57dd2b-c0eb-4dd1-93e1-626cfb574860","email":"nathan.young@microsoft.com","message":"successfully handled skipped operation."},{"id":"be6b2cda-c771-460c-8864-d7f035083787","email":"emily.taylor@gmail.com","message":"failed to process due to datastore timeout of 30 seconds.  operation took 75 seconds."},{"id":"3d800aae-d197-49b9-b42f-7ae54851faa7","email":"nathan.young@microsoft.com","message":"failed to process due to network exception."},{"id":"10f30601-2aa1-41a3-a73b-0148dd825adc","email":"aiden.johnson@microsoft.com","message":"failed to process due to datastore timeout of 30 seconds.  operation took 109 seconds."},{"id":"d8612884-a8f2-4163-84da-efd3ff49d33d","email":"grace.moore@gmail.com","message":"successfully handled skipped operation."},{"id":"8b7d4479-258a-4089-87d5-7dc071e0fc58","email":"mia.perez@me.com","message":"failed to process due to network exception."},{"id":"85e04278-4239-425c-b074-754c0da2a3be","email":"tyler.nelson@microsoft.com","message":"successfully processed after 4994 milliseconds."},{"id":"ebfc77fc-3b66-4e28-8502-984fd383f91d","email":"liam.gonzalez@me.com","message":"failed to process due to datastore timeout of 30 seconds.  operation took 31 seconds."},{"id":"47f235b4-2f2b-4efe-be16-7d1c6e6494b2","email":"elizabeth.martinez@dropbox.net","message":"successfully processed after 6952 milliseconds."},{"id":"9aeaef69-e69f-4c1c-af12-1759f19ea046","email":"aiden.johnson@microsoft.com","message":"successfully parsed message, but message temporarily enqueued while system restarts."},{"id":"5d756c61-a800-4383-a74a-5a9f96423195","email":"andrew.miller@gmail.com","message":"successfully processed after 4206 milliseconds."},{"id":"a31e67a2-a0cb-4f8c-b995-0c671e0b0b15","email":"sarah.green@amerisave.com","message":"successfully handled skipped operation."},{"id":"37808a37-3b75-4588-b39e-b7350d4492bb","email":"olivia.wright@gmail.com","message":"successfully processed after 3977 milliseconds."},{"id":"814c608f-a1fe-4707-9c97-32f781e26cec","email":"emily.taylor@gmail.com","message":"failed to process due to datastore timeout of 30 seconds.  operation took 67 seconds."},{"id":"82327f1c-5323-4417-832e-546979e58369","email":"alyssa.jones@amerisave.com","message":"failed to process due to network exception."},{"id":"0ffb2344-477c-43ec-934f-cb0787f5197f","email":"taylor.adams@gmail.com","message":"successfully parsed message, but message temporarily enqueued while system restarts."},{"id":"f0ebe199-271d-4da2-bd09-e42ce5e988b8","email":"emma.thomas@me.com","message":"successfully parsed message, but message temporarily enqueued while system restarts."},{"id":"ec947842-4d26-40e8-b022-c16bf9a41be7","email":"jack.thompson@me.com","message":"successfully handled skipped operation."},{"id":"00f001d7-99ef-4eda-9e04-4ad9908201a5","email":"matthew.walker@amerisave.com","message":"successfully handled skipped operation."},{"id":"d8404964-fa7e-4b01-9f3b-c60499d3f841","email":"elizabeth.martinez@dropbox.net","message":"failed to process due to datastore timeout of 30 seconds.  operation took 78 seconds."},{"id":"f7bb196d-fa33-4b2e-a03b-fa627c98f02b","email":"madison.lewis@gmail.com","message":"successfully handled skipped operation."},{"id":"3594926b-1381-46c0-a967-0e02663c43be","email":"joshua.lee@gmail.com","message":"failed to process due to network exception."},{"id":"d3d95636-8a0d-4878-a4c0-71a10305ce91","email":"jackson.white@gmail.com","message":"successfully parsed message, but message temporarily enqueued while system restarts."},{"id":"b3c917c5-69ef-4f8d-b48f-967ed511ba6e","email":"hannah.martin@dropbox.net","message":"successfully parsed message, but message temporarily enqueued while system restarts."},{"id":"5ec1bc75-e171-4e80-8cab-2dfaf5959ca1","email":"ava.davis@gmail.com","message":"successfully parsed message, but message temporarily enqueued while system restarts."},{"id":"b502db90-2bd4-4732-8419-313b3ea26365","email":"abigail.smith@amerisave.com","message":"failed to process due to network exception."},{"id":"4e45457c-b7dd-4e28-bac6-edf6bfd2337f","email":"ella.anderson@dropbox.net","message":"failed to process due to network exception."},{"id":"98acc34a-d0be-4635-b7bf-09d6d2d6d607","email":"grace.moore@gmail.com","message":"failed to process due to datastore timeout of 30 seconds.  operation took 107 seconds."},{"id":"6c3bcdd4-0d0d-44b4-ac32-f8bef795b273","email":"joshua.lee@gmail.com","message":"failed to process due to datastore timeout of 30 seconds.  operation took 86 seconds."},{"id":"ebdce11f-1386-4490-9342-4a051502db12","email":"sarah.green@amerisave.com","message":"successfully processed after 2844 milliseconds."},{"id":"3594ced0-660a-47e1-90cf-18d66fe47353","email":"hannah.martin@dropbox.net","message":"successfully processed after 9325 milliseconds."},{"id":"c85677bf-9358-4c74-ac73-b0bb19cbcc78","email":"matthew.walker@amerisave.com","message":"failed to process due to datastore timeout of 30 seconds.  operation took 74 seconds."},{"id":"2b534300-cb71-48ad-9640-93adddfbb197","email":"lily.harris@gmail.com","message":"successfully processed after 7910 milliseconds."},{"id":"e41c0473-1c04-4ae7-a4e1-cb52bb90c9a5","email":"lily.harris@gmail.com","message":"successfully handled skipped operation."},{"id":"f0be3119-3104-4ed9-a52b-5a2a88831284","email":"joshua.lee@gmail.com","message":"successfully handled skipped operation."},{"id":"0d27910f-9e62-4676-814d-7ca7dbab2ade","email":"mason.robinson@amerisave.com","message":"successfully handled skipped operation."},{"id":"cf046570-5912-4e76-a4d1-eeb6417ee473","email":"ryan.king@dropbox.net","message":"successfully handled skipped operation."},{"id":"66f8460e-e668-4124-8bf4-876263b4bffb","email":"sophia.baker@dropbox.net","message":"failed to process due to network exception."},{"id":"1a02ff95-d9b1-4ee4-847d-24763a4d5f26","email":"grace.moore@gmail.com","message":"successfully processed after 6208 milliseconds."},{"id":"2d08fd44-17b7-442c-b470-f350513b90c2","email":"nathan.young@microsoft.com","message":"failed to process due to datastore timeout of 30 seconds.  operation took 35 seconds."},{"id":"b37a974b-b10d-4e5b-9fcb-2a60646c111b","email":"mason.robinson@amerisave.com","message":"failed to process due to network exception."},{"id":"2133b505-f65f-4111-9d14-ae607e94f0af","email":"ella.anderson@dropbox.net","message":"successfully parsed message, but message temporarily enqueued while system restarts."},{"id":"e48386b4-5304-492a-9984-76793d107734","email":"ryan.king@dropbox.net","message":"successfully processed after 606 milliseconds."},{"id":"b8a4a3c2-2e7d-45b0-9189-8f9093dfead1","email":"madison.lewis@gmail.com","message":"failed to process due to datastore timeout of 30 seconds.  operation took 103 seconds."},{"id":"c7206f8c-36f3-4f4c-830b-611e8e31d3bd","email":"sarah.green@amerisave.com","message":"failed to process due to network exception."},{"id":"3a8b23ee-9e2a-4792-8401-a585bcc7784c","email":"alexis.brown@microsoft.com","message":"successfully processed after 3321 milliseconds."},{"id":"994c8e32-6f21-4911-9791-fdc012fa4df2","email":"olivia.wright@gmail.com","message":"successfully handled skipped operation."},{"id":"40780142-68e9-4cb7-a788-506ed58ed196","email":"dylan.wilson@gmail.com","message":"successfully handled skipped operation."},{"id":"7cd5ef9e-55bc-4ff2-b826-dcba6502d77f","email":"ryan.king@dropbox.net","message":"failed to process due to datastore timeout of 30 seconds.  operation took 115 seconds."},{"id":"bcab78f4-ba13-4ec1-b2a4-ab9a31ef70fa","email":"joshua.lee@gmail.com","message":"failed to process due to network exception."},{"id":"726d0fad-3b2e-4b4e-8c0a-490fcaf34947","email":"joshua.lee@gmail.com","message":"failed to process due to network exception."},{"id":"1e7a940d-e67b-4818-887e-4b379fd9abc5","email":"ryan.king@dropbox.net","message":"successfully processed after 5177 milliseconds."},{"id":"933fc9a6-0fc4-4505-b5f9-074207839344","email":"michael.hall@dropbox.net","message":"failed to process due to network exception."},{"id":"1b395d8b-3820-446d-b9f9-ff0b41abdbe1","email":"taylor.adams@gmail.com","message":"successfully handled skipped operation."},{"id":"623fb40c-51fc-43af-ab7b-3539912cb45a","email":"jackson.white@gmail.com","message":"successfully processed after 7373 milliseconds."},{"id":"0f5bb059-c0e2-441c-9da6-21225abe6a99","email":"ella.anderson@dropbox.net","message":"successfully parsed message, but message temporarily enqueued while system restarts."},{"id":"4d01c54e-82ed-4658-9db2-95bc72d15200","email":"sophia.baker@dropbox.net","message":"failed to process due to datastore timeout of 30 seconds.  operation took 55 seconds."},{"id":"332ca0b1-effc-46c3-9574-518dd49e4dc6","email":"ryan.king@dropbox.net","message":"successfully processed after 3848 milliseconds."},{"id":"c578858e-6a65-4639-aa07-3b47d2f9b77f","email":"alexander.williams@gmail.com","message":"successfully parsed message, but message temporarily enqueued while system restarts."},{"id":"eebdc0d7-ba0b-41ae-a699-f2b56991c60a","email":"emma.thomas@me.com","message":"failed to process due to network exception."},{"id":"ee727f2e-91fd-4966-89c7-906a28238378","email":"noah.sanchez@me.com","message":"successfully processed after 4033 milliseconds."},{"id":"84a32e2d-ff8c-4acb-a0ff-3dcdaff92630","email":"daniel.rodriguez@amerisave.com","message":"successfully parsed message, but message temporarily enqueued while system restarts."},{"id":"e7dd814d-f1b6-425f-a937-2b0bd418c6a3","email":"michael.hall@dropbox.net","message":"failed to process due to datastore timeout of 30 seconds.  operation took 66 seconds."},{"id":"2fc975f8-2720-4072-ab32-e5289fe82e40","email":"alexander.williams@gmail.com","message":"successfully processed after 1451 milliseconds."},{"id":"0cbdfc51-4014-4bca-b810-90d4bb4c60a5","email":"taylor.adams@gmail.com","message":"failed to process due to network exception."},{"id":"0581e71c-f92f-4a23-855f-d34e064bc526","email":"nicholas.allen@microsoft.com","message":"successfully processed after 2942 milliseconds."},{"id":"b25a4230-7dcb-4880-b803-44a8f87f4e5e","email":"lily.harris@gmail.com","message":"successfully handled skipped operation."},{"id":"deae021b-dfb4-464c-87d4-b2109fab593c","email":"elizabeth.martinez@dropbox.net","message":"failed to process due to network exception."},{"id":"250b74e8-b94b-4ed8-b732-682fe563fc6e","email":"samantha.scott@me.com","message":"failed to process due to network exception."},{"id":"6d08014f-02f0-48cf-bacc-624f66e79b6c","email":"grace.moore@gmail.com","message":"successfully processed after 9870 milliseconds."},{"id":"0485b0b5-bfd9-470d-809a-da9dc85e7c53","email":"chloe.garcia@dropbox.net","message":"successfully parsed message, but message temporarily enqueued while system restarts."},{"id":"ba0fc509-b0ab-4f23-9e59-4c00a7f374aa","email":"mia.perez@me.com","message":"failed to process due to network exception."},{"id":"ad39e680-2764-4560-81b0-485ed6e5562a","email":"aiden.johnson@microsoft.com","message":"successfully processed after 3001 milliseconds."},{"id":"cafca98f-5a2b-4f0e-9643-9514a01a8bc4","email":"jack.thompson@me.com","message":"failed to process due to network exception."},{"id":"7f8d0889-db44-45dc-ad32-8be39cab8199","email":"ella.anderson@dropbox.net","message":"failed to process due to datastore timeout of 30 seconds.  operation took 116 seconds."},{"id":"6ef3d789-fc4f-4c5e-8835-0c6279f0094d","email":"noah.sanchez@me.com","message":"successfully parsed message, but message temporarily enqueued while system restarts."},{"id":"35b92bba-cc93-461a-bd36-49591878cb26","email":"nicholas.allen@microsoft.com","message":"failed to process due to network exception."},{"id":"1258f18b-4596-4642-82f4-00b8b02137da","email":"elizabeth.martinez@dropbox.net","message":"successfully parsed message, but message temporarily enqueued while system restarts."},{"id":"7da8e122-d7b8-4ba0-a76b-cfdce8205895","email":"samantha.scott@me.com","message":"successfully parsed message, but message temporarily enqueued while system restarts."},{"id":"2d569ab7-664b-4bf8-9be8-93a42824c033","email":"abigail.smith@amerisave.com","message":"successfully handled skipped operation."},{"id":"728967c6-1c42-4923-8966-82a9a899d854","email":"madison.lewis@gmail.com","message":"successfully processed after 2988 milliseconds."},{"id":"de14ff78-f734-4ac2-9191-b9faf5fa2c15","email":"chloe.garcia@dropbox.net","message":"successfully parsed message, but message temporarily enqueued while system restarts."},{"id":"a6f6493f-38bf-4ab6-8f1d-9f897cff99fe","email":"emma.thomas@me.com","message":"successfully handled skipped operation."},{"id":"1a6c1d95-f09f-4bf6-be8f-d22d9454c559","email":"alexander.williams@gmail.com","message":"successfully processed after 3106 milliseconds."},{"id":"3bf2c6f5-141d-4249-9e2f-3c9da573f1e3","email":"taylor.adams@gmail.com","message":"successfully handled skipped operation."},{"id":"be57de48-b634-4eb7-96a0-d9cae5772ec5","email":"jack.thompson@me.com","message":"failed to process due to datastore timeout of 30 seconds.  operation took 108 seconds."},{"id":"b237de25-b939-49cd-8aed-01b855d67519","email":"logan.clark@dropbox.net","message":"successfully parsed message, but message temporarily enqueued while system restarts."},{"id":"f57f7ac1-9f86-4564-8b62-916ba5ce7067","email":"hannah.martin@dropbox.net","message":"successfully processed after 5805 milliseconds."},{"id":"80be79f0-d5ba-44ff-a866-b3aa77fcbc00","email":"aiden.johnson@microsoft.com","message":"failed to process due to network exception."},{"id":"60d0b82b-6c37-4de0-82e0-466e41aed705","email":"elizabeth.martinez@dropbox.net","message":"successfully handled skipped operation."},{"id":"b602d132-eed6-4844-9490-5d17565f7155","email":"matthew.walker@amerisave.com","message":"failed to process due to datastore timeout of 30 seconds.  operation took 77 seconds."},{"id":"3b24d022-a381-4a45-8a1b-d6b74c0dc9c9","email":"ethan.hernandez@microsoft.com","message":"failed to process due to datastore timeout of 30 seconds.  operation took 67 seconds."},{"id":"93badcbf-0411-4bfc-9aa5-a31202683909","email":"mia.perez@me.com","message":"failed to process due to network exception."},{"id":"c5b75a2c-2ffa-46ad-9904-a3b0fea6acb1","email":"alexander.williams@gmail.com","message":"successfully processed after 4178 milliseconds."},{"id":"20b16f21-524e-4763-9422-f4a03d2f3d1b","email":"taylor.adams@gmail.com","message":"successfully handled skipped operation."},{"id":"ef1e94a5-c970-4690-b20f-d7f1666dce1e","email":"liam.gonzalez@me.com","message":"failed to process due to network exception."},{"id":"55b24074-687a-4904-8b6a-9fe031400cc5","email":"sarah.green@amerisave.com","message":"failed to process due to datastore timeout of 30 seconds.  operation took 47 seconds."},{"id":"c35efea3-0de1-4aa6-8cc8-8f75e0e53c9b","email":"emily.taylor@gmail.com","message":"successfully handled skipped operation."},{"id":"192a3c5b-6558-4973-aec3-3904b1015784","email":"olivia.wright@gmail.com","message":"failed to process due to datastore timeout of 30 seconds.  operation took 117 seconds."},{"id":"692a80fa-f617-47e8-89c8-273ced35cba9","email":"dylan.wilson@gmail.com","message":"successfully handled skipped operation."},{"id":"9cd0b06a-31cb-4315-86cd-7bc0448c8e5b","email":"grace.moore@gmail.com","message":"successfully handled skipped operation."},{"id":"4caaef1d-4031-49e5-b5ba-12ed7f3dff13","email":"olivia.wright@gmail.com","message":"failed to process due to datastore timeout of 30 seconds.  operation took 95 seconds."},{"id":"4498d549-e52c-4816-8b62-117ef2c93cb7","email":"andrew.miller@gmail.com","message":"successfully parsed message, but message temporarily enqueued while system restarts."},{"id":"082d7280-2cd2-4f8d-945f-8cbed87f09b2","email":"chloe.garcia@dropbox.net","message":"successfully parsed message, but message temporarily enqueued while system restarts."},{"id":"03d2c2fc-1741-428a-a7f9-77863b25c3f0","email":"alexander.williams@gmail.com","message":"failed to process due to network exception."},{"id":"5284ad9d-caef-45fd-9c31-478daa43d28d","email":"andrew.miller@gmail.com","message":"successfully processed after 1108 milliseconds."},{"id":"cdf9b284-4975-4001-a283-805f4ae56446","email":"abigail.smith@amerisave.com","message":"failed to process due to datastore timeout of 30 seconds.  operation took 100 seconds."},{"id":"f648e3cb-b0b2-4130-af76-4fb9d4ea0fc9","email":"dylan.wilson@gmail.com","message":"successfully handled skipped operation."},{"id":"34c8987b-7d2c-4ac5-a057-f4996700a1cd","email":"grace.moore@gmail.com","message":"successfully processed after 9270 milliseconds."},{"id":"d457299d-bd12-4f0d-91f6-9fac81bb07a8","email":"grace.moore@gmail.com","message":"successfully parsed message, but message temporarily enqueued while system restarts."},{"id":"aab93aa3-cc93-4765-87bd-73295cd89e94","email":"ethan.hernandez@microsoft.com","message":"failed to process due to datastore timeout of 30 seconds.  operation took 56 seconds."},{"id":"9f13c409-5661-4200-9f98-f7732ea88e90","email":"sarah.green@amerisave.com","message":"successfully parsed message, but message temporarily enqueued while system restarts."},{"id":"f4dca9ad-a1f2-4a2b-866b-c31f8a036494","email":"alexis.brown@microsoft.com","message":"failed to process due to network exception."},{"id":"5d6f7df4-38f1-4cea-8f2a-eb4576f090ad","email":"daniel.rodriguez@amerisave.com","message":"successfully handled skipped operation."},{"id":"f3f91d5e-78ff-46fd-90c1-e367243cf7d8","email":"abigail.smith@amerisave.com","message":"successfully parsed message, but message temporarily enqueued while system restarts."},{"id":"5dd94be8-c394-40bc-8cc2-3ae5069b131b","email":"hannah.martin@dropbox.net","message":"failed to process due to datastore timeout of 30 seconds.  operation took 89 seconds."},{"id":"479e07ac-49da-4c0a-9e46-22de9d6a6545","email":"mason.robinson@amerisave.com","message":"successfully handled skipped operation."},{"id":"d3ae77a7-a247-419f-8478-93e59902dcc5","email":"noah.sanchez@me.com","message":"successfully processed after 8028 milliseconds."},{"id":"9f92cb2e-0200-4922-8ad5-ae5b6bd818f1","email":"alexis.brown@microsoft.com","message":"successfully handled skipped operation."},{"id":"a7087c29-40da-4372-a6db-3539cfb3e6a4","email":"joshua.lee@gmail.com","message":"failed to process due to datastore timeout of 30 seconds.  operation took 103 seconds."},{"id":"96074da3-df6c-4806-824c-a1cdff0e9cf3","email":"matthew.walker@amerisave.com","message":"failed to process due to datastore timeout of 30 seconds.  operation took 86 seconds."},{"id":"8576d7fc-b482-41b9-86b9-94683bbb4d8f","email":"sarah.green@amerisave.com","message":"failed to process due to network exception."},{"id":"1d364f66-f4d7-42a9-ad5f-132e56b3780c","email":"andrew.miller@gmail.com","message":"successfully processed after 7645 milliseconds."},{"id":"61d22cc1-a7ef-4ca8-a3b4-30d9a65fe9e8","email":"alexis.brown@microsoft.com","message":"failed to process due to network exception."},{"id":"1db86c3d-4308-46fb-bd9b-9fa616ce689a","email":"tyler.nelson@microsoft.com","message":"successfully processed after 1749 milliseconds."},{"id":"a270962c-fd47-41f3-b4e4-d18985a9fe94","email":"taylor.adams@gmail.com","message":"successfully parsed message, but message temporarily enqueued while system restarts."},{"id":"71683592-3bbc-43e2-898e-1b69cd9b59ff","email":"logan.clark@dropbox.net","message":"failed to process due to network exception."},{"id":"fdf1b21f-51c3-420c-9a34-9d8c3374cd7f","email":"michael.hall@dropbox.net","message":"failed to process due to datastore timeout of 30 seconds.  operation took 89 seconds."},{"id":"e7becdb2-ca30-4adc-832d-3cbab38848b5","email":"abigail.smith@amerisave.com","message":"failed to process due to network exception."},{"id":"fcb63443-ab67-49ea-8785-3c44b9555069","email":"chloe.garcia@dropbox.net","message":"successfully parsed message, but message temporarily enqueued while system restarts."},{"id":"314382a8-5a91-42ea-a204-23e6771b9406","email":"alexander.williams@gmail.com","message":"successfully parsed message, but message temporarily enqueued while system restarts."},{"id":"f26acf30-e5e1-4bad-b8df-391ad6b5b51d","email":"noah.sanchez@me.com","message":"successfully handled skipped operation."},{"id":"bc15d8e3-a618-40de-ab10-226a455737a8","email":"matthew.walker@amerisave.com","message":"failed to process due to network exception."},{"id":"1192b121-e059-4314-891c-a25f623169cf","email":"lily.harris@gmail.com","message":"successfully processed after 7228 milliseconds."},{"id":"fa79d802-9c69-4c2b-9d6b-fa2fd2f060df","email":"noah.sanchez@me.com","message":"successfully processed after 4134 milliseconds."},{"id":"3ff56a3f-9d7f-4953-9462-8def3247fc20","email":"lily.harris@gmail.com","message":"successfully processed after 3375 milliseconds."},{"id":"584e3609-05d2-4674-a133-443e1c0217a3","email":"emma.thomas@me.com","message":"failed to process due to datastore timeout of 30 seconds.  operation took 126 seconds."},{"id":"1f06615f-2f62-4e60-afdf-0befff482338","email":"logan.clark@dropbox.net","message":"failed to process due to datastore timeout of 30 seconds.  operation took 43 seconds."},{"id":"86080503-5317-451b-9f8d-801f0a40f695","email":"dylan.wilson@gmail.com","message":"failed to process due to network exception."},{"id":"9bb961e8-b5b2-46b9-91bf-c3cbeb4f0119","email":"nicholas.allen@microsoft.com","message":"successfully handled skipped operation."},{"id":"1b5d2031-99f4-482c-a07e-948c5b0bc684","email":"aiden.johnson@microsoft.com","message":"failed to process due to datastore timeout of 30 seconds.  operation took 85 seconds."},{"id":"de180e4a-594b-4cd5-a568-b198afcca53c","email":"ella.anderson@dropbox.net","message":"successfully processed after 6597 milliseconds."},{"id":"5fcbb420-e8dc-4742-88da-fd76a304e208","email":"sophia.baker@dropbox.net","message":"successfully parsed message, but message temporarily enqueued while system restarts."},{"id":"31b3c7c4-ecd3-44dd-bf1f-11803e9add2f","email":"aiden.johnson@microsoft.com","message":"successfully parsed message, but message temporarily enqueued while system restarts."},{"id":"3110f718-2257-4f67-94ec-69ec34b77c21","email":"olivia.wright@gmail.com","message":"successfully handled skipped operation."},{"id":"20abeeb1-570c-44d4-94fe-a25c3ab50f97","email":"olivia.wright@gmail.com","message":"successfully handled skipped operation."},{"id":"9f5b71bd-84fe-43c1-bc0c-27c4f0216026","email":"samantha.scott@me.com","message":"failed to process due to network exception."},{"id":"0eca7de3-7f50-4e01-a8df-035532b0f07a","email":"sarah.green@amerisave.com","message":"successfully handled skipped operation."},{"id":"8edb6d18-ac64-4053-b7ca-27f88b9f1fe3","email":"dylan.wilson@gmail.com","message":"failed to process due to network exception."},{"id":"cb8ba259-d4df-482c-9098-864a988477c1","email":"jacob.lopez@dropbox.net","message":"successfully parsed message, but message temporarily enqueued while system restarts."},{"id":"d96acd57-f249-458b-8faa-6a763e79cb5e","email":"grace.moore@gmail.com","message":"failed to process due to datastore timeout of 30 seconds.  operation took 125 seconds."},{"id":"1349f63c-aba6-4381-86de-e7e50caad39a","email":"ella.anderson@dropbox.net","message":"failed to process due to datastore timeout of 30 seconds.  operation took 108 seconds."},{"id":"a5593dfb-3198-473f-aec2-09cffe63f903","email":"elizabeth.martinez@dropbox.net","message":"successfully processed after 8430 milliseconds."},{"id":"ed6be3fc-d73b-4e3d-a9cd-af203c78603e","email":"isabella.jackson@amerisave.com","message":"successfully parsed message, but message temporarily enqueued while system restarts."},{"id":"f78c2ca3-9a9c-4a36-bf97-3907b73bf799","email":"nathan.young@microsoft.com","message":"successfully processed after 6988 milliseconds."},{"id":"3a8187cf-7b95-4e08-a762-ed7978f33425","email":"andrew.miller@gmail.com","message":"failed to process due to network exception."},{"id":"ff6a945a-358f-424a-8fda-dbcc78d5ed9e","email":"mason.robinson@amerisave.com","message":"successfully parsed message, but message temporarily enqueued while system restarts."},{"id":"9b10c1d2-c353-46b1-9166-918700b3e378","email":"nicholas.allen@microsoft.com","message":"successfully processed after 847 milliseconds."},{"id":"54ca5aa0-120b-40ad-bba1-f79bc7294669","email":"jacob.lopez@dropbox.net","message":"successfully processed after 9334 milliseconds."},{"id":"a4910b2a-2a2a-4789-adbc-a30c24aa9b8e","email":"ethan.hernandez@microsoft.com","message":"successfully handled skipped operation."},{"id":"a3239e67-65f1-4f4f-8014-be3514696134","email":"andrew.miller@gmail.com","message":"successfully processed after 8070 milliseconds."},{"id":"1967a8e2-269e-4213-98c6-617b7a0cf591","email":"nicholas.allen@microsoft.com","message":"failed to process due to datastore timeout of 30 seconds.  operation took 88 seconds."},{"id":"cc899da0-8ff0-4a51-92ec-ef87e25910d1","email":"alexis.brown@microsoft.com","message":"successfully parsed message, but message temporarily enqueued while system restarts."},{"id":"4eadc6c3-1f2a-4cde-9627-baf71be4f0bc","email":"jacob.lopez@dropbox.net","message":"successfully handled skipped operation."},{"id":"d9675822-9582-477e-ba2d-a373109d9d2d","email":"chloe.garcia@dropbox.net","message":"successfully processed after 4328 milliseconds."},{"id":"d267c902-0752-47d1-9bfd-0b040e3f9bda","email":"aiden.johnson@microsoft.com","message":"successfully handled skipped operation."},{"id":"9eb6cc48-fb52-4ce7-87c4-c2dffbed267b","email":"samantha.scott@me.com","message":"successfully processed after 7808 milliseconds."},{"id":"04e69649-7996-44dc-8bbd-c14c01a29d23","email":"ella.anderson@dropbox.net","message":"failed to process due to network exception."},{"id":"0579db0b-d429-402a-b3a2-450d79a4978b","email":"joshua.lee@gmail.com","message":"successfully parsed message, but message temporarily enqueued while system restarts."},{"id":"a024ded9-66fa-465c-8c9e-7137cece1273","email":"samantha.scott@me.com","message":"failed to process due to datastore timeout of 30 seconds.  operation took 57 seconds."},{"id":"ded1bd9a-c44d-43b9-9eb0-e29405f87e55","email":"mia.perez@me.com","message":"successfully handled skipped operation."},{"id":"926e85fc-28a0-4f38-a9b5-82522df39de1","email":"lily.harris@gmail.com","message":"successfully processed after 4776 milliseconds."},{"id":"5a66e3ef-a637-41c5-b180-15d346872b64","email":"elizabeth.martinez@dropbox.net","message":"successfully processed after 9196 milliseconds."},{"id":"f467d158-b5e7-4724-a33d-fc3a824f6c37","email":"mason.robinson@amerisave.com","message":"successfully parsed message, but message temporarily enqueued while system restarts."},{"id":"0ebb5656-4014-41de-af54-f375a60f3a9c","email":"jackson.white@gmail.com","message":"successfully processed after 4345 milliseconds."},{"id":"f5c94b86-2800-4554-a63a-6d4d783666d7","email":"ethan.hernandez@microsoft.com","message":"successfully handled skipped operation."},{"id":"3cf2b269-bf2b-4c77-925e-c574ef3eb0b1","email":"sarah.green@amerisave.com","message":"failed to process due to network exception."},{"id":"cd1359b6-b13b-4917-8dbe-852d0a779fe8","email":"liam.gonzalez@me.com","message":"failed to process due to network exception."},{"id":"076fda7e-8673-4cf4-b5b2-5c2b68bc309f","email":"aiden.johnson@microsoft.com","message":"successfully handled skipped operation."},{"id":"af6595d0-0d01-412c-aaf8-6cc5d515a4fc","email":"liam.gonzalez@me.com","message":"failed to process due to datastore timeout of 30 seconds.  operation took 94 seconds."},{"id":"79c9a5f2-6909-4647-894b-1aa7c20d891a","email":"alyssa.jones@amerisave.com","message":"successfully handled skipped operation."},{"id":"fdf6c94d-33b8-4418-9da0-3a6b406681bb","email":"abigail.smith@amerisave.com","message":"successfully processed after 8655 milliseconds."},{"id":"46ce4032-e0ac-44ac-9803-0bec0e56d491","email":"alyssa.jones@amerisave.com","message":"failed to process due to network exception."},{"id":"22b1fd22-c6f8-41d3-a7bb-b7f9e7f09076","email":"mia.perez@me.com","message":"successfully parsed message, but message temporarily enqueued while system restarts."},{"id":"b25178a9-2013-44eb-beb2-4088ee87590c","email":"mia.perez@me.com","message":"successfully processed after 7926 milliseconds."},{"id":"3da7865b-b5b0-462a-b37a-0d60427d186f","email":"taylor.adams@gmail.com","message":"successfully parsed message, but message temporarily enqueued while system restarts."},{"id":"37775590-9842-4ed5-ae0b-518b8ba51b3e","email":"matthew.walker@amerisave.com","message":"successfully handled skipped operation."},{"id":"b9e89168-cb21-4263-9d83-9d7cfaff8c0b","email":"aiden.johnson@microsoft.com","message":"failed to process due to datastore timeout of 30 seconds.  operation took 100 seconds."},{"id":"984a9f4c-f07a-417f-9922-17e3ab971d99","email":"madison.lewis@gmail.com","message":"successfully handled skipped operation."},{"id":"232c1777-fa74-4db8-b200-4bc7d3fc46f9","email":"jackson.white@gmail.com","message":"successfully handled skipped operation."},{"id":"fa8111fc-25fe-4f53-ba1b-46d299a568ea","email":"taylor.adams@gmail.com","message":"successfully handled skipped operation."},{"id":"2999d8f2-2d77-4543-9639-79ba62393533","email":"isabella.jackson@amerisave.com","message":"failed to process due to datastore timeout of 30 seconds.  operation took 48 seconds."},{"id":"4178afcc-8133-4b73-8aaa-bf951e6bc720","email":"daniel.rodriguez@amerisave.com","message":"failed to process due to network exception."},{"id":"bd5c876c-63de-4c11-9a2f-dd9a2120ab36","email":"mia.perez@me.com","message":"successfully handled skipped operation."},{"id":"a553d91e-cb40-4e8d-a03a-0e17ecd48fde","email":"samantha.scott@me.com","message":"successfully parsed message, but message temporarily enqueued while system restarts."},{"id":"dc1650d2-ca07-4af1-bf49-24895c93be47","email":"michael.hall@dropbox.net","message":"failed to process due to datastore timeout of 30 seconds.  operation took 73 seconds."},{"id":"31838c83-0829-40aa-8622-5d856da80959","email":"aiden.johnson@microsoft.com","message":"successfully parsed message, but message temporarily enqueued while system restarts."},{"id":"c0add941-f2b2-4598-a3b9-b263bfd700b5","email":"emily.taylor@gmail.com","message":"successfully handled skipped operation."},{"id":"6b0dc6aa-9b5f-4945-9d89-d9ff0eceafe5","email":"sophia.baker@dropbox.net","message":"successfully handled skipped operation."},{"id":"b1a86f3c-a6a3-4bee-8f34-b7e6ac51c140","email":"sarah.green@amerisave.com","message":"failed to process due to datastore timeout of 30 seconds.  operation took 41 seconds."},{"id":"ea511bf3-6343-4c04-a72a-16e648626856","email":"liam.gonzalez@me.com","message":"failed to process due to datastore timeout of 30 seconds.  operation took 125 seconds."},{"id":"ac594ddc-2f5c-41c0-aa2c-76f8a7267183","email":"liam.gonzalez@me.com","message":"successfully processed after 1453 milliseconds."},{"id":"bad35552-b69b-4ce7-9d58-a38d39b8208d","email":"ava.davis@gmail.com","message":"failed to process due to network exception."},{"id":"1997798e-656e-4d9b-a273-b24ddf9601ff","email":"joshua.lee@gmail.com","message":"failed to process due to datastore timeout of 30 seconds.  operation took 108 seconds."},{"id":"1efe526d-e835-4a62-83a7-82a9c2ffcd69","email":"joshua.lee@gmail.com","message":"successfully processed after 9474 milliseconds."},{"id":"b113a701-79d9-4dcd-9d40-39b0c2f7a39d","email":"nicholas.allen@microsoft.com","message":"successfully handled skipped operation."},{"id":"c0dd8f86-3f52-4582-8890-97eb7144132f","email":"ella.anderson@dropbox.net","message":"failed to process due to datastore timeout of 30 seconds.  operation took 34 seconds."},{"id":"324a7389-982f-4820-852b-dc246650706c","email":"ethan.hernandez@microsoft.com","message":"failed to process due to datastore timeout of 30 seconds.  operation took 78 seconds."},{"id":"1dcca4c2-e755-4a15-9cc1-bb37d79e0522","email":"mason.robinson@amerisave.com","message":"successfully processed after 7602 milliseconds."},{"id":"5ff2ac66-ecf6-4dff-837e-0b47e4752304","email":"alexis.brown@microsoft.com","message":"failed to process due to datastore timeout of 30 seconds.  operation took 91 seconds."},{"id":"b2b63e33-991c-48e5-b6a6-b202d09ca2c6","email":"daniel.rodriguez@amerisave.com","message":"successfully handled skipped operation."},{"id":"4c94e5a4-1b91-4ab6-9018-af5a81eb3ec9","email":"nathan.young@microsoft.com","message":"failed to process due to datastore timeout of 30 seconds.  operation took 85 seconds."},{"id":"86b14265-1a00-4aea-bb35-eafde2a632a1","email":"grace.moore@gmail.com","message":"successfully parsed message, but message temporarily enqueued while system restarts."},{"id":"18cb8706-db43-4b02-b1d0-0407d4082a78","email":"andrew.miller@gmail.com","message":"successfully parsed message, but message temporarily enqueued while system restarts."},{"id":"1eff7eaf-21b5-460e-8e84-cf698760ef4f","email":"samantha.scott@me.com","message":"successfully processed after 7960 milliseconds."},{"id":"3c8e165c-e605-4d9f-8d87-026ae52e7a3b","email":"alyssa.jones@amerisave.com","message":"failed to process due to datastore timeout of 30 seconds.  operation took 94 seconds."},{"id":"b78fec32-a865-42f3-8be0-144c26c7bbce","email":"ava.davis@gmail.com","message":"failed to process due to network exception."},{"id":"fb915362-c4d6-4b2e-a298-c2081e126089","email":"alexander.williams@gmail.com","message":"successfully processed after 3123 milliseconds."},{"id":"5ba597d6-4208-4945-beb4-b8785d2c1b32","email":"ava.davis@gmail.com","message":"failed to process due to network exception."},{"id":"1517eb82-2425-4756-8796-e38048d0d03b","email":"aiden.johnson@microsoft.com","message":"successfully processed after 18 milliseconds."},{"id":"fd4d8adb-4cda-4cc6-9cd0-697ecc5ccdea","email":"jackson.white@gmail.com","message":"failed to process due to network exception."},{"id":"d852ea73-9014-4566-83fb-4327aad1f4ae","email":"logan.clark@dropbox.net","message":"failed to process due to datastore timeout of 30 seconds.  operation took 70 seconds."}],"id":"65609449-eab1-45c4-9715-fd4eac2b0a21"}