{"logs":[{"id":"1432f856-1334-4358-a65c-800d1f75b3dc","email":"jack.thompson@me.com","message":"successfully processed after 4979 milliseconds."},{"id":"2e2f6e07-bb05-4b3d-980b-4019509cbd98","email":"jackson.white@gmail.com","message":"failed to process due to datastore timeout of 30 seconds.  operation took 50 seconds."},{"id":"d99ff5ed-581b-418c-917c-f9e192450fab","email":"mason.robinson@amerisave.com","message":"successfully handled skipped operation."},{"id":"f08c696d-8c8f-4076-bcf0-f004d9df572c","email":"ryan.king@dropbox.net","message":"failed to process due to network exception."},{"id":"36877989-8dca-49b9-911b-c49e31d21963","email":"jack.thompson@me.com","message":"successfully handled skipped operation."},{"id":"a7bdf276-1177-4c43-a7a4-288ef67a18b9","email":"sophia.baker@dropbox.net","message":"successfully processed after 3954 milliseconds."},{"id":"777d3eea-86e0-41b3-ab67-5fc461750b55","email":"ava.davis@gmail.com","message":"failed to process due to datastore timeout of 30 seconds.  operation took 123 seconds."},{"id":"37f4d428-5f27-4240-844d-5395677530bb","email":"lily.harris@gmail.com","message":"failed to process due to network exception."},{"id":"e036f7b2-83d4-4a8d-a0c8-8154a99be015","email":"taylor.adams@gmail.com","message":"successfully processed after 5866 milliseconds."},{"id":"e8cb2614-1473-4d15-b3ec-a294bc427338","email":"alexis.brown@microsoft.com","message":"failed to process due to datastore timeout of 30 seconds.  operation took 81 seconds."},{"id":"7db7895e-a14c-423d-90f5-4d277f38d5f4","email":"mia.perez@me.com","message":"successfully processed after 8508 milliseconds."},{"id":"ddd1f20b-d0c8-4ead-9614-65ef8f32d6b9","email":"alexis.brown@microsoft.com","message":"successfully handled skipped operation."},{"id":"eb01a41e-1c84-44ff-a97e-c0e9055d1afd","email":"grace.moore@gmail.com","message":"successfully handled skipped operation."},{"id":"4a1a5651-c4da-4f55-a4eb-782a3d42a9f0","email":"chloe.garcia@dropbox.net","message":"failed to process due to datastore timeout of 30 seconds.  operation took 107 seconds."},{"id":"ccb02317-fced-44dd-b68b-2250ce24822a","email":"jack.thompson@me.com","message":"successfully handled skipped operation."},{"id":"f8f82193-07e5-40fe-9c1c-1773ba63756d","email":"ava.davis@gmail.com","message":"successfully parsed message, but message temporarily enqueued while system restarts."},{"id":"3604f8fa-bbb6-4fdd-b5bf-b374b201a06f","email":"michael.hall@dropbox.net","message":"failed to process due to network exception."},{"id":"9ac7370d-1882-4ef2-a41a-d43ee0dc980c","email":"emily.taylor@gmail.com","message":"successfully processed after 4249 milliseconds."},{"id":"1d845a80-e7c9-4fe2-96f9-20f3a3c4653f","email":"samantha.scott@me.com","message":"successfully parsed message, but message temporarily enqueued while system restarts."},{"id":"6f70d294-4fa2-4622-8ea3-f5aad185440a","email":"olivia.wright@gmail.com","message":"successfully processed after 4585 milliseconds."},{"id":"7e9c44ad-a211-4ebe-bf7d-05b432ee3374","email":"madison.lewis@gmail.com","message":"successfully processed after 7638 milliseconds."},{"id":"33f51f4d-c8d2-4c75-b7ef-98e3a9264391","email":"andrew.miller@gmail.com","message":"successfully handled skipped operation."},{"id":"6cf84515-cb27-4297-bc8c-7264773bbe19","email":"sophia.baker@dropbox.net","message":"failed to process due to network exception."},{"id":"4e08c06f-2934-43bb-8dc0-3a706d144198","email":"matthew.walker@amerisave.com","message":"failed to process due to datastore timeout of 30 seconds.  operation took 48 seconds."},{"id":"04c54812-3f7e-4d7b-bba6-589975dd79d5","email":"jack.thompson@me.com","message":"failed to process due to datastore timeout of 30 seconds.  operation took 103 seconds."},{"id":"cd8cdc42-3d99-4cc8-ba6d-9acd6e211496","email":"sophia.baker@dropbox.net","message":"successfully handled skipped operation."},{"id":"863aa6b9-d962-4f98-aaa4-3ae52f0046a8","email":"noah.sanchez@me.com","message":"successfully processed after 1081 milliseconds."},{"id":"127c2751-400a-49ab-b8a8-063a0dd260f5","email":"noah.sanchez@me.com","message":"successfully parsed message, but message temporarily enqueued while system restarts."},{"id":"a1f345a1-1cef-44f3-b8d8-9424333a1e58","email":"jackson.white@gmail.com","message":"successfully handled skipped operation."},{"id":"2094a031-33b2-45d3-b61a-1ccb18a7f9bb","email":"matthew.walker@amerisave.com","message":"failed to process due to datastore timeout of 30 seconds.  operation took 128 seconds."},{"id":"7e25a8cb-cf92-4176-b87e-44b372c8fd11","email":"ethan.hernandez@microsoft.com","message":"failed to process due to datastore timeout of 30 seconds.  operation took 55 seconds."},{"id":"e8f07047-8cd1-46bb-a1ea-e7e0b7d297ef","email":"grace.moore@gmail.com","message":"successfully parsed message, but message temporarily enqueued while system restarts."},{"id":"329561a8-8947-4058-a35d-cf84a28fe385","email":"noah.sanchez@me.com","message":"failed to process due to network exception."},{"id":"6ae11dfd-58d5-4c00-baea-63f5d7683b15","email":"nicholas.allen@microsoft.com","message":"failed to process due to network exception."},{"id":"58a70bc0-2622-454a-9671-5276ff6b1268","email":"ethan.hernandez@microsoft.com","message":"successfully processed after 3624 milliseconds."},{"id":"6b9b0ee9-c649-47e9-82fc-0e652bfce741","email":"taylor.adams@gmail.com","message":"failed to process due to network exception."},{"id":"9aba69e1-f570-4164-a008-ea0cc8c6f2fb","email":"joshua.lee@gmail.com","message":"failed to process due to datastore timeout of 30 seconds.  operation took 99 seconds."},{"id":"174537ce-9db8-43ff-b01d-b5c668afd96b","email":"alyssa.jones@amerisave.com","message":"successfully parsed message, but message temporarily enqueued while system restarts."},{"id":"952cce55-04c3-4d22-9f1e-fd97fa838bb1","email":"jack.thompson@me.com","message":"successfully parsed message, but message temporarily enqueued while system restarts."},{"id":"49d87565-ef4c-4484-aa57-d3cb740d7096","email":"isabella.jackson@amerisave.com","message":"successfully processed after 4272 milliseconds."},{"id":"72737ad8-6ff1-4e1f-b9a9-1c6131dd4930","email":"mia.perez@me.com","message":"successfully parsed message, but message temporarily enqueued while system restarts."},{"id":"54d7014f-c92f-469d-9b66-ee8d1dae9953","email":"dylan.wilson@gmail.com","message":"successfully processed after 7275 milliseconds."},{"id":"c7c21210-8e96-4707-8094-c7977febd9ab","email":"daniel.rodriguez@amerisave.com","message":"successfully parsed message, but message temporarily enqueued while system restarts."},{"id":"d9f6c431-fc1a-4746-80b1-dc682b749fd0","email":"isabella.jackson@amerisave.com","message":"failed to process due to network exception."},{"id":"48eac1bc-66ab-4ada-8760-115b31161f02","email":"michael.hall@dropbox.net","message":"successfully parsed message, but message temporarily enqueued while system restarts."},{"id":"61a03a38-120a-45f4-a808-243a398ffc5d","email":"logan.clark@dropbox.net","message":"failed to process due to datastore timeout of 30 seconds.  operation took 72 seconds."},{"id":"a4dcef1b-0f27-4f82-8d78-4b53b2d57a2e","email":"madison.lewis@gmail.com","message":"failed to process due to network exception."},{"id":"b028938a-b6d0-4efe-a70d-0940f8c34acc","email":"joshua.lee@gmail.com","message":"successfully handled skipped operation."},{"id":"d9e90d42-1de8-4603-b217-23157f07ef9f","email":"emily.taylor@gmail.com","message":"successfully processed after 8014 milliseconds."},{"id":"4b0a12f4-6f58-46f5-a9b9-a366371d23de","email":"lily.harris@gmail.com","message":"successfully parsed message, but message temporarily enqueued while system restarts."},{"id":"fbf95881-a7d8-403b-adc9-486b3b324aae","email":"sarah.green@amerisave.com","message":"failed to process due to datastore timeout of 30 seconds.  operation took 40 seconds."},{"id":"7bcddd2e-20ed-4757-bb04-6a0ef7034c71","email":"mia.perez@me.com","message":"successfully parsed message, but message temporarily enqueued while system restarts."},{"id":"59b78072-11b8-4ae2-8066-3aa7a80c3a30","email":"elizabeth.martinez@dropbox.net","message":"successfully parsed message, but message temporarily enqueued while system restarts."},{"id":"1a2b7992-de44-4e43-87e6-4d38aaf4eed1","email":"andrew.miller@gmail.com","message":"successfully handled skipped operation."},{"id":"d9fe46da-b644-4622-8314-b21883156204","email":"emily.taylor@gmail.com","message":"successfully processed after 9374 milliseconds."},{"id":"28ec9414-5891-4a68-8920-45a1f3edc26f","email":"ethan.hernandez@microsoft.com","message":"successfully parsed message, but message temporarily enqueued while system restarts."},{"id":"4e131007-f7d7-417c-a9e0-1cd928984d5e","email":"grace.moore@gmail.com","message":"successfully parsed message, but message temporarily enqueued while system restarts."},{"id":"c5692efe-324a-4ff1-b6c2-12be75607357","email":"jacob.lopez@dropbox.net","message":"failed to process due to network exception."},{"id":"cdf967e9-91d3-4b82-bfac-25d5715dcb5e","email":"tyler.nelson@microsoft.com","message":"successfully handled skipped operation."},{"id":"8903c2ea-0464-4ba7-ba29-5b2d75fa2d75","email":"chloe.garcia@dropbox.net","message":"failed to process due to network exception."},{"id":"a8a54066-66a2-4d1e-b6f6-8bd92ddfd254","email":"daniel.rodriguez@amerisave.com","message":"failed to process due to network exception."},{"id":"dd6a5ac6-41ab-434b-8e64-3c72a2c42d06","email":"chloe.garcia@dropbox.net","message":"successfully processed after 1252 milliseconds."},{"id":"e5a03280-2953-4d83-8510-a852438b6593","email":"elizabeth.martinez@dropbox.net","message":"failed to process due to network exception."},{"id":"38c33d44-d912-46f6-9433-2d357447768a","email":"alexis.brown@microsoft.com","message":"successfully handled skipped operation."},{"id":"b463e3ab-f49e-4868-ada8-a35533ca4512","email":"jack.thompson@me.com","message":"successfully processed after 1119 milliseconds."},{"id":"61704eaf-508d-481e-9c5c-17c6fc44c623","email":"michael.hall@dropbox.net","message":"successfully handled skipped operation."},{"id":"f76daff2-d144-4075-90a8-2604d08dabe8","email":"joshua.lee@gmail.com","message":"successfully processed after 8075 milliseconds."},{"id":"d994e0d8-7da0-4286-9c98-5cc6ec71d7d2","email":"chloe.garcia@dropbox.net","message":"successfully processed after 3469 milliseconds."},{"id":"719962fd-5cb9-4dbf-b7f4-2cbb530ca774","email":"jack.thompson@me.com","message":"failed to process due to datastore timeout of 30 seconds.  operation took 47 seconds."},{"id":"537f89e5-419f-45bc-baa6-d18f66bb8bd1","email":"ryan.king@dropbox.net","message":"successfully handled skipped operation."},{"id":"bc004092-e2af-42ae-abfd-53fae9a2581a","email":"alyssa.jones@amerisave.com","message":"successfully parsed message, but message temporarily enqueued while system restarts."},{"id":"2a95e750-a5ab-4b72-9b92-c02862fed28d","email":"nathan.young@microsoft.com","message":"successfully parsed message, but message temporarily enqueued while system restarts."},{"id":"daf0ec5a-28f3-4367-b6a1-59b8f52a8a99","email":"liam.gonzalez@me.com","message":"failed to process due to network exception."},{"id":"158bc2d3-48b1-44bd-b588-e12d092380cc","email":"emma.thomas@me.com","message":"failed to process due to network exception."},{"id":"c3a08571-7e0c-4b89-8246-bf0136bc7379","email":"daniel.rodriguez@amerisave.com","message":"successfully handled skipped operation."},{"id":"f0c6b774-aaaa-4e4d-b7cb-3c3fe3bf2d7d","email":"nathan.young@microsoft.com","message":"failed to process due to network exception."},{"id":"63fd5e2e-746e-41cc-b00c-5460dfda771f","email":"chloe.garcia@dropbox.net","message":"successfully processed after 1764 milliseconds."},{"id":"1a1eee79-72d8-4a53-8b8c-da862af49457","email":"lily.harris@gmail.com","message":"successfully handled skipped operation."},{"id":"306fcc79-d756-4713-87c1-d75cd2cd03e0","email":"emma.thomas@me.com","message":"failed to process due to datastore timeout of 30 seconds.  operation took 115 seconds."},{"id":"a1a87c97-c249-41cb-b899-a5d487f75146","email":"joshua.lee@gmail.com","message":"failed to process due to network exception."},{"id":"e16b2654-4ae5-4dd8-919b-3c13a5bede9a","email":"joshua.lee@gmail.com","message":"failed to process due to network exception."},{"id":"fade9771-8172-4d9c-9aa8-313ae8c22161","email":"alexis.brown@microsoft.com","message":"successfully processed after 1641 milliseconds."},{"id":"752ab474-3807-4a69-829e-7d11168494be","email":"abigail.smith@amerisave.com","message":"successfully parsed message, but message temporarily enqueued while system restarts."},{"id":"47de96a6-52b4-4f67-a040-d99d23f9215d","email":"elizabeth.martinez@dropbox.net","message":"successfully parsed message, but message temporarily enqueued while system restarts."},{"id":"326c9a04-4646-4641-8db1-b6a45cff8e24","email":"michael.hall@dropbox.net","message":"successfully parsed message, but message temporarily enqueued while system restarts."},{"id":"79db82b8-bde7-47c1-9238-4acc7586abde","email":"grace.moore@gmail.com","message":"successfully processed after 3767 milliseconds."},{"id":"fd50b969-4784-492a-b67d-635b3c999505","email":"sarah.green@amerisave.com","message":"failed to process due to datastore timeout of 30 seconds.  operation took 74 seconds."},{"id":"fbce4870-e5cc-4461-ad1c-1bb46b13e7b5","email":"tyler.nelson@microsoft.com","message":"successfully parsed message, but message temporarily enqueued while system restarts."},{"id":"5ea23a5a-09af-498e-975d-4a205738b269","email":"ava.davis@gmail.com","message":"successfully processed after 654 milliseconds."},{"id":"7b334f0c-c67d-4a0b-9312-d482b1a7bd88","email":"tyler.nelson@microsoft.com","message":"failed to process due to datastore timeout of 30 seconds.  operation took 72 seconds."},{"id":"bd63dfe4-c4cc-4f9b-a9e1-196622d48ae8","email":"jacob.lopez@dropbox.net","message":"successfully processed after 1929 milliseconds."},{"id":"267a5b5a-55f4-42d2-b541-6a55957d139b","email":"emily.taylor@gmail.com","message":"failed to process due to network exception."},{"id":"1972d05a-e62c-4668-8a9f-c167b2d09ba7","email":"olivia.wright@gmail.com","message":"successfully processed after 7908 milliseconds."},{"id":"1e20d528-bb75-44c0-919c-a74e9b57ac29","email":"dylan.wilson@gmail.com","message":"failed to process due to datastore timeout of 30 seconds.  operation took 122 seconds."},{"id":"e0be19b0-fe2f-4836-8a87-3da4495a0447","email":"alexis.brown@microsoft.com","message":"successfully parsed message, but message temporarily enqueued while system restarts."},{"id":"8aad635a-014e-4812-a40b-9e381a17d63f","email":"nicholas.allen@microsoft.com","message":"successfully handled skipped operation."},{"id":"dee27085-3a3a-45f4-b7bc-f1513160148e","email":"grace.moore@gmail.com","message":"successfully handled skipped operation."},{"id":"4beb0604-103d-46f8-9905-4b8b6946e0b7","email":"jacob.lopez@dropbox.net","message":"successfully handled skipped operation."},{"id":"884c959c-42f6-41f5-b535-2b26343eff3e","email":"alexis.brown@microsoft.com","message":"failed to process due to datastore timeout of 30 seconds.  operation took 123 seconds."},{"id":"433c9d8f-aa49-4727-bc34-482e5e0f0c33","email":"sarah.green@amerisave.com","message":"successfully processed after 3075 milliseconds."},{"id":"bb7094b5-a015-424a-bb5c-a4deedfd69b0","email":"dylan.wilson@gmail.com","message":"successfully parsed message, but message temporarily enqueued while system restarts."},{"id":"34d41159-260f-416f-9db9-cd7a126e0898","email":"ethan.hernandez@microsoft.com","message":"successfully handled skipped operation."},{"id":"005cb54e-c5b4-4eec-8df1-9fe156ba765a","email":"nathan.young@microsoft.com","message":"successfully processed after 2706 milliseconds."},{"id":"18163473-0db0-4bce-95f1-b1efacf7b214","email":"jack.thompson@me.com","message":"successfully processed after 430 milliseconds."},{"id":"f5ee76bb-4013-4d50-ba8e-64f7f48791d6","email":"daniel.rodriguez@amerisave.com","message":"successfully parsed message, but message temporarily enqueued while system restarts."},{"id":"015ad167-085a-4003-b32d-1cfcfa168c07","email":"michael.hall@dropbox.net","message":"successfully parsed message, but message temporarily enqueued while system restarts."},{"id":"778fee7b-6687-4059-bbae-47a5293675a0","email":"michael.hall@dropbox.net","message":"successfully parsed message, but message temporarily enqueued while system restarts."},{"id":"27639805-63a6-43da-b848-5c4b38aea818","email":"jackson.white@gmail.com","message":"failed to process due to network exception."},{"id":"9eec39a6-a385-46c4-baa7-fb97e21764c5","email":"ryan.king@dropbox.net","message":"successfully handled skipped operation."},{"id":"0da2efca-306e-462c-a2d0-ed30753f3404","email":"jackson.white@gmail.com","message":"failed to process due to datastore timeout of 30 seconds.  operation took 117 seconds."},{"id":"f1777169-5387-46b4-b81a-9cbf0b0ffe18","email":"liam.gonzalez@me.com","message":"failed to process due to network exception."},{"id":"b1cd0502-b6f1-4b68-96cc-876fb7696243","email":"andrew.miller@gmail.com","message":"successfully parsed message, but message temporarily enqueued while system restarts."},{"id":"087154d4-05cf-41bc-81f4-b52ae650645d","email":"alexis.brown@microsoft.com","message":"successfully processed after 1085 milliseconds."},{"id":"348a629e-9262-4692-9068-1185abd06581","email":"chloe.garcia@dropbox.net","message":"successfully parsed message, but message temporarily enqueued while system restarts."},{"id":"1db10ab2-6603-4347-aec4-7077a809f3ea","email":"tyler.nelson@microsoft.com","message":"successfully parsed message, but message temporarily enqueued while system restarts."},{"id":"7d43f6ca-3fc3-46ae-afdf-a58a1e15376c","email":"alexander.williams@gmail.com","message":"successfully processed after 2581 milliseconds."},{"id":"3ab44dcc-0292-42a0-88d3-b9ce419e06c7","email":"logan.clark@dropbox.net","message":"failed to process due to datastore timeout of 30 seconds.  operation took 128 seconds."},{"id":"424a8df4-2813-4830-9803-f1c406f0941a","email":"grace.moore@gmail.com","message":"failed to process due to network exception."},{"id":"31716043-e93c-428a-92ff-aaf980b51b06","email":"hannah.martin@dropbox.net","message":"successfully handled skipped operation."},{"id":"7ce29c30-196d-4ef7-8c44-917ad99d198a","email":"liam.gonzalez@me.com","message":"failed to process due to network exception."},{"id":"45104c42-3c11-4d24-af45-57f42737b615","email":"isabella.jackson@amerisave.com","message":"successfully parsed message, but message temporarily enqueued while system restarts."},{"id":"73d9572e-e1ad-409f-9f12-55985bf6c6d2","email":"logan.clark@dropbox.net","message":"successfully parsed message, but message temporarily enqueued while system restarts."},{"id":"b6dfdfeb-22ea-4a3f-b087-21c8f9f0b93f","email":"andrew.miller@gmail.com","message":"successfully handled skipped operation."},{"id":"59b25b5d-51df-434e-be3a-ee6c036a5568","email":"sarah.green@amerisave.com","message":"failed to process due to network exception."},{"id":"995249b0-1764-4e36-9058-ef221d3419b5","email":"joshua.lee@gmail.com","message":"failed to process due to network exception."},{"id":"b1bdfcfb-4943-45ef-97bf-c176b1948992","email":"mason.robinson@amerisave.com","message":"failed to process due to datastore timeout of 30 seconds.  operation took 38 seconds."},{"id":"6b6cd85c-c5e7-4476-a45b-3dcca066dfdb","email":"samantha.scott@me.com","message":"successfully handled skipped operation."},{"id":"51a78a8c-3a65-4e4d-b20a-f25d62f9ee91","email":"liam.gonzalez@me.com","message":"failed to process due to datastore timeout of 30 seconds.  operation took 42 seconds."},{"id":"6bdd3ba0-7177-4a89-b5c1-037a391057db","email":"emily.taylor@gmail.com","message":"successfully handled skipped operation."},{"id":"f3ac7895-3730-4f11-86c7-7d05c6ea596e","email":"joshua.lee@gmail.com","message":"successfully processed after 639 milliseconds."},{"id":"9c865bed-c21c-457c-98ef-e1d0589d1e22","email":"aiden.johnson@microsoft.com","message":"successfully parsed message, but message temporarily enqueued while system restarts."},{"id":"f5c10839-ca35-4fea-aa5e-e05c95338a0b","email":"daniel.rodriguez@amerisave.com","message":"failed to process due to network exception."},{"id":"c11a1a4f-d408-44f6-a0e1-882359d23d6a","email":"aiden.johnson@microsoft.com","message":"successfully parsed message, but message temporarily enqueued while system restarts."},{"id":"52db2439-384d-49df-8abd-354b1c812fc0","email":"dylan.wilson@gmail.com","message":"successfully handled skipped operation."},{"id":"fcaa4e54-d549-4f61-82c0-065fd72ff27d","email":"andrew.miller@gmail.com","message":"successfully parsed message, but message temporarily enqueued while system restarts."},{"id":"466f9455-23ff-428d-9a35-578412d9f5f9","email":"lily.harris@gmail.com","message":"successfully handled skipped operation."},{"id":"f1cb922f-f729-4de1-9999-d222a08ca775","email":"hannah.martin@dropbox.net","message":"failed to process due to network exception."},{"id":"c6259d68-4689-43a4-aa9b-4a34ca00b4ac","email":"alexis.brown@microsoft.com","message":"failed to process due to network exception."},{"id":"7a06a2a8-9f4f-4832-ab8d-4b2527095211","email":"chloe.garcia@dropbox.net","message":"failed to process due to datastore timeout of 30 seconds.  operation took 128 seconds."},{"id":"85128428-8797-4260-ae96-9aefb94f6763","email":"madison.lewis@gmail.com","message":"failed to process due to network exception."},{"id":"54ecd7a9-43b9-4792-8fce-ced6a35123f3","email":"matthew.walker@amerisave.com","message":"failed to process due to network exception."},{"id":"a2c3228c-5221-4bbe-b10b-c1572671a179","email":"abigail.smith@amerisave.com","message":"failed to process due to network exception."},{"id":"756dbd36-5c0b-47ab-966a-de45cf5ceb90","email":"logan.clark@dropbox.net","message":"successfully handled skipped operation."},{"id":"1d4d155b-47f6-4ecd-a3cf-307f026d64df","email":"alexis.brown@microsoft.com","message":"successfully handled skipped operation."},{"id":"21e2b89c-2355-4722-aacc-0171ddf1a7d8","email":"aiden.johnson@microsoft.com","message":"failed to process due to network exception."},{"id":"e7dd48ec-1f64-4094-b80e-1303d9a90766","email":"taylor.adams@gmail.com","message":"successfully processed after 7052 milliseconds."},{"id":"9b26b8c5-1f7e-4ad1-b97b-3f6235367a6a","email":"abigail.smith@amerisave.com","message":"successfully handled skipped operation."},{"id":"47e27b7e-9e6c-4db5-bba1-60c6714028e3","email":"mia.perez@me.com","message":"successfully handled skipped operation."},{"id":"79bb0789-9926-4b42-a61d-ea6cb2522aef","email":"mia.perez@me.com","message":"failed to process due to network exception."},{"id":"0aae61f0-7eaa-4a35-8ce0-a320263d3ea8","email":"ava.davis@gmail.com","message":"failed to process due to datastore timeout of 30 seconds.  operation took 51 seconds."},{"id":"db3860f1-05ad-465f-90c0-2a36dd33ada7","email":"hannah.martin@dropbox.net","message":"failed to process due to datastore timeout of 30 seconds.  operation took 38 seconds."},{"id":"278acd8e-6cad-4f82-829b-6af85ac02bd2","email":"ava.davis@gmail.com","message":"failed to process due to datastore timeout of 30 seconds.  operation took 118 seconds."},{"id":"fd359c46-5e4a-41ed-a366-24ce2c59951e","email":"michael.hall@dropbox.net","message":"failed to process due to datastore timeout of 30 seconds.  operation took 121 seconds."},{"id":"3dc36257-f9a8-4cf9-98ee-c5362480a242","email":"elizabeth.martinez@dropbox.net","message":"failed to process due to datastore timeout of 30 seconds.  operation took 45 seconds."},{"id":"e3757041-3563-4521-b097-e5d94ff427bf","email":"mia.perez@me.com","message":"failed to process due to datastore timeout of 30 seconds.  operation took 43 seconds."},{"id":"e3b43e24-4238-46bb-b590-009e94f08187","email":"taylor.adams@gmail.com","message":"failed to process due to datastore timeout of 30 seconds.  operation took 60 seconds."},{"id":"5e89dec3-6bf8-4d4e-ad43-f6a62edeef73","email":"jackson.white@gmail.com","message":"successfully handled skipped operation."},{"id":"ffa0061f-edba-47f6-a784-9ffef341e393","email":"isabella.jackson@amerisave.com","message":"successfully parsed message, but message temporarily enqueued while system restarts."},{"id":"89a23c0b-f5b9-42d3-96c7-192666b927e4","email":"sophia.baker@dropbox.net","message":"successfully processed after 1929 milliseconds."},{"id":"753fef40-eb82-4aac-8725-a06db72ba346","email":"sarah.green@amerisave.com","message":"successfully processed after 2960 milliseconds."},{"id":"80172569-f767-446e-8c94-81698afe33d0","email":"hannah.martin@dropbox.net","message":"successfully handled skipped operation."},{"id":"ba6daaeb-f74b-416e-b1b8-6dec4dbb44cd","email":"matthew.walker@amerisave.com","message":"successfully handled skipped operation."},{"id":"ec7e8e11-cdba-449a-a05a-7414e9118744","email":"samantha.scott@me.com","message":"successfully handled skipped operation."},{"id":"47e30f71-8b58-4ac2-9f87-9308645b85e2","email":"michael.hall@dropbox.net","message":"failed to process due to datastore timeout of 30 seconds.  operation took 41 seconds."},{"id":"c546a406-b31d-4226-9a3b-4bc0e81aa4cd","email":"noah.sanchez@me.com","message":"failed to process due to datastore timeout of 30 seconds.  operation took 94 seconds."},{"id":"57dd9f81-8710-41bd-a2d0-1a4495c5228f","email":"mia.perez@me.com","message":"failed to process due to datastore timeout of 30 seconds.  operation took 83 seconds."},{"id":"b3fe8268-67ab-492c-be31-336d7a6640ca","email":"madison.lewis@gmail.com","message":"successfully handled skipped operation."},{"id":"b3b4b2e2-ac45-4d66-a69c-f2e47d741eb2","email":"abigail.smith@amerisave.com","message":"successfully parsed message, but message temporarily enqueued while system restarts."},{"id":"eb902fb7-4636-4a9a-9bf9-b5ef97aea1e4","email":"samantha.scott@me.com","message":"successfully handled skipped operation."},{"id":"9526bb45-415c-48cb-80d5-17093fcb6299","email":"jack.thompson@me.com","message":"successfully parsed message, but message temporarily enqueued while system restarts."},{"id":"78e77cbf-5517-4789-8256-aaa3c76009cc","email":"isabella.jackson@amerisave.com","message":"successfully processed after 1040 milliseconds."},{"id":"98c9d6c8-14c5-481a-bbe0-f0b9b7f0028f","email":"daniel.rodriguez@amerisave.com","message":"successfully parsed message, but message temporarily enqueued while system restarts."},{"id":"283e8bed-b071-4a2b-bc30-3ad059884203","email":"joshua.lee@gmail.com","message":"failed to process due to network exception."},{"id":"847dab98-74b4-4470-b014-061046f020a0","email":"elizabeth.martinez@dropbox.net","message":"failed to process due to network exception."},{"id":"b42c0a05-78c1-4186-b5e4-8fdf50f3ccb4","email":"noah.sanchez@me.com","message":"successfully handled skipped operation."},{"id":"0c048ba3-f6f1-4973-b027-46021fdbd723","email":"joshua.lee@gmail.com","message":"successfully handled skipped operation."},{"id":"87ec21b8-d974-478a-93ce-6a9cb9a024ed","email":"elizabeth.martinez@dropbox.net","message":"successfully parsed message, but message temporarily enqueued while system restarts."},{"id":"69e5c28c-5f10-4e4d-9198-78e183af0511","email":"grace.moore@gmail.com","message":"successfully processed after 8392 milliseconds."},{"id":"d2a1a3aa-9c0e-4f8d-b74d-48cbd96c17dd","email":"isabella.jackson@amerisave.com","message":"failed to process due to network exception."},{"id":"780c80ad-6b6c-459a-8dc8-a3cbbd73a2bc","email":"alexander.williams@gmail.com","message":"successfully handled skipped operation."},{"id":"f45d1b2e-4d90-46ef-a096-2d1a5789c1bd","email":"ryan.king@dropbox.net","message":"failed to process due to network exception."},{"id":"1cb7e8f1-0e4c-41c4-9b19-a82afb607789","email":"ethan.hernandez@microsoft.com","message":"successfully processed after 2424 milliseconds."},{"id":"4398f5bf-e274-4330-ba3d-e829c55d8de1","email":"isabella.jackson@amerisave.com","message":"successfully handled skipped operation."},{"id":"f21698f7-ddc5-4cff-be59-5f76e6ff46ba","email":"logan.clark@dropbox.net","message":"successfully handled skipped operation."},{"id":"fbde5091-ee4f-4866-919e-037b426ed295","email":"daniel.rodriguez@amerisave.com","message":"successfully handled skipped operation."},{"id":"10666a20-fd3a-4483-a322-0a2a0cd17571","email":"michael.hall@dropbox.net","message":"failed to process due to datastore timeout of 30 seconds.  operation took 53 seconds."},{"id":"728f97e8-ff74-47de-8697-3694d18c3318","email":"matthew.walker@amerisave.com","message":"successfully processed after 8113 milliseconds."},{"id":"c675e855-7b77-4fd9-81b8-619520eea934","email":"jacob.lopez@dropbox.net","message":"failed to process due to datastore timeout of 30 seconds.  operation took 64 seconds."},{"id":"d3e30c33-6812-4729-93ec-b7640bd47f61","email":"liam.gonzalez@me.com","message":"successfully parsed message, but message temporarily enqueued while system restarts."},{"id":"bbbaca46-4b94-4770-aa87-aea8d49f38b0","email":"joshua.lee@gmail.com","message":"failed to process due to network exception."},{"id":"1e54b1ed-3398-44bf-8980-f793a043e65e","email":"ethan.hernandez@microsoft.com","message":"successfully handled skipped operation."},{"id":"9bfeac99-7be1-400f-980b-862be33546c8","email":"noah.sanchez@me.com","message":"failed to process due to network exception."},{"id":"79366e29-d236-41ed-b7d0-efcbe76ae63c","email":"samantha.scott@me.com","message":"successfully parsed message, but message temporarily enqueued while system restarts."},{"id":"afc1e4f6-d74d-4aa1-bac6-25bf8f1efd64","email":"daniel.rodriguez@amerisave.com","message":"successfully parsed message, but message temporarily enqueued while system restarts."},{"id":"136b6ec5-7e95-4b74-94dc-a8be2a062dee","email":"taylor.adams@gmail.com","message":"failed to process due to network exception."},{"id":"d2d3e888-03ff-49d4-95b7-a7d4559f93fc","email":"chloe.garcia@dropbox.net","message":"successfully handled skipped operation."},{"id":"b79f9d71-4697-4315-b92b-606521417532","email":"sarah.green@amerisave.com","message":"successfully handled skipped operation."},{"id":"e9018d4a-53d8-494b-bc4f-06b6389fb7bd","email":"andrew.miller@gmail.com","message":"successfully processed after 9604 milliseconds."},{"id":"9ed3cf14-277f-4071-8c13-7ef55be28714","email":"samantha.scott@me.com","message":"successfully handled skipped operation."},{"id":"b455687b-ba0e-44b8-b9c8-4c938119954a","email":"emma.thomas@me.com","message":"successfully parsed message, but message temporarily enqueued while system restarts."},{"id":"7e1dec49-133f-47c7-a927-2d81bd7039ef","email":"matthew.walker@amerisave.com","message":"successfully processed after 381 milliseconds."},{"id":"6171c71e-8fb4-4848-a6a0-7ed90540b4d4","email":"ella.anderson@dropbox.net","message":"failed to process due to datastore timeout of 30 seconds.  operation took 111 seconds."},{"id":"ffb05505-4d4e-4bcc-a665-e4c217431ed7","email":"taylor.adams@gmail.com","message":"successfully processed after 4348 milliseconds."},{"id":"c8d36f7d-4404-46e1-b193-9b9a03af8df5","email":"olivia.wright@gmail.com","message":"failed to process due to network exception."},{"id":"55f68e84-63ef-4822-8edd-288695a72a51","email":"madison.lewis@gmail.com","message":"successfully processed after 4672 milliseconds."},{"id":"a85bb27e-317d-43ef-9377-cba6666a3d3c","email":"emily.taylor@gmail.com","message":"failed to process due to datastore timeout of 30 seconds.  operation took 41 seconds."},{"id":"c3dfaca8-4a17-4937-ab4e-cc7047740fe8","email":"jacob.lopez@dropbox.net","message":"failed to process due to datastore timeout of 30 seconds.  operation took 68 seconds."},{"id":"71b4cea4-f709-4086-a54a-74a731c3fe9a","email":"tyler.nelson@microsoft.com","message":"successfully parsed message, but message temporarily enqueued while system restarts."},{"id":"d027c1a6-424c-4bff-b33b-e2daf3006608","email":"isabella.jackson@amerisave.com","message":"successfully parsed message, but message temporarily enqueued while system restarts."},{"id":"f2ed49e1-2f77-4555-90b2-1d0477f127cb","email":"jackson.white@gmail.com","message":"failed to process due to datastore timeout of 30 seconds.  operation took 105 seconds."},{"id":"cb907232-f445-45dd-8b1c-b1d9e83ce46c","email":"emily.taylor@gmail.com","message":"successfully handled skipped operation."},{"id":"a98d1eb9-69bc-4199-ab98-fdca986b24af","email":"mason.robinson@amerisave.com","message":"failed to process due to datastore timeout of 30 seconds.  operation took 82 seconds."},{"id":"2a2c2cd6-6bf0-49e9-8078-3e013112f934","email":"madison.lewis@gmail.com","message":"successfully handled skipped operation."},{"id":"39249cb8-2edb-45cb-821e-32c6968cf626","email":"jacob.lopez@dropbox.net","message":"successfully parsed message, but message temporarily enqueued while system restarts."},{"id":"92eca2d2-4e89-4133-8d41-9a1e26bc404e","email":"alexis.brown@microsoft.com","message":"failed to process due to network exception."},{"id":"7bb77200-a1ca-42c8-95ba-2ede98f0d3f0","email":"alexander.williams@gmail.com","message":"failed to process due to network exception."},{"id":"1b9fb1d9-6252-46dd-88f6-5a2b4bf0398a","email":"chloe.garcia@dropbox.net","message":"failed to process due to network exception."},{"id":"4b021204-c592-469f-a197-368abcbcaa88","email":"alexis.brown@microsoft.com","message":"failed to process due to datastore timeout of 30 seconds.  operation took 75 seconds."},{"id":"ba629f08-927a-43cb-8047-8b50069dabbb","email":"grace.moore@gmail.com","message":"successfully handled skipped operation."},{"id":"2c25f3d2-3db7-46dc-94a6-12b056ed3ca3","email":"chloe.garcia@dropbox.net","message":"successfully handled skipped operation."},{"id":"41f9b904-fcbf-4df6-aaea-6efda2557550","email":"samantha.scott@me.com","message":"failed to process due to network exception."},{"id":"df585a30-eeb0-4f30-ab91-4732e0236d99","email":"alexander.williams@gmail.com","message":"successfully parsed message, but message temporarily enqueued while system restarts."},{"id":"cba843da-6d87-4dac-9f54-4152ecc8530c","email":"jack.thompson@me.com","message":"failed to process due to datastore timeout of 30 seconds.  operation took 64 seconds."},{"id":"67e38638-c40e-4c8c-949b-1f989ec1a09b","email":"alexander.williams@gmail.com","message":"successfully processed after 6689 milliseconds."},{"id":"5663b341-c24d-48f5-b95e-86d27136fb60","email":"andrew.miller@gmail.com","message":"successfully parsed message, but message temporarily enqueued while system restarts."},{"id":"a0f516d3-a1c4-4db2-8315-1a320c7c8c3b","email":"madison.lewis@gmail.com","message":"failed to process due to network exception."},{"id":"ba959b05-05c5-415c-a519-22eabb737a71","email":"emma.thomas@me.com","message":"successfully processed after 3174 milliseconds."},{"id":"d71acc4e-bcb6-4748-8814-2a609d793b62","email":"elizabeth.martinez@dropbox.net","message":"failed to process due to datastore timeout of 30 seconds.  operation took 32 seconds."},{"id":"01e097ac-5cd4-4db8-92c8-45718c5d5810","email":"andrew.miller@gmail.com","message":"successfully handled skipped operation."},{"id":"41e7cf8a-5003-4560-b99b-c7ae94e47ddf","email":"jack.thompson@me.com","message":"successfully processed after 162 milliseconds."},{"id":"2be8d3c6-1543-4a1f-993c-9fe30a183979","email":"emily.taylor@gmail.com","message":"failed to process due to datastore timeout of 30 seconds.  operation took 64 seconds."},{"id":"0857e63e-b7cb-4b8f-92c0-58bd0c72c3da","email":"nicholas.allen@microsoft.com","message":"successfully handled skipped operation."},{"id":"3b664aca-a558-4d9a-b16b-042c319fd8f2","email":"jack.thompson@me.com","message":"successfully handled skipped operation."},{"id":"3f87e776-cb64-433c-bd2b-34fb5937416b","email":"dylan.wilson@gmail.com","message":"successfully processed after 9528 milliseconds."},{"id":"97615903-c245-44c1-9420-c0f78b2e530e","email":"jacob.lopez@dropbox.net","message":"failed to process due to network exception."},{"id":"04c3a896-7388-4384-ae62-631b31ef29da","email":"ella.anderson@dropbox.net","message":"successfully processed after 5167 milliseconds."},{"id":"e361137c-d619-4a22-b4ca-1ed61f93f8e8","email":"alyssa.jones@amerisave.com","message":"successfully parsed message, but message temporarily enqueued while system restarts."},{"id":"cc05a118-9787-417a-ad35-31598587cdb2","email":"emma.thomas@me.com","message":"successfully parsed message, but message temporarily enqueued while system restarts."},{"id":"8c09fdb5-ceee-42f4-9399-f3a3f26b180a","email":"chloe.garcia@dropbox.net","message":"failed to process due to network exception."},{"id":"fa5e49a0-04cf-40f1-8db6-10ad10639c3e","email":"aiden.johnson@microsoft.com","message":"failed to process due to network exception."},{"id":"1ba01e18-95e6-4793-ae32-61829668760f","email":"madison.lewis@gmail.com","message":"successfully processed after 7642 milliseconds."},{"id":"5513f355-c2a7-4f97-974b-f767469d78c1","email":"ava.davis@gmail.com","message":"successfully processed after 3193 milliseconds."},{"id":"892003a1-9b68-4c96-b3d1-3fa4c8ca4442","email":"lily.harris@gmail.com","message":"successfully processed after 275 milliseconds."},{"id":"bffe649d-d774-491c-ba31-3fedf089f3b1","email":"ava.davis@gmail.com","message":"successfully processed after 4259 milliseconds."},{"id":"766c7307-24cc-4e56-81e0-f5b64c5d4b29","email":"tyler.nelson@microsoft.com","message":"successfully handled skipped operation."},{"id":"58528b69-1f16-419c-b4e4-2020b137fd23","email":"emma.thomas@me.com","message":"failed to process due to datastore timeout of 30 seconds.  operation took 88 seconds."},{"id":"ecbb5d1a-53dc-4234-a849-338aa6e4df8f","email":"ella.anderson@dropbox.net","message":"successfully handled skipped operation."},{"id":"f88e8f16-e20b-452b-9fcf-5aeb477f4692","email":"madison.lewis@gmail.com","message":"failed to process due to datastore timeout of 30 seconds.  operation took 81 seconds."},{"id":"8d123037-5447-4df5-9ba1-2ce2560a7d10","email":"emma.thomas@me.com","message":"failed to process due to network exception."},{"id":"a19fb97d-12cc-4d69-8206-0b3a59eefc41","email":"ella.anderson@dropbox.net","message":"failed to process due to datastore timeout of 30 seconds.  operation took 85 seconds."},{"id":"9484b078-91a7-46d5-9e25-c8862c848f70","email":"elizabeth.martinez@dropbox.net","message":"successfully processed after 6817 milliseconds."},{"id":"795c244c-f98f-42ac-9ab1-afbcfefafc06","email":"noah.sanchez@me.com","message":"successfully processed after 4900 milliseconds."},{"id":"b15cc3a5-09c7-48a9-9b1a-346559847ad2","email":"jackson.white@gmail.com","message":"failed to process due to datastore timeout of 30 seconds.  operation took 40 seconds."},{"id":"6455c52b-9ec6-44c0-acff-0cb77cd4cd70","email":"chloe.garcia@dropbox.net","message":"failed to process due to network exception."},{"id":"8570653c-b1d7-4246-993a-099689fc4bd6","email":"ella.anderson@dropbox.net","message":"successfully handled skipped operation."},{"id":"bd6632ba-cfc5-42a1-ac37-fab1de1ea100","email":"olivia.wright@gmail.com","message":"successfully handled skipped operation."},{"id":"9693c35a-d875-4dcb-a19a-64ab2ea8de8e","email":"andrew.miller@gmail.com","message":"failed to process due to datastore timeout of 30 seconds.  operation took 31 seconds."},{"id":"cdda49c8-58e3-4fdf-83e1-c104d6990070","email":"alyssa.jones@amerisave.com","message":"failed to process due to datastore timeout of 30 seconds.  operation took 120 seconds."},{"id":"99a7b641-121d-43b9-84a7-356ab2aac002","email":"abigail.smith@amerisave.com","message":"failed to process due to network exception."},{"id":"977c07b3-9b8e-4442-ab78-422a74dbeef2","email":"sophia.baker@dropbox.net","message":"successfully processed after 6630 milliseconds."},{"id":"e3df1210-37cf-44d5-b648-2484c4f812ff","email":"ethan.hernandez@microsoft.com","message":"failed to process due to network exception."},{"id":"2476a7ed-8a06-4b7e-9d93-a6330da601e7","email":"liam.gonzalez@me.com","message":"successfully parsed message, but message temporarily enqueued while system restarts."},{"id":"d8dcfbcd-bb3e-4dad-b2d5-c9c5b0f31cd1","email":"jackson.white@gmail.com","message":"successfully handled skipped operation."},{"id":"ae497795-45dd-470a-849e-1c4f44bc472d","email":"ryan.king@dropbox.net","message":"successfully parsed message, but message temporarily enqueued while system restarts."},{"id":"0623242f-e8e1-400c-9bfc-cd810ec86f53","email":"daniel.rodriguez@amerisave.com","message":"successfully parsed message, but message temporarily enqueued while system restarts."},{"id":"dbafdcf5-65ab-4aeb-b99f-f2c32b189228","email":"alexander.williams@gmail.com","message":"successfully handled skipped operation."},{"id":"f0434bfd-8377-446f-b893-698992eb1cdd","email":"sarah.green@amerisave.com","message":"successfully handled skipped operation."},{"id":"24748835-b9a7-407a-8ed5-7eb54cccee04","email":"emily.taylor@gmail.com","message":"failed to process due to network exception."},{"id":"dccd8356-d857-4475-8bc1-b2b7b39c1b75","email":"ava.davis@gmail.com","message":"failed to process due to datastore timeout of 30 seconds.  operation took 61 seconds."},{"id":"af9e0290-ca04-4e5f-8dc0-ea3ec3c4fae3","email":"madison.lewis@gmail.com","message":"successfully handled skipped operation."},{"id":"a2aced59-7c7d-4a7e-82d5-c54fa291d19c","email":"aiden.johnson@microsoft.com","message":"successfully handled skipped operation."},{"id":"c5cea9f5-7389-4d65-808f-9654b92037cf","email":"logan.clark@dropbox.net","message":"successfully parsed message, but message temporarily enqueued while system restarts."},{"id":"7a9a764c-38a4-46b9-8736-27126ee0ab8f","email":"andrew.miller@gmail.com","message":"successfully handled skipped operation."},{"id":"55c9c823-1a65-450f-aa82-8b0c094ff82b","email":"jack.thompson@me.com","message":"successfully processed after 580 milliseconds."},{"id":"da205871-4355-484b-8875-8fecc933f38a","email":"chloe.garcia@dropbox.net","message":"successfully processed after 4625 milliseconds."},{"id":"be9a9665-728e-4f81-aba8-693d467bbefd","email":"jack.thompson@me.com","message":"failed to process due to datastore timeout of 30 seconds.  operation took 87 seconds."},{"id":"0191560b-8795-40d9-b3a3-588872612ab3","email":"noah.sanchez@me.com","message":"successfully parsed message, but message temporarily enqueued while system restarts."},{"id":"31a04bbe-4a1e-41eb-9d8f-376444a9a016","email":"emily.taylor@gmail.com","message":"failed to process due to datastore timeout of 30 seconds.  operation took 109 seconds."},{"id":"ecc9adbc-1ab2-4f34-a329-1e8e7e2d4983","email":"michael.hall@dropbox.net","message":"failed to process due to datastore timeout of 30 seconds.  operation took 106 seconds."},{"id":"8b60a4a1-5236-491f-acfc-beca4296e7ac","email":"madison.lewis@gmail.com","message":"successfully parsed message, but message temporarily enqueued while system restarts."},{"id":"1f112aae-d4ad-4cec-9209-1c4b636713b0","email":"michael.hall@dropbox.net","message":"successfully parsed message, but message temporarily enqueued while system restarts."},{"id":"d573bc1c-1208-4201-95ac-ae88bae383dc","email":"taylor.adams@gmail.com","message":"successfully parsed message, but message temporarily enqueued while system restarts."},{"id":"052b4b71-84b8-40c4-b76e-c2e9ff843276","email":"alexis.brown@microsoft.com","message":"failed to process due to network exception."},{"id":"e318a93a-a857-4cb2-bb74-2babf44df906","email":"ava.davis@gmail.com","message":"successfully parsed message, but message temporarily enqueued while system restarts."},{"id":"e4e4cfe9-8133-48dc-93ea-efb5bc68de62","email":"logan.clark@dropbox.net","message":"failed to process due to network exception."},{"id":"b1f5ba6e-ccb9-4e8a-b1d0-59f55208f95d","email":"elizabeth.martinez@dropbox.net","message":"successfully handled skipped operation."},{"id":"e3a65012-1e9a-46bd-b2e2-a7f63adf5297","email":"jack.thompson@me.com","message":"successfully handled skipped operation."},{"id":"fd402d77-93d4-4433-974a-92e2810265e6","email":"tyler.nelson@microsoft.com","message":"failed to process due to datastore timeout of 30 seconds.  operation took 82 seconds."},{"id":"9a9a30ed-17fb-41ef-bb10-71dbab24814b","email":"alexis.brown@microsoft.com","message":"successfully parsed message, but message temporarily enqueued while system restarts."},{"id":"09d033c5-d77e-432a-9d24-0f358c4af8eb","email":"hannah.martin@dropbox.net","message":"failed to process due to network exception."},{"id":"d4d2bb56-c95c-42ae-84c2-2c2cf9657af4","email":"taylor.adams@gmail.com","message":"successfully parsed message, but message temporarily enqueued while system restarts."},{"id":"a1e5d4e4-dfe4-46b0-8ef7-05f62cdb27fa","email":"tyler.nelson@microsoft.com","message":"failed to process due to datastore timeout of 30 seconds.  operation took 102 seconds."},{"id":"a52bbcce-67b6-4f22-a444-35cd186ac766","email":"mia.perez@me.com","message":"successfully handled skipped operation."},{"id":"392d1dd5-2921-4625-b0cb-55d960a0df91","email":"hannah.martin@dropbox.net","message":"successfully handled skipped operation."},{"id":"9101a437-9b0f-4812-bb0e-29f4fad71f5d","email":"emma.thomas@me.com","message":"successfully parsed message, but message temporarily enqueued while system restarts."},{"id":"c42906e5-3f9f-427c-8782-21330559b2f5","email":"joshua.lee@gmail.com","message":"successfully handled skipped operation."},{"id":"b6c9fd85-09f3-4866-8fb8-01d824875142","email":"chloe.garcia@dropbox.net","message":"successfully processed after 9671 milliseconds."},{"id":"6bc22d9f-2107-44da-b818-60eac91beae1","email":"elizabeth.martinez@dropbox.net","message":"successfully handled skipped operation."},{"id":"ec2bb614-2580-4aa1-ab59-7c5c1b78eba0","email":"taylor.adams@gmail.com","message":"successfully parsed message, but message temporarily enqueued while system restarts."},{"id":"d7e4200e-26ce-4dad-a9cc-6ae8f772d48a","email":"dylan.wilson@gmail.com","message":"failed to process due to datastore timeout of 30 seconds.  operation took 77 seconds."},{"id":"2ef78d17-4d13-4800-aa10-13c2990ee069","email":"joshua.lee@gmail.com","message":"failed to process due to datastore timeout of 30 seconds.  operation took 108 seconds."},{"id":"0019218c-3865-436d-916f-eaee5cad5eaf","email":"ava.davis@gmail.com","message":"failed to process due to network exception."},{"id":"0322a233-13ff-4001-9cd2-2da68b1d4b06","email":"liam.gonzalez@me.com","message":"successfully processed after 1745 milliseconds."},{"id":"ef0d02fd-918f-4950-b67f-b9495145e5f4","email":"mason.robinson@amerisave.com","message":"failed to process due to datastore timeout of 30 seconds.  operation took 48 seconds."},{"id":"d10d24f3-bb48-4845-92da-56f85dc2eb6b","email":"jackson.white@gmail.com","message":"failed to process due to network exception."},{"id":"b633e9e4-cca3-4fee-aa58-5ec3673c2e8b","email":"matthew.walker@amerisave.com","message":"successfully handled skipped operation."},{"id":"7ebf7faf-63a8-414b-b161-4a8db436f69d","email":"alyssa.jones@amerisave.com","message":"successfully handled skipped operation."},{"id":"dd9a82d3-4172-4968-aae0-a9b92833c638","email":"elizabeth.martinez@dropbox.net","message":"successfully handled skipped operation."},{"id":"8a428ca3-ebdf-41bb-80c0-d4ac948dd2a9","email":"ella.anderson@dropbox.net","message":"successfully processed after 1381 milliseconds."}],"id":"37118d6c-1f75-44ce-8928-ebf23d28726e"}