{"logs":[{"id":"e655dc3f-1102-47f6-bf59-760542cfadd4","email":"mason.robinson@amerisave.com","message":"successfully handled skipped operation."},{"id":"5575da08-e7e9-4a5d-9859-51f943a442cc","email":"noah.sanchez@me.com","message":"successfully handled skipped operation."},{"id":"c036c956-22a8-4833-84c3-4e6462f663cf","email":"alexander.williams@gmail.com","message":"failed to process due to network exception."},{"id":"03fcc4a1-01c7-409d-affd-601d654afc84","email":"elizabeth.martinez@dropbox.net","message":"successfully processed after 9438 milliseconds."},{"id":"a3b7ede6-d353-4924-bdba-98ce0bd7ed87","email":"andrew.miller@gmail.com","message":"successfully parsed message, but message temporarily enqueued while system restarts."},{"id":"093af3d1-18ce-43e3-880e-a4099587754d","email":"lily.harris@gmail.com","message":"successfully processed after 2509 milliseconds."},{"id":"4d4ad21d-6623-4483-b1db-7aa77f639136","email":"sophia.baker@dropbox.net","message":"failed to process due to datastore timeout of 30 seconds.  operation took 46 seconds."},{"id":"26252f75-580c-40ce-879c-3b6d6301456e","email":"nicholas.allen@microsoft.com","message":"successfully processed after 3956 milliseconds."},{"id":"bace1e40-5df3-4bda-a5f6-f11f9a31c313","email":"samantha.scott@me.com","message":"successfully processed after 8784 milliseconds."},{"id":"1c4306e5-aa94-4dbd-853e-5cc5850c527f","email":"isabella.jackson@amerisave.com","message":"failed to process due to network exception."},{"id":"5433673d-8765-4868-8822-46d7e737d201","email":"taylor.adams@gmail.com","message":"failed to process due to network exception."},{"id":"94b71e97-b56d-4646-be01-014a07bd2748","email":"logan.clark@dropbox.net","message":"failed to process due to datastore timeout of 30 seconds.  operation took 61 seconds."},{"id":"2e15ee6d-1618-4d77-9a87-f0c2de606f68","email":"madison.lewis@gmail.com","message":"successfully handled skipped operation."},{"id":"4cffd98d-9594-42e8-b2c8-15a080541bba","email":"olivia.wright@gmail.com","message":"failed to process due to network exception."},{"id":"0f64edd2-5e33-4fa8-9d19-82de37d0557b","email":"liam.gonzalez@me.com","message":"failed to process due to network exception."},{"id":"2fb0dc71-5cdb-4f57-bc26-9b30df06e78c","email":"taylor.adams@gmail.com","message":"failed to process due to datastore timeout of 30 seconds.  operation took 93 seconds."},{"id":"53c03450-3ec0-4a2d-bdbc-febb4a287ad3","email":"elizabeth.martinez@dropbox.net","message":"successfully handled skipped operation."},{"id":"84ec5708-660a-4438-82fe-a4c57e325287","email":"ava.davis@gmail.com","message":"successfully handled skipped operation."},{"id":"29d7e3ef-7b6d-4525-bfcd-6a94e258aff7","email":"nathan.young@microsoft.com","message":"successfully parsed message, but message temporarily enqueued while system restarts."},{"id":"6cf85748-38fc-47eb-bd5e-54433595c61b","email":"ethan.hernandez@microsoft.com","message":"failed to process due to datastore timeout of 30 seconds.  operation took 78 seconds."},{"id":"5da30cf5-c5ce-4ca6-9e26-dd75902f911a","email":"samantha.scott@me.com","message":"failed to process due to network exception."},{"id":"7b87efdb-825f-4b27-b70b-15c0f48802f1","email":"hannah.martin@dropbox.net","message":"successfully parsed message, but message temporarily enqueued while system restarts."},{"id":"36373eb9-8b61-4f60-a9b2-bbfc9d930ce5","email":"ryan.king@dropbox.net","message":"successfully processed after 7906 milliseconds."},{"id":"1a7ae261-fa77-4da6-92ee-0bd6a4c6f996","email":"dylan.wilson@gmail.com","message":"failed to process due to network exception."},{"id":"68ffe035-70fd-43a3-ab36-1ec1ecb5fa8e","email":"michael.hall@dropbox.net","message":"successfully handled skipped operation."},{"id":"e977e43e-a9b4-4cfd-ace7-1131dcceb854","email":"emma.thomas@me.com","message":"failed to process due to datastore timeout of 30 seconds.  operation took 106 seconds."},{"id":"0a69c8a2-302b-4f72-a7e3-a0a6db4a4ae5","email":"nicholas.allen@microsoft.com","message":"successfully processed after 6800 milliseconds."},{"id":"7bdaa3b8-6ed0-4510-944a-8ff5ce4dde68","email":"emily.taylor@gmail.com","message":"successfully processed after 2157 milliseconds."},{"id":"3f8eb5e1-e75d-4cb6-9fcd-42b03739a7fb","email":"mason.robinson@amerisave.com","message":"successfully handled skipped operation."},{"id":"a769a4d7-ed13-4081-af9e-6e4b8fb8b694","email":"nathan.young@microsoft.com","message":"failed to process due to datastore timeout of 30 seconds.  operation took 47 seconds."},{"id":"5f7c7f9e-8379-40d8-9b85-5d57bcf01699","email":"olivia.wright@gmail.com","message":"successfully parsed message, but message temporarily enqueued while system restarts."},{"id":"c2da6eb6-1c88-4f14-b071-8c6ad02528f3","email":"lily.harris@gmail.com","message":"failed to process due to datastore timeout of 30 seconds.  operation took 99 seconds."},{"id":"01b40a55-ec4d-4e9f-914e-5a8d5a9e5aef","email":"mason.robinson@amerisave.com","message":"successfully parsed message, but message temporarily enqueued while system restarts."},{"id":"b961b21b-604a-47e7-9b93-d34ea8d589a9","email":"aiden.johnson@microsoft.com","message":"failed to process due to network exception."},{"id":"c6400ce2-77e3-433a-8400-413e385a38b6","email":"lily.harris@gmail.com","message":"failed to process due to datastore timeout of 30 seconds.  operation took 115 seconds."},{"id":"75807fbc-61a0-4705-9d3b-91a73c55287e","email":"chloe.garcia@dropbox.net","message":"successfully parsed message, but message temporarily enqueued while system restarts."},{"id":"52cddeb3-01aa-44ac-be53-7449efc0db53","email":"andrew.miller@gmail.com","message":"successfully parsed message, but message temporarily enqueued while system restarts."},{"id":"ab1edfb8-69f4-4f10-a005-a6881662fe9a","email":"chloe.garcia@dropbox.net","message":"successfully handled skipped operation."},{"id":"6672ebe9-bcb0-40cd-b796-35fe9172e4ca","email":"taylor.adams@gmail.com","message":"successfully handled skipped operation."},{"id":"24a0a9ce-94dd-4976-9beb-47e69652d9fa","email":"mason.robinson@amerisave.com","message":"successfully handled skipped operation."},{"id":"c4f900ca-0150-4959-97d3-b4cd7d8200a7","email":"joshua.lee@gmail.com","message":"successfully processed after 2912 milliseconds."},{"id":"6de09488-69d9-4648-8cdf-5f620953fe46","email":"sophia.baker@dropbox.net","message":"failed to process due to datastore timeout of 30 seconds.  operation took 81 seconds."},{"id":"008f5903-cec6-4694-a9bc-3ff71b27ade5","email":"logan.clark@dropbox.net","message":"failed to process due to network exception."},{"id":"7465a082-5cb0-4016-8609-5a71266d7595","email":"grace.moore@gmail.com","message":"successfully processed after 2397 milliseconds."},{"id":"442850b8-bf89-4dce-8fbf-03e4b4653c89","email":"samantha.scott@me.com","message":"successfully processed after 5213 milliseconds."},{"id":"6bfcc6ce-4b4e-4b60-adc3-c3f11e5f8b03","email":"aiden.johnson@microsoft.com","message":"successfully processed after 8294 milliseconds."},{"id":"b98097bd-3944-4db7-a928-914ea3463e2f","email":"madison.lewis@gmail.com","message":"failed to process due to datastore timeout of 30 seconds.  operation took 80 seconds."},{"id":"825ef08f-3b26-4a9a-8781-d779d0b2a115","email":"andrew.miller@gmail.com","message":"successfully parsed message, but message temporarily enqueued while system restarts."},{"id":"10daeecf-7330-4a42-9b23-955ab7b00019","email":"abigail.smith@amerisave.com","message":"failed to process due to network exception."},{"id":"49e28863-67de-44ed-a069-4d4582f52d74","email":"ryan.king@dropbox.net","message":"failed to process due to network exception."},{"id":"231b1131-ca5e-412e-8599-b893180a613d","email":"aiden.johnson@microsoft.com","message":"successfully handled skipped operation."},{"id":"0ee2b707-eae7-453f-8b86-215936c3dbd7","email":"ava.davis@gmail.com","message":"failed to process due to datastore timeout of 30 seconds.  operation took 49 seconds."},{"id":"b4540a35-0a89-406c-b722-4d9cd4b80335","email":"isabella.jackson@amerisave.com","message":"successfully handled skipped operation."},{"id":"e296ecc2-4c21-47e3-88c5-43ce615ca0bd","email":"sarah.green@amerisave.com","message":"failed to process due to network exception."},{"id":"e350e814-2740-45e4-9bfc-43e51f070905","email":"lily.harris@gmail.com","message":"failed to process due to network exception."},{"id":"2fed6a40-2037-42bd-a1da-2b6fa417b2c8","email":"jack.thompson@me.com","message":"successfully handled skipped operation."},{"id":"025c4c8d-9bd7-47d6-826f-016a31af5012","email":"isabella.jackson@amerisave.com","message":"failed to process due to network exception."},{"id":"f3af401d-c996-444f-9d86-362a430c3d8e","email":"matthew.walker@amerisave.com","message":"successfully parsed message, but message temporarily enqueued while system restarts."},{"id":"b9ca639f-a9a4-4e1c-bd0f-06986ecd4154","email":"matthew.walker@amerisave.com","message":"failed to process due to datastore timeout of 30 seconds.  operation took 42 seconds."},{"id":"29956dfe-9cfb-4ce6-9980-deee017d03ba","email":"liam.gonzalez@me.com","message":"successfully handled skipped operation."},{"id":"b8296b8c-e92c-4a79-a07d-eb28d960ea17","email":"taylor.adams@gmail.com","message":"failed to process due to network exception."},{"id":"c1d4046c-669f-4356-bb8e-25a443ddbc57","email":"liam.gonzalez@me.com","message":"successfully parsed message, but message temporarily enqueued while system restarts."},{"id":"9ca8172a-8da6-4ea9-888e-ae570d82ce5d","email":"emily.taylor@gmail.com","message":"successfully parsed message, but message temporarily enqueued while system restarts."},{"id":"93f0f774-f219-43de-97d0-5f6b96e87fbb","email":"mason.robinson@amerisave.com","message":"successfully processed after 9793 milliseconds."},{"id":"a7c5457c-6aa8-4556-9a01-63dde1d01fb1","email":"mia.perez@me.com","message":"failed to process due to network exception."},{"id":"9352d8ec-bc5b-40cb-8b59-d5601998beb6","email":"noah.sanchez@me.com","message":"successfully processed after 6320 milliseconds."},{"id":"7af7094f-0f12-458d-af17-7a6c038de78e","email":"madison.lewis@gmail.com","message":"successfully handled skipped operation."},{"id":"681e1a29-e7c5-49c1-8976-f1b2aeee9ba6","email":"sarah.green@amerisave.com","message":"successfully processed after 7487 milliseconds."},{"id":"502351fe-60c1-448e-9be1-ce10be9033ee","email":"madison.lewis@gmail.com","message":"failed to process due to network exception."},{"id":"1085d97b-4e45-44a6-b051-ff94d657ca6b","email":"grace.moore@gmail.com","message":"failed to process due to datastore timeout of 30 seconds.  operation took 89 seconds."},{"id":"264fe132-31ae-439b-8f6c-0656407aad25","email":"logan.clark@dropbox.net","message":"successfully parsed message, but message temporarily enqueued while system restarts."},{"id":"685a7105-cfaf-464d-a74b-53ddee05b52a","email":"ethan.hernandez@microsoft.com","message":"successfully parsed message, but message temporarily enqueued while system restarts."},{"id":"ec62330e-8fd6-425a-be04-9c6c1a7096e2","email":"isabella.jackson@amerisave.com","message":"successfully parsed message, but message temporarily enqueued while system restarts."},{"id":"42948c63-578b-468f-ab05-6f6e44f92c94","email":"elizabeth.martinez@dropbox.net","message":"failed to process due to network exception."},{"id":"0f2a83aa-eada-4b75-ae2f-00651e4efb8c","email":"lily.harris@gmail.com","message":"successfully handled skipped operation."},{"id":"702be6d3-dbd0-458b-81a2-83963161b921","email":"dylan.wilson@gmail.com","message":"successfully handled skipped operation."},{"id":"080c5201-0fb5-432f-be06-7028c785e9a8","email":"andrew.miller@gmail.com","message":"successfully processed after 7845 milliseconds."},{"id":"c11bf77a-4385-4f8d-8b41-e0abb41e3ec6","email":"chloe.garcia@dropbox.net","message":"failed to process due to network exception."},{"id":"195d6a2e-e8f9-47f4-ac66-05176edfcc3c","email":"sarah.green@amerisave.com","message":"failed to process due to datastore timeout of 30 seconds.  operation took 39 seconds."},{"id":"efe8de07-09d8-4ca3-bad3-7bc8aaf50977","email":"mia.perez@me.com","message":"failed to process due to datastore timeout of 30 seconds.  operation took 79 seconds."},{"id":"b3ba4bad-8a05-438f-add4-f1b70b3397f0","email":"emma.thomas@me.com","message":"successfully processed after 544 milliseconds."},{"id":"5d9c9847-bb10-4ef5-b9e6-b1d696fa806f","email":"aiden.johnson@microsoft.com","message":"successfully processed after 7370 milliseconds."},{"id":"30338350-75bd-4bc4-9112-8c3b10f21785","email":"jackson.white@gmail.com","message":"failed to process due to datastore timeout of 30 seconds.  operation took 88 seconds."},{"id":"72d42416-2a9b-4c6e-972d-0fab3fcdaa02","email":"samantha.scott@me.com","message":"successfully parsed message, but message temporarily enqueued while system restarts."},{"id":"b8b2bc1c-c585-44f3-8878-1773c58f0133","email":"sophia.baker@dropbox.net","message":"successfully handled skipped operation."},{"id":"28da27dd-ea3e-453a-b75b-1fc53627b393","email":"tyler.nelson@microsoft.com","message":"failed to process due to datastore timeout of 30 seconds.  operation took 89 seconds."},{"id":"4b5dba55-19e2-437b-a094-793d53378d51","email":"ella.anderson@dropbox.net","message":"successfully handled skipped operation."},{"id":"5e564c59-ced0-4c06-ad34-4a9ce6efa1e3","email":"jackson.white@gmail.com","message":"failed to process due to datastore timeout of 30 seconds.  operation took 81 seconds."},{"id":"5cfc27d9-6588-428d-aafa-ee5c298741c8","email":"michael.hall@dropbox.net","message":"failed to process due to datastore timeout of 30 seconds.  operation took 35 seconds."},{"id":"a097bcc2-bdc8-4076-b3da-43edd907d0ef","email":"ava.davis@gmail.com","message":"failed to process due to network exception."},{"id":"f5511746-1318-4fa1-a363-47eb2dfc3947","email":"jackson.white@gmail.com","message":"successfully handled skipped operation."},{"id":"e5b85594-ab20-44fd-8950-2da01f636522","email":"aiden.johnson@microsoft.com","message":"failed to process due to network exception."},{"id":"d0273cc1-005a-4751-ad6f-a4dfdef10a96","email":"tyler.nelson@microsoft.com","message":"failed to process due to network exception."},{"id":"1a9f4136-6154-4a10-8a06-676dc306b036","email":"ava.davis@gmail.com","message":"successfully handled skipped operation."},{"id":"a8d3f8ca-1e7c-4e99-9bc5-1589209dbbb2","email":"emma.thomas@me.com","message":"failed to process due to datastore timeout of 30 seconds.  operation took 40 seconds."},{"id":"36413828-8282-4ae9-9aa8-8ffa1999532e","email":"chloe.garcia@dropbox.net","message":"successfully parsed message, but message temporarily enqueued while system restarts."},{"id":"c0ab1b93-b6dd-41aa-adcb-fc3fbb7eda67","email":"alyssa.jones@amerisave.com","message":"failed to process due to datastore timeout of 30 seconds.  operation took 84 seconds."},{"id":"3d273d68-9022-4fa4-ae2a-3cfff612f2c1","email":"abigail.smith@amerisave.com","message":"successfully processed after 7429 milliseconds."},{"id":"c90745b1-2b56-4ecf-9252-71f423c9b2de","email":"samantha.scott@me.com","message":"failed to process due to network exception."},{"id":"10c97b39-de91-4257-8449-b2ae09543f78","email":"mason.robinson@amerisave.com","message":"failed to process due to datastore timeout of 30 seconds.  operation took 115 seconds."},{"id":"f2018cc8-560a-4ba3-8beb-ba70bba2c8f3","email":"aiden.johnson@microsoft.com","message":"successfully processed after 4853 milliseconds."},{"id":"8bde665f-0a39-4ad5-9725-e99323de8b07","email":"nicholas.allen@microsoft.com","message":"failed to process due to datastore timeout of 30 seconds.  operation took 46 seconds."},{"id":"dd636b0e-907b-48d5-86ac-2f62070718dd","email":"isabella.jackson@amerisave.com","message":"successfully parsed message, but message temporarily enqueued while system restarts."},{"id":"d8c9b24d-306e-4ff9-900a-2157f6fd02d4","email":"sophia.baker@dropbox.net","message":"successfully handled skipped operation."},{"id":"3af23ce8-238d-4d48-94e5-02cce3b8150b","email":"ethan.hernandez@microsoft.com","message":"failed to process due to datastore timeout of 30 seconds.  operation took 89 seconds."},{"id":"f6d5c6e8-9650-48ea-9591-fa4a828b666b","email":"andrew.miller@gmail.com","message":"successfully parsed message, but message temporarily enqueued while system restarts."},{"id":"3eeb048f-6479-4a67-9bfd-1cd6ad828fc5","email":"aiden.johnson@microsoft.com","message":"failed to process due to network exception."},{"id":"2c7d1507-090a-42fe-be71-76609bb08446","email":"sophia.baker@dropbox.net","message":"successfully parsed message, but message temporarily enqueued while system restarts."},{"id":"11410690-dccb-4f6b-bb7e-543fadb57521","email":"liam.gonzalez@me.com","message":"successfully processed after 642 milliseconds."},{"id":"79a22dbf-b4d3-43b6-a542-75a1e767b0c1","email":"hannah.martin@dropbox.net","message":"successfully parsed message, but message temporarily enqueued while system restarts."},{"id":"ed9c7428-c5e1-47e8-ad0a-0e5825a03c01","email":"dylan.wilson@gmail.com","message":"successfully processed after 8221 milliseconds."},{"id":"30948a39-8cc4-41a1-aa3c-8bbe4edd8a50","email":"daniel.rodriguez@amerisave.com","message":"failed to process due to datastore timeout of 30 seconds.  operation took 128 seconds."},{"id":"cba7ecfa-9f53-4353-a70a-185fad0a7d36","email":"nicholas.allen@microsoft.com","message":"successfully handled skipped operation."},{"id":"463f3d36-1850-401a-bf4f-163ca630f051","email":"ava.davis@gmail.com","message":"successfully handled skipped operation."},{"id":"34e41b63-b9e1-4feb-98c9-b923d79f416e","email":"liam.gonzalez@me.com","message":"failed to process due to datastore timeout of 30 seconds.  operation took 123 seconds."},{"id":"9466869c-71c1-4909-a3f4-85ae8d9a46a1","email":"logan.clark@dropbox.net","message":"failed to process due to datastore timeout of 30 seconds.  operation took 73 seconds."},{"id":"3761fe03-9e88-4373-9900-26ee27333b6d","email":"liam.gonzalez@me.com","message":"successfully parsed message, but message temporarily enqueued while system restarts."},{"id":"9ca63089-7338-48ee-b6f1-cee52f1f0d20","email":"ella.anderson@dropbox.net","message":"successfully parsed message, but message temporarily enqueued while system restarts."},{"id":"9c38d6d8-40ce-4380-8928-2b27f26937ac","email":"abigail.smith@amerisave.com","message":"failed to process due to datastore timeout of 30 seconds.  operation took 100 seconds."},{"id":"494246df-a33e-4f4a-b0ab-f700a5fab7cf","email":"isabella.jackson@amerisave.com","message":"failed to process due to datastore timeout of 30 seconds.  operation took 40 seconds."},{"id":"a852ed40-7312-407d-a1ac-e10e0d51224b","email":"jacob.lopez@dropbox.net","message":"successfully parsed message, but message temporarily enqueued while system restarts."},{"id":"979d1845-354d-4f89-80f2-e00cb8a3fc8a","email":"emily.taylor@gmail.com","message":"failed to process due to network exception."},{"id":"1608882c-6636-4337-96c7-2640ed4e19fd","email":"tyler.nelson@microsoft.com","message":"successfully parsed message, but message temporarily enqueued while system restarts."},{"id":"5f1358b7-db48-496c-aa78-467b43b34fbf","email":"jackson.white@gmail.com","message":"successfully parsed message, but message temporarily enqueued while system restarts."},{"id":"20027bf1-8b50-4893-b455-f9ad9ba4d5c1","email":"mason.robinson@amerisave.com","message":"successfully parsed message, but message temporarily enqueued while system restarts."},{"id":"0dc3bf95-a38b-45c0-a052-b11cddecbc81","email":"jack.thompson@me.com","message":"successfully processed after 4059 milliseconds."},{"id":"5798e0f8-02b6-4a70-ba8f-5754eeff381f","email":"jack.thompson@me.com","message":"successfully parsed message, but message temporarily enqueued while system restarts."},{"id":"54976a35-f048-46c5-be3d-692d00882598","email":"alexis.brown@microsoft.com","message":"successfully parsed message, but message temporarily enqueued while system restarts."},{"id":"c28f735a-f4e9-4a56-af7a-01de9277276f","email":"elizabeth.martinez@dropbox.net","message":"successfully processed after 4782 milliseconds."},{"id":"d88a9806-3c9c-4c94-8227-65731d5be057","email":"aiden.johnson@microsoft.com","message":"successfully parsed message, but message temporarily enqueued while system restarts."},{"id":"952e829f-f17a-4a72-acc4-fa556d137a71","email":"isabella.jackson@amerisave.com","message":"failed to process due to network exception."},{"id":"40a33783-140a-4ff4-8292-8f8b5af67faf","email":"sarah.green@amerisave.com","message":"successfully processed after 7907 milliseconds."},{"id":"fbf3e200-c142-4990-8df2-9d0823d605dc","email":"abigail.smith@amerisave.com","message":"successfully handled skipped operation."},{"id":"bb6b1b2d-3d55-475c-bfec-f4da66eb3d2a","email":"nathan.young@microsoft.com","message":"successfully handled skipped operation."},{"id":"bb1fb8e5-04b5-49e4-99e8-111001d7d37f","email":"alexander.williams@gmail.com","message":"successfully parsed message, but message temporarily enqueued while system restarts."},{"id":"00837b24-7141-4f70-a88f-6a7f60666b5f","email":"olivia.wright@gmail.com","message":"successfully handled skipped operation."},{"id":"4e7beb9c-8f83-4419-adc1-dd3707d02052","email":"emma.thomas@me.com","message":"successfully handled skipped operation."},{"id":"fe34ca3f-0e59-419c-8f8c-ba49d1d3c106","email":"jacob.lopez@dropbox.net","message":"failed to process due to datastore timeout of 30 seconds.  operation took 35 seconds."},{"id":"4164e442-37b9-4b6b-a7be-522ea3c0ae10","email":"ella.anderson@dropbox.net","message":"failed to process due to datastore timeout of 30 seconds.  operation took 99 seconds."},{"id":"e8d445c3-9caa-4c2c-86e6-4720caf31676","email":"grace.moore@gmail.com","message":"successfully processed after 6983 milliseconds."},{"id":"f1d01cc8-8320-47a5-978a-ddadc74cde99","email":"aiden.johnson@microsoft.com","message":"failed to process due to network exception."},{"id":"940df020-e03c-4b6e-ac72-600693cda93f","email":"ethan.hernandez@microsoft.com","message":"failed to process due to datastore timeout of 30 seconds.  operation took 56 seconds."},{"id":"99ad4d0b-45dd-47e2-a7e8-0a40c8000e8f","email":"samantha.scott@me.com","message":"failed to process due to datastore timeout of 30 seconds.  operation took 119 seconds."},{"id":"1f7fc5c4-ffa3-4588-88d9-f2b8efc18434","email":"samantha.scott@me.com","message":"successfully handled skipped operation."},{"id":"f0c1fa2c-dd1d-4674-a386-a2559d7cfbe0","email":"emily.taylor@gmail.com","message":"failed to process due to network exception."},{"id":"af5b449e-ccdf-450c-9e74-bd219b5bf8a5","email":"liam.gonzalez@me.com","message":"successfully parsed message, but message temporarily enqueued while system restarts."},{"id":"aef71244-bfb2-4c43-b0dd-0111e780f425","email":"taylor.adams@gmail.com","message":"successfully parsed message, but message temporarily enqueued while system restarts."},{"id":"47f07a05-2055-40b9-9164-cf700b2657ad","email":"daniel.rodriguez@amerisave.com","message":"successfully handled skipped operation."},{"id":"386262e6-89f9-4a37-8adc-a112da4bfbeb","email":"mia.perez@me.com","message":"failed to process due to network exception."},{"id":"38e5d46b-3005-4323-b77e-21a2107b7e24","email":"emily.taylor@gmail.com","message":"failed to process due to network exception."},{"id":"8b1b0fca-1232-4548-b50a-5ded57362503","email":"jackson.white@gmail.com","message":"successfully parsed message, but message temporarily enqueued while system restarts."},{"id":"b5cb0014-a0ea-4146-be0b-71369e1db1d6","email":"logan.clark@dropbox.net","message":"successfully handled skipped operation."},{"id":"1af085ed-f88e-4109-9c03-f260dc2d9428","email":"andrew.miller@gmail.com","message":"successfully handled skipped operation."},{"id":"942557fa-82a0-42dc-995e-c82be80502f9","email":"jacob.lopez@dropbox.net","message":"failed to process due to datastore timeout of 30 seconds.  operation took 80 seconds."},{"id":"6eaa7d0a-55d3-4053-9a50-1d41c6c44fe1","email":"ethan.hernandez@microsoft.com","message":"failed to process due to network exception."},{"id":"af01354d-d478-498c-9735-f57a8401a57b","email":"dylan.wilson@gmail.com","message":"successfully handled skipped operation."},{"id":"9bdf3427-dd88-465a-8e94-9966a577ecb0","email":"lily.harris@gmail.com","message":"successfully parsed message, but message temporarily enqueued while system restarts."},{"id":"592f18be-d50f-4d9e-9250-c96f8a6d5992","email":"madison.lewis@gmail.com","message":"failed to process due to network exception."},{"id":"4861352e-1c2d-4e82-89ef-2ab09baf60bd","email":"jacob.lopez@dropbox.net","message":"failed to process due to network exception."},{"id":"9d0e2ad7-ee52-4674-ad73-664a06fd4bd9","email":"nathan.young@microsoft.com","message":"failed to process due to datastore timeout of 30 seconds.  operation took 113 seconds."}],"id":"db95724d-a43e-4793-9191-8c50faee6d1e"}