{"logs":[{"id":"e7afc093-b72a-484c-ba8f-020645ee09d1","email":"andrew.miller@gmail.com","message":"successfully handled skipped operation."},{"id":"a3e3e013-4cf7-4b9c-8253-0bcc8d5e38ec","email":"taylor.adams@gmail.com","message":"failed to process due to datastore timeout of 30 seconds.  operation took 46 seconds."},{"id":"cba6953a-5704-40bd-a904-d8f18aaf1810","email":"elizabeth.martinez@dropbox.net","message":"failed to process due to datastore timeout of 30 seconds.  operation took 111 seconds."},{"id":"4a67cb7a-e5f7-48b4-8607-9d4e5db43319","email":"noah.sanchez@me.com","message":"failed to process due to network exception."},{"id":"e953b955-cc46-455e-aa51-007de00d78a3","email":"tyler.nelson@microsoft.com","message":"failed to process due to network exception."},{"id":"71a6acdc-7611-4f22-8b2e-31cc769739e5","email":"ryan.king@dropbox.net","message":"failed to process due to network exception."},{"id":"2bc0e449-a13b-42d4-b0d4-456370314201","email":"jack.thompson@me.com","message":"successfully parsed message, but message temporarily enqueued while system restarts."},{"id":"05316077-888f-4b95-beb3-d2b3754e2e77","email":"alexander.williams@gmail.com","message":"failed to process due to network exception."},{"id":"9404dc09-06cd-4499-9861-763b9362daf7","email":"sophia.baker@dropbox.net","message":"successfully processed after 6599 milliseconds."},{"id":"95b6d6d8-3bf7-4419-958f-3136bfe68137","email":"samantha.scott@me.com","message":"failed to process due to datastore timeout of 30 seconds.  operation took 76 seconds."},{"id":"0e2bfe0c-8740-4f28-867f-799fa024ce2f","email":"isabella.jackson@amerisave.com","message":"failed to process due to network exception."},{"id":"0158fbc1-4929-4298-b3f8-3596f6097bd1","email":"abigail.smith@amerisave.com","message":"successfully processed after 4821 milliseconds."},{"id":"5413a57d-e7b3-46bd-af24-b93f7b7dc5e8","email":"michael.hall@dropbox.net","message":"failed to process due to datastore timeout of 30 seconds.  operation took 79 seconds."},{"id":"ea7b2c13-03ee-43d4-b851-bd5d37857551","email":"sophia.baker@dropbox.net","message":"successfully parsed message, but message temporarily enqueued while system restarts."},{"id":"785ae28f-b32c-4382-8cc5-62f08da6ac07","email":"jacob.lopez@dropbox.net","message":"successfully processed after 7329 milliseconds."},{"id":"6e9f38c7-d054-45c1-997c-cd4bc6503a73","email":"alexis.brown@microsoft.com","message":"failed to process due to datastore timeout of 30 seconds.  operation took 63 seconds."},{"id":"6f6f3971-a208-48d3-8416-a8071be40427","email":"madison.lewis@gmail.com","message":"failed to process due to datastore timeout of 30 seconds.  operation took 108 seconds."},{"id":"8f666e8d-13a2-43be-a126-e5fbdd4ce1fb","email":"alexis.brown@microsoft.com","message":"failed to process due to datastore timeout of 30 seconds.  operation took 62 seconds."},{"id":"fc6a1f54-7e4d-4313-bbb7-959b0d1161d9","email":"emily.taylor@gmail.com","message":"successfully parsed message, but message temporarily enqueued while system restarts."},{"id":"2ba82d72-e45c-472b-9972-39af00bab627","email":"mason.robinson@amerisave.com","message":"successfully handled skipped operation."},{"id":"ddfd7e6c-15d8-4ff9-85fc-d4f10173013d","email":"jackson.white@gmail.com","message":"failed to process due to network exception."},{"id":"2210cb88-6c05-4043-b21d-23e084fc6349","email":"madison.lewis@gmail.com","message":"successfully processed after 3695 milliseconds."},{"id":"726504f3-87f4-472e-9e76-16d802826ae3","email":"ava.davis@gmail.com","message":"successfully handled skipped operation."},{"id":"1827aa86-05e8-4f16-9e8f-89a6f5bb50a0","email":"mia.perez@me.com","message":"failed to process due to datastore timeout of 30 seconds.  operation took 98 seconds."},{"id":"73ee143d-4e4c-4bef-85d0-1e38937cbd32","email":"nicholas.allen@microsoft.com","message":"successfully handled skipped operation."},{"id":"106e686e-c753-4e46-ba1d-0216368748d1","email":"joshua.lee@gmail.com","message":"failed to process due to network exception."},{"id":"f556e8bb-357c-4e68-af4e-fb1bae2908be","email":"tyler.nelson@microsoft.com","message":"failed to process due to network exception."},{"id":"2cbd73ed-1a15-41ec-a82c-32b39ec3308a","email":"matthew.walker@amerisave.com","message":"failed to process due to datastore timeout of 30 seconds.  operation took 100 seconds."},{"id":"c9ac5b1d-e3c0-44fe-a578-812315e13818","email":"tyler.nelson@microsoft.com","message":"failed to process due to network exception."},{"id":"77b36d6e-a048-4aea-8b58-930a0b445c06","email":"isabella.jackson@amerisave.com","message":"failed to process due to network exception."},{"id":"9a4525f1-bf3e-45b0-8f23-b41cb0b2cd71","email":"logan.clark@dropbox.net","message":"failed to process due to network exception."},{"id":"adbe479e-8311-45fa-b818-f3d9b4beed85","email":"emma.thomas@me.com","message":"failed to process due to network exception."},{"id":"6c04eee6-b75d-4937-a64f-77602addb5da","email":"isabella.jackson@amerisave.com","message":"failed to process due to datastore timeout of 30 seconds.  operation took 95 seconds."},{"id":"905ddc20-1c53-4445-a0a0-63304805b4c4","email":"grace.moore@gmail.com","message":"successfully handled skipped operation."},{"id":"47d23314-2788-44a0-a34d-6a38855cc0a5","email":"joshua.lee@gmail.com","message":"failed to process due to datastore timeout of 30 seconds.  operation took 84 seconds."},{"id":"d3fe941a-f808-49fb-8e92-6ace3a844491","email":"abigail.smith@amerisave.com","message":"successfully handled skipped operation."},{"id":"7a87b4bd-e0f9-41c3-8bd6-21d2449ce6e6","email":"emily.taylor@gmail.com","message":"failed to process due to datastore timeout of 30 seconds.  operation took 68 seconds."},{"id":"6705628c-d9b0-440c-9f6f-3ee42e1bdc85","email":"jackson.white@gmail.com","message":"successfully parsed message, but message temporarily enqueued while system restarts."},{"id":"a397bd5a-a571-476a-bb91-c7ebb973d083","email":"jackson.white@gmail.com","message":"failed to process due to datastore timeout of 30 seconds.  operation took 54 seconds."},{"id":"07123d3a-bcbe-4b4d-bd3e-c246aa44cc20","email":"olivia.wright@gmail.com","message":"failed to process due to datastore timeout of 30 seconds.  operation took 117 seconds."},{"id":"d7b07e2e-b975-4c34-8a18-0e9520b54495","email":"isabella.jackson@amerisave.com","message":"failed to process due to datastore timeout of 30 seconds.  operation took 64 seconds."},{"id":"56e734cf-caba-4253-8852-df26c058eacc","email":"madison.lewis@gmail.com","message":"successfully parsed message, but message temporarily enqueued while system restarts."},{"id":"512b91e0-3f73-415f-9470-790780deec7c","email":"chloe.garcia@dropbox.net","message":"failed to process due to network exception."},{"id":"60a166ec-1b20-46f6-a30c-dea1f715df77","email":"ryan.king@dropbox.net","message":"successfully processed after 5719 milliseconds."},{"id":"976c2085-9e1f-4b5f-881c-9f7557563c35","email":"sophia.baker@dropbox.net","message":"successfully parsed message, but message temporarily enqueued while system restarts."},{"id":"276f2db4-2674-4577-a427-a3036c97ed60","email":"aiden.johnson@microsoft.com","message":"successfully parsed message, but message temporarily enqueued while system restarts."},{"id":"bdf24f0f-affc-4504-a5e7-813a4ecda1fd","email":"mia.perez@me.com","message":"successfully handled skipped operation."},{"id":"b6d8c4c4-1440-4511-8d61-c6c82d12e2cc","email":"tyler.nelson@microsoft.com","message":"failed to process due to network exception."},{"id":"6ff23970-d4ba-43ee-b9d6-060de8e2b165","email":"alexander.williams@gmail.com","message":"successfully handled skipped operation."},{"id":"ba5936c7-73b8-45a9-b27d-5abd41d6c0a9","email":"olivia.wright@gmail.com","message":"failed to process due to network exception."},{"id":"fbe6cd71-e8c2-4074-9312-6a9cfee7c73f","email":"nicholas.allen@microsoft.com","message":"successfully parsed message, but message temporarily enqueued while system restarts."},{"id":"774ee2ef-35df-4bca-81d8-d07ded376856","email":"tyler.nelson@microsoft.com","message":"failed to process due to datastore timeout of 30 seconds.  operation took 105 seconds."},{"id":"3194fd63-2a86-41ec-9796-6fd23a446677","email":"matthew.walker@amerisave.com","message":"successfully processed after 6509 milliseconds."},{"id":"0e11cdc9-2f37-4b0f-a4ea-6f9f6b78da67","email":"alexander.williams@gmail.com","message":"successfully processed after 5957 milliseconds."},{"id":"aa1ea30d-865f-4be6-9e75-6db22c1937a3","email":"michael.hall@dropbox.net","message":"failed to process due to network exception."},{"id":"582c01a0-17dc-4755-b73a-e1d3f2c10e10","email":"liam.gonzalez@me.com","message":"successfully parsed message, but message temporarily enqueued while system restarts."},{"id":"90722d03-409f-4af7-a3a1-9ab1a9616022","email":"aiden.johnson@microsoft.com","message":"failed to process due to network exception."},{"id":"b6b69734-f449-49bf-8051-5d1f2a42adad","email":"emma.thomas@me.com","message":"failed to process due to datastore timeout of 30 seconds.  operation took 110 seconds."},{"id":"027a37fe-d934-43be-989d-528293a4d591","email":"lily.harris@gmail.com","message":"failed to process due to network exception."},{"id":"850c2dd8-c769-432f-b759-4f05ee098fac","email":"emily.taylor@gmail.com","message":"failed to process due to datastore timeout of 30 seconds.  operation took 89 seconds."},{"id":"9510d5f3-5fef-45bb-8c1e-a526c8b3e459","email":"matthew.walker@amerisave.com","message":"successfully processed after 2505 milliseconds."},{"id":"5fafe9da-6dbb-4e54-b5db-06c01bf5c9c6","email":"jacob.lopez@dropbox.net","message":"successfully handled skipped operation."},{"id":"99b49339-07ba-4278-9c18-13cb3be848b8","email":"jackson.white@gmail.com","message":"successfully handled skipped operation."},{"id":"7bdb5081-567b-4579-8bfa-f132cb128c8c","email":"jack.thompson@me.com","message":"failed to process due to network exception."},{"id":"94f53de3-c3c3-4756-a0d1-73aa40aabc71","email":"noah.sanchez@me.com","message":"failed to process due to datastore timeout of 30 seconds.  operation took 62 seconds."},{"id":"2d713b4a-2053-4423-bb46-45cc124930f9","email":"alexander.williams@gmail.com","message":"successfully processed after 4447 milliseconds."},{"id":"7b0784b2-e60b-4921-8033-bc018bdcb9b6","email":"jacob.lopez@dropbox.net","message":"successfully handled skipped operation."},{"id":"b1e2e5ed-fcac-4d11-a650-40de2a111ce6","email":"emma.thomas@me.com","message":"failed to process due to datastore timeout of 30 seconds.  operation took 101 seconds."},{"id":"4e33234b-c737-4242-bf24-79afe76cfc26","email":"dylan.wilson@gmail.com","message":"successfully parsed message, but message temporarily enqueued while system restarts."},{"id":"16b554db-d2f7-4742-9dce-f81c10ad42e4","email":"sarah.green@amerisave.com","message":"successfully parsed message, but message temporarily enqueued while system restarts."},{"id":"3c1d2b2b-c0be-4f0d-8f49-fda77135ae89","email":"liam.gonzalez@me.com","message":"successfully handled skipped operation."},{"id":"dc829d09-4ca1-4e73-925d-e496cbb6626b","email":"tyler.nelson@microsoft.com","message":"successfully processed after 6331 milliseconds."},{"id":"90c26014-7a50-4101-a0e4-2f2a745fccaf","email":"samantha.scott@me.com","message":"successfully handled skipped operation."},{"id":"b31f0553-1a22-4b0b-b424-750f45451371","email":"logan.clark@dropbox.net","message":"failed to process due to network exception."},{"id":"2d157ebf-9253-49df-96f0-362cc03eb743","email":"alexander.williams@gmail.com","message":"failed to process due to network exception."},{"id":"e5ec124c-5e22-43ba-baa1-ab540117f24d","email":"tyler.nelson@microsoft.com","message":"failed to process due to network exception."},{"id":"86735966-f3cf-477f-89a3-9dc0331c95a3","email":"madison.lewis@gmail.com","message":"failed to process due to datastore timeout of 30 seconds.  operation took 45 seconds."},{"id":"7c5aa762-2ad2-44d8-aaf5-37474ca7a35d","email":"samantha.scott@me.com","message":"successfully handled skipped operation."},{"id":"2f9d8284-1769-4eef-a7c2-bfed335479d7","email":"lily.harris@gmail.com","message":"failed to process due to network exception."},{"id":"28055d7f-3086-4bcf-9ca6-9e5fa04470a7","email":"nicholas.allen@microsoft.com","message":"successfully parsed message, but message temporarily enqueued while system restarts."},{"id":"12e98dce-95d5-4620-a473-55d0be4e6618","email":"jackson.white@gmail.com","message":"successfully handled skipped operation."},{"id":"a92ecc15-87fe-47b4-bfdc-f7ad8aaa70cd","email":"alexis.brown@microsoft.com","message":"successfully handled skipped operation."},{"id":"fae5a3ea-7951-4a71-ba9b-a216f945ece9","email":"chloe.garcia@dropbox.net","message":"failed to process due to network exception."},{"id":"03b812c2-9528-44a2-8320-87e88e495124","email":"ethan.hernandez@microsoft.com","message":"failed to process due to network exception."},{"id":"e193f61e-33c8-4297-81c2-8c65bf6e8e00","email":"matthew.walker@amerisave.com","message":"failed to process due to network exception."},{"id":"e8108151-412f-4363-8975-bd604f10b51f","email":"lily.harris@gmail.com","message":"successfully handled skipped operation."},{"id":"b38c2d2b-df59-416e-bb77-5835d03e9094","email":"liam.gonzalez@me.com","message":"successfully processed after 5366 milliseconds."},{"id":"eadb2933-02e5-40fd-895f-2315334c727d","email":"aiden.johnson@microsoft.com","message":"successfully parsed message, but message temporarily enqueued while system restarts."},{"id":"eecf38de-2da4-4606-bb15-b77e22770344","email":"grace.moore@gmail.com","message":"successfully processed after 3049 milliseconds."},{"id":"9948f4a8-073f-4b75-bb07-5f509a2854a9","email":"andrew.miller@gmail.com","message":"failed to process due to network exception."},{"id":"39736a8b-9b9c-446b-a4be-cfc7177be0ef","email":"ethan.hernandez@microsoft.com","message":"successfully handled skipped operation."},{"id":"45180d07-3750-49bb-a0f7-56399c7dcb8f","email":"elizabeth.martinez@dropbox.net","message":"successfully parsed message, but message temporarily enqueued while system restarts."},{"id":"d20df4ec-5743-43a3-9e5a-dd621a15da87","email":"mia.perez@me.com","message":"failed to process due to datastore timeout of 30 seconds.  operation took 64 seconds."},{"id":"bf6743c4-e4f8-4ce2-96c9-8804ab159424","email":"samantha.scott@me.com","message":"successfully parsed message, but message temporarily enqueued while system restarts."},{"id":"fe5f9403-3ce6-4949-a1f5-ff996a56597f","email":"hannah.martin@dropbox.net","message":"successfully handled skipped operation."},{"id":"85842dbd-a4a1-4293-ba0b-2be718da2070","email":"ella.anderson@dropbox.net","message":"failed to process due to datastore timeout of 30 seconds.  operation took 84 seconds."},{"id":"6d0c72de-86c8-48fa-bafa-c64aabd52470","email":"lily.harris@gmail.com","message":"successfully parsed message, but message temporarily enqueued while system restarts."},{"id":"2fd0ead0-88ed-41a3-89eb-83750ff6038f","email":"ryan.king@dropbox.net","message":"successfully handled skipped operation."},{"id":"eb8edc9a-787b-4bc7-904c-edd6d2bda197","email":"jacob.lopez@dropbox.net","message":"successfully parsed message, but message temporarily enqueued while system restarts."},{"id":"40a019ec-28b7-48c0-9717-fb43a9fa9fe3","email":"michael.hall@dropbox.net","message":"failed to process due to datastore timeout of 30 seconds.  operation took 95 seconds."},{"id":"a8440b00-62b9-457e-88c4-6c34b52dc6c2","email":"jackson.white@gmail.com","message":"successfully processed after 8264 milliseconds."},{"id":"11b21bf1-3bf3-47b0-868a-b537cd035aa3","email":"isabella.jackson@amerisave.com","message":"successfully processed after 8717 milliseconds."},{"id":"a5587ae4-4864-4387-abbe-90e23a81b13b","email":"joshua.lee@gmail.com","message":"successfully parsed message, but message temporarily enqueued while system restarts."},{"id":"882de00e-b8f8-4428-a673-d3807b7e1d5e","email":"logan.clark@dropbox.net","message":"failed to process due to network exception."},{"id":"e8f3c2dd-c8eb-450e-81d6-4ca6e1643e35","email":"jack.thompson@me.com","message":"successfully parsed message, but message temporarily enqueued while system restarts."},{"id":"46b9d753-ec1b-4f9e-bf76-d0e681dc4ac3","email":"elizabeth.martinez@dropbox.net","message":"successfully parsed message, but message temporarily enqueued while system restarts."},{"id":"037bcccc-7e15-4a91-b6e3-c0eed78af09e","email":"madison.lewis@gmail.com","message":"successfully handled skipped operation."},{"id":"b20cd0ef-1cbf-43b0-bb86-c683c96827d6","email":"jack.thompson@me.com","message":"successfully handled skipped operation."},{"id":"5c67948f-f71b-435b-9a79-4c3cbea44139","email":"isabella.jackson@amerisave.com","message":"successfully handled skipped operation."},{"id":"4a708240-fb81-4ae9-abd7-565ef0ac9111","email":"abigail.smith@amerisave.com","message":"failed to process due to datastore timeout of 30 seconds.  operation took 78 seconds."},{"id":"a225779d-5fab-49cf-a46c-0c0d78b5c828","email":"jack.thompson@me.com","message":"failed to process due to datastore timeout of 30 seconds.  operation took 79 seconds."},{"id":"e8eaab04-fe68-401e-b07b-3cae2cccc871","email":"jack.thompson@me.com","message":"failed to process due to datastore timeout of 30 seconds.  operation took 84 seconds."},{"id":"f1928fed-2864-438f-bca9-fe17bacf0be5","email":"alyssa.jones@amerisave.com","message":"successfully processed after 2126 milliseconds."},{"id":"a169a8ae-4067-430e-8f33-9c1ccd3bb8d1","email":"emily.taylor@gmail.com","message":"failed to process due to network exception."},{"id":"bafe1649-f293-42f9-a69f-f3d216f8e508","email":"matthew.walker@amerisave.com","message":"successfully processed after 5983 milliseconds."},{"id":"3dded958-4f14-41b7-8695-68e014fd03a3","email":"abigail.smith@amerisave.com","message":"successfully parsed message, but message temporarily enqueued while system restarts."},{"id":"c8eca090-92ad-4ba1-9527-8c101b04b419","email":"nicholas.allen@microsoft.com","message":"successfully parsed message, but message temporarily enqueued while system restarts."},{"id":"73711d89-cbd4-4135-84eb-66b3abdb017b","email":"lily.harris@gmail.com","message":"successfully parsed message, but message temporarily enqueued while system restarts."},{"id":"283cd590-5a57-4ae5-aa84-e717298ef48d","email":"madison.lewis@gmail.com","message":"successfully handled skipped operation."},{"id":"d90aa09f-4941-4e21-8590-e0c546bb24aa","email":"chloe.garcia@dropbox.net","message":"successfully processed after 4309 milliseconds."},{"id":"e7bcf8b0-25a3-4a5b-9c62-c281399392ff","email":"ava.davis@gmail.com","message":"failed to process due to datastore timeout of 30 seconds.  operation took 58 seconds."},{"id":"76a6e169-7c45-48be-af91-7465893f3b1e","email":"taylor.adams@gmail.com","message":"successfully parsed message, but message temporarily enqueued while system restarts."},{"id":"0737f8c6-e0ce-4292-b65f-63a865826364","email":"sarah.green@amerisave.com","message":"failed to process due to network exception."},{"id":"963aaf04-3b52-432b-9b46-49f848bcfe4a","email":"mason.robinson@amerisave.com","message":"failed to process due to network exception."},{"id":"7501ff84-f624-4259-9d21-8762ddc45ecf","email":"michael.hall@dropbox.net","message":"successfully parsed message, but message temporarily enqueued while system restarts."},{"id":"560a2c91-d7f6-4327-b855-e0dcfcdbc41e","email":"liam.gonzalez@me.com","message":"failed to process due to network exception."},{"id":"643d29eb-3093-42e5-aedb-6f0a082ef85a","email":"nicholas.allen@microsoft.com","message":"failed to process due to network exception."},{"id":"96087d76-6c13-4157-9371-680240a1778d","email":"joshua.lee@gmail.com","message":"successfully parsed message, but message temporarily enqueued while system restarts."},{"id":"f9be1867-ba2f-44f7-acde-a80578016d6d","email":"lily.harris@gmail.com","message":"successfully handled skipped operation."},{"id":"119db269-505c-4e3f-9e47-b0c1047f2fda","email":"chloe.garcia@dropbox.net","message":"successfully handled skipped operation."},{"id":"852bb9b8-fc48-4f21-ab1d-6e65121921e0","email":"ryan.king@dropbox.net","message":"successfully handled skipped operation."},{"id":"4faa7bfb-643f-490a-b51c-56c7fafb4a58","email":"jack.thompson@me.com","message":"failed to process due to datastore timeout of 30 seconds.  operation took 66 seconds."},{"id":"f99048b2-edf9-4a87-a154-95d76176e1af","email":"emma.thomas@me.com","message":"successfully handled skipped operation."},{"id":"23bb7853-de1c-4d93-bdcf-1d629c6509e8","email":"michael.hall@dropbox.net","message":"successfully parsed message, but message temporarily enqueued while system restarts."},{"id":"486437c4-44ef-4e01-9507-258d87d5c51e","email":"samantha.scott@me.com","message":"successfully processed after 3098 milliseconds."},{"id":"a417e004-1764-41e1-9ab1-f87b6124bdc1","email":"isabella.jackson@amerisave.com","message":"successfully processed after 8195 milliseconds."},{"id":"c78ebb0b-f0fa-490b-a158-22c9770ca086","email":"mason.robinson@amerisave.com","message":"failed to process due to network exception."},{"id":"92dd2275-548a-475e-b470-65f9724eb8b4","email":"jack.thompson@me.com","message":"successfully parsed message, but message temporarily enqueued while system restarts."},{"id":"197f1d82-689d-4bde-a858-81f9b96c481a","email":"dylan.wilson@gmail.com","message":"successfully parsed message, but message temporarily enqueued while system restarts."},{"id":"0e7b7e5c-b973-47d7-84f5-d5a182945076","email":"isabella.jackson@amerisave.com","message":"successfully parsed message, but message temporarily enqueued while system restarts."},{"id":"df8ebce5-dab8-46eb-97e7-781330078bc9","email":"ethan.hernandez@microsoft.com","message":"failed to process due to network exception."},{"id":"e5a339d3-76b2-4ba4-ba8b-0b643eabd7ac","email":"aiden.johnson@microsoft.com","message":"successfully handled skipped operation."},{"id":"396fe29d-5f8b-4d86-b7d3-87eacd94dc66","email":"ella.anderson@dropbox.net","message":"successfully parsed message, but message temporarily enqueued while system restarts."},{"id":"2ac7e609-4d55-4bb0-a12d-f03649af7c32","email":"jack.thompson@me.com","message":"successfully handled skipped operation."},{"id":"03b21e33-df1c-4c5b-a6a8-e35a8a57c1a3","email":"noah.sanchez@me.com","message":"successfully processed after 1508 milliseconds."},{"id":"fbe5461f-41b2-407f-9db8-8adf6ff3c472","email":"elizabeth.martinez@dropbox.net","message":"failed to process due to network exception."},{"id":"6bbbb24e-ac50-4eac-8fbb-53e844bf59c2","email":"jack.thompson@me.com","message":"successfully processed after 6832 milliseconds."},{"id":"26ea40eb-c5b9-4b4f-95de-99faed92a341","email":"michael.hall@dropbox.net","message":"successfully processed after 6185 milliseconds."},{"id":"2ac48150-6542-4c6d-b872-9ec9e9b8e64f","email":"emily.taylor@gmail.com","message":"successfully parsed message, but message temporarily enqueued while system restarts."},{"id":"ad22466c-c511-47e9-b44a-4a697d109c4f","email":"sophia.baker@dropbox.net","message":"successfully handled skipped operation."},{"id":"f70e7a4b-f95a-4168-8028-d83ff5b6a669","email":"elizabeth.martinez@dropbox.net","message":"successfully parsed message, but message temporarily enqueued while system restarts."},{"id":"baaaa1a6-da37-4c06-aff2-a94f1c92d1c5","email":"olivia.wright@gmail.com","message":"successfully handled skipped operation."},{"id":"3a6620d8-9377-4b66-b964-dae5264d94dc","email":"taylor.adams@gmail.com","message":"successfully handled skipped operation."},{"id":"47cbed02-b67d-4eea-8e8a-ec006c182cf0","email":"aiden.johnson@microsoft.com","message":"failed to process due to datastore timeout of 30 seconds.  operation took 42 seconds."},{"id":"89df20cb-e668-4eeb-a458-5d5335cba822","email":"liam.gonzalez@me.com","message":"successfully handled skipped operation."},{"id":"aceb905d-2c5e-41b5-a188-66a266bea4f8","email":"tyler.nelson@microsoft.com","message":"failed to process due to datastore timeout of 30 seconds.  operation took 39 seconds."},{"id":"5e218103-cb25-400b-8797-9fff4066cc0e","email":"matthew.walker@amerisave.com","message":"successfully parsed message, but message temporarily enqueued while system restarts."},{"id":"ce63be90-7602-41e1-aedc-ba1f01a9646d","email":"alyssa.jones@amerisave.com","message":"failed to process due to network exception."},{"id":"73de783d-fb63-4185-8d49-28bf97b415f4","email":"mia.perez@me.com","message":"successfully parsed message, but message temporarily enqueued while system restarts."},{"id":"fa9d7ab6-5459-4599-b97a-c87841ad0908","email":"aiden.johnson@microsoft.com","message":"successfully parsed message, but message temporarily enqueued while system restarts."},{"id":"a6cc68f3-5cf8-4290-ab05-208ca06d5f6a","email":"alexander.williams@gmail.com","message":"successfully processed after 9302 milliseconds."},{"id":"6cb373ec-a4d5-4890-845a-1c3f409f930b","email":"ethan.hernandez@microsoft.com","message":"failed to process due to datastore timeout of 30 seconds.  operation took 34 seconds."},{"id":"0ff4a501-8a8f-43b0-8be9-560f6098ca72","email":"hannah.martin@dropbox.net","message":"successfully parsed message, but message temporarily enqueued while system restarts."},{"id":"afa58026-d980-411a-9f76-5cb5a3c0fa45","email":"ava.davis@gmail.com","message":"successfully processed after 4035 milliseconds."},{"id":"d27e07d5-bab9-487b-b700-9f489556ea6b","email":"ava.davis@gmail.com","message":"successfully handled skipped operation."},{"id":"69740a24-c8bb-4d2c-b581-11e6e2e724d8","email":"ella.anderson@dropbox.net","message":"failed to process due to datastore timeout of 30 seconds.  operation took 115 seconds."},{"id":"b97c3048-a3b9-4a2b-aaf5-83b751c02bb1","email":"dylan.wilson@gmail.com","message":"failed to process due to datastore timeout of 30 seconds.  operation took 94 seconds."},{"id":"2e0a26e4-0842-4edb-a2ca-ccb63bf4053e","email":"elizabeth.martinez@dropbox.net","message":"successfully processed after 5692 milliseconds."},{"id":"7b64abb4-9b55-4807-9248-ae6647d1c35b","email":"joshua.lee@gmail.com","message":"failed to process due to network exception."},{"id":"0b90f4df-f880-49d0-966a-8541d20e7f5b","email":"grace.moore@gmail.com","message":"failed to process due to datastore timeout of 30 seconds.  operation took 33 seconds."},{"id":"f871d969-6310-4582-8b62-8b0f704b955d","email":"chloe.garcia@dropbox.net","message":"successfully processed after 6688 milliseconds."},{"id":"dbd61203-3f8f-4835-9a23-1b6c57c1c872","email":"sophia.baker@dropbox.net","message":"successfully parsed message, but message temporarily enqueued while system restarts."},{"id":"3f501d44-138e-4382-84e7-4c0bcf634e5e","email":"chloe.garcia@dropbox.net","message":"successfully processed after 5772 milliseconds."},{"id":"203b6099-05ed-4243-ace8-06c688fb33c1","email":"andrew.miller@gmail.com","message":"successfully processed after 9980 milliseconds."},{"id":"7a22a4f1-06a9-4fd6-aa9b-30768fc078d8","email":"joshua.lee@gmail.com","message":"successfully handled skipped operation."},{"id":"27787ea5-426e-4547-a0f6-25fdaf2f882f","email":"olivia.wright@gmail.com","message":"successfully parsed message, but message temporarily enqueued while system restarts."},{"id":"628f2214-59e0-4f67-a42a-19bfe0bd7066","email":"joshua.lee@gmail.com","message":"successfully parsed message, but message temporarily enqueued while system restarts."},{"id":"bbc1b79a-d2a8-4dc3-ab0a-b5b4a9ba069c","email":"ava.davis@gmail.com","message":"successfully handled skipped operation."},{"id":"93560f0f-1313-4543-87a9-ecab2b6dfcc0","email":"ella.anderson@dropbox.net","message":"failed to process due to network exception."},{"id":"f866dd21-48b7-483e-b465-da367a9557a7","email":"lily.harris@gmail.com","message":"successfully handled skipped operation."},{"id":"048ec7d0-bcb9-4fa3-8f0d-878faa22d3c9","email":"ella.anderson@dropbox.net","message":"successfully parsed message, but message temporarily enqueued while system restarts."},{"id":"ecbbcb7f-b881-4a28-927f-20fb01ea0d61","email":"abigail.smith@amerisave.com","message":"failed to process due to network exception."},{"id":"0618e81c-acba-4820-be59-f9451166465e","email":"nathan.young@microsoft.com","message":"successfully handled skipped operation."},{"id":"2b71829a-7f1a-4ba4-b75d-7e58e771ca3a","email":"taylor.adams@gmail.com","message":"failed to process due to network exception."},{"id":"b1685581-71ff-401c-9d5e-a53375f35106","email":"lily.harris@gmail.com","message":"successfully processed after 4027 milliseconds."},{"id":"dfdd8bb2-a3ae-4cc2-9a39-ba0d6b3e3fcb","email":"ethan.hernandez@microsoft.com","message":"successfully handled skipped operation."},{"id":"b124dd95-2b95-4c93-9fea-dd8b8ce97c7e","email":"matthew.walker@amerisave.com","message":"failed to process due to network exception."},{"id":"e26d8cf8-d269-4d90-844f-e925bd6d24f0","email":"andrew.miller@gmail.com","message":"failed to process due to datastore timeout of 30 seconds.  operation took 56 seconds."},{"id":"671b326b-3bb3-4686-83f0-2d36a625cbe8","email":"jacob.lopez@dropbox.net","message":"successfully parsed message, but message temporarily enqueued while system restarts."},{"id":"09ea0e13-5414-497d-bbab-e6437ba9c246","email":"tyler.nelson@microsoft.com","message":"successfully parsed message, but message temporarily enqueued while system restarts."},{"id":"8c671efe-0cfd-4925-9866-154cbd80be63","email":"dylan.wilson@gmail.com","message":"successfully parsed message, but message temporarily enqueued while system restarts."},{"id":"8fffb899-7e7f-4a95-aa5a-a7fd216c3be3","email":"alyssa.jones@amerisave.com","message":"failed to process due to datastore timeout of 30 seconds.  operation took 47 seconds."},{"id":"a4e9c493-1088-4c09-afb0-0d4240064aba","email":"matthew.walker@amerisave.com","message":"successfully handled skipped operation."},{"id":"f3675b86-4e3a-45b0-a6b6-f36a2a2d85c7","email":"matthew.walker@amerisave.com","message":"failed to process due to network exception."},{"id":"801b17fb-b824-44fa-bd05-29ddbf4a4390","email":"mia.perez@me.com","message":"successfully processed after 9208 milliseconds."},{"id":"5a951ff2-c87f-4a24-b443-9546fe969848","email":"noah.sanchez@me.com","message":"successfully parsed message, but message temporarily enqueued while system restarts."},{"id":"ca1e3b82-2d37-4c77-9db7-9af98d8c211e","email":"taylor.adams@gmail.com","message":"successfully processed after 7945 milliseconds."},{"id":"f90b22c6-b274-45a3-b1a3-b3ae4bb6061e","email":"hannah.martin@dropbox.net","message":"successfully handled skipped operation."},{"id":"2ed3dd3b-eedf-4e67-8693-cecc2a08d161","email":"isabella.jackson@amerisave.com","message":"successfully processed after 3483 milliseconds."},{"id":"e4eb6c20-ed17-4258-acbb-65c0a7d16bfe","email":"isabella.jackson@amerisave.com","message":"failed to process due to datastore timeout of 30 seconds.  operation took 40 seconds."},{"id":"34c35a5d-1f57-4bab-a83f-ef22330a824f","email":"ethan.hernandez@microsoft.com","message":"successfully processed after 8288 milliseconds."},{"id":"6dbe7048-4930-4c95-93f0-f8c64211d284","email":"sophia.baker@dropbox.net","message":"failed to process due to datastore timeout of 30 seconds.  operation took 65 seconds."},{"id":"c11bc48f-3542-4c00-a97c-117854fb1790","email":"alexander.williams@gmail.com","message":"failed to process due to datastore timeout of 30 seconds.  operation took 35 seconds."},{"id":"38cc1bf7-d8fb-4dd3-b983-e4885a3e967a","email":"ava.davis@gmail.com","message":"failed to process due to network exception."},{"id":"6c6d8cf0-3cbb-4c9a-978b-0d4b0572b7b7","email":"alexander.williams@gmail.com","message":"failed to process due to network exception."},{"id":"ca604a63-660a-4131-813a-24904340f8fa","email":"hannah.martin@dropbox.net","message":"successfully handled skipped operation."},{"id":"fad18ca4-dc77-4f6c-81cf-993b0c1c72c2","email":"chloe.garcia@dropbox.net","message":"successfully processed after 2211 milliseconds."},{"id":"bbdf85a5-9738-4f7f-8c24-9e1e4189a932","email":"alexander.williams@gmail.com","message":"failed to process due to network exception."},{"id":"f37c3f28-6352-47cd-a0bf-821d77d1a0d3","email":"alexander.williams@gmail.com","message":"successfully processed after 4707 milliseconds."},{"id":"13815534-0f49-4147-9c0d-9dac4e762d83","email":"ava.davis@gmail.com","message":"failed to process due to network exception."},{"id":"eb6f3e57-9043-4897-9119-60d972d40522","email":"madison.lewis@gmail.com","message":"successfully processed after 8884 milliseconds."},{"id":"a97c06a1-fae4-4cfc-b772-e77a8fef4a24","email":"michael.hall@dropbox.net","message":"successfully processed after 8682 milliseconds."},{"id":"22e21329-69a8-4d14-966b-bec424430252","email":"lily.harris@gmail.com","message":"successfully parsed message, but message temporarily enqueued while system restarts."},{"id":"4802884a-e5bf-437b-840e-8fa25dc7a071","email":"grace.moore@gmail.com","message":"failed to process due to datastore timeout of 30 seconds.  operation took 127 seconds."},{"id":"31b96ef9-01cd-4c7e-9b19-eb5abe40db4a","email":"ryan.king@dropbox.net","message":"failed to process due to datastore timeout of 30 seconds.  operation took 105 seconds."},{"id":"bcf36291-0f50-45b3-a687-2f989244ce80","email":"olivia.wright@gmail.com","message":"failed to process due to datastore timeout of 30 seconds.  operation took 67 seconds."},{"id":"ffdbc1a5-9dd4-476c-9d66-d5e7c26fca82","email":"jacob.lopez@dropbox.net","message":"failed to process due to network exception."},{"id":"aa4e5138-a416-44da-8abf-8571c47ca221","email":"jackson.white@gmail.com","message":"successfully processed after 9132 milliseconds."},{"id":"fb65ddd1-bd97-49d3-9b3f-66e5c24a8fa9","email":"abigail.smith@amerisave.com","message":"successfully parsed message, but message temporarily enqueued while system restarts."},{"id":"160c46b9-7fa8-4fb1-b0af-4f7458096961","email":"noah.sanchez@me.com","message":"failed to process due to datastore timeout of 30 seconds.  operation took 38 seconds."},{"id":"46659022-cfe1-4296-bf85-0bbce75cbce1","email":"ethan.hernandez@microsoft.com","message":"successfully processed after 9869 milliseconds."},{"id":"fcc22046-af0a-45f2-9612-d9409436cd7d","email":"lily.harris@gmail.com","message":"failed to process due to network exception."},{"id":"a81b45be-1c2e-44a1-b415-4b97f38e8216","email":"jack.thompson@me.com","message":"failed to process due to datastore timeout of 30 seconds.  operation took 86 seconds."},{"id":"f5042f76-a767-41d5-b19e-c7c389400de9","email":"noah.sanchez@me.com","message":"failed to process due to datastore timeout of 30 seconds.  operation took 86 seconds."},{"id":"fee345b3-2f44-478e-b611-593258399462","email":"sophia.baker@dropbox.net","message":"failed to process due to network exception."}],"id":"cada65da-4937-4b42-bd47-f928e2dd3711"}