{"logs":[{"id":"aba6fc58-c39e-480f-ae21-5b8fd77b747e","email":"aiden.johnson@microsoft.com","message":"failed to process due to datastore timeout of 30 seconds.  operation took 75 seconds."},{"id":"049e45ba-317f-484a-8e8f-95749f326aa2","email":"lily.harris@gmail.com","message":"successfully handled skipped operation."},{"id":"72bd1a5f-96f9-4daf-8e5e-06d76695bee6","email":"emma.thomas@me.com","message":"failed to process due to datastore timeout of 30 seconds.  operation took 78 seconds."},{"id":"254d7cdd-992e-49e8-9d18-3ebfd0749595","email":"joshua.lee@gmail.com","message":"failed to process due to datastore timeout of 30 seconds.  operation took 126 seconds."},{"id":"5921fdb7-38e5-4297-b165-a7944c8d513f","email":"tyler.nelson@microsoft.com","message":"successfully processed after 491 milliseconds."},{"id":"2a147557-a3e0-4072-b7ab-fe10e045a379","email":"madison.lewis@gmail.com","message":"successfully processed after 8468 milliseconds."},{"id":"377c4d52-38ab-4cf8-a11b-d2b06ede3f34","email":"joshua.lee@gmail.com","message":"successfully parsed message, but message temporarily enqueued while system restarts."},{"id":"06a52c1b-7bbb-4426-b3fc-45ad4919ff8a","email":"chloe.garcia@dropbox.net","message":"successfully handled skipped operation."},{"id":"2621fa8a-3121-42da-acf5-dd39ed33c5fe","email":"grace.moore@gmail.com","message":"failed to process due to datastore timeout of 30 seconds.  operation took 75 seconds."},{"id":"9cadf2c3-5f54-4b8e-b254-6465f7c93802","email":"madison.lewis@gmail.com","message":"successfully parsed message, but message temporarily enqueued while system restarts."},{"id":"6f152a75-9c80-4240-babc-56f697e0c257","email":"lily.harris@gmail.com","message":"successfully processed after 4227 milliseconds."},{"id":"02ccd111-506c-43dc-8c5f-206b36607cbf","email":"tyler.nelson@microsoft.com","message":"failed to process due to network exception."},{"id":"2a1cdb87-f4a9-4059-8626-9a03f32239ae","email":"nathan.young@microsoft.com","message":"successfully handled skipped operation."},{"id":"4dc9496e-ae09-48b8-a6be-c485a8e7cbbb","email":"jacob.lopez@dropbox.net","message":"successfully processed after 7379 milliseconds."},{"id":"6acd94f8-f95b-4110-b6fd-686e63e4ddc6","email":"ryan.king@dropbox.net","message":"failed to process due to datastore timeout of 30 seconds.  operation took 68 seconds."},{"id":"a84595e6-b11d-4401-8324-aed5ff79a4bc","email":"jackson.white@gmail.com","message":"failed to process due to network exception."},{"id":"0fc0863a-aeca-4b1b-9318-01a494244b63","email":"samantha.scott@me.com","message":"failed to process due to datastore timeout of 30 seconds.  operation took 109 seconds."},{"id":"7ec45539-2803-4a48-94e0-2ecc9063625c","email":"ava.davis@gmail.com","message":"successfully handled skipped operation."},{"id":"a771ad94-4074-4276-ae7c-e6ff303f66d7","email":"dylan.wilson@gmail.com","message":"failed to process due to datastore timeout of 30 seconds.  operation took 49 seconds."},{"id":"27d8040a-9df3-44c9-b983-5feb05c79448","email":"grace.moore@gmail.com","message":"failed to process due to datastore timeout of 30 seconds.  operation took 41 seconds."},{"id":"3c78696b-5f83-4b04-8360-2623416e9743","email":"ava.davis@gmail.com","message":"failed to process due to datastore timeout of 30 seconds.  operation took 45 seconds."},{"id":"1c1e75e9-9d81-454c-bdc2-80bad88af398","email":"mason.robinson@amerisave.com","message":"successfully processed after 8962 milliseconds."},{"id":"109b3468-b441-4791-b22d-45882407d150","email":"jacob.lopez@dropbox.net","message":"successfully processed after 888 milliseconds."},{"id":"9aa8673f-1cb4-4187-9856-42657eaaaaf5","email":"samantha.scott@me.com","message":"failed to process due to datastore timeout of 30 seconds.  operation took 102 seconds."},{"id":"cc61fd58-fd05-4a7e-8ee5-33b606dacd00","email":"grace.moore@gmail.com","message":"successfully handled skipped operation."},{"id":"e5c6c126-bd01-43dc-b666-abc3d5485a1c","email":"nathan.young@microsoft.com","message":"successfully handled skipped operation."},{"id":"cb48b58b-0c91-453b-96a5-7cdd417c3861","email":"joshua.lee@gmail.com","message":"failed to process due to network exception."},{"id":"84a86ea3-b467-4fda-bf4b-3f1f5df3283e","email":"chloe.garcia@dropbox.net","message":"successfully processed after 8388 milliseconds."},{"id":"fb8de543-0b45-4df1-86ba-6c6bf8480db7","email":"samantha.scott@me.com","message":"successfully handled skipped operation."},{"id":"bd0d3144-3c8f-41de-8d53-fe08ed3255da","email":"dylan.wilson@gmail.com","message":"failed to process due to datastore timeout of 30 seconds.  operation took 83 seconds."},{"id":"47988e2a-bdf8-4f21-9bab-89d94e5d0bcf","email":"ella.anderson@dropbox.net","message":"failed to process due to network exception."},{"id":"b324f318-7f88-44d3-a0fc-064c5965d9b4","email":"sarah.green@amerisave.com","message":"failed to process due to datastore timeout of 30 seconds.  operation took 107 seconds."},{"id":"3caa735d-1394-47b5-be90-633e801bbf7e","email":"joshua.lee@gmail.com","message":"successfully processed after 5445 milliseconds."},{"id":"d61f9ccc-e735-4680-bb00-6f4fed892b49","email":"chloe.garcia@dropbox.net","message":"successfully handled skipped operation."},{"id":"fe2b87ac-a372-4190-821c-85f62967f963","email":"mia.perez@me.com","message":"successfully handled skipped operation."},{"id":"e354a35d-bb85-476e-88a8-54f23aa98de6","email":"logan.clark@dropbox.net","message":"failed to process due to network exception."},{"id":"e4c71782-85fd-4a0b-8d06-f284be210f18","email":"isabella.jackson@amerisave.com","message":"failed to process due to network exception."},{"id":"bab820a1-b924-49e0-b3d2-3e15489a7859","email":"alexander.williams@gmail.com","message":"failed to process due to network exception."},{"id":"713ff55b-f2cb-4d5a-bba5-c4f371a18179","email":"chloe.garcia@dropbox.net","message":"failed to process due to datastore timeout of 30 seconds.  operation took 72 seconds."},{"id":"86088a99-d7b7-4eb5-9879-164dfa4b9756","email":"madison.lewis@gmail.com","message":"successfully parsed message, but message temporarily enqueued while system restarts."},{"id":"713a0736-70d2-4b39-87e0-e24fbd9017a5","email":"tyler.nelson@microsoft.com","message":"successfully parsed message, but message temporarily enqueued while system restarts."},{"id":"2e34a2f7-1feb-4625-bf30-821eb64c7786","email":"isabella.jackson@amerisave.com","message":"successfully handled skipped operation."},{"id":"9f356102-83a1-4220-ac60-169df9e07563","email":"mia.perez@me.com","message":"successfully handled skipped operation."},{"id":"6bd3d07b-5de7-45f2-a247-5952609b6b6e","email":"nathan.young@microsoft.com","message":"successfully processed after 3605 milliseconds."},{"id":"ee5b986a-47e1-4f4a-89b8-a0c788aeff74","email":"joshua.lee@gmail.com","message":"failed to process due to network exception."},{"id":"60261456-4936-4398-9c15-684d7b1951a8","email":"matthew.walker@amerisave.com","message":"successfully handled skipped operation."},{"id":"35d19a04-629a-4f18-9d4f-7b7d114109e0","email":"taylor.adams@gmail.com","message":"successfully processed after 848 milliseconds."},{"id":"fc1e2b40-23ae-49d1-bcd9-dc48ed7b3a2e","email":"madison.lewis@gmail.com","message":"failed to process due to datastore timeout of 30 seconds.  operation took 88 seconds."},{"id":"a35c1c5a-b938-42a8-ad8b-a4e275401f89","email":"daniel.rodriguez@amerisave.com","message":"failed to process due to network exception."},{"id":"c94562d7-ebf9-4da0-8bd7-f5443c20cc33","email":"elizabeth.martinez@dropbox.net","message":"successfully processed after 610 milliseconds."},{"id":"b2d1ae97-fb64-4645-84b3-8466902c19d9","email":"dylan.wilson@gmail.com","message":"successfully handled skipped operation."},{"id":"e7e0767d-933d-4604-8921-858b1e802902","email":"olivia.wright@gmail.com","message":"failed to process due to datastore timeout of 30 seconds.  operation took 82 seconds."},{"id":"b6395ed3-e4de-4b9b-a4d4-3da8cf8a8613","email":"alexis.brown@microsoft.com","message":"failed to process due to datastore timeout of 30 seconds.  operation took 56 seconds."},{"id":"b922b23a-f8a7-4a4b-adc6-46bf484d4db1","email":"dylan.wilson@gmail.com","message":"successfully parsed message, but message temporarily enqueued while system restarts."},{"id":"da3001dc-a24b-4f05-881a-95de56bd8630","email":"lily.harris@gmail.com","message":"failed to process due to network exception."},{"id":"9570a3ce-d9c9-48bd-94f2-8f1442b1d791","email":"elizabeth.martinez@dropbox.net","message":"failed to process due to network exception."},{"id":"f74a9399-3d32-4021-b96d-84417854ab23","email":"chloe.garcia@dropbox.net","message":"successfully handled skipped operation."},{"id":"ba82b483-11a4-4035-ba6b-1dbef2c3acd8","email":"noah.sanchez@me.com","message":"successfully processed after 1947 milliseconds."},{"id":"3873bee8-50e0-44f1-8ad0-1cce8dec3fe8","email":"alexis.brown@microsoft.com","message":"successfully parsed message, but message temporarily enqueued while system restarts."},{"id":"33c180f9-6b20-4c97-abe0-3b138a4e65c0","email":"abigail.smith@amerisave.com","message":"successfully processed after 6215 milliseconds."},{"id":"7663cebf-9a1d-4513-a133-c80a09c8c99a","email":"matthew.walker@amerisave.com","message":"successfully parsed message, but message temporarily enqueued while system restarts."},{"id":"e6266676-a362-4387-a6d3-87b2161e49b1","email":"grace.moore@gmail.com","message":"successfully processed after 4053 milliseconds."},{"id":"ae3748d0-670b-4aab-8014-cef5a3802e6f","email":"joshua.lee@gmail.com","message":"successfully processed after 8784 milliseconds."},{"id":"a05837b0-8898-4344-90c8-813e93d9a3d6","email":"isabella.jackson@amerisave.com","message":"failed to process due to datastore timeout of 30 seconds.  operation took 117 seconds."},{"id":"8e1bf7c8-3c65-433a-ac7a-ebac1df9b810","email":"chloe.garcia@dropbox.net","message":"successfully handled skipped operation."},{"id":"2f29dffa-73f9-4aed-85ed-d425dff1eec4","email":"nathan.young@microsoft.com","message":"successfully processed after 542 milliseconds."},{"id":"44332340-5c5d-4e71-b4eb-bc6449dbea04","email":"lily.harris@gmail.com","message":"failed to process due to datastore timeout of 30 seconds.  operation took 84 seconds."},{"id":"b2cf400b-917f-4fc1-9024-79e97f99e930","email":"alyssa.jones@amerisave.com","message":"successfully processed after 7734 milliseconds."},{"id":"96d9cea9-4f7c-4ab4-862f-e2f60d8f9331","email":"ava.davis@gmail.com","message":"failed to process due to network exception."},{"id":"e4b07b3e-b522-47a1-82d7-277e8cda87be","email":"chloe.garcia@dropbox.net","message":"successfully processed after 5215 milliseconds."},{"id":"f3521138-3093-4ead-b277-83d5b30797a4","email":"nicholas.allen@microsoft.com","message":"successfully handled skipped operation."},{"id":"67489f68-7789-489e-a1c8-233346c05d49","email":"taylor.adams@gmail.com","message":"failed to process due to network exception."},{"id":"44bbbb05-00d8-4364-8ae3-67d2d150502f","email":"sophia.baker@dropbox.net","message":"successfully handled skipped operation."},{"id":"ccc77004-7074-4f52-80db-1f26ea79c8a6","email":"mia.perez@me.com","message":"successfully handled skipped operation."},{"id":"7770ba7d-7773-43f2-90a3-7fcb71b3b173","email":"daniel.rodriguez@amerisave.com","message":"successfully processed after 2033 milliseconds."},{"id":"541b1c77-4985-4852-aff6-4a6c891277d3","email":"alyssa.jones@amerisave.com","message":"failed to process due to datastore timeout of 30 seconds.  operation took 115 seconds."},{"id":"41ffbb7f-ac7c-4520-bae9-971f74ef8d83","email":"lily.harris@gmail.com","message":"failed to process due to network exception."},{"id":"6d5ffde8-f8eb-4661-b3db-7a09b54a3e98","email":"lily.harris@gmail.com","message":"failed to process due to datastore timeout of 30 seconds.  operation took 42 seconds."},{"id":"1db6f014-cf51-4915-a0a5-6e0d6bf5c97d","email":"ryan.king@dropbox.net","message":"failed to process due to network exception."},{"id":"37b01c03-c553-4ff4-80b8-cdb2c584808f","email":"mason.robinson@amerisave.com","message":"failed to process due to datastore timeout of 30 seconds.  operation took 71 seconds."},{"id":"6ec65c37-2ec4-4157-af82-6d71cd1fa0fc","email":"lily.harris@gmail.com","message":"successfully processed after 6577 milliseconds."},{"id":"f641265a-1491-49b4-92a6-08d2efbb3a28","email":"madison.lewis@gmail.com","message":"successfully processed after 9902 milliseconds."},{"id":"4b9fe697-52c3-496a-8a10-a268078daabe","email":"nicholas.allen@microsoft.com","message":"successfully processed after 6905 milliseconds."},{"id":"e251246b-bab5-4cea-bfcd-ee58d1dcff78","email":"aiden.johnson@microsoft.com","message":"successfully handled skipped operation."},{"id":"92bc9953-eb89-447b-b486-8c305a6956a5","email":"samantha.scott@me.com","message":"failed to process due to datastore timeout of 30 seconds.  operation took 58 seconds."},{"id":"b931243d-2b44-40a0-b488-549b41536b96","email":"mason.robinson@amerisave.com","message":"successfully parsed message, but message temporarily enqueued while system restarts."},{"id":"3ee75c3e-f466-4000-b589-e6fa35057f06","email":"michael.hall@dropbox.net","message":"failed to process due to network exception."},{"id":"4951681c-9b54-4862-86db-b84e1417c4c5","email":"mia.perez@me.com","message":"failed to process due to datastore timeout of 30 seconds.  operation took 48 seconds."},{"id":"17ef71c7-c145-4cc4-80f7-213354a8835c","email":"jackson.white@gmail.com","message":"successfully parsed message, but message temporarily enqueued while system restarts."},{"id":"dad6a1b2-2f38-4387-adc6-8edc44bccf89","email":"elizabeth.martinez@dropbox.net","message":"successfully processed after 1026 milliseconds."},{"id":"d16801a6-636a-486c-ae97-9c8d4a836758","email":"mason.robinson@amerisave.com","message":"successfully handled skipped operation."},{"id":"4c133c43-6f8c-43c9-b18e-749daf9284be","email":"samantha.scott@me.com","message":"failed to process due to datastore timeout of 30 seconds.  operation took 107 seconds."},{"id":"03aae28b-f75d-4dc7-9234-e546f7ff27fb","email":"emily.taylor@gmail.com","message":"successfully processed after 2591 milliseconds."},{"id":"505e9e00-8cac-4784-93f4-b4f31fea3ec0","email":"alexander.williams@gmail.com","message":"successfully processed after 2515 milliseconds."},{"id":"6e26d14d-86b4-4527-a126-616b90170115","email":"alexis.brown@microsoft.com","message":"successfully handled skipped operation."},{"id":"fabe5066-d10d-4377-a656-ae535ae048b0","email":"nicholas.allen@microsoft.com","message":"failed to process due to network exception."},{"id":"e811dc02-b3e2-49e5-8c6e-6a11d5b60545","email":"alyssa.jones@amerisave.com","message":"successfully parsed message, but message temporarily enqueued while system restarts."},{"id":"a64aa68d-b553-40b8-ab09-415c9bb309b9","email":"matthew.walker@amerisave.com","message":"successfully parsed message, but message temporarily enqueued while system restarts."},{"id":"33553764-75d7-4393-925c-7acd8a3ce311","email":"elizabeth.martinez@dropbox.net","message":"successfully processed after 1917 milliseconds."},{"id":"f11597dc-b614-435f-8ae3-9aa04b36d0db","email":"chloe.garcia@dropbox.net","message":"successfully handled skipped operation."},{"id":"41f74912-18bd-4dc9-91f5-1a4473a4c208","email":"isabella.jackson@amerisave.com","message":"failed to process due to datastore timeout of 30 seconds.  operation took 57 seconds."},{"id":"5893e63d-4eb8-4e05-905f-8070c13d0ce4","email":"jacob.lopez@dropbox.net","message":"failed to process due to network exception."},{"id":"3ed75fba-7251-403f-ade9-47925cf69c1c","email":"madison.lewis@gmail.com","message":"successfully processed after 7771 milliseconds."},{"id":"6fc86f17-f006-4a80-9481-4ccdb8e43491","email":"jack.thompson@me.com","message":"successfully parsed message, but message temporarily enqueued while system restarts."},{"id":"12d82d27-f5d8-47ff-98d4-117a46d87ce3","email":"jacob.lopez@dropbox.net","message":"successfully processed after 2436 milliseconds."},{"id":"450097d0-e9d8-4978-b244-c18306f75145","email":"andrew.miller@gmail.com","message":"successfully processed after 2841 milliseconds."},{"id":"9bdc46d1-8882-42f8-823d-63b70cced004","email":"tyler.nelson@microsoft.com","message":"successfully parsed message, but message temporarily enqueued while system restarts."},{"id":"8420efab-673e-4f9e-8d54-e5690e77914d","email":"ava.davis@gmail.com","message":"successfully handled skipped operation."},{"id":"0d81ee23-f0bb-43c7-94ff-8efba6ac2d21","email":"noah.sanchez@me.com","message":"successfully parsed message, but message temporarily enqueued while system restarts."},{"id":"af69d1e9-cfb2-444d-a79a-2534c9554a5b","email":"lily.harris@gmail.com","message":"failed to process due to network exception."},{"id":"396336d2-630e-425c-867b-f152c0c25455","email":"sophia.baker@dropbox.net","message":"failed to process due to datastore timeout of 30 seconds.  operation took 120 seconds."},{"id":"640a18ff-2666-46a3-bed6-9f364d07ad84","email":"emma.thomas@me.com","message":"successfully processed after 2957 milliseconds."},{"id":"3a9064df-6a96-4c65-b1bd-639eca230cb2","email":"elizabeth.martinez@dropbox.net","message":"successfully processed after 2947 milliseconds."},{"id":"3e49c868-82cf-4fb0-b488-f962baa3ae74","email":"jacob.lopez@dropbox.net","message":"successfully handled skipped operation."},{"id":"53075955-da0a-4bf1-950e-22a591713203","email":"jackson.white@gmail.com","message":"successfully handled skipped operation."},{"id":"954b7324-ed05-42c9-9f98-86f067191301","email":"logan.clark@dropbox.net","message":"failed to process due to datastore timeout of 30 seconds.  operation took 42 seconds."},{"id":"232fc04f-c459-49d3-a0f6-d4e9b59e0ad9","email":"sophia.baker@dropbox.net","message":"successfully parsed message, but message temporarily enqueued while system restarts."},{"id":"38238af0-de3d-4f5a-ad12-dae3b3df81fd","email":"aiden.johnson@microsoft.com","message":"failed to process due to network exception."},{"id":"755af4e5-8bea-4c19-a766-033735fb387c","email":"sarah.green@amerisave.com","message":"failed to process due to network exception."},{"id":"daa74c02-616d-49fe-a18f-789bf379d643","email":"nathan.young@microsoft.com","message":"successfully handled skipped operation."},{"id":"bf5f0a82-ed85-4900-ae9e-a6fdfc712f80","email":"ethan.hernandez@microsoft.com","message":"successfully processed after 2696 milliseconds."},{"id":"569ac86a-866d-4956-813b-9f0461883bd5","email":"michael.hall@dropbox.net","message":"failed to process due to network exception."},{"id":"3b56cf96-6b88-47d1-958e-ac919c8875bb","email":"mason.robinson@amerisave.com","message":"successfully parsed message, but message temporarily enqueued while system restarts."},{"id":"1509e8ce-7c9b-493e-8314-fb6da38fa9c4","email":"jack.thompson@me.com","message":"successfully handled skipped operation."},{"id":"97dda0b4-0700-4224-b0b8-e4490808b28d","email":"daniel.rodriguez@amerisave.com","message":"successfully processed after 2289 milliseconds."},{"id":"9dfb9a29-f94e-43dd-87fd-799dc6241604","email":"samantha.scott@me.com","message":"failed to process due to network exception."},{"id":"6bc1e6e9-78ad-4009-98aa-fb0630c8ba35","email":"jacob.lopez@dropbox.net","message":"successfully processed after 4957 milliseconds."},{"id":"468bc299-fe61-420c-b17e-c87ec613a137","email":"jackson.white@gmail.com","message":"failed to process due to network exception."},{"id":"e1068952-6381-43a3-b541-280be4b53cbb","email":"ryan.king@dropbox.net","message":"failed to process due to datastore timeout of 30 seconds.  operation took 58 seconds."},{"id":"a18c5616-3d6a-48e6-a9c1-fc8d81c016f5","email":"isabella.jackson@amerisave.com","message":"failed to process due to datastore timeout of 30 seconds.  operation took 120 seconds."},{"id":"c8fc4e83-e79b-4436-af8e-891a3431af2f","email":"sophia.baker@dropbox.net","message":"successfully handled skipped operation."},{"id":"d1cb762e-e694-4721-bb0c-cd758c2039e3","email":"olivia.wright@gmail.com","message":"failed to process due to datastore timeout of 30 seconds.  operation took 103 seconds."},{"id":"5ae316a2-9f3c-45fb-9847-e67beb693206","email":"nicholas.allen@microsoft.com","message":"successfully parsed message, but message temporarily enqueued while system restarts."},{"id":"93aa76e9-9dbd-4e4d-86f0-a932b7ff3753","email":"joshua.lee@gmail.com","message":"successfully processed after 2157 milliseconds."},{"id":"4fac0c5b-cc14-4b5f-8c15-eb0b4e134d32","email":"michael.hall@dropbox.net","message":"successfully processed after 2303 milliseconds."},{"id":"8af68010-e5ee-4e34-804f-fdd9e1419d02","email":"emily.taylor@gmail.com","message":"failed to process due to network exception."},{"id":"9db26f80-6e33-4c62-ae1c-dd8d35213e2c","email":"taylor.adams@gmail.com","message":"successfully handled skipped operation."},{"id":"8f29feaa-6ce7-43fa-a27f-e47b1b89b0b9","email":"joshua.lee@gmail.com","message":"successfully parsed message, but message temporarily enqueued while system restarts."},{"id":"4bd6888d-0796-4478-a3a3-23b44a34ecb2","email":"isabella.jackson@amerisave.com","message":"failed to process due to datastore timeout of 30 seconds.  operation took 33 seconds."},{"id":"28e76d30-b52e-4084-9a42-76d4ab06178e","email":"dylan.wilson@gmail.com","message":"successfully handled skipped operation."},{"id":"42e53037-7df2-43d2-bf51-673d0b04085c","email":"hannah.martin@dropbox.net","message":"successfully processed after 1453 milliseconds."},{"id":"2127a6c3-1978-4bb3-b6cb-74506f7e3b58","email":"nathan.young@microsoft.com","message":"successfully processed after 5514 milliseconds."},{"id":"9567be4e-78a8-462d-b66f-4f137598b12f","email":"tyler.nelson@microsoft.com","message":"successfully processed after 3418 milliseconds."},{"id":"5e72572a-5e87-447e-9ecd-36c0a6b5d06a","email":"alexis.brown@microsoft.com","message":"failed to process due to network exception."},{"id":"c2998e82-5269-4866-8532-fffe59d95d94","email":"mason.robinson@amerisave.com","message":"successfully parsed message, but message temporarily enqueued while system restarts."},{"id":"222313b6-880f-4c08-a469-fad0f1622758","email":"jacob.lopez@dropbox.net","message":"failed to process due to datastore timeout of 30 seconds.  operation took 117 seconds."},{"id":"d9802114-781e-4a3b-9a4f-3a21ddab84d4","email":"alexis.brown@microsoft.com","message":"failed to process due to datastore timeout of 30 seconds.  operation took 43 seconds."},{"id":"57ce0edb-3f46-4928-a972-1eb4beed7871","email":"jackson.white@gmail.com","message":"failed to process due to datastore timeout of 30 seconds.  operation took 119 seconds."},{"id":"0ad7746e-f66a-4f61-9eb5-b0aba923c9b1","email":"tyler.nelson@microsoft.com","message":"failed to process due to datastore timeout of 30 seconds.  operation took 64 seconds."},{"id":"22fe5997-759c-47b7-b28a-0f7d83045f8b","email":"jack.thompson@me.com","message":"failed to process due to network exception."},{"id":"73a1f450-7834-47ee-a82f-62d764b3492e","email":"daniel.rodriguez@amerisave.com","message":"successfully processed after 8187 milliseconds."},{"id":"0a45c12f-37b7-4e2d-bc6f-1284a7d4397e","email":"ethan.hernandez@microsoft.com","message":"successfully handled skipped operation."},{"id":"d93c8e7f-c63b-4dca-b54b-4e7aea2af304","email":"andrew.miller@gmail.com","message":"failed to process due to datastore timeout of 30 seconds.  operation took 113 seconds."},{"id":"f5ce7a19-1a60-42f2-bea9-b52145e6e681","email":"sarah.green@amerisave.com","message":"successfully parsed message, but message temporarily enqueued while system restarts."},{"id":"4347665b-d4de-4afa-b39b-d888dcd58099","email":"abigail.smith@amerisave.com","message":"failed to process due to network exception."},{"id":"9e8b84b3-d59c-42e0-bacb-47c40732039f","email":"grace.moore@gmail.com","message":"successfully processed after 773 milliseconds."},{"id":"6793cb9b-54e1-46c1-a299-d16c82458ed3","email":"nicholas.allen@microsoft.com","message":"failed to process due to network exception."},{"id":"a2374723-dca6-4ab1-8c7c-79c3651ed421","email":"emma.thomas@me.com","message":"successfully processed after 9920 milliseconds."},{"id":"910cb25f-41ba-4440-a668-468371ab8eeb","email":"joshua.lee@gmail.com","message":"failed to process due to network exception."},{"id":"e1ee7fcc-f74a-49e5-ab2d-c2b5b9eb6977","email":"ryan.king@dropbox.net","message":"successfully handled skipped operation."},{"id":"0efa7baa-f870-4d3c-8c99-d5a98a7a4ff8","email":"elizabeth.martinez@dropbox.net","message":"successfully parsed message, but message temporarily enqueued while system restarts."},{"id":"237558b2-cb82-4256-b29a-bd13b01b2f46","email":"jacob.lopez@dropbox.net","message":"successfully parsed message, but message temporarily enqueued while system restarts."},{"id":"58650069-aa1f-4a49-9de9-e81c58862108","email":"chloe.garcia@dropbox.net","message":"successfully handled skipped operation."},{"id":"f37829e7-ac91-4bd0-a669-c1a9d89a33a6","email":"aiden.johnson@microsoft.com","message":"failed to process due to network exception."}],"id":"813e4770-9681-42b6-bb9e-fe70a1f2980c"}