{"logs":[{"id":"616b6f0f-c85d-430b-adb3-09fa30b10663","email":"alyssa.jones@amerisave.com","message":"successfully processed after 8254 milliseconds."},{"id":"e00f9ef3-ed13-4dba-9798-7d2b2cf5d5e2","email":"ella.anderson@dropbox.net","message":"failed to process due to network exception."},{"id":"56c4ed8b-4e78-42a3-be53-60147c857022","email":"nicholas.allen@microsoft.com","message":"successfully parsed message, but message temporarily enqueued while system restarts."},{"id":"0ca0e8d0-21e8-45f8-b0df-4af14d51637d","email":"logan.clark@dropbox.net","message":"failed to process due to datastore timeout of 30 seconds.  operation took 68 seconds."},{"id":"271bbde5-f7a7-45a7-9dbe-a489ebe75886","email":"jack.thompson@me.com","message":"successfully processed after 1290 milliseconds."},{"id":"0cf98a12-163b-4472-8fc6-a17522b54b46","email":"emily.taylor@gmail.com","message":"failed to process due to network exception."},{"id":"c56716c5-cbbe-461e-ada9-20608d56924a","email":"ella.anderson@dropbox.net","message":"failed to process due to network exception."},{"id":"54cdc27e-5bc9-4535-b368-a6978940f0de","email":"emma.thomas@me.com","message":"successfully processed after 7032 milliseconds."},{"id":"a13a6c8b-86b7-44b4-95dd-dbe6797d532e","email":"jacob.lopez@dropbox.net","message":"failed to process due to datastore timeout of 30 seconds.  operation took 91 seconds."},{"id":"d6d4467b-80b7-4423-afbe-07341ad1666a","email":"isabella.jackson@amerisave.com","message":"failed to process due to network exception."},{"id":"7215c84d-06fc-49c3-8ae1-2430e2bea4b4","email":"ethan.hernandez@microsoft.com","message":"successfully handled skipped operation."},{"id":"41f1f104-f8fe-4720-a58d-48aeb2825c2e","email":"matthew.walker@amerisave.com","message":"successfully handled skipped operation."},{"id":"13fe627e-fb9c-435a-b516-07a48476bbcf","email":"daniel.rodriguez@amerisave.com","message":"successfully parsed message, but message temporarily enqueued while system restarts."},{"id":"b5182dc6-60b0-48b1-a24c-c50d66e6ca7e","email":"hannah.martin@dropbox.net","message":"successfully handled skipped operation."},{"id":"ec531b32-c394-44ef-8621-7a3409bd6231","email":"chloe.garcia@dropbox.net","message":"successfully processed after 2507 milliseconds."},{"id":"f945770b-ab73-42e0-9404-3cb96f26f9dc","email":"michael.hall@dropbox.net","message":"successfully parsed message, but message temporarily enqueued while system restarts."},{"id":"f8cbf201-307c-4f05-9fbf-77e2b432bb52","email":"samantha.scott@me.com","message":"successfully processed after 5898 milliseconds."},{"id":"e8f665c6-2b9e-4017-af36-e348aa17f5f8","email":"jackson.white@gmail.com","message":"successfully parsed message, but message temporarily enqueued while system restarts."},{"id":"c339704d-2f58-4c05-9afa-680014be055d","email":"noah.sanchez@me.com","message":"successfully parsed message, but message temporarily enqueued while system restarts."},{"id":"ae767ed7-dcbf-4b86-92f4-b073322eb13f","email":"ethan.hernandez@microsoft.com","message":"successfully handled skipped operation."},{"id":"72a940fc-4768-4af3-bb8d-d774ea25168f","email":"ella.anderson@dropbox.net","message":"failed to process due to datastore timeout of 30 seconds.  operation took 70 seconds."},{"id":"f2b62354-c4f2-4fcd-9890-3d26fff67b82","email":"andrew.miller@gmail.com","message":"failed to process due to network exception."},{"id":"c66e16e4-534d-495d-8ee4-c4304341db44","email":"sophia.baker@dropbox.net","message":"failed to process due to network exception."},{"id":"8a1d4f61-e17a-4f9c-b368-7cb8446ccb7e","email":"matthew.walker@amerisave.com","message":"failed to process due to network exception."},{"id":"3650f7ba-8b56-438d-a8ee-b2357561fd98","email":"elizabeth.martinez@dropbox.net","message":"failed to process due to datastore timeout of 30 seconds.  operation took 121 seconds."},{"id":"3813aafb-93cf-4e9c-a414-7eac2158d618","email":"tyler.nelson@microsoft.com","message":"successfully processed after 7486 milliseconds."},{"id":"ae4728e3-40e6-4268-aecf-da73fa894172","email":"elizabeth.martinez@dropbox.net","message":"successfully parsed message, but message temporarily enqueued while system restarts."},{"id":"34ab9fac-496f-48bf-b852-57a29f218a84","email":"madison.lewis@gmail.com","message":"successfully parsed message, but message temporarily enqueued while system restarts."},{"id":"55471ad0-c186-41ad-8105-5d8213272276","email":"ava.davis@gmail.com","message":"failed to process due to network exception."},{"id":"fc02ed71-89a4-4a82-86cb-b362f4ae63a1","email":"aiden.johnson@microsoft.com","message":"failed to process due to datastore timeout of 30 seconds.  operation took 61 seconds."},{"id":"a559f06a-b54f-4371-83c4-6cbf847032b1","email":"alexander.williams@gmail.com","message":"successfully parsed message, but message temporarily enqueued while system restarts."},{"id":"f401f70e-6314-4f29-9722-1fc5a120494b","email":"daniel.rodriguez@amerisave.com","message":"failed to process due to network exception."},{"id":"3f6f0de6-8cc9-47ca-8c04-2b3c9c6eb34b","email":"nathan.young@microsoft.com","message":"failed to process due to network exception."},{"id":"9ebbdbed-9d7a-4d2f-86a2-e97a6e10ea03","email":"ryan.king@dropbox.net","message":"successfully processed after 1004 milliseconds."},{"id":"99e29613-d5af-41b3-9e48-c2c85a8f0cf6","email":"jacob.lopez@dropbox.net","message":"successfully parsed message, but message temporarily enqueued while system restarts."},{"id":"fa6997d2-68f6-4245-8264-19a37dcda56b","email":"hannah.martin@dropbox.net","message":"failed to process due to network exception."},{"id":"1bda7690-9fbf-470f-875a-4d61527f6108","email":"michael.hall@dropbox.net","message":"successfully handled skipped operation."},{"id":"5f27d40d-fcda-48bd-87f8-67c29918e816","email":"madison.lewis@gmail.com","message":"successfully handled skipped operation."},{"id":"8edae4dc-ab8e-4c43-b5ef-b09a5e4a0e17","email":"ryan.king@dropbox.net","message":"failed to process due to datastore timeout of 30 seconds.  operation took 94 seconds."},{"id":"27e12647-29fe-4c25-bf56-7c2cf662dcb6","email":"michael.hall@dropbox.net","message":"successfully handled skipped operation."},{"id":"06268835-2842-40f7-9525-3427af8667b2","email":"joshua.lee@gmail.com","message":"successfully parsed message, but message temporarily enqueued while system restarts."},{"id":"4ea761ba-93f4-4c11-88d6-d1fa51c3b2e4","email":"joshua.lee@gmail.com","message":"successfully parsed message, but message temporarily enqueued while system restarts."},{"id":"a8e6f175-915d-425e-88be-f8f8ad2f8790","email":"olivia.wright@gmail.com","message":"failed to process due to datastore timeout of 30 seconds.  operation took 88 seconds."},{"id":"4f535bc4-441f-4f59-b452-ad5c8e26b972","email":"taylor.adams@gmail.com","message":"successfully processed after 9467 milliseconds."},{"id":"a0600495-329a-40e1-a446-3271ab9c4c7d","email":"isabella.jackson@amerisave.com","message":"successfully processed after 5520 milliseconds."},{"id":"580d6430-96a1-47f0-9915-a892e42cf5ab","email":"alyssa.jones@amerisave.com","message":"successfully processed after 6797 milliseconds."},{"id":"0a0d427a-80b0-4343-a2c7-30ae4307cbff","email":"alyssa.jones@amerisave.com","message":"failed to process due to datastore timeout of 30 seconds.  operation took 118 seconds."},{"id":"04b0ddcf-4161-432b-8638-273f1d6076ce","email":"matthew.walker@amerisave.com","message":"failed to process due to datastore timeout of 30 seconds.  operation took 121 seconds."},{"id":"5c0288e1-35e7-4871-9aac-0ad0018e8075","email":"elizabeth.martinez@dropbox.net","message":"failed to process due to datastore timeout of 30 seconds.  operation took 87 seconds."},{"id":"646d768a-0696-4bd9-adfe-812b2d23032b","email":"alyssa.jones@amerisave.com","message":"failed to process due to network exception."},{"id":"bbaf824e-2bb9-4a43-9441-7b35be911f1e","email":"andrew.miller@gmail.com","message":"successfully processed after 9413 milliseconds."},{"id":"e928dff3-70f0-4fd0-90b3-c515fadc8f7c","email":"ella.anderson@dropbox.net","message":"failed to process due to network exception."},{"id":"c564e7c5-56ff-4bfa-a9e4-912d9a3990e7","email":"olivia.wright@gmail.com","message":"failed to process due to datastore timeout of 30 seconds.  operation took 35 seconds."},{"id":"bcb04632-ca1f-4957-be8a-35da137fe08b","email":"aiden.johnson@microsoft.com","message":"successfully parsed message, but message temporarily enqueued while system restarts."},{"id":"24b0a3b0-7ad8-4e79-97ae-081b48c8dd99","email":"ryan.king@dropbox.net","message":"successfully handled skipped operation."},{"id":"2e5ea3da-2a56-4bff-91a4-aa7cd99142da","email":"hannah.martin@dropbox.net","message":"failed to process due to network exception."},{"id":"b8ee482e-e5bd-490a-ae23-5346b5e4571a","email":"alexis.brown@microsoft.com","message":"failed to process due to datastore timeout of 30 seconds.  operation took 128 seconds."},{"id":"1817e76a-a7c2-4115-9879-09b84ddf282e","email":"mason.robinson@amerisave.com","message":"failed to process due to datastore timeout of 30 seconds.  operation took 42 seconds."},{"id":"d2bf00e3-0a6d-48bc-bdc1-abb972da561d","email":"andrew.miller@gmail.com","message":"failed to process due to datastore timeout of 30 seconds.  operation took 45 seconds."},{"id":"80fd0920-4c49-4070-9e79-6c0068d72ef0","email":"jack.thompson@me.com","message":"successfully processed after 8875 milliseconds."},{"id":"ace1091c-d246-4c7d-88e2-73f21ab0a52b","email":"aiden.johnson@microsoft.com","message":"successfully handled skipped operation."},{"id":"4b615e91-c10a-47d3-b92e-eac9e8def3f0","email":"jackson.white@gmail.com","message":"failed to process due to datastore timeout of 30 seconds.  operation took 49 seconds."},{"id":"bf7baf01-3e89-40b2-93d2-40d44cb001c2","email":"taylor.adams@gmail.com","message":"failed to process due to datastore timeout of 30 seconds.  operation took 93 seconds."},{"id":"749403ba-7369-4668-95d3-d5e0c7df67c2","email":"grace.moore@gmail.com","message":"successfully parsed message, but message temporarily enqueued while system restarts."},{"id":"0e09dec9-ff5c-4ef3-b0a4-836353db6e51","email":"nathan.young@microsoft.com","message":"successfully processed after 8813 milliseconds."},{"id":"17c608cb-8595-486b-b27e-a84871ef8690","email":"hannah.martin@dropbox.net","message":"failed to process due to network exception."},{"id":"42543447-f7d0-4ea1-a295-e52bb98130d5","email":"matthew.walker@amerisave.com","message":"successfully processed after 5370 milliseconds."},{"id":"6fc0fff7-79be-47a0-9f9d-09b8cd013462","email":"jacob.lopez@dropbox.net","message":"failed to process due to datastore timeout of 30 seconds.  operation took 94 seconds."},{"id":"4c14c4e8-05ee-4831-b188-8d68da690ea3","email":"taylor.adams@gmail.com","message":"successfully parsed message, but message temporarily enqueued while system restarts."},{"id":"daa69a06-2380-4a6f-8f25-e33e31d47861","email":"nicholas.allen@microsoft.com","message":"successfully handled skipped operation."},{"id":"df70fbf8-c2b0-4f01-9e40-6e3bead7511b","email":"isabella.jackson@amerisave.com","message":"successfully handled skipped operation."},{"id":"f0238138-52b2-497d-9480-a7a9d3c050be","email":"chloe.garcia@dropbox.net","message":"failed to process due to datastore timeout of 30 seconds.  operation took 104 seconds."},{"id":"19752f59-047f-43b9-b0e3-bcf7c61c5d61","email":"madison.lewis@gmail.com","message":"successfully processed after 2403 milliseconds."},{"id":"5bf1d3fa-39fa-4a3d-a164-a2be654dff50","email":"liam.gonzalez@me.com","message":"successfully handled skipped operation."},{"id":"3080e869-06da-4f5a-ba99-df7f98dfeac7","email":"ella.anderson@dropbox.net","message":"failed to process due to datastore timeout of 30 seconds.  operation took 114 seconds."},{"id":"fb6862f3-6a16-4c2d-9f39-c7ca0186ef71","email":"chloe.garcia@dropbox.net","message":"successfully handled skipped operation."},{"id":"d12e52c3-3a18-4496-83ee-f266143759e7","email":"ryan.king@dropbox.net","message":"failed to process due to network exception."},{"id":"670fb065-2f06-4489-ad32-d86fbbbe7d0c","email":"jackson.white@gmail.com","message":"successfully processed after 7933 milliseconds."},{"id":"544c47bc-9faa-4217-9432-86864d560341","email":"alexander.williams@gmail.com","message":"successfully handled skipped operation."},{"id":"486fe734-fe73-419c-9c94-951fd13fe3d7","email":"ryan.king@dropbox.net","message":"successfully processed after 7802 milliseconds."},{"id":"319dad4d-01e1-4733-bf6c-9fbd0694095f","email":"emily.taylor@gmail.com","message":"failed to process due to network exception."},{"id":"074eb22e-3205-4021-a225-bb3ec88cbb7d","email":"alyssa.jones@amerisave.com","message":"successfully processed after 7648 milliseconds."},{"id":"d3fe1586-4756-441a-b9ef-12a979b4577d","email":"tyler.nelson@microsoft.com","message":"successfully parsed message, but message temporarily enqueued while system restarts."},{"id":"e9a47e01-261a-4dc8-a163-c683f0245739","email":"emily.taylor@gmail.com","message":"successfully processed after 5413 milliseconds."},{"id":"d83a0577-3e48-4e6f-b005-c05d8756e120","email":"sarah.green@amerisave.com","message":"successfully parsed message, but message temporarily enqueued while system restarts."},{"id":"461e32f0-a46c-4f34-8c63-270f4c4f7fb0","email":"noah.sanchez@me.com","message":"successfully processed after 6198 milliseconds."},{"id":"03a271a8-ddca-4a4c-867c-dd20580e8cbb","email":"hannah.martin@dropbox.net","message":"failed to process due to datastore timeout of 30 seconds.  operation took 85 seconds."},{"id":"9e21566c-724c-444f-bd28-43bc4a325b6e","email":"sophia.baker@dropbox.net","message":"failed to process due to datastore timeout of 30 seconds.  operation took 104 seconds."},{"id":"f5c939ef-78b0-40df-a532-eb7ac041d4cc","email":"alyssa.jones@amerisave.com","message":"successfully handled skipped operation."},{"id":"b8c61444-c381-406e-aedb-c94ca5a585e7","email":"logan.clark@dropbox.net","message":"successfully parsed message, but message temporarily enqueued while system restarts."},{"id":"733758a0-863a-48c4-a7df-0d2a8d7b0c5e","email":"logan.clark@dropbox.net","message":"successfully parsed message, but message temporarily enqueued while system restarts."},{"id":"243796a6-1e32-4be6-a838-bd9a2ebbbdef","email":"elizabeth.martinez@dropbox.net","message":"failed to process due to network exception."},{"id":"5b34fbbc-507b-4a02-8fca-04e0d00c1949","email":"sarah.green@amerisave.com","message":"failed to process due to datastore timeout of 30 seconds.  operation took 32 seconds."},{"id":"3c62ceca-145c-45c3-a3bf-abf91ebacce9","email":"michael.hall@dropbox.net","message":"successfully handled skipped operation."},{"id":"26503862-660a-4412-a4c5-a99ed7f897b4","email":"aiden.johnson@microsoft.com","message":"successfully parsed message, but message temporarily enqueued while system restarts."},{"id":"e84011d3-c489-4da1-9ab7-3f2da51c7a54","email":"mason.robinson@amerisave.com","message":"failed to process due to datastore timeout of 30 seconds.  operation took 42 seconds."},{"id":"cae16df6-590e-4ffb-85c1-94c38484549a","email":"sophia.baker@dropbox.net","message":"successfully processed after 6580 milliseconds."},{"id":"386d7c1e-2b7e-47e7-86d5-f072dd2f1f05","email":"tyler.nelson@microsoft.com","message":"successfully handled skipped operation."},{"id":"5ccbe9f2-210a-4dc8-8b86-50508c6daedc","email":"olivia.wright@gmail.com","message":"failed to process due to network exception."},{"id":"5fb378b0-f122-4b77-9365-fc4c72c4c747","email":"ava.davis@gmail.com","message":"successfully processed after 1864 milliseconds."},{"id":"cb3c6ab2-0ff1-46b4-a404-c49a3031cb2e","email":"mia.perez@me.com","message":"successfully processed after 6488 milliseconds."},{"id":"209ca691-2de0-4777-9fcb-b92f39507c5a","email":"tyler.nelson@microsoft.com","message":"failed to process due to network exception."},{"id":"04c0a0e8-3f95-4ca3-8daf-46a53796cead","email":"liam.gonzalez@me.com","message":"failed to process due to datastore timeout of 30 seconds.  operation took 98 seconds."},{"id":"1c51a7d5-fef0-4a7d-b3ae-d33cb2a4e85e","email":"dylan.wilson@gmail.com","message":"successfully handled skipped operation."},{"id":"57d5bfbc-1854-41dc-9322-3624ee8ac339","email":"jacob.lopez@dropbox.net","message":"successfully processed after 7017 milliseconds."},{"id":"7a109e0e-f1a8-4ea5-a68c-6bbe7646f982","email":"grace.moore@gmail.com","message":"failed to process due to network exception."},{"id":"7b700382-fb75-481d-aab2-8e49c9d5d627","email":"matthew.walker@amerisave.com","message":"successfully processed after 1987 milliseconds."},{"id":"3d42a69e-fd07-4063-b016-b4621e123427","email":"liam.gonzalez@me.com","message":"successfully parsed message, but message temporarily enqueued while system restarts."},{"id":"d9b2bc6d-4d2f-4d71-99fa-9b7e11224152","email":"isabella.jackson@amerisave.com","message":"successfully processed after 3163 milliseconds."},{"id":"1352c6e3-20f4-4aa5-b389-be2dc6884761","email":"andrew.miller@gmail.com","message":"successfully parsed message, but message temporarily enqueued while system restarts."},{"id":"f140ce09-34d4-4cac-940e-5021237adb52","email":"jackson.white@gmail.com","message":"failed to process due to network exception."},{"id":"1bd72e81-0e72-4e28-adee-47bea8edb1e0","email":"dylan.wilson@gmail.com","message":"failed to process due to network exception."},{"id":"860bbe7c-025e-45cd-bf79-f62365403df8","email":"daniel.rodriguez@amerisave.com","message":"failed to process due to network exception."},{"id":"7289bfd5-a889-4d7b-a175-1034da58ca46","email":"elizabeth.martinez@dropbox.net","message":"successfully handled skipped operation."},{"id":"ec87850d-5544-4470-9455-cd409b209081","email":"logan.clark@dropbox.net","message":"successfully parsed message, but message temporarily enqueued while system restarts."},{"id":"34f9e877-28d4-493e-ba15-5066beaa76b3","email":"hannah.martin@dropbox.net","message":"successfully handled skipped operation."},{"id":"c0c0a208-020c-478f-8a72-828bff657aee","email":"olivia.wright@gmail.com","message":"successfully parsed message, but message temporarily enqueued while system restarts."},{"id":"065d1bcd-ac65-45e6-bcf0-8d311386e992","email":"emily.taylor@gmail.com","message":"successfully processed after 5778 milliseconds."},{"id":"5bce2a57-c8f3-4d42-9d23-54703ae23c13","email":"matthew.walker@amerisave.com","message":"failed to process due to datastore timeout of 30 seconds.  operation took 40 seconds."},{"id":"05172c9b-e7fa-4009-8bb3-9e923f9638a0","email":"elizabeth.martinez@dropbox.net","message":"successfully parsed message, but message temporarily enqueued while system restarts."},{"id":"7075821e-6ee4-4c09-ab65-2f7689d408f8","email":"ella.anderson@dropbox.net","message":"successfully handled skipped operation."},{"id":"5bc14b22-e8b6-4323-87f3-70ff256ee39f","email":"daniel.rodriguez@amerisave.com","message":"failed to process due to datastore timeout of 30 seconds.  operation took 96 seconds."},{"id":"57d10378-d70d-4965-9e2a-72d02b54a584","email":"ryan.king@dropbox.net","message":"successfully handled skipped operation."},{"id":"bb823726-7be4-474b-931a-bb25dea7a241","email":"sophia.baker@dropbox.net","message":"failed to process due to datastore timeout of 30 seconds.  operation took 108 seconds."},{"id":"1c4a4b4a-a745-4492-9f50-297d93f03ddd","email":"alyssa.jones@amerisave.com","message":"successfully handled skipped operation."},{"id":"b8ead01e-09d8-4c39-bcfe-c5649d02b002","email":"mia.perez@me.com","message":"successfully handled skipped operation."},{"id":"a20bc46f-9a84-4f4a-a236-3bcb0b25abfd","email":"emma.thomas@me.com","message":"failed to process due to datastore timeout of 30 seconds.  operation took 122 seconds."},{"id":"9cda54aa-a4db-4fdf-8ab6-44c4955a97c8","email":"liam.gonzalez@me.com","message":"failed to process due to datastore timeout of 30 seconds.  operation took 52 seconds."},{"id":"4efd4698-0e6b-44dc-a35e-78fa0b5f1b73","email":"michael.hall@dropbox.net","message":"successfully handled skipped operation."},{"id":"83311abd-5e95-42a5-80e4-4b24042f269a","email":"ava.davis@gmail.com","message":"successfully processed after 2031 milliseconds."},{"id":"3f8259f6-ba32-4b4e-8349-61ab4339a90f","email":"dylan.wilson@gmail.com","message":"failed to process due to network exception."},{"id":"3ea75267-ffa8-4221-bf02-c818e388bd29","email":"emily.taylor@gmail.com","message":"successfully handled skipped operation."},{"id":"3a6c8df6-f6a0-4c64-9400-dd037f8f45ce","email":"mia.perez@me.com","message":"failed to process due to network exception."},{"id":"e6c11ab9-b7d2-4785-bac3-80c2cc94aab1","email":"lily.harris@gmail.com","message":"successfully handled skipped operation."},{"id":"0593b0a7-c747-4dcd-b2e3-3814ef87f9bd","email":"liam.gonzalez@me.com","message":"failed to process due to datastore timeout of 30 seconds.  operation took 85 seconds."},{"id":"b9b42705-796b-4b74-8326-c20f4e4c2c50","email":"olivia.wright@gmail.com","message":"successfully handled skipped operation."},{"id":"cde1f2fe-dc6b-414c-9371-cf7bca2cadbe","email":"emma.thomas@me.com","message":"successfully handled skipped operation."},{"id":"57258432-f05a-459c-8d79-72ae2480c36d","email":"ryan.king@dropbox.net","message":"successfully handled skipped operation."},{"id":"b1fe8364-1785-45cd-8150-f0ce251e0a2b","email":"chloe.garcia@dropbox.net","message":"successfully handled skipped operation."},{"id":"897205b1-a590-41ac-beda-f208c592a379","email":"andrew.miller@gmail.com","message":"successfully parsed message, but message temporarily enqueued while system restarts."},{"id":"77d68ee4-512b-413a-a18b-b0b9f9d18f66","email":"chloe.garcia@dropbox.net","message":"successfully handled skipped operation."},{"id":"49755226-8dc3-470d-b380-4603cb7541ad","email":"samantha.scott@me.com","message":"successfully processed after 8650 milliseconds."},{"id":"7f57572b-1e9a-4df3-b0fc-f967f6fe89c4","email":"ava.davis@gmail.com","message":"successfully handled skipped operation."},{"id":"25008376-b160-4295-a446-ac6971ff8111","email":"jack.thompson@me.com","message":"failed to process due to network exception."},{"id":"1672b5fc-f656-4fdb-a3da-d0339890a4c4","email":"mia.perez@me.com","message":"successfully handled skipped operation."},{"id":"51634a1c-b605-4304-89fd-530df09ec1ba","email":"madison.lewis@gmail.com","message":"successfully handled skipped operation."},{"id":"946d4597-92c3-4021-b296-84839a3e951e","email":"jack.thompson@me.com","message":"successfully parsed message, but message temporarily enqueued while system restarts."},{"id":"e6657b83-9608-43d4-adfa-91542aec1b0b","email":"joshua.lee@gmail.com","message":"successfully parsed message, but message temporarily enqueued while system restarts."},{"id":"28a0d7d7-28a5-4085-a3ae-5f992e036405","email":"abigail.smith@amerisave.com","message":"failed to process due to datastore timeout of 30 seconds.  operation took 113 seconds."},{"id":"38b0d8c7-963a-42f4-a029-0a34c06debe4","email":"noah.sanchez@me.com","message":"successfully processed after 3844 milliseconds."},{"id":"72cc9239-5e71-4c23-b6be-82dfff772310","email":"daniel.rodriguez@amerisave.com","message":"successfully parsed message, but message temporarily enqueued while system restarts."},{"id":"4c078a39-b04c-40f9-9d78-9a5f79e9424c","email":"mason.robinson@amerisave.com","message":"failed to process due to datastore timeout of 30 seconds.  operation took 40 seconds."},{"id":"f00e892f-df97-4d0c-ad5d-f892453b4e44","email":"grace.moore@gmail.com","message":"failed to process due to network exception."},{"id":"39a9725d-5d76-4114-b0c9-9e959d7e2cd9","email":"logan.clark@dropbox.net","message":"successfully parsed message, but message temporarily enqueued while system restarts."},{"id":"7dcd0536-484e-4062-bd09-2402b6f3432f","email":"jackson.white@gmail.com","message":"successfully handled skipped operation."},{"id":"c6d0eb56-9c56-42a7-a10a-ea58ce8add07","email":"grace.moore@gmail.com","message":"successfully processed after 5512 milliseconds."},{"id":"6e8faa97-19b4-43e5-8dc0-538e4bb25908","email":"elizabeth.martinez@dropbox.net","message":"failed to process due to network exception."},{"id":"c72ae6d7-5ab7-4327-86f4-b9ad3186f41f","email":"alyssa.jones@amerisave.com","message":"successfully parsed message, but message temporarily enqueued while system restarts."},{"id":"795ec015-1d32-4dc8-9c37-3abe83ad039e","email":"jackson.white@gmail.com","message":"failed to process due to datastore timeout of 30 seconds.  operation took 47 seconds."},{"id":"51f1ed0e-9693-44c2-8357-54448f088f48","email":"samantha.scott@me.com","message":"successfully handled skipped operation."},{"id":"e625e2b3-1e25-4c69-9f1d-78246f85771d","email":"jacob.lopez@dropbox.net","message":"failed to process due to network exception."},{"id":"6e7c4837-1415-485a-b005-911ab8bfc753","email":"aiden.johnson@microsoft.com","message":"failed to process due to network exception."},{"id":"7c87266a-9754-4c4d-8780-df53bb7e2868","email":"grace.moore@gmail.com","message":"successfully parsed message, but message temporarily enqueued while system restarts."},{"id":"5e2ac25a-c5bb-4af4-a0c0-d91882148000","email":"ava.davis@gmail.com","message":"failed to process due to datastore timeout of 30 seconds.  operation took 33 seconds."},{"id":"90d686ae-373e-4ca8-a97c-86def596d43d","email":"taylor.adams@gmail.com","message":"successfully processed after 3789 milliseconds."},{"id":"8dc77f47-d12f-45e8-9b44-f673be16f9a8","email":"ethan.hernandez@microsoft.com","message":"successfully handled skipped operation."},{"id":"ffe7f775-1bee-4f1a-9955-e64669ff0f3a","email":"logan.clark@dropbox.net","message":"successfully handled skipped operation."},{"id":"4b55b095-e21e-4610-8e5d-aed4499750bd","email":"ryan.king@dropbox.net","message":"successfully processed after 2017 milliseconds."},{"id":"f06977a1-d8ab-410c-9b84-a538fefb9038","email":"samantha.scott@me.com","message":"successfully parsed message, but message temporarily enqueued while system restarts."},{"id":"4bba3e43-342e-425f-9eed-910c2e6279ab","email":"jackson.white@gmail.com","message":"successfully handled skipped operation."},{"id":"7216da8d-7cb9-4391-b19a-af18f457b9fc","email":"logan.clark@dropbox.net","message":"successfully parsed message, but message temporarily enqueued while system restarts."},{"id":"82b22535-33d1-47b0-84d8-ec13a81c8176","email":"alexander.williams@gmail.com","message":"failed to process due to datastore timeout of 30 seconds.  operation took 73 seconds."},{"id":"ceb64f64-d042-4cd3-8a0e-8a3985f877e9","email":"samantha.scott@me.com","message":"failed to process due to datastore timeout of 30 seconds.  operation took 77 seconds."},{"id":"185ac004-4cce-491a-ae10-e589f7924219","email":"daniel.rodriguez@amerisave.com","message":"successfully processed after 4387 milliseconds."},{"id":"c7bb1c5d-b803-4420-97df-467eb925f446","email":"ella.anderson@dropbox.net","message":"successfully parsed message, but message temporarily enqueued while system restarts."},{"id":"5a9e892b-1891-4547-b840-d14fed4de628","email":"ryan.king@dropbox.net","message":"failed to process due to datastore timeout of 30 seconds.  operation took 48 seconds."},{"id":"4fa23642-ecec-440d-9558-295fbe703372","email":"ethan.hernandez@microsoft.com","message":"successfully processed after 5544 milliseconds."},{"id":"b2906a80-1ee0-436f-b8a0-9b6a2b59b9d5","email":"ella.anderson@dropbox.net","message":"successfully handled skipped operation."},{"id":"4cf4e86e-e03f-4b57-9d3e-320b93af532c","email":"emma.thomas@me.com","message":"successfully parsed message, but message temporarily enqueued while system restarts."},{"id":"9e03a739-f7bc-4e6f-a0ec-aef1c018eeb6","email":"ava.davis@gmail.com","message":"successfully handled skipped operation."},{"id":"4f7c9687-6094-4790-a0d3-0210608dd516","email":"lily.harris@gmail.com","message":"failed to process due to network exception."},{"id":"cf3cff4a-3664-404e-af2f-f083c0d23c0a","email":"noah.sanchez@me.com","message":"successfully parsed message, but message temporarily enqueued while system restarts."},{"id":"65db0dd2-7d3b-4479-b8eb-5a90cf4c5ec0","email":"nathan.young@microsoft.com","message":"successfully processed after 3678 milliseconds."},{"id":"0244ca57-02eb-4766-91fc-385c7d80e74c","email":"jack.thompson@me.com","message":"failed to process due to datastore timeout of 30 seconds.  operation took 57 seconds."},{"id":"bb918bf9-dd99-4791-bb60-a55f68867f45","email":"chloe.garcia@dropbox.net","message":"failed to process due to network exception."},{"id":"2ac56ac9-b261-4a89-9745-7df0d765cf87","email":"madison.lewis@gmail.com","message":"failed to process due to network exception."},{"id":"f8d4a2ff-bb1e-403f-a17a-7b1863428fd3","email":"olivia.wright@gmail.com","message":"successfully handled skipped operation."},{"id":"416dcb05-be7b-4d18-b68d-b311f38f80cc","email":"nathan.young@microsoft.com","message":"successfully parsed message, but message temporarily enqueued while system restarts."},{"id":"b649efa7-50f9-4e7f-a7fd-df7938f869bb","email":"dylan.wilson@gmail.com","message":"failed to process due to network exception."},{"id":"3a0fcc98-4b8d-407a-bd51-c60e625991af","email":"matthew.walker@amerisave.com","message":"failed to process due to network exception."},{"id":"b64539b4-8392-4419-9009-805b404bb911","email":"mia.perez@me.com","message":"failed to process due to network exception."},{"id":"c377818f-559a-4540-88cd-e6697a3adcf7","email":"isabella.jackson@amerisave.com","message":"failed to process due to datastore timeout of 30 seconds.  operation took 53 seconds."},{"id":"f4a3c8d8-67ca-4d03-abd8-05a536adbac0","email":"tyler.nelson@microsoft.com","message":"successfully handled skipped operation."},{"id":"a10bc08e-16bd-4501-bee2-98d5b79e0378","email":"lily.harris@gmail.com","message":"failed to process due to datastore timeout of 30 seconds.  operation took 98 seconds."},{"id":"4b78ae35-1da3-4cab-973e-8c1e4cfdad94","email":"alexander.williams@gmail.com","message":"failed to process due to network exception."},{"id":"9cb31239-42d5-4cde-9d00-2fd3118124fc","email":"dylan.wilson@gmail.com","message":"successfully parsed message, but message temporarily enqueued while system restarts."},{"id":"9d028bb8-20eb-4f22-9c5e-b8f8c65dab60","email":"samantha.scott@me.com","message":"successfully parsed message, but message temporarily enqueued while system restarts."},{"id":"0df99ca6-6069-40bc-a07e-97a3dbeb26b9","email":"ryan.king@dropbox.net","message":"successfully processed after 1674 milliseconds."},{"id":"99ba4f46-5552-4be3-b4b2-a172fa4175e3","email":"ethan.hernandez@microsoft.com","message":"failed to process due to datastore timeout of 30 seconds.  operation took 50 seconds."},{"id":"70efbf89-91ab-4b30-ae1f-f94d92adb333","email":"chloe.garcia@dropbox.net","message":"failed to process due to network exception."},{"id":"08b3c905-fe9e-4bc6-9414-5093617dfad1","email":"nicholas.allen@microsoft.com","message":"successfully handled skipped operation."},{"id":"5e307b71-78d5-478e-86b5-02151109ff85","email":"taylor.adams@gmail.com","message":"successfully parsed message, but message temporarily enqueued while system restarts."},{"id":"15f0c0a6-8780-4f33-b94a-41a5c70adafd","email":"tyler.nelson@microsoft.com","message":"successfully handled skipped operation."},{"id":"4a6016b0-a915-4400-a00f-31f564e14b0f","email":"alyssa.jones@amerisave.com","message":"successfully parsed message, but message temporarily enqueued while system restarts."},{"id":"662ed11c-69da-4041-832c-0629901ad8c8","email":"alexis.brown@microsoft.com","message":"successfully parsed message, but message temporarily enqueued while system restarts."},{"id":"7e9018f7-e3ab-4ab3-9a78-77ba301fb63c","email":"jacob.lopez@dropbox.net","message":"failed to process due to network exception."},{"id":"0b5db2f6-7156-455c-85c8-b95b3407b861","email":"jack.thompson@me.com","message":"successfully handled skipped operation."},{"id":"9f946f26-4d42-4e93-ab4b-751e7c4fc037","email":"alexander.williams@gmail.com","message":"successfully parsed message, but message temporarily enqueued while system restarts."},{"id":"7e81d697-42ac-4fb3-973d-e4087722b3bc","email":"samantha.scott@me.com","message":"failed to process due to datastore timeout of 30 seconds.  operation took 75 seconds."},{"id":"98af1307-3de9-46e3-b7ea-1aa67298e4c6","email":"ava.davis@gmail.com","message":"failed to process due to datastore timeout of 30 seconds.  operation took 98 seconds."},{"id":"91f482d2-5a7a-4302-b073-ed8962ea7182","email":"alexander.williams@gmail.com","message":"successfully processed after 6974 milliseconds."},{"id":"79103463-882a-428e-a542-531650cb46ff","email":"mia.perez@me.com","message":"successfully processed after 2585 milliseconds."},{"id":"730ef1d6-610b-408f-ba6e-9b9d80035aec","email":"isabella.jackson@amerisave.com","message":"successfully parsed message, but message temporarily enqueued while system restarts."},{"id":"94b8c64f-2141-4ef4-af4e-be51bce01134","email":"dylan.wilson@gmail.com","message":"failed to process due to network exception."},{"id":"cfad14ef-5204-4181-8686-2ed0aa0dcabe","email":"emily.taylor@gmail.com","message":"successfully handled skipped operation."},{"id":"01fe266e-ea5a-4aaa-a72c-a56954a3b77b","email":"matthew.walker@amerisave.com","message":"failed to process due to network exception."},{"id":"6dfb73cc-82fa-4230-a611-c097e45ef45f","email":"daniel.rodriguez@amerisave.com","message":"successfully parsed message, but message temporarily enqueued while system restarts."},{"id":"0d16c2de-6925-4208-a1ac-b3ef54f33dee","email":"ella.anderson@dropbox.net","message":"successfully parsed message, but message temporarily enqueued while system restarts."},{"id":"11b352ef-2884-4ba2-a5d4-01976df416d0","email":"jackson.white@gmail.com","message":"successfully handled skipped operation."},{"id":"9d85d9e4-10c3-491c-8520-0fcbfc6c1e2c","email":"taylor.adams@gmail.com","message":"failed to process due to network exception."},{"id":"1a03641b-3072-462b-97d5-4f1d1d3c6b95","email":"jackson.white@gmail.com","message":"successfully parsed message, but message temporarily enqueued while system restarts."},{"id":"29557a97-e37e-47a9-9c56-3fbef64b01b7","email":"tyler.nelson@microsoft.com","message":"failed to process due to network exception."},{"id":"79e097c3-5357-4997-b1ee-5ad2094a935e","email":"isabella.jackson@amerisave.com","message":"successfully handled skipped operation."},{"id":"ff8d1d19-b482-45d7-924e-33361bf53bc7","email":"jacob.lopez@dropbox.net","message":"successfully parsed message, but message temporarily enqueued while system restarts."},{"id":"32c179b8-e9ac-4114-bb5d-62623b75df97","email":"alyssa.jones@amerisave.com","message":"successfully handled skipped operation."},{"id":"2b3ee996-c051-41f0-9658-b4ffe2b63541","email":"dylan.wilson@gmail.com","message":"failed to process due to network exception."},{"id":"948a3817-3d38-4908-b11c-a56f3f74b3ef","email":"ryan.king@dropbox.net","message":"failed to process due to network exception."},{"id":"f7c3b2ce-bbb1-42b8-8e2e-e93e2c4bfe7c","email":"hannah.martin@dropbox.net","message":"failed to process due to datastore timeout of 30 seconds.  operation took 76 seconds."},{"id":"5ce329ea-7169-4181-bd71-b8fe084c8993","email":"nathan.young@microsoft.com","message":"failed to process due to datastore timeout of 30 seconds.  operation took 92 seconds."},{"id":"e4c0c659-9fc5-4765-9c03-be06a46cdc86","email":"mia.perez@me.com","message":"failed to process due to network exception."},{"id":"6eb7850a-f8bc-48ee-9a77-b278c5d27203","email":"abigail.smith@amerisave.com","message":"successfully handled skipped operation."},{"id":"a2f8e551-c22e-41cf-8096-570210752b0b","email":"aiden.johnson@microsoft.com","message":"successfully handled skipped operation."},{"id":"e2c06dc2-4a8a-46c7-84b4-6fafd8771f2f","email":"jack.thompson@me.com","message":"failed to process due to network exception."},{"id":"5de1b06f-2c89-49ca-bb95-7d6e827de6d9","email":"grace.moore@gmail.com","message":"successfully processed after 8957 milliseconds."},{"id":"4d0656f0-6951-4a1a-ac88-c8a74d03dc32","email":"jack.thompson@me.com","message":"failed to process due to network exception."},{"id":"f0a27653-22ae-40dc-8684-8a7474e98dc0","email":"mia.perez@me.com","message":"successfully handled skipped operation."},{"id":"86281875-d93a-4c6f-9b69-57ee923365b9","email":"nathan.young@microsoft.com","message":"failed to process due to network exception."},{"id":"5c4ecef2-d8d9-4406-9a47-594378a98f7a","email":"logan.clark@dropbox.net","message":"successfully parsed message, but message temporarily enqueued while system restarts."},{"id":"58e84065-9ffd-49ee-b2ca-07041c07f219","email":"emily.taylor@gmail.com","message":"successfully parsed message, but message temporarily enqueued while system restarts."},{"id":"ef202daa-e118-4c98-b873-2eac05aac5cd","email":"abigail.smith@amerisave.com","message":"failed to process due to datastore timeout of 30 seconds.  operation took 66 seconds."},{"id":"8f600967-5e32-4f86-b5d9-36e292e2ecf4","email":"elizabeth.martinez@dropbox.net","message":"successfully processed after 3038 milliseconds."},{"id":"bb4c14d4-270c-4cb6-9b6a-fdf16759dcfc","email":"madison.lewis@gmail.com","message":"successfully processed after 1033 milliseconds."},{"id":"a7b9be4c-41af-4c03-9cf1-8a815feb438e","email":"olivia.wright@gmail.com","message":"successfully processed after 1929 milliseconds."},{"id":"e94d7fb9-91df-4fb1-9421-09b5596599e8","email":"nathan.young@microsoft.com","message":"successfully handled skipped operation."},{"id":"a349d3cd-994d-4efa-8ccf-ad0bff5a4c82","email":"jackson.white@gmail.com","message":"failed to process due to network exception."},{"id":"00383b5c-6164-44db-beba-a0020e83e77c","email":"elizabeth.martinez@dropbox.net","message":"successfully processed after 4217 milliseconds."},{"id":"ed67876c-380d-4573-be10-59523eca3d97","email":"matthew.walker@amerisave.com","message":"failed to process due to network exception."},{"id":"39871c4a-7050-45f4-9f06-cd3886477e82","email":"aiden.johnson@microsoft.com","message":"failed to process due to datastore timeout of 30 seconds.  operation took 58 seconds."},{"id":"609d8fe3-d807-4e91-a4a5-08b2caa72d50","email":"michael.hall@dropbox.net","message":"successfully processed after 3974 milliseconds."},{"id":"f22e1890-79a7-4919-bb20-e559f4f873bb","email":"ryan.king@dropbox.net","message":"successfully processed after 7437 milliseconds."},{"id":"043b3a5a-3593-4144-add7-ba6b128c4df4","email":"michael.hall@dropbox.net","message":"failed to process due to network exception."},{"id":"214d974b-d09b-47a1-bad6-f1884fa96e5f","email":"matthew.walker@amerisave.com","message":"failed to process due to datastore timeout of 30 seconds.  operation took 53 seconds."},{"id":"f3791a17-1467-48d5-b837-8cfa3cee897c","email":"sarah.green@amerisave.com","message":"failed to process due to network exception."},{"id":"075513f8-6761-441a-9ca1-e6e79429ba39","email":"ryan.king@dropbox.net","message":"failed to process due to network exception."},{"id":"28c30436-8285-4e31-a9f8-11a8e8cb2e64","email":"nicholas.allen@microsoft.com","message":"successfully parsed message, but message temporarily enqueued while system restarts."},{"id":"f4933b1c-a8db-48a3-87d8-0444950d89a7","email":"nicholas.allen@microsoft.com","message":"successfully handled skipped operation."},{"id":"1e81c55e-894c-4a69-9608-9d853281b434","email":"chloe.garcia@dropbox.net","message":"successfully handled skipped operation."},{"id":"d4cb45ec-fcac-4939-84b1-37349db47260","email":"alexis.brown@microsoft.com","message":"failed to process due to datastore timeout of 30 seconds.  operation took 34 seconds."},{"id":"6817c529-38c3-46e6-849b-2e48daef3f00","email":"mia.perez@me.com","message":"successfully handled skipped operation."},{"id":"14277daa-34c2-4d22-b0c1-d80598f36706","email":"ella.anderson@dropbox.net","message":"failed to process due to network exception."},{"id":"c875faa0-da3b-451b-97aa-56b3b45f7daf","email":"taylor.adams@gmail.com","message":"successfully parsed message, but message temporarily enqueued while system restarts."},{"id":"846290fd-faaa-478e-9314-2f04e2c6b799","email":"abigail.smith@amerisave.com","message":"failed to process due to network exception."},{"id":"c107280f-ee34-4f69-854f-a2ff89733fd4","email":"alexis.brown@microsoft.com","message":"failed to process due to network exception."},{"id":"0514b09a-be08-4feb-9982-d199cb9ee5ef","email":"abigail.smith@amerisave.com","message":"successfully parsed message, but message temporarily enqueued while system restarts."},{"id":"ffa29f4e-6b63-475f-a93a-01feef43442a","email":"alyssa.jones@amerisave.com","message":"failed to process due to network exception."},{"id":"4ff94f6b-ae4c-4463-bb19-5ce8dabfdd85","email":"elizabeth.martinez@dropbox.net","message":"failed to process due to network exception."},{"id":"44879d85-e322-421b-94a1-e1fedee127aa","email":"olivia.wright@gmail.com","message":"successfully processed after 4566 milliseconds."},{"id":"a3a84735-0bd6-4665-965f-0a0aedf902d3","email":"mia.perez@me.com","message":"successfully parsed message, but message temporarily enqueued while system restarts."},{"id":"00014c75-5a8c-4573-9eb1-29bea035e94d","email":"taylor.adams@gmail.com","message":"failed to process due to network exception."},{"id":"a70c1826-bef6-4e03-9225-509e012be325","email":"sophia.baker@dropbox.net","message":"failed to process due to datastore timeout of 30 seconds.  operation took 120 seconds."},{"id":"1ed59bfa-695f-4313-a428-064f487fbe58","email":"olivia.wright@gmail.com","message":"successfully processed after 7212 milliseconds."},{"id":"4bfae8f9-2741-4c23-8cb0-d081ac600d57","email":"jack.thompson@me.com","message":"failed to process due to network exception."},{"id":"edc8804d-f010-4133-9d4b-2ae91096bf59","email":"jackson.white@gmail.com","message":"failed to process due to datastore timeout of 30 seconds.  operation took 86 seconds."},{"id":"181ac9b7-f231-4425-86f4-df2b154b2fa8","email":"taylor.adams@gmail.com","message":"failed to process due to datastore timeout of 30 seconds.  operation took 129 seconds."},{"id":"3a163a78-0cdc-4cc9-9447-036294576640","email":"mason.robinson@amerisave.com","message":"failed to process due to datastore timeout of 30 seconds.  operation took 117 seconds."},{"id":"b2da494b-b9d3-4e30-aded-0b45d28db693","email":"alexander.williams@gmail.com","message":"failed to process due to datastore timeout of 30 seconds.  operation took 125 seconds."},{"id":"13f2219a-6763-4881-ab5f-10ef82404289","email":"tyler.nelson@microsoft.com","message":"successfully handled skipped operation."},{"id":"f55a791a-bdd7-49a0-ab7e-6b3af0a5ff26","email":"ava.davis@gmail.com","message":"successfully parsed message, but message temporarily enqueued while system restarts."},{"id":"af853d5f-8f8b-4c1d-9e10-bcb48b06b642","email":"aiden.johnson@microsoft.com","message":"successfully handled skipped operation."},{"id":"db1746ed-d5b4-45ea-80b3-4a7f5ac257db","email":"isabella.jackson@amerisave.com","message":"successfully processed after 4027 milliseconds."},{"id":"b81ddf3c-85a7-4f96-b72c-75c9096f7de1","email":"ella.anderson@dropbox.net","message":"failed to process due to datastore timeout of 30 seconds.  operation took 127 seconds."},{"id":"2ea6b8a9-6d3f-41b1-a8dd-01e64f882cc9","email":"logan.clark@dropbox.net","message":"successfully processed after 8096 milliseconds."},{"id":"ffc8bd76-1b35-4d99-82ce-6fd33b1314c2","email":"nathan.young@microsoft.com","message":"failed to process due to network exception."},{"id":"ae44d8e4-1802-4d7b-8547-a0463eadc670","email":"alexander.williams@gmail.com","message":"failed to process due to datastore timeout of 30 seconds.  operation took 93 seconds."},{"id":"4ca608b4-24cf-4da5-9f29-6a1733f5d998","email":"alexis.brown@microsoft.com","message":"failed to process due to network exception."},{"id":"c8f60419-87af-4c19-bd05-84417d081e96","email":"jackson.white@gmail.com","message":"successfully processed after 7526 milliseconds."},{"id":"104368c3-71e4-4311-b539-e0a0f162a858","email":"abigail.smith@amerisave.com","message":"successfully handled skipped operation."},{"id":"57892709-c2c5-49fc-8057-2d5f50e575df","email":"abigail.smith@amerisave.com","message":"successfully processed after 3660 milliseconds."},{"id":"6ec10023-12ec-467e-a087-dec0a5918a87","email":"isabella.jackson@amerisave.com","message":"successfully handled skipped operation."},{"id":"31fcdb2c-cd89-430e-a5c1-aa08d0aa6233","email":"abigail.smith@amerisave.com","message":"successfully parsed message, but message temporarily enqueued while system restarts."},{"id":"97e5437f-5f6a-44ed-a162-804b1344448b","email":"grace.moore@gmail.com","message":"failed to process due to datastore timeout of 30 seconds.  operation took 94 seconds."},{"id":"c197eecc-fe56-45ac-9ebe-76de1352236a","email":"alexis.brown@microsoft.com","message":"successfully handled skipped operation."},{"id":"8dc3326a-ec17-4bb6-8c81-2873d5b54604","email":"sophia.baker@dropbox.net","message":"successfully processed after 944 milliseconds."},{"id":"6fda813e-1f96-4566-8704-266391d87225","email":"olivia.wright@gmail.com","message":"failed to process due to datastore timeout of 30 seconds.  operation took 122 seconds."},{"id":"605f31e9-5e8e-4519-ad5b-6833d4200892","email":"matthew.walker@amerisave.com","message":"failed to process due to datastore timeout of 30 seconds.  operation took 86 seconds."},{"id":"b44672e9-3c35-4c61-9ae7-d32d03616e2e","email":"jackson.white@gmail.com","message":"failed to process due to datastore timeout of 30 seconds.  operation took 55 seconds."},{"id":"dc6f9696-9437-48f3-baf0-cba651e73ebf","email":"dylan.wilson@gmail.com","message":"successfully parsed message, but message temporarily enqueued while system restarts."},{"id":"de155d81-811a-4679-8b17-636796b2ac1a","email":"matthew.walker@amerisave.com","message":"failed to process due to network exception."},{"id":"7e50fb4c-bb44-4f4c-a8aa-4022bcbe413e","email":"dylan.wilson@gmail.com","message":"successfully handled skipped operation."},{"id":"111e65e0-d2fa-48c3-808b-55733878c600","email":"isabella.jackson@amerisave.com","message":"failed to process due to datastore timeout of 30 seconds.  operation took 38 seconds."},{"id":"67815d48-1862-47af-a3e4-ffaea908b8ed","email":"emma.thomas@me.com","message":"failed to process due to network exception."},{"id":"22837ba8-5753-4446-a63d-5b0bcf8fa0bd","email":"nathan.young@microsoft.com","message":"failed to process due to network exception."},{"id":"4437f95b-75de-4919-b6a8-c740e3da083c","email":"ryan.king@dropbox.net","message":"failed to process due to datastore timeout of 30 seconds.  operation took 129 seconds."},{"id":"79cf616c-4df2-40de-8eab-dbb858a4a7f7","email":"noah.sanchez@me.com","message":"successfully processed after 2196 milliseconds."},{"id":"ca3ab9de-7a57-4d5e-a7d3-ea11b51ca89e","email":"sarah.green@amerisave.com","message":"successfully handled skipped operation."},{"id":"9b7dbde7-f561-47f6-a2e9-8df47b620ad1","email":"olivia.wright@gmail.com","message":"failed to process due to datastore timeout of 30 seconds.  operation took 46 seconds."},{"id":"fb11d5e3-297f-42aa-9e5e-08b47568b730","email":"jackson.white@gmail.com","message":"failed to process due to network exception."},{"id":"a13207c4-16da-402a-981c-32063da578a1","email":"olivia.wright@gmail.com","message":"successfully handled skipped operation."},{"id":"f72ef39d-6129-4ad9-b7f2-9d12a815d798","email":"matthew.walker@amerisave.com","message":"failed to process due to datastore timeout of 30 seconds.  operation took 100 seconds."},{"id":"f1b64954-2c9a-4558-aa94-6ea15c9273b3","email":"isabella.jackson@amerisave.com","message":"failed to process due to datastore timeout of 30 seconds.  operation took 130 seconds."},{"id":"eae82805-7ce3-440c-842c-aa78675991f0","email":"andrew.miller@gmail.com","message":"failed to process due to network exception."},{"id":"78a2f47d-df1f-4ab6-a443-c1e20e7f5cbb","email":"ryan.king@dropbox.net","message":"failed to process due to datastore timeout of 30 seconds.  operation took 80 seconds."},{"id":"efdc3bbf-a6c7-4717-9201-813192784cb0","email":"madison.lewis@gmail.com","message":"successfully handled skipped operation."},{"id":"9f5a9a46-e22a-4c8a-b84b-02823bc6e221","email":"nicholas.allen@microsoft.com","message":"successfully handled skipped operation."},{"id":"b664c2ed-d690-4329-a870-0de11314e3d0","email":"liam.gonzalez@me.com","message":"successfully handled skipped operation."},{"id":"a09677d1-01fe-4172-af5f-34815fdfd522","email":"olivia.wright@gmail.com","message":"failed to process due to network exception."},{"id":"10ebee57-db62-4534-915d-ff9367b04ff0","email":"logan.clark@dropbox.net","message":"failed to process due to network exception."},{"id":"f4cafc98-fcdc-43f5-b22a-43e042231c88","email":"alexis.brown@microsoft.com","message":"successfully parsed message, but message temporarily enqueued while system restarts."},{"id":"de8e003d-27ea-4dcd-a8ac-52946d10df6b","email":"jacob.lopez@dropbox.net","message":"failed to process due to datastore timeout of 30 seconds.  operation took 82 seconds."},{"id":"62e8e37f-cf10-42a8-97c4-4632033d515c","email":"nicholas.allen@microsoft.com","message":"failed to process due to network exception."},{"id":"57ce8760-5014-430c-9983-b2a9b5b38140","email":"abigail.smith@amerisave.com","message":"failed to process due to datastore timeout of 30 seconds.  operation took 109 seconds."},{"id":"cb3bcaf0-da53-4015-97f6-7e13cf8aec98","email":"dylan.wilson@gmail.com","message":"failed to process due to datastore timeout of 30 seconds.  operation took 122 seconds."},{"id":"1b569d43-037b-4d01-a926-7792e165e235","email":"michael.hall@dropbox.net","message":"failed to process due to network exception."},{"id":"900abe3d-80b7-4fa3-9dab-8124ff1eb828","email":"lily.harris@gmail.com","message":"failed to process due to datastore timeout of 30 seconds.  operation took 35 seconds."},{"id":"59e2111a-6116-4706-9c8d-d4386ed1fdb5","email":"mia.perez@me.com","message":"failed to process due to datastore timeout of 30 seconds.  operation took 65 seconds."},{"id":"ab07d941-f0be-4da0-aef9-9d06ca52370f","email":"daniel.rodriguez@amerisave.com","message":"failed to process due to datastore timeout of 30 seconds.  operation took 65 seconds."},{"id":"86b26bc7-764e-471d-8a0f-11c240552efe","email":"ava.davis@gmail.com","message":"successfully parsed message, but message temporarily enqueued while system restarts."},{"id":"d477318a-59fd-4ada-8ac2-d19a179b9ae6","email":"mia.perez@me.com","message":"successfully parsed message, but message temporarily enqueued while system restarts."},{"id":"e1378cad-b891-4c5f-a744-72268d0bb905","email":"alexander.williams@gmail.com","message":"successfully handled skipped operation."},{"id":"86e426cf-0761-4aea-90bb-f6f8d0f14d57","email":"madison.lewis@gmail.com","message":"failed to process due to datastore timeout of 30 seconds.  operation took 117 seconds."},{"id":"c2668b84-ab25-4f8a-bf0b-e3d3e804db3c","email":"ryan.king@dropbox.net","message":"failed to process due to datastore timeout of 30 seconds.  operation took 35 seconds."},{"id":"77757827-3f8b-48f6-8ee9-39fa2c8dba1b","email":"ava.davis@gmail.com","message":"successfully processed after 144 milliseconds."},{"id":"b8ccc2fc-b5dd-4664-87ae-4f39a2f843d0","email":"dylan.wilson@gmail.com","message":"failed to process due to network exception."},{"id":"854eed42-aec0-4997-883b-72c19ddf11fb","email":"nathan.young@microsoft.com","message":"successfully parsed message, but message temporarily enqueued while system restarts."},{"id":"24e9ba28-b607-4b30-a226-4eb90a5e987b","email":"ethan.hernandez@microsoft.com","message":"successfully parsed message, but message temporarily enqueued while system restarts."},{"id":"c3281ed6-d67f-43ac-b342-cb90ba7dda9d","email":"liam.gonzalez@me.com","message":"successfully processed after 8100 milliseconds."},{"id":"2a2fc833-08c5-4353-9af7-1fb32ea708a9","email":"alexander.williams@gmail.com","message":"failed to process due to datastore timeout of 30 seconds.  operation took 119 seconds."},{"id":"ae0eb3d7-e221-4f4d-8624-2f1eaba77e3a","email":"matthew.walker@amerisave.com","message":"failed to process due to network exception."},{"id":"06798933-97e0-472d-a602-75be18f58182","email":"andrew.miller@gmail.com","message":"failed to process due to network exception."},{"id":"a7d00330-fd7e-46d0-b2f3-1ec622bd1851","email":"emma.thomas@me.com","message":"failed to process due to datastore timeout of 30 seconds.  operation took 96 seconds."},{"id":"ede6b864-b160-453e-ad45-396475e5553f","email":"samantha.scott@me.com","message":"failed to process due to network exception."},{"id":"1f6b71b2-833d-4513-880f-40a87742da92","email":"lily.harris@gmail.com","message":"successfully handled skipped operation."},{"id":"35e4ff86-1c13-439b-90e4-daf826914256","email":"alexis.brown@microsoft.com","message":"failed to process due to network exception."},{"id":"735bb404-c7d4-4845-b4ab-e7bf87ed535e","email":"ella.anderson@dropbox.net","message":"failed to process due to network exception."},{"id":"82d062d5-9b6e-4b04-ac11-662adfc8cac1","email":"jacob.lopez@dropbox.net","message":"successfully handled skipped operation."},{"id":"99d0f9a1-2867-4963-9eef-7078c814a843","email":"logan.clark@dropbox.net","message":"successfully processed after 2133 milliseconds."},{"id":"7020554e-f5f2-4d2b-8e80-6c60416a1c81","email":"emily.taylor@gmail.com","message":"failed to process due to datastore timeout of 30 seconds.  operation took 48 seconds."},{"id":"e8c4ba21-d4ca-4564-90f9-6d0422e065e5","email":"aiden.johnson@microsoft.com","message":"successfully processed after 9229 milliseconds."},{"id":"4f7e2ff7-106d-4439-abf1-b20e4540cddc","email":"elizabeth.martinez@dropbox.net","message":"failed to process due to network exception."},{"id":"df347693-779f-4d49-9297-196464c3b495","email":"jacob.lopez@dropbox.net","message":"successfully parsed message, but message temporarily enqueued while system restarts."},{"id":"b21ced6a-d9ac-493f-ae96-9d0568fd79e4","email":"nathan.young@microsoft.com","message":"successfully handled skipped operation."},{"id":"d596cd6e-704b-472c-a00b-523e7cbd3ae7","email":"andrew.miller@gmail.com","message":"successfully parsed message, but message temporarily enqueued while system restarts."},{"id":"695bedff-bfd4-4a69-a242-d0bc311d2a5b","email":"isabella.jackson@amerisave.com","message":"successfully processed after 8284 milliseconds."},{"id":"4d4de5cd-4ecb-47a3-abf1-1bf34dc9edea","email":"ella.anderson@dropbox.net","message":"failed to process due to datastore timeout of 30 seconds.  operation took 68 seconds."},{"id":"c6e30e8e-23f9-4e83-80bc-244e4e536be2","email":"grace.moore@gmail.com","message":"successfully parsed message, but message temporarily enqueued while system restarts."},{"id":"957e1213-e766-4b0b-bae2-aec4c72c85c3","email":"andrew.miller@gmail.com","message":"failed to process due to datastore timeout of 30 seconds.  operation took 73 seconds."},{"id":"133c240a-850a-4514-b24c-4cdd7a640bbc","email":"ryan.king@dropbox.net","message":"failed to process due to network exception."},{"id":"c149a77e-88b0-47b2-b887-b753228a2425","email":"emma.thomas@me.com","message":"failed to process due to datastore timeout of 30 seconds.  operation took 31 seconds."},{"id":"ef00813c-c5b0-459d-87a4-77c12b9bb51e","email":"olivia.wright@gmail.com","message":"successfully handled skipped operation."},{"id":"eb25d0fb-ac4b-4227-b4c9-faf83c026ac4","email":"matthew.walker@amerisave.com","message":"failed to process due to network exception."},{"id":"7d1d9901-606b-4708-9ae9-f92bccf34036","email":"logan.clark@dropbox.net","message":"failed to process due to datastore timeout of 30 seconds.  operation took 33 seconds."},{"id":"8e60599c-14b1-4a04-b552-778b483dd97c","email":"joshua.lee@gmail.com","message":"failed to process due to datastore timeout of 30 seconds.  operation took 81 seconds."},{"id":"63b49ec4-f1a1-46a5-addc-6c500a6e7738","email":"alyssa.jones@amerisave.com","message":"failed to process due to datastore timeout of 30 seconds.  operation took 69 seconds."},{"id":"c972c403-dd11-4867-9e5c-a4ec4d063a1d","email":"liam.gonzalez@me.com","message":"successfully handled skipped operation."},{"id":"b7c37836-c10e-4131-8ba2-2cd763bedd95","email":"dylan.wilson@gmail.com","message":"failed to process due to network exception."},{"id":"71354cad-fecb-4fd7-ba41-ba912d673fe8","email":"noah.sanchez@me.com","message":"successfully parsed message, but message temporarily enqueued while system restarts."},{"id":"e6030ec2-f518-42c4-921d-07320db1d882","email":"abigail.smith@amerisave.com","message":"failed to process due to datastore timeout of 30 seconds.  operation took 80 seconds."},{"id":"22db60fc-05c4-4a48-8217-27f6e0428fd0","email":"mason.robinson@amerisave.com","message":"failed to process due to datastore timeout of 30 seconds.  operation took 123 seconds."},{"id":"338620e3-7fa2-4c76-9930-78b3d008975e","email":"dylan.wilson@gmail.com","message":"successfully handled skipped operation."},{"id":"3c5ce14d-a304-44b6-ae64-6299b56e21e6","email":"mason.robinson@amerisave.com","message":"successfully handled skipped operation."},{"id":"dc16e25d-1d7a-4c8d-b5ed-b410c283a4ab","email":"aiden.johnson@microsoft.com","message":"successfully parsed message, but message temporarily enqueued while system restarts."},{"id":"764b5965-6d26-4249-9833-c76ae5fb262a","email":"nathan.young@microsoft.com","message":"failed to process due to datastore timeout of 30 seconds.  operation took 84 seconds."},{"id":"be2cd381-f902-442f-a790-80ba6d570fb1","email":"matthew.walker@amerisave.com","message":"successfully processed after 2134 milliseconds."},{"id":"1ec07530-d077-4c1e-84e6-862199796f12","email":"mason.robinson@amerisave.com","message":"successfully parsed message, but message temporarily enqueued while system restarts."},{"id":"aea89a21-13ab-4c26-85a1-493c3f3b871c","email":"madison.lewis@gmail.com","message":"failed to process due to network exception."},{"id":"83a82f3f-42da-4de8-997e-4d75100dd4ac","email":"madison.lewis@gmail.com","message":"failed to process due to network exception."},{"id":"b1319218-3c21-406f-923c-e2ff65e1befc","email":"lily.harris@gmail.com","message":"successfully parsed message, but message temporarily enqueued while system restarts."},{"id":"7651d209-2c13-48ea-b60b-fc02ec77102e","email":"olivia.wright@gmail.com","message":"successfully parsed message, but message temporarily enqueued while system restarts."},{"id":"8430ea95-b690-4cd8-aa82-de078c3f0e33","email":"mia.perez@me.com","message":"successfully parsed message, but message temporarily enqueued while system restarts."},{"id":"cd3b29f6-77eb-4f4d-bc74-86b791753f57","email":"matthew.walker@amerisave.com","message":"successfully handled skipped operation."},{"id":"7cd04a08-d2c5-4769-a760-39897d1a7c5b","email":"samantha.scott@me.com","message":"successfully handled skipped operation."},{"id":"ac672651-d8e9-4a45-bc4e-3bc9c72651f4","email":"grace.moore@gmail.com","message":"failed to process due to network exception."}],"id":"956f8b54-80b5-4b5e-82be-ceb8d1d50cd2"}