{"logs":[{"id":"49b2fa40-caf0-40b0-85c9-e59f95ff7d8b","email":"taylor.adams@gmail.com","message":"failed to process due to datastore timeout of 30 seconds.  operation took 40 seconds."},{"id":"f1999893-2582-43dd-9dc6-06b230c28008","email":"abigail.smith@amerisave.com","message":"failed to process due to datastore timeout of 30 seconds.  operation took 100 seconds."},{"id":"4c9e4370-6b7d-48ef-9943-adb6efcdcb2d","email":"logan.clark@dropbox.net","message":"successfully parsed message, but message temporarily enqueued while system restarts."},{"id":"20ec8c80-a4fa-4a0e-bee2-c742dfbf6359","email":"daniel.rodriguez@amerisave.com","message":"successfully handled skipped operation."},{"id":"5ad593ac-7d8b-4b1a-8663-71ea2bcd9c80","email":"ava.davis@gmail.com","message":"successfully parsed message, but message temporarily enqueued while system restarts."},{"id":"174b4232-541e-49e3-8dae-b7c4f3955e7f","email":"ava.davis@gmail.com","message":"successfully processed after 1597 milliseconds."},{"id":"a64548f7-c5e1-472d-8bac-a026f14051c1","email":"matthew.walker@amerisave.com","message":"failed to process due to network exception."},{"id":"b68747ca-dde5-4bf9-8f29-85eefcd022c1","email":"dylan.wilson@gmail.com","message":"successfully parsed message, but message temporarily enqueued while system restarts."},{"id":"6dda6524-2c8f-439a-9121-c9b07fb1194f","email":"michael.hall@dropbox.net","message":"successfully processed after 6887 milliseconds."},{"id":"0e17e305-4aac-4871-b259-32b3e9b3af0e","email":"grace.moore@gmail.com","message":"failed to process due to datastore timeout of 30 seconds.  operation took 130 seconds."},{"id":"01576300-8872-42a8-8e81-691da63e122b","email":"jack.thompson@me.com","message":"successfully handled skipped operation."},{"id":"4c47d966-8cfd-41ed-913a-9baeb07d997f","email":"elizabeth.martinez@dropbox.net","message":"successfully parsed message, but message temporarily enqueued while system restarts."},{"id":"e2416771-b3e2-44d8-94a0-8cd2a83f7025","email":"abigail.smith@amerisave.com","message":"successfully processed after 6630 milliseconds."},{"id":"ddaf59af-d371-454e-bdd2-141c8f7b22ca","email":"liam.gonzalez@me.com","message":"failed to process due to network exception."},{"id":"ad3f1463-d45e-45fa-9805-eadde0e9b408","email":"ethan.hernandez@microsoft.com","message":"successfully handled skipped operation."},{"id":"76fe0e51-c580-44c8-8db6-eda35f2f6cfe","email":"elizabeth.martinez@dropbox.net","message":"failed to process due to network exception."},{"id":"5547c737-f586-494b-89eb-50d2971261fb","email":"andrew.miller@gmail.com","message":"successfully parsed message, but message temporarily enqueued while system restarts."},{"id":"4b73b678-befb-45d9-bf0b-08ece947a98f","email":"andrew.miller@gmail.com","message":"successfully parsed message, but message temporarily enqueued while system restarts."},{"id":"716f2165-c7e8-4b26-8be8-3bb541f873d8","email":"alexander.williams@gmail.com","message":"successfully processed after 4247 milliseconds."},{"id":"d82722f9-2cc9-4bb3-af1a-25e816214ba5","email":"olivia.wright@gmail.com","message":"failed to process due to network exception."},{"id":"720ba354-6dc6-424f-96c5-d155e659893b","email":"mason.robinson@amerisave.com","message":"successfully parsed message, but message temporarily enqueued while system restarts."},{"id":"d9f76c65-e82f-4c3a-8a4a-f52fc420bed6","email":"noah.sanchez@me.com","message":"failed to process due to datastore timeout of 30 seconds.  operation took 31 seconds."},{"id":"8dfec359-c6e5-451a-a306-e395ce9a4b8b","email":"isabella.jackson@amerisave.com","message":"successfully handled skipped operation."},{"id":"e236db1c-9253-45ef-83c9-4dc3175928c1","email":"taylor.adams@gmail.com","message":"failed to process due to datastore timeout of 30 seconds.  operation took 124 seconds."},{"id":"d2e00e35-474a-4465-b85d-3b5a06176f4c","email":"matthew.walker@amerisave.com","message":"failed to process due to datastore timeout of 30 seconds.  operation took 90 seconds."},{"id":"b8983647-1be2-4b9e-ae04-63ce961ae29e","email":"dylan.wilson@gmail.com","message":"successfully handled skipped operation."},{"id":"269009ec-abe5-4121-9465-51343dee0e6e","email":"alexis.brown@microsoft.com","message":"successfully processed after 7788 milliseconds."},{"id":"0172ffcf-a1ac-4ea0-b9bd-2bfc0d9e6997","email":"lily.harris@gmail.com","message":"successfully processed after 8701 milliseconds."},{"id":"c12574be-00fb-4124-9917-65e045ed5994","email":"alyssa.jones@amerisave.com","message":"successfully parsed message, but message temporarily enqueued while system restarts."},{"id":"846b1b3c-03ff-48b0-8008-91a00bbe4200","email":"sarah.green@amerisave.com","message":"successfully processed after 798 milliseconds."},{"id":"43fd56b7-1671-4e12-919a-8533d2afa192","email":"daniel.rodriguez@amerisave.com","message":"successfully parsed message, but message temporarily enqueued while system restarts."},{"id":"a956fbbc-7e12-48a4-86a9-fd71fa35b4d7","email":"daniel.rodriguez@amerisave.com","message":"failed to process due to datastore timeout of 30 seconds.  operation took 72 seconds."},{"id":"767c920c-01a2-4fb6-9717-463d7ce2f780","email":"elizabeth.martinez@dropbox.net","message":"failed to process due to network exception."},{"id":"cb0ac4f4-902d-4acd-ad22-8a3ad24d4e70","email":"mason.robinson@amerisave.com","message":"successfully processed after 6438 milliseconds."},{"id":"2f73267b-2a6e-4b8d-9107-cbd10c3d7af0","email":"sarah.green@amerisave.com","message":"failed to process due to datastore timeout of 30 seconds.  operation took 44 seconds."},{"id":"40b3ee3c-cc83-415b-aa4a-5e782d934269","email":"olivia.wright@gmail.com","message":"successfully parsed message, but message temporarily enqueued while system restarts."},{"id":"332b0e32-4241-47d0-94e4-d821096c3c78","email":"alyssa.jones@amerisave.com","message":"successfully handled skipped operation."},{"id":"0d234e5c-d9da-4ae9-8a8a-640c49c31d82","email":"abigail.smith@amerisave.com","message":"failed to process due to network exception."},{"id":"82890a62-a9fd-4f7d-b8ea-546e19d5208d","email":"jack.thompson@me.com","message":"failed to process due to datastore timeout of 30 seconds.  operation took 97 seconds."},{"id":"7a36961f-093c-443f-90ba-69bd47af8e64","email":"aiden.johnson@microsoft.com","message":"successfully handled skipped operation."},{"id":"d9edba9d-58fa-49a8-b2c1-bc51f2c3a5a2","email":"alexander.williams@gmail.com","message":"successfully handled skipped operation."},{"id":"2db85e67-853a-4dcb-a0e2-1cb03ed4f9a7","email":"aiden.johnson@microsoft.com","message":"failed to process due to network exception."},{"id":"3cef964e-f4e1-4bae-803d-2ad7692145e9","email":"grace.moore@gmail.com","message":"failed to process due to datastore timeout of 30 seconds.  operation took 83 seconds."},{"id":"1ed5742e-dee8-46c3-a6ea-a1ddb5ce087c","email":"isabella.jackson@amerisave.com","message":"failed to process due to network exception."},{"id":"1d48c58d-4c3b-41b1-a2ea-709c89b33854","email":"andrew.miller@gmail.com","message":"failed to process due to datastore timeout of 30 seconds.  operation took 77 seconds."},{"id":"e33fdcba-53e7-4fd1-b029-cb7c29950e8f","email":"olivia.wright@gmail.com","message":"successfully processed after 9070 milliseconds."},{"id":"a77f0db4-821f-48e0-8f14-37f4ac8d3710","email":"jacob.lopez@dropbox.net","message":"successfully handled skipped operation."},{"id":"84dc276b-de4f-41ee-ae0f-ff86434891e4","email":"ethan.hernandez@microsoft.com","message":"failed to process due to network exception."},{"id":"3eac77d9-88fe-4fbf-a780-a86289a24f76","email":"matthew.walker@amerisave.com","message":"failed to process due to network exception."},{"id":"e4b8026a-6786-4b19-8dde-b1e96d4596d1","email":"samantha.scott@me.com","message":"failed to process due to network exception."},{"id":"1834fd45-6e43-47c3-8fc7-58314164b411","email":"joshua.lee@gmail.com","message":"successfully parsed message, but message temporarily enqueued while system restarts."},{"id":"c503772f-d078-4f98-bdfe-e601769b5a47","email":"daniel.rodriguez@amerisave.com","message":"failed to process due to datastore timeout of 30 seconds.  operation took 102 seconds."},{"id":"9e412bb7-5155-4430-abab-06ce576c184d","email":"andrew.miller@gmail.com","message":"successfully parsed message, but message temporarily enqueued while system restarts."},{"id":"d9024084-860b-4ae3-a589-c02b7e561a8d","email":"andrew.miller@gmail.com","message":"successfully processed after 4581 milliseconds."},{"id":"ad314d95-4979-4fb3-a1af-94ed1c99a2b2","email":"ava.davis@gmail.com","message":"failed to process due to datastore timeout of 30 seconds.  operation took 84 seconds."},{"id":"d34e74cb-79f5-4f3f-9753-89c3f3a69663","email":"samantha.scott@me.com","message":"failed to process due to network exception."},{"id":"25a1ee69-1b3e-4085-94b5-39cdcbdf43fd","email":"aiden.johnson@microsoft.com","message":"failed to process due to network exception."},{"id":"f6d702dd-2d2f-4ca8-9b0d-16da4710d7b4","email":"aiden.johnson@microsoft.com","message":"failed to process due to network exception."},{"id":"93999466-ed5a-41bc-84bc-028a95c42109","email":"daniel.rodriguez@amerisave.com","message":"successfully processed after 7654 milliseconds."},{"id":"b0c57fa2-c06e-4fce-84d8-302a57b92653","email":"jacob.lopez@dropbox.net","message":"successfully processed after 2247 milliseconds."},{"id":"b0cf1525-4e51-461f-b9f1-b42a9f8ed855","email":"dylan.wilson@gmail.com","message":"failed to process due to datastore timeout of 30 seconds.  operation took 86 seconds."},{"id":"0132440a-6dee-4d81-9d5e-d062358ec4a3","email":"mia.perez@me.com","message":"failed to process due to datastore timeout of 30 seconds.  operation took 34 seconds."},{"id":"7f01c6a1-02da-4de8-ba53-b9c7679cf0e0","email":"abigail.smith@amerisave.com","message":"successfully processed after 596 milliseconds."},{"id":"ec8a75e3-d289-4071-9946-952a263e8cd4","email":"mason.robinson@amerisave.com","message":"failed to process due to network exception."},{"id":"c3457b52-dba9-4596-952c-394391474a69","email":"logan.clark@dropbox.net","message":"failed to process due to network exception."},{"id":"7da3fbba-54a6-4e2f-a99e-b7a90ff16009","email":"matthew.walker@amerisave.com","message":"successfully processed after 1581 milliseconds."},{"id":"5832ebe0-08c5-4187-9fa4-53741dbe5196","email":"ethan.hernandez@microsoft.com","message":"failed to process due to datastore timeout of 30 seconds.  operation took 73 seconds."},{"id":"5c9ee14a-6199-4f51-a4f3-b2ea0da07553","email":"emma.thomas@me.com","message":"failed to process due to network exception."},{"id":"31273352-2f30-4cf5-a263-a0c61c76ea53","email":"liam.gonzalez@me.com","message":"successfully handled skipped operation."},{"id":"31fd344f-37a3-4d24-b436-334c57360d6e","email":"daniel.rodriguez@amerisave.com","message":"successfully processed after 5035 milliseconds."},{"id":"8fb9af8b-57e4-410d-8200-39758dab2543","email":"grace.moore@gmail.com","message":"successfully processed after 4175 milliseconds."},{"id":"7a8b4231-17d6-4a19-ab38-2afca54e3a98","email":"mason.robinson@amerisave.com","message":"successfully handled skipped operation."},{"id":"8d841cde-812b-4b1a-a7bf-7f52b9395134","email":"aiden.johnson@microsoft.com","message":"failed to process due to datastore timeout of 30 seconds.  operation took 84 seconds."},{"id":"c17fb5f9-72dd-40c6-8a6e-b362e2e4eb69","email":"emily.taylor@gmail.com","message":"successfully handled skipped operation."},{"id":"14364aeb-fffe-4ff6-a8da-cdec15e5abd7","email":"mason.robinson@amerisave.com","message":"successfully processed after 7883 milliseconds."},{"id":"8011e89b-6eb8-40c4-9eed-894c73cfc807","email":"emma.thomas@me.com","message":"failed to process due to network exception."},{"id":"bfc3da33-c156-46d5-a2b0-5a026ee9f7af","email":"madison.lewis@gmail.com","message":"failed to process due to network exception."},{"id":"337990e0-2196-499e-b6ad-c54eca0a57ab","email":"emily.taylor@gmail.com","message":"successfully processed after 2394 milliseconds."},{"id":"5af94835-e32a-4c30-80dd-7bd3f1a7bdd4","email":"ella.anderson@dropbox.net","message":"successfully processed after 8803 milliseconds."},{"id":"1d9f1f28-e3d9-4880-b839-a5926e2dd1dc","email":"tyler.nelson@microsoft.com","message":"failed to process due to datastore timeout of 30 seconds.  operation took 109 seconds."},{"id":"ff22be76-b4cd-4851-b12c-ccb4d54c6c9e","email":"sophia.baker@dropbox.net","message":"successfully processed after 9098 milliseconds."},{"id":"82dd4f65-4fb6-4daa-901f-ec0199766dd4","email":"olivia.wright@gmail.com","message":"successfully processed after 8692 milliseconds."},{"id":"4367928b-c4b8-4a9a-bbfa-63bdbb7fd2dd","email":"emma.thomas@me.com","message":"successfully parsed message, but message temporarily enqueued while system restarts."},{"id":"35c95735-307d-4788-9b69-3ce60d143cd6","email":"chloe.garcia@dropbox.net","message":"failed to process due to network exception."},{"id":"a506dfa7-7fad-4fcd-972c-e039855e52aa","email":"logan.clark@dropbox.net","message":"successfully handled skipped operation."},{"id":"7f0e5563-ce83-4a37-bc02-89238e02ff89","email":"jackson.white@gmail.com","message":"failed to process due to datastore timeout of 30 seconds.  operation took 111 seconds."},{"id":"b83a1a89-2345-4077-8d4b-5991a2cd4d33","email":"jack.thompson@me.com","message":"failed to process due to network exception."},{"id":"6073b4df-8578-4b95-8be6-cf4bc474cf19","email":"olivia.wright@gmail.com","message":"failed to process due to network exception."},{"id":"f8f0c3df-c62a-4e50-8e39-209e64cdc737","email":"alyssa.jones@amerisave.com","message":"successfully handled skipped operation."},{"id":"43ca3abe-6aca-4bfa-a972-59adce21d6a9","email":"alexander.williams@gmail.com","message":"failed to process due to datastore timeout of 30 seconds.  operation took 120 seconds."},{"id":"a6b26cd2-4855-4deb-9d3f-fcd12c94cbd2","email":"sophia.baker@dropbox.net","message":"successfully handled skipped operation."},{"id":"4eefacd6-1cd5-4f3b-a161-acedfc3948bb","email":"sophia.baker@dropbox.net","message":"successfully handled skipped operation."},{"id":"5d2f2ef5-e769-4150-bf09-4d94731cea49","email":"liam.gonzalez@me.com","message":"successfully parsed message, but message temporarily enqueued while system restarts."},{"id":"eba759d6-89e6-473b-a06b-eec1f8e3d5b0","email":"mia.perez@me.com","message":"failed to process due to network exception."},{"id":"c0eb6e0a-fd7c-4938-97ae-97fbb5bdafd1","email":"sarah.green@amerisave.com","message":"failed to process due to network exception."},{"id":"334d97b3-6335-4287-ac82-e3915b288801","email":"liam.gonzalez@me.com","message":"successfully handled skipped operation."},{"id":"05066660-a7c0-4841-8ece-dfc645710a65","email":"ava.davis@gmail.com","message":"successfully processed after 5067 milliseconds."},{"id":"d27ff1c2-f132-4d59-a140-02a34ae59a0d","email":"andrew.miller@gmail.com","message":"successfully handled skipped operation."},{"id":"ec399f96-8f82-4da7-8330-ff239fc8faa3","email":"mia.perez@me.com","message":"failed to process due to network exception."},{"id":"c2fb563a-9ca4-4c36-ab9d-7192aca608c9","email":"ava.davis@gmail.com","message":"failed to process due to network exception."},{"id":"7925e202-df46-4783-820f-e906e763a7fc","email":"tyler.nelson@microsoft.com","message":"failed to process due to network exception."},{"id":"9aec73a9-8342-4c10-8264-c1ade84bd113","email":"nicholas.allen@microsoft.com","message":"failed to process due to network exception."},{"id":"8fdb0254-1139-460e-8c43-5eb9822a4c57","email":"liam.gonzalez@me.com","message":"failed to process due to datastore timeout of 30 seconds.  operation took 108 seconds."},{"id":"ac8607a6-64f5-4327-bfab-d73a12e2aa99","email":"grace.moore@gmail.com","message":"successfully processed after 6876 milliseconds."},{"id":"cbf1b6a9-4eed-41c7-a554-f1f0cb1bb182","email":"emily.taylor@gmail.com","message":"failed to process due to network exception."},{"id":"4e3c8ca2-bff3-4442-97cd-2d14b45da5df","email":"andrew.miller@gmail.com","message":"successfully handled skipped operation."},{"id":"d13a1324-758d-46c2-9240-748be4e5bcbd","email":"joshua.lee@gmail.com","message":"failed to process due to datastore timeout of 30 seconds.  operation took 56 seconds."},{"id":"cd8cfef9-4516-4acc-9433-d911c5c19b79","email":"michael.hall@dropbox.net","message":"successfully handled skipped operation."},{"id":"71391c3b-2b33-48a5-88b3-b488fea215a2","email":"taylor.adams@gmail.com","message":"successfully parsed message, but message temporarily enqueued while system restarts."},{"id":"6af9373e-2193-4489-8a9a-428655201369","email":"ella.anderson@dropbox.net","message":"successfully processed after 3250 milliseconds."},{"id":"789334fe-ed85-49e4-9e8e-0ac98393e633","email":"daniel.rodriguez@amerisave.com","message":"failed to process due to network exception."},{"id":"eb49c1e8-c3b2-4b3d-8e43-e6c07ac0aec0","email":"abigail.smith@amerisave.com","message":"successfully processed after 2100 milliseconds."},{"id":"1edbf87b-3329-412e-bd07-a994b3058915","email":"daniel.rodriguez@amerisave.com","message":"successfully parsed message, but message temporarily enqueued while system restarts."},{"id":"c0408256-b259-46ca-9072-988686dee4a1","email":"aiden.johnson@microsoft.com","message":"failed to process due to network exception."},{"id":"f3174d26-d6b8-4e00-9b6e-3ce3e3e044c2","email":"ava.davis@gmail.com","message":"successfully processed after 918 milliseconds."},{"id":"86a2c071-6267-4130-ba8a-25d00ab83c9c","email":"liam.gonzalez@me.com","message":"successfully processed after 4900 milliseconds."},{"id":"812ef8e4-11ef-402f-86bc-793082de2d59","email":"michael.hall@dropbox.net","message":"successfully handled skipped operation."},{"id":"e205297d-37b9-40a1-b5ae-895e871c8498","email":"michael.hall@dropbox.net","message":"successfully processed after 7952 milliseconds."},{"id":"cbab7ca0-9fd9-4efc-a3ce-824e02e7f60b","email":"ella.anderson@dropbox.net","message":"failed to process due to datastore timeout of 30 seconds.  operation took 104 seconds."},{"id":"d80a2033-e092-4b7b-ae32-71dbc64da4a6","email":"ryan.king@dropbox.net","message":"successfully processed after 1188 milliseconds."},{"id":"9e4f3dd1-3366-4bd8-b491-d12bbd1471a7","email":"samantha.scott@me.com","message":"successfully parsed message, but message temporarily enqueued while system restarts."},{"id":"d0939663-aa7f-4824-abae-500a1189478e","email":"sophia.baker@dropbox.net","message":"successfully handled skipped operation."},{"id":"c5eb56e5-4601-4380-8e5f-2ea52b370537","email":"liam.gonzalez@me.com","message":"failed to process due to network exception."},{"id":"d5a70ffd-2fd9-4fcd-a7c4-604cc04ac60b","email":"hannah.martin@dropbox.net","message":"failed to process due to network exception."},{"id":"0d7a9647-63c4-4ec3-8895-f65bf6d078f8","email":"madison.lewis@gmail.com","message":"successfully parsed message, but message temporarily enqueued while system restarts."},{"id":"141b67a0-8219-4c06-b471-61ec5649d31f","email":"joshua.lee@gmail.com","message":"successfully handled skipped operation."},{"id":"ce874c29-ae72-4b65-97f4-e22b41063f3b","email":"emily.taylor@gmail.com","message":"failed to process due to network exception."},{"id":"16bee7a1-8c1a-4685-b217-761c20f6ca53","email":"joshua.lee@gmail.com","message":"successfully handled skipped operation."},{"id":"12de27f9-fbcd-4923-883a-390028c7ae2c","email":"madison.lewis@gmail.com","message":"failed to process due to datastore timeout of 30 seconds.  operation took 49 seconds."},{"id":"fba2d884-8dfa-49d8-b371-4aae703486be","email":"ryan.king@dropbox.net","message":"successfully parsed message, but message temporarily enqueued while system restarts."},{"id":"933ec37a-d4a6-476c-aebb-6a6f0679006d","email":"ava.davis@gmail.com","message":"failed to process due to datastore timeout of 30 seconds.  operation took 103 seconds."},{"id":"bdae72c1-ddd7-471f-aca8-829f29824529","email":"jackson.white@gmail.com","message":"failed to process due to datastore timeout of 30 seconds.  operation took 40 seconds."},{"id":"992a6954-65f4-45b7-90ec-4590675bc043","email":"andrew.miller@gmail.com","message":"failed to process due to datastore timeout of 30 seconds.  operation took 50 seconds."},{"id":"feb88524-dbe6-4ba9-a899-5756aad5bbb9","email":"liam.gonzalez@me.com","message":"failed to process due to network exception."},{"id":"0199312c-5d49-4415-8a71-e12b2efbed37","email":"elizabeth.martinez@dropbox.net","message":"failed to process due to datastore timeout of 30 seconds.  operation took 110 seconds."},{"id":"b080e4f9-267d-43d0-8ded-7d49e367890c","email":"alyssa.jones@amerisave.com","message":"successfully processed after 8924 milliseconds."},{"id":"868344d2-2246-4434-b724-76dd8d151626","email":"tyler.nelson@microsoft.com","message":"failed to process due to network exception."},{"id":"da808016-af12-455a-a022-5044c6bfd612","email":"matthew.walker@amerisave.com","message":"successfully handled skipped operation."},{"id":"44310e39-671e-4640-a224-dc293824c113","email":"daniel.rodriguez@amerisave.com","message":"successfully parsed message, but message temporarily enqueued while system restarts."},{"id":"1e989602-6957-414f-9a54-67d4dbe1873a","email":"grace.moore@gmail.com","message":"failed to process due to network exception."},{"id":"15daf05d-a213-4c4f-ac92-f137a98eea79","email":"andrew.miller@gmail.com","message":"successfully parsed message, but message temporarily enqueued while system restarts."},{"id":"710a9563-022e-442c-991d-753fe1f1836b","email":"emma.thomas@me.com","message":"successfully parsed message, but message temporarily enqueued while system restarts."},{"id":"e61dfba4-6e1e-4563-ba7e-f93d04aeae34","email":"noah.sanchez@me.com","message":"failed to process due to datastore timeout of 30 seconds.  operation took 34 seconds."},{"id":"9e33d75e-1d0e-4e82-a79c-0f626dd9eba7","email":"alyssa.jones@amerisave.com","message":"failed to process due to datastore timeout of 30 seconds.  operation took 104 seconds."},{"id":"b0ec88cc-b5f0-4938-9985-79a4f6b83b46","email":"dylan.wilson@gmail.com","message":"successfully parsed message, but message temporarily enqueued while system restarts."},{"id":"e92ecbc8-941c-4674-b83b-cd5508961360","email":"chloe.garcia@dropbox.net","message":"failed to process due to datastore timeout of 30 seconds.  operation took 72 seconds."},{"id":"5b12cabd-d887-4351-88de-d2770eb2def6","email":"jack.thompson@me.com","message":"successfully processed after 9977 milliseconds."},{"id":"84de7bf5-b713-450c-ab36-931519ac4401","email":"elizabeth.martinez@dropbox.net","message":"successfully handled skipped operation."},{"id":"f9d54130-4229-4e77-92c1-fa847040adfa","email":"liam.gonzalez@me.com","message":"successfully parsed message, but message temporarily enqueued while system restarts."},{"id":"0af17d2f-7c12-4764-86d4-eadbfaddd61d","email":"sarah.green@amerisave.com","message":"failed to process due to network exception."},{"id":"cc8e91d6-14f9-4a28-97aa-320178b33596","email":"dylan.wilson@gmail.com","message":"successfully parsed message, but message temporarily enqueued while system restarts."},{"id":"b9695c98-bef0-4597-9d13-1b475ab0a660","email":"jackson.white@gmail.com","message":"successfully parsed message, but message temporarily enqueued while system restarts."},{"id":"713d6b2e-a58d-4bcb-850b-982af5334ba3","email":"emma.thomas@me.com","message":"successfully processed after 8112 milliseconds."},{"id":"9dc24479-b030-4e1d-afd6-d94c3c414299","email":"logan.clark@dropbox.net","message":"successfully processed after 9613 milliseconds."},{"id":"7c0b93ec-96e7-4d43-8eae-177863e3dd6a","email":"joshua.lee@gmail.com","message":"failed to process due to network exception."},{"id":"0e6857a7-e127-4e19-bdf1-a6a1fbadb8fc","email":"daniel.rodriguez@amerisave.com","message":"successfully processed after 7118 milliseconds."},{"id":"54087406-df26-4b63-a601-5f7dfb9730f4","email":"emma.thomas@me.com","message":"failed to process due to network exception."},{"id":"eb65b1a6-4b60-42e3-920f-5f05b620cf31","email":"nathan.young@microsoft.com","message":"successfully processed after 5842 milliseconds."},{"id":"2f6a80a1-6c94-49a6-ac40-2db9d20ee0d8","email":"emma.thomas@me.com","message":"successfully processed after 4921 milliseconds."},{"id":"5313ef59-7aa5-443c-932a-a0461fb544b3","email":"isabella.jackson@amerisave.com","message":"successfully parsed message, but message temporarily enqueued while system restarts."},{"id":"ed4a8443-c9d7-4e11-92b4-7e7f454517b3","email":"sophia.baker@dropbox.net","message":"failed to process due to network exception."},{"id":"f98dd609-5bb2-4709-9ca5-d2c746daa889","email":"madison.lewis@gmail.com","message":"failed to process due to datastore timeout of 30 seconds.  operation took 88 seconds."},{"id":"4fa27f99-262d-40fd-9635-6be058f7aa22","email":"ella.anderson@dropbox.net","message":"successfully handled skipped operation."},{"id":"5450fad4-708f-4a6e-a413-5548e042fc7d","email":"samantha.scott@me.com","message":"failed to process due to datastore timeout of 30 seconds.  operation took 108 seconds."},{"id":"56ec1b8d-3d91-4ec4-acea-07bccca48311","email":"lily.harris@gmail.com","message":"successfully parsed message, but message temporarily enqueued while system restarts."},{"id":"ff4f1f3e-1d0e-45f8-8d8e-a34074ee68a1","email":"ethan.hernandez@microsoft.com","message":"successfully handled skipped operation."},{"id":"f231c5b0-f817-470b-97b6-10106eec180f","email":"alexander.williams@gmail.com","message":"successfully handled skipped operation."},{"id":"abcdc3ee-3334-4a5d-b4b4-57b7b8b88497","email":"ava.davis@gmail.com","message":"successfully parsed message, but message temporarily enqueued while system restarts."},{"id":"bea76735-bb76-4f6b-942d-6cad27e1cc75","email":"michael.hall@dropbox.net","message":"successfully handled skipped operation."},{"id":"694585b4-116e-4e35-a9e9-fc0895a69b65","email":"nicholas.allen@microsoft.com","message":"failed to process due to network exception."},{"id":"c1989fd1-2f5f-4645-bea3-c1f6e1f78305","email":"samantha.scott@me.com","message":"successfully parsed message, but message temporarily enqueued while system restarts."},{"id":"825c2e7f-c0d9-40ea-b5eb-6e98a7965ed6","email":"aiden.johnson@microsoft.com","message":"successfully parsed message, but message temporarily enqueued while system restarts."},{"id":"8e3ca1fb-df6d-40c8-bd24-609ad2bd5da7","email":"andrew.miller@gmail.com","message":"failed to process due to datastore timeout of 30 seconds.  operation took 96 seconds."},{"id":"e0fb3b21-f01e-4400-9c4c-54acd5cc381e","email":"andrew.miller@gmail.com","message":"successfully processed after 2715 milliseconds."},{"id":"46bc7e09-113d-4b93-be17-7df404b89948","email":"olivia.wright@gmail.com","message":"failed to process due to datastore timeout of 30 seconds.  operation took 39 seconds."},{"id":"ad783201-c391-47b6-b16f-3a8bd5d9af9c","email":"elizabeth.martinez@dropbox.net","message":"successfully processed after 571 milliseconds."},{"id":"dd141b8b-5f55-4090-b7ca-9611bb783e95","email":"daniel.rodriguez@amerisave.com","message":"successfully processed after 7161 milliseconds."},{"id":"c096c730-1e5d-42eb-89af-85ab3a56fcd1","email":"mia.perez@me.com","message":"successfully handled skipped operation."},{"id":"de926deb-da78-49f9-b26b-44a907da8032","email":"michael.hall@dropbox.net","message":"successfully handled skipped operation."},{"id":"86db4102-ca6b-4ae7-ba35-aba80d92d0ac","email":"alexander.williams@gmail.com","message":"successfully handled skipped operation."},{"id":"6dfcd739-3590-4bbc-9360-f95e71209b2a","email":"abigail.smith@amerisave.com","message":"failed to process due to datastore timeout of 30 seconds.  operation took 103 seconds."},{"id":"37f695d0-1a26-482a-a725-66bacefd435a","email":"liam.gonzalez@me.com","message":"failed to process due to datastore timeout of 30 seconds.  operation took 110 seconds."},{"id":"842e71ff-d672-4e50-8544-8bc9136a233e","email":"samantha.scott@me.com","message":"failed to process due to network exception."},{"id":"023dd981-97f3-4177-911a-7a85d2a6b44c","email":"andrew.miller@gmail.com","message":"successfully parsed message, but message temporarily enqueued while system restarts."},{"id":"ea281d25-3d61-42e9-bf9d-fd599c41f0c6","email":"jackson.white@gmail.com","message":"successfully parsed message, but message temporarily enqueued while system restarts."},{"id":"2b33dfda-071d-498e-9ee7-c6bb7322187a","email":"emily.taylor@gmail.com","message":"failed to process due to datastore timeout of 30 seconds.  operation took 95 seconds."},{"id":"f5492783-57ff-4301-b9d9-87bb429632e0","email":"noah.sanchez@me.com","message":"successfully handled skipped operation."},{"id":"9bb3d9b4-abc6-44f0-8ef5-c3e7ea51e8d2","email":"jackson.white@gmail.com","message":"successfully handled skipped operation."},{"id":"26599b70-370c-4752-a744-f535fed24892","email":"sarah.green@amerisave.com","message":"successfully parsed message, but message temporarily enqueued while system restarts."},{"id":"33bf70c8-d77a-4eea-8c89-56a7c078a95b","email":"aiden.johnson@microsoft.com","message":"failed to process due to datastore timeout of 30 seconds.  operation took 98 seconds."},{"id":"61e50c08-1764-405c-bf36-a233d41cd65c","email":"joshua.lee@gmail.com","message":"failed to process due to network exception."},{"id":"888b9b27-2dd3-4ebc-bd39-be43b219168a","email":"joshua.lee@gmail.com","message":"successfully handled skipped operation."},{"id":"d8f89a35-b85d-4d49-bc73-6b3ae3160287","email":"noah.sanchez@me.com","message":"successfully parsed message, but message temporarily enqueued while system restarts."},{"id":"b36e601c-fa21-43e1-814e-704fc4f90c06","email":"ethan.hernandez@microsoft.com","message":"failed to process due to datastore timeout of 30 seconds.  operation took 89 seconds."},{"id":"b6447020-b634-4553-a12a-2af37927a68b","email":"matthew.walker@amerisave.com","message":"successfully handled skipped operation."},{"id":"a8de609f-f9c9-4d10-9c4b-c36ad871d552","email":"sophia.baker@dropbox.net","message":"successfully processed after 768 milliseconds."},{"id":"d81c88cc-df7e-48ac-b5fe-be3a9018cbc7","email":"mia.perez@me.com","message":"successfully handled skipped operation."},{"id":"c3feae57-7a80-4f35-99b4-204833052b34","email":"olivia.wright@gmail.com","message":"successfully processed after 3494 milliseconds."},{"id":"d0c3aa85-d842-47e4-91fc-67a994847956","email":"dylan.wilson@gmail.com","message":"successfully handled skipped operation."},{"id":"55242dfe-555c-4ea3-a799-351ad88a806f","email":"jackson.white@gmail.com","message":"failed to process due to network exception."},{"id":"348cf32b-f674-46f6-8bc6-3c039bcdbf7e","email":"chloe.garcia@dropbox.net","message":"failed to process due to network exception."},{"id":"b0791a7d-6d88-42c8-9506-a4f1f5a0b7f9","email":"abigail.smith@amerisave.com","message":"successfully processed after 4355 milliseconds."},{"id":"bca813ff-f597-4f83-b48c-635f91fbfcdc","email":"ella.anderson@dropbox.net","message":"successfully parsed message, but message temporarily enqueued while system restarts."},{"id":"2ab8e0e7-df61-4c86-aa93-2fb5b8a860a1","email":"andrew.miller@gmail.com","message":"successfully handled skipped operation."},{"id":"9c95db11-a541-4c42-84e6-97447137854e","email":"sophia.baker@dropbox.net","message":"successfully handled skipped operation."},{"id":"0a4c2aa5-b34a-4eff-ab11-894df6a1718c","email":"emily.taylor@gmail.com","message":"successfully handled skipped operation."},{"id":"b14f1edf-16f8-4d10-abdf-f06f1def4ffe","email":"sophia.baker@dropbox.net","message":"successfully parsed message, but message temporarily enqueued while system restarts."},{"id":"3c3224e3-2cfe-4704-a58f-86e46908218e","email":"elizabeth.martinez@dropbox.net","message":"successfully handled skipped operation."},{"id":"750eb654-33c5-4610-970c-eaece3d01c69","email":"alyssa.jones@amerisave.com","message":"successfully processed after 3811 milliseconds."},{"id":"072239f9-3dac-4ca2-b875-ff76c34e97e3","email":"michael.hall@dropbox.net","message":"successfully processed after 9553 milliseconds."},{"id":"cb00c672-3a38-4fbc-b5bf-3cb9eecd0af0","email":"elizabeth.martinez@dropbox.net","message":"failed to process due to datastore timeout of 30 seconds.  operation took 94 seconds."},{"id":"fa128375-dbb7-41c8-8e8d-73eeb4750a68","email":"elizabeth.martinez@dropbox.net","message":"successfully processed after 1394 milliseconds."},{"id":"631ecbf9-b4ad-4349-8bb9-fdcb07c84aa0","email":"ella.anderson@dropbox.net","message":"successfully parsed message, but message temporarily enqueued while system restarts."},{"id":"32c9d5bd-d57e-4315-bce4-7deba432096d","email":"emma.thomas@me.com","message":"failed to process due to network exception."},{"id":"f272e8ea-a764-45c4-a5fb-f4aead1cfe48","email":"mia.perez@me.com","message":"successfully parsed message, but message temporarily enqueued while system restarts."},{"id":"c48de137-8d03-44d4-8f41-87cba113f9cd","email":"ava.davis@gmail.com","message":"failed to process due to datastore timeout of 30 seconds.  operation took 101 seconds."},{"id":"bcf5cea8-091e-4c9c-92fe-b2eeaf9ab230","email":"alyssa.jones@amerisave.com","message":"successfully parsed message, but message temporarily enqueued while system restarts."},{"id":"2a55c0d8-3567-44e8-bcd2-4121375f3f56","email":"ethan.hernandez@microsoft.com","message":"successfully handled skipped operation."},{"id":"db8c9ca0-18f7-42a4-82c0-83bb31f05a23","email":"ella.anderson@dropbox.net","message":"successfully handled skipped operation."},{"id":"536f3ff0-08b1-43bc-8539-b92355f85bcf","email":"tyler.nelson@microsoft.com","message":"successfully parsed message, but message temporarily enqueued while system restarts."},{"id":"8b1ffc6b-ee7c-4429-bb38-ef53a2d1d620","email":"noah.sanchez@me.com","message":"successfully processed after 6552 milliseconds."},{"id":"b158fef7-73b4-4401-9755-97a9f47266dd","email":"mason.robinson@amerisave.com","message":"successfully parsed message, but message temporarily enqueued while system restarts."},{"id":"9b8cf001-59f4-44c3-9d4a-86531b2f053e","email":"nicholas.allen@microsoft.com","message":"failed to process due to datastore timeout of 30 seconds.  operation took 91 seconds."},{"id":"9f7aa21d-4d9c-47bc-a551-db98a4337dff","email":"olivia.wright@gmail.com","message":"failed to process due to datastore timeout of 30 seconds.  operation took 77 seconds."},{"id":"e7ae9d9e-154d-4765-b0c3-9c92815be9d5","email":"michael.hall@dropbox.net","message":"failed to process due to datastore timeout of 30 seconds.  operation took 69 seconds."},{"id":"d2daab04-51da-465a-b5b1-ffa50d808abe","email":"abigail.smith@amerisave.com","message":"successfully processed after 5497 milliseconds."},{"id":"572805cc-9862-4249-85ac-35b8a10aa691","email":"chloe.garcia@dropbox.net","message":"successfully handled skipped operation."},{"id":"995f11be-5596-419b-b4ca-0377fcb926e6","email":"logan.clark@dropbox.net","message":"failed to process due to datastore timeout of 30 seconds.  operation took 109 seconds."},{"id":"407fdf0f-8148-4732-b959-28449a7ccf6a","email":"alexander.williams@gmail.com","message":"successfully parsed message, but message temporarily enqueued while system restarts."},{"id":"c3568ccb-c5ce-496d-81be-7785a892b462","email":"sophia.baker@dropbox.net","message":"successfully processed after 6882 milliseconds."},{"id":"5f3b748b-b7b3-4a9f-bd1e-3bfaeb952fa0","email":"nicholas.allen@microsoft.com","message":"failed to process due to network exception."},{"id":"298489af-06be-4ec7-8cae-0df4f6222ead","email":"alexander.williams@gmail.com","message":"successfully processed after 4506 milliseconds."},{"id":"404cb0c7-27db-43f4-8d55-3f2a449ffe8b","email":"alexis.brown@microsoft.com","message":"successfully processed after 2983 milliseconds."},{"id":"91b0f327-25bc-4d28-bbeb-3d679bcdbae0","email":"olivia.wright@gmail.com","message":"successfully processed after 639 milliseconds."},{"id":"7e6a198f-4f01-46f8-a4d8-d793b2f1f002","email":"madison.lewis@gmail.com","message":"failed to process due to datastore timeout of 30 seconds.  operation took 31 seconds."},{"id":"9358e9f6-a80f-469a-9919-6176b2b29b0e","email":"ethan.hernandez@microsoft.com","message":"successfully parsed message, but message temporarily enqueued while system restarts."},{"id":"9f2ebf4f-e80a-4306-8bc5-4589d5815d85","email":"andrew.miller@gmail.com","message":"successfully parsed message, but message temporarily enqueued while system restarts."},{"id":"11d3f891-a2b5-43f0-9565-742825358c28","email":"taylor.adams@gmail.com","message":"successfully handled skipped operation."},{"id":"9b06597f-0c1e-4db9-9fa7-3dc1eae58285","email":"olivia.wright@gmail.com","message":"failed to process due to datastore timeout of 30 seconds.  operation took 94 seconds."},{"id":"28a8d59d-e39b-4f5a-b30f-d5c7d3d411c7","email":"dylan.wilson@gmail.com","message":"successfully parsed message, but message temporarily enqueued while system restarts."},{"id":"7bd61d33-cb9a-4773-97c9-8fff3dc00471","email":"matthew.walker@amerisave.com","message":"successfully parsed message, but message temporarily enqueued while system restarts."},{"id":"08f20e94-e642-4822-9392-04e4bd0e912d","email":"emily.taylor@gmail.com","message":"successfully parsed message, but message temporarily enqueued while system restarts."},{"id":"cbd24ced-6277-431f-8714-42dd53a26b44","email":"elizabeth.martinez@dropbox.net","message":"successfully processed after 8053 milliseconds."},{"id":"9d9649b9-87e0-4993-a48b-e555f8bbd2c4","email":"mason.robinson@amerisave.com","message":"failed to process due to network exception."},{"id":"6dd2fde3-5110-488f-aa05-fcde9cafcfaf","email":"mason.robinson@amerisave.com","message":"failed to process due to network exception."},{"id":"54dae1a2-638e-4d5f-bba2-9425308ef2ec","email":"abigail.smith@amerisave.com","message":"successfully processed after 8508 milliseconds."},{"id":"bb4bf4fe-0f4b-409f-8c4a-11261554f947","email":"ethan.hernandez@microsoft.com","message":"successfully parsed message, but message temporarily enqueued while system restarts."},{"id":"7c0b87a5-6407-4918-bb77-f4446231cb83","email":"isabella.jackson@amerisave.com","message":"successfully processed after 819 milliseconds."},{"id":"5f2dfcb7-d3b8-4826-8d97-12dae9a0a875","email":"logan.clark@dropbox.net","message":"successfully processed after 7417 milliseconds."},{"id":"f9a45a35-45d0-4b22-8be4-f0bd3a19b28b","email":"olivia.wright@gmail.com","message":"successfully processed after 8219 milliseconds."},{"id":"eb142e83-a599-4308-b80f-1331462de4ed","email":"jack.thompson@me.com","message":"failed to process due to datastore timeout of 30 seconds.  operation took 45 seconds."},{"id":"db5f3d40-a569-411e-88a1-29d666006e9e","email":"michael.hall@dropbox.net","message":"failed to process due to network exception."},{"id":"15f1babe-77a8-4a94-9937-28ddba0b8668","email":"andrew.miller@gmail.com","message":"failed to process due to network exception."},{"id":"a66bc0e9-001e-4a51-af75-08a44fa67b35","email":"dylan.wilson@gmail.com","message":"successfully processed after 649 milliseconds."},{"id":"d2d9eb72-33e2-4ebf-94dc-fce97157faf2","email":"ava.davis@gmail.com","message":"failed to process due to network exception."},{"id":"a82e8729-5fdb-42d6-ba7d-dbcfb8c06a45","email":"madison.lewis@gmail.com","message":"successfully parsed message, but message temporarily enqueued while system restarts."},{"id":"0b78583d-1060-4df7-9473-2cb853eb0fb1","email":"lily.harris@gmail.com","message":"successfully processed after 3348 milliseconds."},{"id":"9a05813c-77ca-438d-a294-8bf07115feae","email":"taylor.adams@gmail.com","message":"failed to process due to datastore timeout of 30 seconds.  operation took 114 seconds."},{"id":"0064ea74-b89b-40f9-ab36-37754a369eef","email":"alexis.brown@microsoft.com","message":"successfully processed after 6813 milliseconds."},{"id":"c82adae1-4f59-458c-b8ca-3bda82c0a0ca","email":"jack.thompson@me.com","message":"failed to process due to datastore timeout of 30 seconds.  operation took 111 seconds."},{"id":"9294bc02-38de-4f30-9ad9-86d32cc71f60","email":"noah.sanchez@me.com","message":"failed to process due to datastore timeout of 30 seconds.  operation took 85 seconds."},{"id":"23d75d31-989f-4d8d-a7f9-f996280733e9","email":"jack.thompson@me.com","message":"successfully processed after 9839 milliseconds."},{"id":"c4696479-dd89-4b53-aa27-04c02514cdfb","email":"ava.davis@gmail.com","message":"successfully parsed message, but message temporarily enqueued while system restarts."},{"id":"16c109ca-c7db-4236-b2d1-29026b480f79","email":"nicholas.allen@microsoft.com","message":"successfully processed after 5054 milliseconds."},{"id":"dfce7a53-0f47-45e2-95d1-338804260d89","email":"emily.taylor@gmail.com","message":"successfully parsed message, but message temporarily enqueued while system restarts."},{"id":"85f542f2-60d9-46ab-aae2-e335aee95ca4","email":"sophia.baker@dropbox.net","message":"failed to process due to network exception."},{"id":"5190515d-23f7-4b62-aa3b-2fd3ef4b00fe","email":"dylan.wilson@gmail.com","message":"failed to process due to network exception."},{"id":"5a19a4b7-31f9-45c7-88ea-8dd7809ddd87","email":"matthew.walker@amerisave.com","message":"successfully processed after 7216 milliseconds."},{"id":"12873656-3d44-431d-8cee-d81f80482427","email":"jacob.lopez@dropbox.net","message":"successfully processed after 5859 milliseconds."},{"id":"247128bb-537b-4173-8282-f6ab415c3fea","email":"tyler.nelson@microsoft.com","message":"failed to process due to network exception."},{"id":"489b32bc-22a3-4c8e-bf76-6bacc658a37b","email":"ava.davis@gmail.com","message":"successfully handled skipped operation."},{"id":"08a40b1d-8ffd-4c4e-8cd6-c4eb0fdbd4e0","email":"sophia.baker@dropbox.net","message":"failed to process due to network exception."},{"id":"bdb7a4be-4829-48d3-97d6-f18d5d431597","email":"elizabeth.martinez@dropbox.net","message":"failed to process due to datastore timeout of 30 seconds.  operation took 110 seconds."},{"id":"1f65c86d-c7d0-4b83-b2d2-70d496996d0c","email":"matthew.walker@amerisave.com","message":"failed to process due to datastore timeout of 30 seconds.  operation took 121 seconds."},{"id":"7381ced2-7b42-4aef-92df-ac74f9d00c2c","email":"isabella.jackson@amerisave.com","message":"successfully handled skipped operation."},{"id":"ce636df9-9bc1-499a-8b07-2bc777371823","email":"nicholas.allen@microsoft.com","message":"successfully processed after 2440 milliseconds."},{"id":"6ab45b9a-72c2-4aa4-aead-09fbfde8325a","email":"alyssa.jones@amerisave.com","message":"successfully parsed message, but message temporarily enqueued while system restarts."},{"id":"8a999ecb-5055-41b5-8d67-6941d18d34a2","email":"samantha.scott@me.com","message":"failed to process due to datastore timeout of 30 seconds.  operation took 108 seconds."},{"id":"43e26d3d-82cf-4767-9678-47e45d9444ca","email":"alexis.brown@microsoft.com","message":"successfully processed after 2474 milliseconds."},{"id":"0e6027c0-2644-4d58-9986-a6b6dce33904","email":"dylan.wilson@gmail.com","message":"failed to process due to datastore timeout of 30 seconds.  operation took 49 seconds."},{"id":"c9a1c507-85a5-4010-9b73-17f2ec64fe73","email":"jack.thompson@me.com","message":"failed to process due to datastore timeout of 30 seconds.  operation took 126 seconds."},{"id":"39b5537e-12ea-41b4-a07a-9318198f5260","email":"alexander.williams@gmail.com","message":"successfully processed after 8512 milliseconds."},{"id":"407c1b7e-3ffa-43d6-943d-44b946f3bc21","email":"madison.lewis@gmail.com","message":"successfully parsed message, but message temporarily enqueued while system restarts."},{"id":"43a4a825-fcdc-47dd-afb9-fc6584520d75","email":"daniel.rodriguez@amerisave.com","message":"successfully parsed message, but message temporarily enqueued while system restarts."},{"id":"3a61ce0c-cf56-44a3-b55e-4c7127cdfe86","email":"chloe.garcia@dropbox.net","message":"failed to process due to network exception."},{"id":"6e164481-36ef-42c0-b211-59b43fa2053a","email":"sophia.baker@dropbox.net","message":"successfully handled skipped operation."},{"id":"bf3ec75c-d9e5-4f1f-8a7a-8d788651f673","email":"jack.thompson@me.com","message":"failed to process due to datastore timeout of 30 seconds.  operation took 101 seconds."},{"id":"0ed84985-c1db-4f6e-a174-898cb76d2c0f","email":"sarah.green@amerisave.com","message":"failed to process due to datastore timeout of 30 seconds.  operation took 67 seconds."},{"id":"57504e60-7e40-463a-b259-f1ebdcbe4967","email":"mason.robinson@amerisave.com","message":"successfully handled skipped operation."},{"id":"4911648c-2c1d-440c-9b0a-889778c7b97e","email":"andrew.miller@gmail.com","message":"failed to process due to network exception."},{"id":"e0868c6e-4fae-425e-8c3a-052d4cad8d67","email":"ella.anderson@dropbox.net","message":"successfully processed after 6700 milliseconds."},{"id":"ffad92d5-c0c8-4c3e-a56e-720dd6072abe","email":"ryan.king@dropbox.net","message":"successfully handled skipped operation."},{"id":"fb73c0b9-3e6d-4a9a-8654-7551064ad139","email":"mason.robinson@amerisave.com","message":"failed to process due to datastore timeout of 30 seconds.  operation took 88 seconds."},{"id":"d6022bfb-589a-48b6-8235-cfe5056a6007","email":"michael.hall@dropbox.net","message":"failed to process due to datastore timeout of 30 seconds.  operation took 112 seconds."},{"id":"8c4a6774-cb7e-4609-b8cd-2e5775632e08","email":"olivia.wright@gmail.com","message":"successfully handled skipped operation."},{"id":"086a022c-8967-4b7e-b92d-84f3461fda9a","email":"andrew.miller@gmail.com","message":"successfully handled skipped operation."},{"id":"71e90a5e-eda4-44be-91dc-504683847a65","email":"jack.thompson@me.com","message":"successfully processed after 3250 milliseconds."},{"id":"f0d1cd3b-06db-4824-9189-a01538f1070b","email":"emily.taylor@gmail.com","message":"failed to process due to datastore timeout of 30 seconds.  operation took 118 seconds."},{"id":"dffb3f39-ec4d-4346-86c3-de82a41e064d","email":"mason.robinson@amerisave.com","message":"successfully handled skipped operation."},{"id":"42be9012-a4e3-4fa0-9ce6-8257e2fe640c","email":"nathan.young@microsoft.com","message":"failed to process due to network exception."},{"id":"b1bc0bae-ff81-4a1f-a1ae-a3bbb6d3ead5","email":"jackson.white@gmail.com","message":"successfully processed after 8372 milliseconds."},{"id":"88c0eb86-035a-48b1-82cf-be5a95bbfae2","email":"noah.sanchez@me.com","message":"successfully parsed message, but message temporarily enqueued while system restarts."},{"id":"4a028be5-19df-4501-bc93-c6f27909c8aa","email":"matthew.walker@amerisave.com","message":"successfully handled skipped operation."},{"id":"d6011462-5930-4076-a099-8ee01bc7bd65","email":"samantha.scott@me.com","message":"successfully processed after 4579 milliseconds."},{"id":"95e5fb6c-8f1d-4231-ae07-8a0948b989ad","email":"isabella.jackson@amerisave.com","message":"successfully handled skipped operation."},{"id":"6f8cd6f3-aad0-44ce-9cb0-35c1058ff60f","email":"daniel.rodriguez@amerisave.com","message":"failed to process due to datastore timeout of 30 seconds.  operation took 123 seconds."},{"id":"332f3f15-eb71-41df-a24d-79d8c7cc51f7","email":"madison.lewis@gmail.com","message":"successfully processed after 3152 milliseconds."},{"id":"31c37a35-24fe-4bc5-bed1-a0d5e9722c90","email":"joshua.lee@gmail.com","message":"successfully handled skipped operation."},{"id":"659740d4-451e-4f68-8f58-e67d22dd6818","email":"madison.lewis@gmail.com","message":"successfully handled skipped operation."},{"id":"7cbdd622-edce-4e7e-9ad0-df70e99bbc04","email":"nicholas.allen@microsoft.com","message":"successfully handled skipped operation."},{"id":"b5c233cd-f9a4-415a-9c07-76dc14bf08c8","email":"alexis.brown@microsoft.com","message":"successfully parsed message, but message temporarily enqueued while system restarts."},{"id":"92160b9d-d375-4c26-b9ce-8acda5659c42","email":"grace.moore@gmail.com","message":"failed to process due to network exception."},{"id":"72e669d7-09b1-4913-ba77-5ff68a7bcf4f","email":"liam.gonzalez@me.com","message":"failed to process due to datastore timeout of 30 seconds.  operation took 52 seconds."},{"id":"59b17296-b595-4880-9018-a3befa967e13","email":"elizabeth.martinez@dropbox.net","message":"failed to process due to network exception."},{"id":"db230f3c-fc9a-4f8f-b65a-047ac611c567","email":"chloe.garcia@dropbox.net","message":"successfully handled skipped operation."},{"id":"f18bf1f1-7be8-4926-9272-3d4e85004675","email":"noah.sanchez@me.com","message":"successfully handled skipped operation."},{"id":"4ceecb41-cb39-4bd4-8c91-5a8f09a8e211","email":"alexis.brown@microsoft.com","message":"failed to process due to network exception."},{"id":"6b1ad51d-d57e-43d6-8bb6-16d7288afe3d","email":"taylor.adams@gmail.com","message":"failed to process due to network exception."},{"id":"fd1125cb-8a25-4caf-a651-6063d3f723be","email":"samantha.scott@me.com","message":"failed to process due to datastore timeout of 30 seconds.  operation took 84 seconds."},{"id":"c1fbcca7-322a-4158-8a05-c4966a1911cc","email":"taylor.adams@gmail.com","message":"failed to process due to network exception."},{"id":"a930a31e-ed3a-4cf7-84e8-0ae94ce0e3a9","email":"joshua.lee@gmail.com","message":"failed to process due to network exception."},{"id":"7572f775-6d0d-4b63-b2ac-07ebe9815b83","email":"samantha.scott@me.com","message":"failed to process due to network exception."},{"id":"858d42c8-4ba5-4b3d-8d9e-61941a8104b2","email":"alexander.williams@gmail.com","message":"successfully parsed message, but message temporarily enqueued while system restarts."},{"id":"2a92e63f-f4bb-44ec-9207-45088ae57534","email":"alexis.brown@microsoft.com","message":"successfully processed after 6334 milliseconds."},{"id":"b52fb7ea-75ae-4942-9996-fb561b305ec7","email":"chloe.garcia@dropbox.net","message":"successfully parsed message, but message temporarily enqueued while system restarts."},{"id":"587f6cc1-44df-400a-8571-795c9013b79b","email":"tyler.nelson@microsoft.com","message":"successfully parsed message, but message temporarily enqueued while system restarts."},{"id":"d1cf7939-ab35-4f56-a9f1-cff57ded21bc","email":"andrew.miller@gmail.com","message":"failed to process due to network exception."},{"id":"b71e3feb-b208-4778-ab8b-3fb97f9dad94","email":"matthew.walker@amerisave.com","message":"failed to process due to datastore timeout of 30 seconds.  operation took 120 seconds."},{"id":"fd482817-bc47-407e-bbcd-1f955fcd82c5","email":"emma.thomas@me.com","message":"failed to process due to network exception."},{"id":"3bf0167b-d5d3-4c26-8c63-a968cf5a2b3d","email":"tyler.nelson@microsoft.com","message":"failed to process due to datastore timeout of 30 seconds.  operation took 50 seconds."},{"id":"92681fb5-49a5-4953-a603-0563fca78f38","email":"olivia.wright@gmail.com","message":"successfully processed after 325 milliseconds."},{"id":"44e8b739-bf17-4a34-846c-48c4c41c4da5","email":"hannah.martin@dropbox.net","message":"successfully parsed message, but message temporarily enqueued while system restarts."},{"id":"7774e31c-7d9e-4588-86e8-2060f90813e5","email":"samantha.scott@me.com","message":"successfully handled skipped operation."},{"id":"c6471791-c23e-4479-bc85-d651a6f2619d","email":"mason.robinson@amerisave.com","message":"failed to process due to network exception."},{"id":"24172d0e-ffb7-46b4-bd48-95346f0b5e53","email":"liam.gonzalez@me.com","message":"successfully processed after 8910 milliseconds."},{"id":"18f718ae-93ab-43bf-83f4-2bbd2872c306","email":"isabella.jackson@amerisave.com","message":"failed to process due to network exception."},{"id":"34420d04-1fda-4a1c-9975-e5d5d74fc31c","email":"matthew.walker@amerisave.com","message":"failed to process due to network exception."},{"id":"f428e4cb-2fee-4b14-b4bf-8a62aa73065b","email":"samantha.scott@me.com","message":"failed to process due to datastore timeout of 30 seconds.  operation took 105 seconds."},{"id":"7626c2ff-cd17-4abb-a341-9ca6a6fe6bdb","email":"ethan.hernandez@microsoft.com","message":"successfully parsed message, but message temporarily enqueued while system restarts."},{"id":"83e27a52-b046-41af-8e5b-8352da267273","email":"ava.davis@gmail.com","message":"failed to process due to datastore timeout of 30 seconds.  operation took 49 seconds."},{"id":"b851b25c-7ca5-4970-8f85-a4ebe4a4ced7","email":"daniel.rodriguez@amerisave.com","message":"failed to process due to datastore timeout of 30 seconds.  operation took 69 seconds."},{"id":"2d76abca-6de9-4f38-96c0-37f5bad97ce1","email":"dylan.wilson@gmail.com","message":"successfully parsed message, but message temporarily enqueued while system restarts."},{"id":"2fa68f5f-1e2b-4bb3-b9f3-013ac2fd7155","email":"alyssa.jones@amerisave.com","message":"successfully parsed message, but message temporarily enqueued while system restarts."},{"id":"0d4c630a-8335-412c-b1c9-eadbded125ae","email":"tyler.nelson@microsoft.com","message":"failed to process due to datastore timeout of 30 seconds.  operation took 46 seconds."},{"id":"9318eb4a-8a5c-4331-988e-3360e22827d3","email":"emma.thomas@me.com","message":"failed to process due to datastore timeout of 30 seconds.  operation took 79 seconds."},{"id":"154b7888-6cce-4791-bccb-4347296fa2b9","email":"emily.taylor@gmail.com","message":"successfully processed after 8460 milliseconds."},{"id":"8880c8f1-2566-4aef-89fb-10ede13adedb","email":"madison.lewis@gmail.com","message":"successfully parsed message, but message temporarily enqueued while system restarts."},{"id":"aa326a46-ed2a-4ae0-b3ad-4941b6e21112","email":"ella.anderson@dropbox.net","message":"successfully processed after 4102 milliseconds."},{"id":"f493dd78-6ff8-4824-8b99-a7f366f77763","email":"ryan.king@dropbox.net","message":"failed to process due to datastore timeout of 30 seconds.  operation took 72 seconds."},{"id":"64bf7dcf-b082-4b59-8535-310a64f59f69","email":"madison.lewis@gmail.com","message":"successfully processed after 7023 milliseconds."},{"id":"adcb24ba-6487-45eb-8720-0e9ba7b93f2e","email":"sophia.baker@dropbox.net","message":"failed to process due to network exception."},{"id":"225e7c41-75bc-45e7-a73b-a581611e4949","email":"andrew.miller@gmail.com","message":"failed to process due to datastore timeout of 30 seconds.  operation took 33 seconds."},{"id":"cc992c34-d705-4ca2-be71-54fa121e6a9b","email":"jack.thompson@me.com","message":"failed to process due to datastore timeout of 30 seconds.  operation took 92 seconds."},{"id":"a1e553ad-70d4-41ef-98ed-1a0a401de2f6","email":"joshua.lee@gmail.com","message":"successfully parsed message, but message temporarily enqueued while system restarts."}],"id":"924ad5dc-7faf-4bcf-bb54-1248546d658e"}