{"logs":[{"id":"91fdece4-4598-4d6a-89dd-a512357d3dac","email":"emily.taylor@gmail.com","message":"failed to process due to datastore timeout of 30 seconds.  operation took 108 seconds."},{"id":"207ec7ba-258c-453f-9ab5-4f46a85a0e60","email":"daniel.rodriguez@amerisave.com","message":"successfully parsed message, but message temporarily enqueued while system restarts."},{"id":"30a74545-4af4-4efe-a9e5-3e7a6df1fdf8","email":"mia.perez@me.com","message":"successfully parsed message, but message temporarily enqueued while system restarts."},{"id":"7e89c65e-3d6b-4777-8cb6-2e5b0bf7170f","email":"samantha.scott@me.com","message":"successfully processed after 3267 milliseconds."},{"id":"897832b3-5f9b-4c41-8a79-78b2d7af2698","email":"jack.thompson@me.com","message":"failed to process due to datastore timeout of 30 seconds.  operation took 83 seconds."},{"id":"64baacf8-4d57-49e9-b1b1-66a3100f156d","email":"abigail.smith@amerisave.com","message":"successfully handled skipped operation."},{"id":"81699d9d-4225-4182-b955-7c283327ff3a","email":"aiden.johnson@microsoft.com","message":"failed to process due to datastore timeout of 30 seconds.  operation took 46 seconds."},{"id":"e071524f-f1e1-4cd8-bf50-755651795a4a","email":"alexis.brown@microsoft.com","message":"successfully processed after 3943 milliseconds."},{"id":"5695a099-daa1-49c6-a106-2745acf1b41d","email":"sarah.green@amerisave.com","message":"failed to process due to datastore timeout of 30 seconds.  operation took 89 seconds."},{"id":"65f19e96-fa7a-48b8-9dbd-187b54ab7a32","email":"abigail.smith@amerisave.com","message":"successfully processed after 8668 milliseconds."},{"id":"c26637e9-82d8-4424-a9f3-d61461a52cc8","email":"abigail.smith@amerisave.com","message":"successfully handled skipped operation."},{"id":"fa8a6e62-016d-40ad-98e0-3ffd4aa95be8","email":"elizabeth.martinez@dropbox.net","message":"failed to process due to datastore timeout of 30 seconds.  operation took 88 seconds."},{"id":"f0cb49db-6deb-47d0-8f11-52276cf61f52","email":"mason.robinson@amerisave.com","message":"failed to process due to network exception."},{"id":"96a8b9be-817f-4fd4-b65a-ecb81b25ab85","email":"taylor.adams@gmail.com","message":"failed to process due to network exception."},{"id":"46c9ff70-cd8a-4235-9cb8-82c43115dc58","email":"elizabeth.martinez@dropbox.net","message":"successfully parsed message, but message temporarily enqueued while system restarts."},{"id":"b6021e0d-a221-4fec-9fb7-0047d00f02e5","email":"sophia.baker@dropbox.net","message":"successfully handled skipped operation."},{"id":"5274ba22-8db4-47c4-8c65-b043668cbe4f","email":"olivia.wright@gmail.com","message":"failed to process due to datastore timeout of 30 seconds.  operation took 102 seconds."},{"id":"df329abe-25fe-4c44-b0a9-70d79e44b61e","email":"ava.davis@gmail.com","message":"failed to process due to datastore timeout of 30 seconds.  operation took 62 seconds."},{"id":"9b6f0399-5d0e-4bda-ae34-37434220a59b","email":"tyler.nelson@microsoft.com","message":"failed to process due to network exception."},{"id":"7227ab33-8fd7-471e-ae2e-bcd97135fec0","email":"hannah.martin@dropbox.net","message":"successfully parsed message, but message temporarily enqueued while system restarts."},{"id":"c117f2c9-a597-4705-b42c-03037768bd30","email":"alyssa.jones@amerisave.com","message":"successfully parsed message, but message temporarily enqueued while system restarts."},{"id":"c02f3920-55d0-48ed-8fa5-1b240b58fed7","email":"abigail.smith@amerisave.com","message":"failed to process due to network exception."},{"id":"2bfeca0c-05a2-435b-948b-13d4b75dec05","email":"elizabeth.martinez@dropbox.net","message":"successfully handled skipped operation."},{"id":"d0e8e219-7f74-4133-92af-3c664756fa9b","email":"michael.hall@dropbox.net","message":"failed to process due to network exception."},{"id":"abe7bbd6-aacd-49b5-ac8b-b017bf2f306e","email":"liam.gonzalez@me.com","message":"successfully handled skipped operation."},{"id":"7ede83c7-a0e1-41f8-bca4-eb15b4f47200","email":"alexis.brown@microsoft.com","message":"successfully handled skipped operation."},{"id":"1cbc8d30-2d1e-4de0-b452-51f7423f6003","email":"ella.anderson@dropbox.net","message":"successfully handled skipped operation."},{"id":"4816c5c5-082a-4c98-a7d4-dd49f1e041d6","email":"jack.thompson@me.com","message":"successfully handled skipped operation."},{"id":"8b060fa0-e153-4e37-8bc8-2d121ddc4569","email":"jackson.white@gmail.com","message":"successfully parsed message, but message temporarily enqueued while system restarts."},{"id":"5693c999-d915-45e9-9c00-ab513191e4cf","email":"chloe.garcia@dropbox.net","message":"failed to process due to network exception."},{"id":"3a63aa64-359d-4772-86e4-e62bf452b725","email":"ethan.hernandez@microsoft.com","message":"successfully parsed message, but message temporarily enqueued while system restarts."},{"id":"74da7597-789b-487c-8a4e-59a5a2c00740","email":"noah.sanchez@me.com","message":"successfully processed after 9834 milliseconds."},{"id":"a870abad-e51e-4ca8-8024-f2498421eeee","email":"elizabeth.martinez@dropbox.net","message":"failed to process due to datastore timeout of 30 seconds.  operation took 72 seconds."},{"id":"bbab01c0-e0d8-4bbd-ac54-55a596dd4817","email":"sarah.green@amerisave.com","message":"successfully handled skipped operation."},{"id":"9eb67f4f-0983-4cf9-9322-55f34ff1a1bf","email":"matthew.walker@amerisave.com","message":"failed to process due to network exception."},{"id":"d7261b35-ba92-4286-a1f4-a7db9239b752","email":"elizabeth.martinez@dropbox.net","message":"successfully parsed message, but message temporarily enqueued while system restarts."},{"id":"08b91d04-25ee-48d8-bf9e-50bc151d22eb","email":"madison.lewis@gmail.com","message":"failed to process due to datastore timeout of 30 seconds.  operation took 117 seconds."},{"id":"f34384b0-f9ac-478c-a433-d45df026ef7b","email":"aiden.johnson@microsoft.com","message":"successfully parsed message, but message temporarily enqueued while system restarts."},{"id":"559137f7-1c79-4dfd-8071-a8d75ae9fd74","email":"sophia.baker@dropbox.net","message":"failed to process due to network exception."},{"id":"05d5d691-1de7-459d-b554-5de16d812d61","email":"jack.thompson@me.com","message":"successfully handled skipped operation."},{"id":"b25ef2f0-4c63-4c60-bfaf-386fa7e232a6","email":"taylor.adams@gmail.com","message":"successfully handled skipped operation."},{"id":"0da4c41f-419f-4313-935a-d816d7aef097","email":"alyssa.jones@amerisave.com","message":"failed to process due to network exception."},{"id":"7b1adf04-112d-4def-8091-b128090befa4","email":"daniel.rodriguez@amerisave.com","message":"failed to process due to network exception."},{"id":"006e29a4-9257-4495-be30-e44745cb4fd9","email":"joshua.lee@gmail.com","message":"successfully parsed message, but message temporarily enqueued while system restarts."},{"id":"596d6641-9c9b-4071-92c6-72f3675ccf3c","email":"olivia.wright@gmail.com","message":"successfully processed after 3624 milliseconds."},{"id":"2a8f9868-b91d-49f3-822b-ac961862290c","email":"olivia.wright@gmail.com","message":"failed to process due to network exception."},{"id":"97a386e2-63b9-4dbb-b935-94ddac511b61","email":"mia.perez@me.com","message":"failed to process due to datastore timeout of 30 seconds.  operation took 93 seconds."},{"id":"b2f5f26e-c09c-4b47-8fc3-133138ef8e02","email":"michael.hall@dropbox.net","message":"successfully processed after 6568 milliseconds."},{"id":"e1ef48a1-bd85-4057-bce0-14f3559a8e8e","email":"ava.davis@gmail.com","message":"failed to process due to datastore timeout of 30 seconds.  operation took 45 seconds."},{"id":"f2b673cc-293a-4d3b-8599-0e6f28031785","email":"chloe.garcia@dropbox.net","message":"successfully handled skipped operation."},{"id":"4ccfb685-339e-4eef-b15f-93977fbc75ff","email":"ryan.king@dropbox.net","message":"failed to process due to network exception."},{"id":"cb6c2ae3-5429-423d-93e2-37a894f0bae4","email":"isabella.jackson@amerisave.com","message":"successfully handled skipped operation."},{"id":"3d80c41a-6d30-4491-9af5-e45bacd944a0","email":"isabella.jackson@amerisave.com","message":"successfully parsed message, but message temporarily enqueued while system restarts."},{"id":"68ab222d-f619-4fa0-8001-9d64c0f9d733","email":"madison.lewis@gmail.com","message":"successfully parsed message, but message temporarily enqueued while system restarts."},{"id":"f08f90b5-087a-40f5-b38e-c4a36c228ac2","email":"madison.lewis@gmail.com","message":"successfully parsed message, but message temporarily enqueued while system restarts."},{"id":"0bf9f2f4-9460-4c61-ad7c-25f16fbf4a4e","email":"alyssa.jones@amerisave.com","message":"failed to process due to datastore timeout of 30 seconds.  operation took 44 seconds."},{"id":"b6ebff2f-b0a7-4c1f-9018-5a238956f0b5","email":"tyler.nelson@microsoft.com","message":"successfully parsed message, but message temporarily enqueued while system restarts."},{"id":"b9c592de-eb7a-4828-8567-3934b54d1cab","email":"hannah.martin@dropbox.net","message":"successfully parsed message, but message temporarily enqueued while system restarts."},{"id":"5efe570f-e155-4bb6-bd24-36979d8140e1","email":"ryan.king@dropbox.net","message":"successfully processed after 1190 milliseconds."},{"id":"1475246e-465d-475c-bbef-687b9f1f6d97","email":"ryan.king@dropbox.net","message":"failed to process due to network exception."},{"id":"496dfaa6-4387-4979-9659-53e060df44d9","email":"olivia.wright@gmail.com","message":"successfully processed after 8577 milliseconds."},{"id":"e207696a-e4f8-4416-af87-b3ad0cc768bb","email":"liam.gonzalez@me.com","message":"successfully processed after 4362 milliseconds."},{"id":"0c6cd595-94a5-4ade-a6e2-8dfe788870ba","email":"lily.harris@gmail.com","message":"failed to process due to network exception."},{"id":"c749166b-a917-4a58-8632-2bc122263f6d","email":"grace.moore@gmail.com","message":"failed to process due to network exception."},{"id":"3f61de94-8ab0-43d7-89ec-e1dc2cd46c6a","email":"matthew.walker@amerisave.com","message":"successfully parsed message, but message temporarily enqueued while system restarts."},{"id":"aeb2a981-466e-4af0-9b69-87da8b88cbd0","email":"madison.lewis@gmail.com","message":"successfully processed after 9472 milliseconds."},{"id":"743b64a7-b2e3-4e46-9a14-06e73bf1b5c4","email":"matthew.walker@amerisave.com","message":"successfully processed after 1797 milliseconds."},{"id":"f434d990-7060-406a-9b74-b06de8789ee0","email":"emma.thomas@me.com","message":"failed to process due to network exception."},{"id":"30f524b3-5d1a-49ac-9b96-a7a1bf342c73","email":"taylor.adams@gmail.com","message":"successfully parsed message, but message temporarily enqueued while system restarts."},{"id":"12dd8142-811f-4125-8b6d-0e574d9944a0","email":"hannah.martin@dropbox.net","message":"failed to process due to network exception."},{"id":"c7ad4e89-e4ae-449d-a741-02469c631b03","email":"chloe.garcia@dropbox.net","message":"successfully processed after 2881 milliseconds."},{"id":"84737fba-6e72-416f-b771-a31f2cea7cae","email":"ava.davis@gmail.com","message":"successfully parsed message, but message temporarily enqueued while system restarts."},{"id":"df8328b4-e78f-4d93-a920-4dd751e71e61","email":"alexis.brown@microsoft.com","message":"failed to process due to datastore timeout of 30 seconds.  operation took 82 seconds."},{"id":"eef27969-2c5f-4253-9c33-22b0512b290e","email":"mia.perez@me.com","message":"failed to process due to network exception."},{"id":"4ae31669-a6d7-4413-83ca-01cb4e383e2d","email":"liam.gonzalez@me.com","message":"failed to process due to network exception."},{"id":"bbaf2f11-51d4-46c3-81bb-7110c442d022","email":"abigail.smith@amerisave.com","message":"failed to process due to network exception."},{"id":"bb35d7e5-659d-4fee-8610-8df65bdf60ce","email":"jack.thompson@me.com","message":"failed to process due to network exception."},{"id":"08664023-7c5c-4483-9542-5d8066ddb1c6","email":"emma.thomas@me.com","message":"successfully processed after 2038 milliseconds."},{"id":"fd0e39ba-756d-405f-92f5-2838943245ed","email":"aiden.johnson@microsoft.com","message":"successfully handled skipped operation."},{"id":"1cd1d0a6-1fbd-4c4b-b96c-611beb09563b","email":"taylor.adams@gmail.com","message":"failed to process due to network exception."},{"id":"cf0dc2b2-06c8-4933-8312-7626e85acd7e","email":"alyssa.jones@amerisave.com","message":"successfully handled skipped operation."},{"id":"4a5b12a0-0696-4d93-91a9-5b78101c203e","email":"joshua.lee@gmail.com","message":"successfully parsed message, but message temporarily enqueued while system restarts."},{"id":"db99e2c4-640b-44a5-9247-5478e6ef9614","email":"noah.sanchez@me.com","message":"failed to process due to datastore timeout of 30 seconds.  operation took 64 seconds."},{"id":"5fe2fccb-20d8-4b60-ba6d-85a7aa7da8d8","email":"sarah.green@amerisave.com","message":"successfully parsed message, but message temporarily enqueued while system restarts."},{"id":"62603813-7c41-4556-afcb-4f59cf723cfc","email":"mia.perez@me.com","message":"successfully handled skipped operation."},{"id":"7b6d90b4-dcaa-46f8-8b6b-eb4c9dfbee50","email":"isabella.jackson@amerisave.com","message":"successfully processed after 3887 milliseconds."},{"id":"098a21b1-a371-4f51-b0c4-b8a46554591b","email":"jackson.white@gmail.com","message":"successfully handled skipped operation."},{"id":"e70c58a0-fa4f-4a2e-b16e-a3a217cf9899","email":"samantha.scott@me.com","message":"failed to process due to datastore timeout of 30 seconds.  operation took 67 seconds."},{"id":"e96ae31c-3b68-4a43-9110-aa6518bfa762","email":"ava.davis@gmail.com","message":"successfully parsed message, but message temporarily enqueued while system restarts."},{"id":"a3a29c5c-1623-422b-a4ca-c35c82c24c24","email":"joshua.lee@gmail.com","message":"successfully handled skipped operation."},{"id":"a4da1bf3-16f2-444b-8d6d-b7fec69a317a","email":"logan.clark@dropbox.net","message":"successfully parsed message, but message temporarily enqueued while system restarts."},{"id":"2ebdac91-5d15-4a73-b030-b0a31d6b3065","email":"ryan.king@dropbox.net","message":"failed to process due to datastore timeout of 30 seconds.  operation took 49 seconds."},{"id":"6e6df8aa-4e8c-46cd-874d-20d446d7ba8c","email":"sophia.baker@dropbox.net","message":"failed to process due to datastore timeout of 30 seconds.  operation took 60 seconds."},{"id":"8f1b3faf-fd47-4995-bff1-8debf3dcd34d","email":"elizabeth.martinez@dropbox.net","message":"failed to process due to network exception."},{"id":"5196cf8b-7083-4d69-88e0-7ccdf4d8e2d0","email":"lily.harris@gmail.com","message":"successfully parsed message, but message temporarily enqueued while system restarts."},{"id":"0921d7e9-cbd7-4f0d-aa63-44041eac6bb2","email":"abigail.smith@amerisave.com","message":"successfully handled skipped operation."},{"id":"9a77ce26-8fe0-4a87-8601-1ce2a6fc0c02","email":"aiden.johnson@microsoft.com","message":"successfully handled skipped operation."},{"id":"08b72ac5-895d-4c35-b094-b306a75afba3","email":"taylor.adams@gmail.com","message":"successfully handled skipped operation."},{"id":"b7c7a35a-d4f5-4a35-b3fc-9315c4549240","email":"alyssa.jones@amerisave.com","message":"successfully handled skipped operation."},{"id":"7846392a-a433-4eae-a4d1-324dfafcfdac","email":"tyler.nelson@microsoft.com","message":"failed to process due to datastore timeout of 30 seconds.  operation took 62 seconds."},{"id":"ed0920d6-e356-4f04-8f09-cedbe102f6c4","email":"liam.gonzalez@me.com","message":"failed to process due to datastore timeout of 30 seconds.  operation took 83 seconds."},{"id":"4ed66604-88a6-41aa-b2f2-9d8734ece11a","email":"emily.taylor@gmail.com","message":"successfully parsed message, but message temporarily enqueued while system restarts."},{"id":"01829037-c478-46f0-90d0-aa5c06352921","email":"elizabeth.martinez@dropbox.net","message":"failed to process due to datastore timeout of 30 seconds.  operation took 41 seconds."},{"id":"7b2078ba-aff5-4991-9e42-88b28d2a4d1e","email":"alyssa.jones@amerisave.com","message":"failed to process due to network exception."},{"id":"11759ca6-2c2e-4170-b9f3-0022b12d6199","email":"olivia.wright@gmail.com","message":"failed to process due to network exception."},{"id":"3f477e74-3520-4abb-981a-24bc7a55d4b4","email":"samantha.scott@me.com","message":"failed to process due to datastore timeout of 30 seconds.  operation took 73 seconds."},{"id":"a781a549-aadc-4472-96b1-5c2425c37737","email":"hannah.martin@dropbox.net","message":"failed to process due to datastore timeout of 30 seconds.  operation took 63 seconds."},{"id":"885a0502-68c8-4cc2-a6f3-8b7f639953f8","email":"jacob.lopez@dropbox.net","message":"successfully processed after 8084 milliseconds."},{"id":"a329d9ab-060d-48a8-a347-2788614fc17a","email":"ava.davis@gmail.com","message":"successfully parsed message, but message temporarily enqueued while system restarts."},{"id":"afc7bb98-fd8a-447f-83e4-d2890e9b2ba4","email":"madison.lewis@gmail.com","message":"failed to process due to datastore timeout of 30 seconds.  operation took 67 seconds."},{"id":"ea424e8a-60c6-45dd-a299-bb9905cf2299","email":"alyssa.jones@amerisave.com","message":"successfully processed after 7520 milliseconds."},{"id":"755441d4-6312-4c29-96d1-6ac4aa2f9b65","email":"alyssa.jones@amerisave.com","message":"successfully parsed message, but message temporarily enqueued while system restarts."},{"id":"f6a33b7f-0b7c-4ae9-832b-07a0a30f2a7a","email":"ryan.king@dropbox.net","message":"successfully parsed message, but message temporarily enqueued while system restarts."},{"id":"dd93b0bb-e452-4923-b4d5-9394f391aff8","email":"matthew.walker@amerisave.com","message":"failed to process due to datastore timeout of 30 seconds.  operation took 129 seconds."},{"id":"10e33440-33f2-4848-b974-311bea87381b","email":"taylor.adams@gmail.com","message":"successfully processed after 8214 milliseconds."},{"id":"08322b86-7c24-4bb7-b6e6-8c36db885910","email":"tyler.nelson@microsoft.com","message":"successfully processed after 4619 milliseconds."},{"id":"ce332a58-be37-471b-9d1f-8052efc2c46d","email":"sophia.baker@dropbox.net","message":"successfully handled skipped operation."},{"id":"0b253f8b-b4ae-4a18-a813-3d6f831c2883","email":"alexis.brown@microsoft.com","message":"successfully handled skipped operation."},{"id":"3e3e4b60-b938-4d68-9e33-96f091409f9f","email":"ethan.hernandez@microsoft.com","message":"failed to process due to network exception."},{"id":"a097833a-a24a-44ae-9842-2b73ca9d42e3","email":"emma.thomas@me.com","message":"failed to process due to datastore timeout of 30 seconds.  operation took 124 seconds."},{"id":"026f7944-12fb-4c1c-8b47-4e76190b16b0","email":"jack.thompson@me.com","message":"successfully handled skipped operation."},{"id":"ea446fc4-884d-461b-9ca3-f424a6070c9b","email":"joshua.lee@gmail.com","message":"successfully processed after 4176 milliseconds."},{"id":"c65ebca9-930c-4f1e-8430-2831d4055d87","email":"emma.thomas@me.com","message":"successfully processed after 4760 milliseconds."},{"id":"d639967a-c19f-401d-8c29-125efdb12600","email":"matthew.walker@amerisave.com","message":"failed to process due to network exception."},{"id":"eef8f8fc-0a6a-43fc-904e-ca88801b32e3","email":"madison.lewis@gmail.com","message":"failed to process due to datastore timeout of 30 seconds.  operation took 108 seconds."},{"id":"bdbf32a2-f892-4fd6-afd1-ad3ea762dc86","email":"jackson.white@gmail.com","message":"failed to process due to network exception."},{"id":"b84e8e06-646b-4434-9928-2c7cfdad0cfe","email":"mia.perez@me.com","message":"successfully parsed message, but message temporarily enqueued while system restarts."},{"id":"e56f317a-2bd8-474b-9448-6399dead134a","email":"matthew.walker@amerisave.com","message":"successfully processed after 5905 milliseconds."},{"id":"fbcb5bd5-d8b3-4ace-b276-15e31f4e9a11","email":"alyssa.jones@amerisave.com","message":"failed to process due to network exception."},{"id":"743f6bfe-7796-48b1-b6f0-e83dd898edfe","email":"grace.moore@gmail.com","message":"failed to process due to network exception."},{"id":"592da9d6-9efe-4d14-b4e1-f609bf1c6448","email":"lily.harris@gmail.com","message":"successfully handled skipped operation."},{"id":"4d250c71-5e81-4e8f-9d4f-c585cb90c070","email":"alexis.brown@microsoft.com","message":"successfully handled skipped operation."},{"id":"da2d4405-b23d-4dbe-8ab7-9fe74f3e940d","email":"ethan.hernandez@microsoft.com","message":"failed to process due to network exception."},{"id":"db131051-2acd-493f-8c3b-156bf7e37d1b","email":"andrew.miller@gmail.com","message":"successfully parsed message, but message temporarily enqueued while system restarts."},{"id":"d3cb7fd6-68cc-4212-880e-12e78cbd89c3","email":"grace.moore@gmail.com","message":"successfully handled skipped operation."},{"id":"2bbd9fd1-3b70-4a2c-98ca-9ceff0e79078","email":"isabella.jackson@amerisave.com","message":"successfully processed after 5745 milliseconds."},{"id":"a379dbcc-a6a8-42f1-bc2a-20c1f790b1c9","email":"lily.harris@gmail.com","message":"successfully handled skipped operation."},{"id":"f58019f4-7001-4ce2-8dfe-d239ae69c1c5","email":"michael.hall@dropbox.net","message":"failed to process due to datastore timeout of 30 seconds.  operation took 86 seconds."},{"id":"e6b2cacf-6d6d-4b79-8e8c-9cb561f6c5b8","email":"sophia.baker@dropbox.net","message":"successfully parsed message, but message temporarily enqueued while system restarts."},{"id":"51c9bd3e-f7b4-4c43-bcd8-47d59d1ace38","email":"nathan.young@microsoft.com","message":"successfully parsed message, but message temporarily enqueued while system restarts."},{"id":"c767150f-1943-45e4-ac7d-46782cadd253","email":"dylan.wilson@gmail.com","message":"successfully handled skipped operation."},{"id":"246899bf-7a85-4459-b4e1-e4bf15f75e33","email":"alexis.brown@microsoft.com","message":"successfully handled skipped operation."},{"id":"72a278c5-e9d5-4124-8cb1-9725f5f233e9","email":"michael.hall@dropbox.net","message":"successfully processed after 7926 milliseconds."},{"id":"24138d0d-d007-4014-994a-7778ccb8b760","email":"mason.robinson@amerisave.com","message":"failed to process due to network exception."},{"id":"c44e50b8-6c62-415e-a4a7-66de6b0ef6a4","email":"nathan.young@microsoft.com","message":"failed to process due to network exception."},{"id":"77d3b87c-b186-4a0b-a425-55f0456b3f8e","email":"noah.sanchez@me.com","message":"successfully handled skipped operation."},{"id":"fa9655f8-3e9a-44c4-a04d-c938e3ba8c2b","email":"logan.clark@dropbox.net","message":"successfully processed after 9531 milliseconds."},{"id":"8bfbd7de-d4be-41f7-9fd6-a1b98eb69df2","email":"alyssa.jones@amerisave.com","message":"successfully handled skipped operation."},{"id":"0bf92316-d355-4a0b-a9e2-19580af73bde","email":"emily.taylor@gmail.com","message":"failed to process due to datastore timeout of 30 seconds.  operation took 65 seconds."},{"id":"86698731-2506-4256-bc40-d50937d58bdf","email":"lily.harris@gmail.com","message":"successfully processed after 3588 milliseconds."},{"id":"9a39b4ad-39b0-488d-ac1d-ff17becce2e7","email":"daniel.rodriguez@amerisave.com","message":"failed to process due to datastore timeout of 30 seconds.  operation took 126 seconds."},{"id":"1b830ee0-be67-4f39-9f2c-aa00a949f99e","email":"matthew.walker@amerisave.com","message":"failed to process due to datastore timeout of 30 seconds.  operation took 130 seconds."},{"id":"4546f08e-2bc7-45ba-9cc1-8c9bb7c11333","email":"matthew.walker@amerisave.com","message":"successfully processed after 5049 milliseconds."},{"id":"724917a9-b6ed-4db8-913a-c6a8590232e0","email":"grace.moore@gmail.com","message":"failed to process due to network exception."},{"id":"13ec8c40-32ba-4102-a012-27ccb3f4fefc","email":"ava.davis@gmail.com","message":"successfully parsed message, but message temporarily enqueued while system restarts."},{"id":"00f9fddb-44f5-4d30-942d-54a884996a80","email":"nicholas.allen@microsoft.com","message":"successfully handled skipped operation."},{"id":"5c8ca67e-77b1-450c-b818-a29d3cd14053","email":"isabella.jackson@amerisave.com","message":"failed to process due to network exception."},{"id":"c649557f-4552-4dc7-81df-92bf6b2c1a55","email":"ella.anderson@dropbox.net","message":"successfully processed after 3755 milliseconds."},{"id":"b10b7742-a05c-417a-a323-8f78b897afcc","email":"chloe.garcia@dropbox.net","message":"failed to process due to network exception."},{"id":"d73534a1-fb84-411b-b0d2-6d7510610c7e","email":"daniel.rodriguez@amerisave.com","message":"successfully handled skipped operation."},{"id":"139666cf-b3aa-43c5-a914-753b62c8560e","email":"samantha.scott@me.com","message":"successfully parsed message, but message temporarily enqueued while system restarts."},{"id":"908633bd-65e8-48e3-9711-3ff94b3a7127","email":"hannah.martin@dropbox.net","message":"successfully parsed message, but message temporarily enqueued while system restarts."},{"id":"62dd932a-cbdd-46a9-8a91-14ccc6d2758b","email":"nicholas.allen@microsoft.com","message":"failed to process due to datastore timeout of 30 seconds.  operation took 66 seconds."},{"id":"0df6e541-5165-41ab-85a7-dc479742eef2","email":"aiden.johnson@microsoft.com","message":"failed to process due to datastore timeout of 30 seconds.  operation took 79 seconds."},{"id":"83baf9e6-b68e-402a-abe1-a32437a4e1c7","email":"mia.perez@me.com","message":"successfully processed after 2563 milliseconds."},{"id":"473ab786-4f28-4d05-85cb-748d5d2b06dd","email":"mason.robinson@amerisave.com","message":"failed to process due to network exception."},{"id":"f25afbdb-72bf-4c1e-ae47-b3f0849b928d","email":"sarah.green@amerisave.com","message":"successfully processed after 7385 milliseconds."},{"id":"a03c3911-ebdc-49c4-a3f2-1716cce3e344","email":"samantha.scott@me.com","message":"successfully processed after 5582 milliseconds."},{"id":"63b46b98-b79d-4695-8b30-5653b35d349a","email":"lily.harris@gmail.com","message":"successfully handled skipped operation."},{"id":"2fc9b213-7ffc-4fa2-84a8-309133beb9c3","email":"elizabeth.martinez@dropbox.net","message":"successfully handled skipped operation."},{"id":"363d5738-5668-4b40-9184-2ee1897b65f2","email":"nathan.young@microsoft.com","message":"successfully handled skipped operation."},{"id":"f2347d7e-3137-4333-9de0-2e2bd849436c","email":"sophia.baker@dropbox.net","message":"failed to process due to network exception."},{"id":"9949eebe-ebd0-43ec-a4e3-deac9c03b3ca","email":"olivia.wright@gmail.com","message":"failed to process due to network exception."},{"id":"6c5d374f-d9d3-40aa-a866-7186d43a32fd","email":"isabella.jackson@amerisave.com","message":"failed to process due to datastore timeout of 30 seconds.  operation took 93 seconds."},{"id":"3ab336fe-5a0b-45a1-8662-bcd92e3a58fb","email":"emily.taylor@gmail.com","message":"failed to process due to network exception."},{"id":"d4b37b56-e7a6-44d8-8721-6e3a3e313e92","email":"madison.lewis@gmail.com","message":"successfully processed after 7214 milliseconds."},{"id":"64350b73-eef4-4153-b4e7-b0b518f0fb87","email":"hannah.martin@dropbox.net","message":"successfully processed after 9038 milliseconds."},{"id":"a18beddf-5f37-4760-8573-6a17027851a7","email":"lily.harris@gmail.com","message":"successfully parsed message, but message temporarily enqueued while system restarts."},{"id":"887ad358-28db-465f-9b23-89c30cb51173","email":"samantha.scott@me.com","message":"successfully handled skipped operation."},{"id":"f318ab3f-0056-4c9b-a958-accd2409a0c8","email":"sophia.baker@dropbox.net","message":"successfully parsed message, but message temporarily enqueued while system restarts."},{"id":"0d4c0324-3b8c-4627-b0ef-3bafb0d7a06d","email":"alyssa.jones@amerisave.com","message":"failed to process due to network exception."},{"id":"b618fa7c-dd3c-407d-8cbd-1fe76c606ca5","email":"jack.thompson@me.com","message":"successfully parsed message, but message temporarily enqueued while system restarts."},{"id":"12cf7b35-309a-4488-9cb4-3bb18ed0a7ab","email":"dylan.wilson@gmail.com","message":"successfully parsed message, but message temporarily enqueued while system restarts."},{"id":"f21945d9-4add-4794-af5f-ab9785439051","email":"hannah.martin@dropbox.net","message":"failed to process due to datastore timeout of 30 seconds.  operation took 111 seconds."},{"id":"c5d19976-b9bd-42fc-b5d9-3e6acd1ce692","email":"jackson.white@gmail.com","message":"failed to process due to datastore timeout of 30 seconds.  operation took 50 seconds."},{"id":"84d1cb20-eef8-4564-8ecd-c2f7e2f777b6","email":"ryan.king@dropbox.net","message":"failed to process due to datastore timeout of 30 seconds.  operation took 62 seconds."},{"id":"91cec12d-6666-48b9-a675-a76d3c617882","email":"jackson.white@gmail.com","message":"failed to process due to network exception."},{"id":"50b7b243-a067-423d-9130-e0d1e37dd890","email":"aiden.johnson@microsoft.com","message":"successfully parsed message, but message temporarily enqueued while system restarts."},{"id":"ae3a0ace-62f6-4554-a7c9-b9b0373a1906","email":"alexis.brown@microsoft.com","message":"failed to process due to datastore timeout of 30 seconds.  operation took 38 seconds."},{"id":"f63a0745-5e02-44c7-8956-d6e6b99d53a5","email":"mason.robinson@amerisave.com","message":"successfully processed after 2937 milliseconds."},{"id":"8ee2d709-1910-441a-b95e-be413393bb13","email":"alexander.williams@gmail.com","message":"failed to process due to network exception."},{"id":"75a15e5c-1c0c-48f4-80ef-917ec39573d7","email":"samantha.scott@me.com","message":"successfully handled skipped operation."},{"id":"e63a37d8-e95d-4311-9aab-a7e00f88d67c","email":"dylan.wilson@gmail.com","message":"successfully handled skipped operation."},{"id":"be63e61b-9725-4960-aa03-7a6f6c7231a7","email":"andrew.miller@gmail.com","message":"failed to process due to network exception."},{"id":"321f3a75-f36f-470b-a070-5f8cd8e2d2b5","email":"taylor.adams@gmail.com","message":"failed to process due to network exception."},{"id":"cd0a08cf-ee06-4ab2-8b1a-996e337cc778","email":"mason.robinson@amerisave.com","message":"successfully handled skipped operation."},{"id":"3439157b-3e89-4e8b-8ffc-d5318469d0cb","email":"madison.lewis@gmail.com","message":"failed to process due to datastore timeout of 30 seconds.  operation took 67 seconds."},{"id":"37ae6627-fac7-4a19-8db2-b143c220e2a5","email":"abigail.smith@amerisave.com","message":"failed to process due to network exception."},{"id":"0e5b473f-b2e6-4111-99d3-3e8e28c1831f","email":"sarah.green@amerisave.com","message":"successfully handled skipped operation."},{"id":"419e5e59-c0e2-4cc6-8e77-31ea2ee4496f","email":"nathan.young@microsoft.com","message":"failed to process due to datastore timeout of 30 seconds.  operation took 36 seconds."},{"id":"6383292a-c427-4181-aeff-aa80f71b9a80","email":"michael.hall@dropbox.net","message":"failed to process due to datastore timeout of 30 seconds.  operation took 78 seconds."},{"id":"ed45c4e5-458e-4446-9edf-6dcf8e2c03eb","email":"mason.robinson@amerisave.com","message":"failed to process due to datastore timeout of 30 seconds.  operation took 119 seconds."},{"id":"572fedcf-a434-4f40-9996-86d848738f44","email":"chloe.garcia@dropbox.net","message":"failed to process due to network exception."},{"id":"af3e22ab-bf5a-4011-8bba-ed2cc968148c","email":"sophia.baker@dropbox.net","message":"successfully parsed message, but message temporarily enqueued while system restarts."},{"id":"77beeab3-db97-4cd3-b8e7-1524ce01d8ec","email":"ryan.king@dropbox.net","message":"successfully parsed message, but message temporarily enqueued while system restarts."},{"id":"fcc183a3-c4cb-4124-bca3-3506e4820e16","email":"samantha.scott@me.com","message":"successfully parsed message, but message temporarily enqueued while system restarts."},{"id":"93a6707c-a485-4a52-8950-9bc20cc7e7cc","email":"nathan.young@microsoft.com","message":"successfully parsed message, but message temporarily enqueued while system restarts."},{"id":"0bef76bf-7826-4fea-a7b6-6a699300856a","email":"mia.perez@me.com","message":"successfully processed after 9770 milliseconds."},{"id":"4f92b9a1-132a-4d23-8d2f-5dabe0af9984","email":"elizabeth.martinez@dropbox.net","message":"successfully processed after 9247 milliseconds."},{"id":"b2daedaf-b274-4deb-80f9-fc2b1aa2835e","email":"mason.robinson@amerisave.com","message":"successfully handled skipped operation."},{"id":"7e876fa9-a544-46e9-a1e0-1ba4e7eeb44b","email":"jacob.lopez@dropbox.net","message":"successfully processed after 3213 milliseconds."},{"id":"615d9f26-0c13-4c3d-b595-dec2513bf78a","email":"jackson.white@gmail.com","message":"successfully parsed message, but message temporarily enqueued while system restarts."},{"id":"31cf635b-6af2-417e-ad7c-ee2c972eb228","email":"joshua.lee@gmail.com","message":"failed to process due to network exception."},{"id":"b2fc44c6-a2c2-4959-b4a3-2948b088bbf5","email":"dylan.wilson@gmail.com","message":"successfully processed after 7023 milliseconds."},{"id":"865a9c3c-faab-4afe-95c9-06ae506b0b34","email":"ella.anderson@dropbox.net","message":"failed to process due to network exception."},{"id":"1a4408af-2536-4105-a2fd-0ae15a11bb1a","email":"sarah.green@amerisave.com","message":"failed to process due to network exception."},{"id":"3691702c-0b34-40a2-9f47-ca7dd7f9e0a9","email":"alexis.brown@microsoft.com","message":"successfully handled skipped operation."},{"id":"51b1a6cb-3e98-46a7-8bb9-aa6d00449e2c","email":"andrew.miller@gmail.com","message":"successfully handled skipped operation."},{"id":"42421d97-584a-4d3d-90ff-8d0dbd73b8a0","email":"liam.gonzalez@me.com","message":"successfully processed after 7279 milliseconds."},{"id":"05b36031-1e2d-4720-979e-dfb4bc86c301","email":"andrew.miller@gmail.com","message":"failed to process due to network exception."},{"id":"40ca79ca-17df-44be-b5a8-57a41e420375","email":"alexis.brown@microsoft.com","message":"successfully handled skipped operation."},{"id":"191eb19b-3021-4c75-8271-a263cffef2ae","email":"alexis.brown@microsoft.com","message":"failed to process due to datastore timeout of 30 seconds.  operation took 127 seconds."},{"id":"ae93726c-c76c-4c36-8cf5-aa2bb609e032","email":"alexis.brown@microsoft.com","message":"failed to process due to network exception."},{"id":"019838b8-f186-4b97-8be8-930ee600cbaa","email":"chloe.garcia@dropbox.net","message":"failed to process due to network exception."},{"id":"90ceb6ef-9447-4e99-9779-f34e4526262f","email":"alexis.brown@microsoft.com","message":"failed to process due to datastore timeout of 30 seconds.  operation took 69 seconds."},{"id":"97474bff-19eb-4084-b6cb-d6761ef89a39","email":"elizabeth.martinez@dropbox.net","message":"successfully processed after 1273 milliseconds."},{"id":"836f021d-16c4-4528-b80e-fee1a9a1584c","email":"grace.moore@gmail.com","message":"successfully parsed message, but message temporarily enqueued while system restarts."},{"id":"dcc103a9-8a48-43d6-926b-38c29b06a3f4","email":"samantha.scott@me.com","message":"successfully handled skipped operation."},{"id":"ab9b8a44-06ea-4630-aade-b484c8e63f8d","email":"ava.davis@gmail.com","message":"successfully handled skipped operation."},{"id":"0d7b05e1-e7a1-449b-84d1-d23ab9f39dd3","email":"noah.sanchez@me.com","message":"successfully parsed message, but message temporarily enqueued while system restarts."},{"id":"dbd41eb2-84cd-4fa2-a197-7242a8c9dced","email":"joshua.lee@gmail.com","message":"successfully processed after 3006 milliseconds."},{"id":"8d3d2334-a27d-4ca9-9d1e-185178a30aab","email":"ethan.hernandez@microsoft.com","message":"failed to process due to network exception."},{"id":"ad6711e8-88d4-4236-a617-d9ec204beb4b","email":"ella.anderson@dropbox.net","message":"failed to process due to datastore timeout of 30 seconds.  operation took 40 seconds."},{"id":"5f5ed07c-1337-4913-beb0-f81fee1f2dfd","email":"liam.gonzalez@me.com","message":"successfully processed after 7564 milliseconds."},{"id":"4805eac6-1447-451d-b609-431f1b4d473b","email":"tyler.nelson@microsoft.com","message":"successfully parsed message, but message temporarily enqueued while system restarts."},{"id":"fb973d53-bc36-45b0-8b92-be8b14616dee","email":"olivia.wright@gmail.com","message":"failed to process due to network exception."},{"id":"da818e0c-8de5-4dc9-95d9-39a6f5332eb7","email":"andrew.miller@gmail.com","message":"successfully handled skipped operation."},{"id":"92b2f38b-7075-4422-a341-1b97b984305e","email":"alyssa.jones@amerisave.com","message":"successfully processed after 9539 milliseconds."},{"id":"b58cc50e-5618-439c-93b4-3249c75cc2ab","email":"michael.hall@dropbox.net","message":"successfully handled skipped operation."},{"id":"fc3e95ad-f8e5-4cfc-b263-f33b4403386e","email":"samantha.scott@me.com","message":"failed to process due to datastore timeout of 30 seconds.  operation took 80 seconds."},{"id":"322b2421-afe9-4388-99a7-41a918b91965","email":"lily.harris@gmail.com","message":"failed to process due to network exception."},{"id":"48ef23cd-fedf-4abd-9dc2-8c3fac08e5b6","email":"mia.perez@me.com","message":"successfully parsed message, but message temporarily enqueued while system restarts."},{"id":"fdd64017-d101-4a34-a99d-3776d44ac9d0","email":"grace.moore@gmail.com","message":"failed to process due to datastore timeout of 30 seconds.  operation took 123 seconds."},{"id":"59679fe1-f1e3-45bc-8c2b-da7814e5e149","email":"hannah.martin@dropbox.net","message":"successfully handled skipped operation."},{"id":"550bafa6-2182-436c-aea2-ce594ccd3dfa","email":"tyler.nelson@microsoft.com","message":"failed to process due to datastore timeout of 30 seconds.  operation took 100 seconds."},{"id":"e3d6e128-1759-480c-9cf9-d59bde1ae6ac","email":"liam.gonzalez@me.com","message":"failed to process due to network exception."},{"id":"15b9dc8a-fdbe-41c3-a5c6-6794de1d7071","email":"ella.anderson@dropbox.net","message":"successfully parsed message, but message temporarily enqueued while system restarts."},{"id":"8ef17700-03f5-4727-9369-88070d1ab3b4","email":"hannah.martin@dropbox.net","message":"successfully parsed message, but message temporarily enqueued while system restarts."},{"id":"58bec852-99c5-477f-bbba-c7274257e4eb","email":"michael.hall@dropbox.net","message":"successfully processed after 3427 milliseconds."},{"id":"de775763-411c-42de-b8f8-196d447f755c","email":"tyler.nelson@microsoft.com","message":"failed to process due to network exception."},{"id":"2fa5eb18-eabc-4d2c-83d6-911f72fa9745","email":"ryan.king@dropbox.net","message":"failed to process due to datastore timeout of 30 seconds.  operation took 107 seconds."},{"id":"007f56b2-3edd-4fb5-a120-b618604ba03e","email":"ella.anderson@dropbox.net","message":"successfully handled skipped operation."},{"id":"d2a67c0d-1460-4773-89bd-b91ad8e5faae","email":"alexander.williams@gmail.com","message":"successfully parsed message, but message temporarily enqueued while system restarts."},{"id":"d27ab48e-16b0-4499-b428-947580ad1489","email":"hannah.martin@dropbox.net","message":"failed to process due to network exception."},{"id":"9a10bfef-6e9e-4b49-b042-b98ec22d6957","email":"alexander.williams@gmail.com","message":"successfully processed after 6250 milliseconds."},{"id":"6ba50d8e-953a-4841-808b-c1538885e8ef","email":"mia.perez@me.com","message":"failed to process due to network exception."},{"id":"b3cf505f-620a-4631-8c66-34345e5c6efb","email":"taylor.adams@gmail.com","message":"failed to process due to network exception."},{"id":"dacd720c-848c-48c4-9d64-5be40a89b8d3","email":"hannah.martin@dropbox.net","message":"failed to process due to datastore timeout of 30 seconds.  operation took 89 seconds."},{"id":"1e960aa4-1a9f-4066-8b6d-4cf08176924a","email":"jackson.white@gmail.com","message":"failed to process due to datastore timeout of 30 seconds.  operation took 123 seconds."},{"id":"31fd5e34-e1ed-488a-bed3-bac10bc8f6cf","email":"olivia.wright@gmail.com","message":"successfully processed after 9292 milliseconds."},{"id":"95e827ca-06e1-4512-9329-769e6ef1b1d1","email":"alyssa.jones@amerisave.com","message":"successfully parsed message, but message temporarily enqueued while system restarts."},{"id":"79fa79d0-fe7d-46bd-b577-553c1733c7de","email":"jack.thompson@me.com","message":"failed to process due to datastore timeout of 30 seconds.  operation took 125 seconds."},{"id":"611d4f60-0a0a-4fc1-8029-599558e1e3fe","email":"daniel.rodriguez@amerisave.com","message":"successfully processed after 9814 milliseconds."},{"id":"fddb1461-1841-4c3b-a069-fd92e7109e08","email":"elizabeth.martinez@dropbox.net","message":"failed to process due to network exception."},{"id":"edd7b5a0-208b-4c59-a418-2902d4041234","email":"logan.clark@dropbox.net","message":"successfully processed after 847 milliseconds."},{"id":"c99f731e-a638-4587-b8ff-4208e13e1fc7","email":"tyler.nelson@microsoft.com","message":"successfully handled skipped operation."},{"id":"90678554-3f9b-4e6e-ac7b-ff63aeff8799","email":"joshua.lee@gmail.com","message":"failed to process due to datastore timeout of 30 seconds.  operation took 118 seconds."},{"id":"065e2546-bbca-4f4e-9c40-2f640414e7bd","email":"ava.davis@gmail.com","message":"failed to process due to datastore timeout of 30 seconds.  operation took 116 seconds."},{"id":"fcede72b-173a-42f7-89b9-ec5a8b788c57","email":"logan.clark@dropbox.net","message":"successfully parsed message, but message temporarily enqueued while system restarts."},{"id":"97e1ef87-29df-41ef-8d2a-aa838e65dcca","email":"alexander.williams@gmail.com","message":"successfully parsed message, but message temporarily enqueued while system restarts."},{"id":"58763905-fd87-49b1-9feb-a5b012dc5162","email":"grace.moore@gmail.com","message":"successfully parsed message, but message temporarily enqueued while system restarts."},{"id":"6793503c-aca9-4d0f-866c-024be4ed9b69","email":"elizabeth.martinez@dropbox.net","message":"failed to process due to network exception."},{"id":"9c862969-78d9-4775-a740-8f8a2d9a8149","email":"abigail.smith@amerisave.com","message":"successfully processed after 9056 milliseconds."},{"id":"c9b82a83-2b55-44d0-b9b0-5cc34d6acae6","email":"hannah.martin@dropbox.net","message":"failed to process due to datastore timeout of 30 seconds.  operation took 120 seconds."},{"id":"1b98d2fb-7567-4a0f-b93a-218ff645ae6e","email":"grace.moore@gmail.com","message":"successfully handled skipped operation."},{"id":"8e2f06fb-25b6-4460-a6e1-704355d8f90f","email":"chloe.garcia@dropbox.net","message":"successfully handled skipped operation."},{"id":"f1fa8e81-1861-4aeb-af49-9698b3bc3902","email":"jack.thompson@me.com","message":"successfully handled skipped operation."},{"id":"bd5c4e7f-d09c-47c5-803a-1d399a1b54d7","email":"mason.robinson@amerisave.com","message":"failed to process due to network exception."},{"id":"a908b561-f681-446e-8a07-c38b4ab8ae5c","email":"grace.moore@gmail.com","message":"successfully parsed message, but message temporarily enqueued while system restarts."},{"id":"d59de610-b46b-4e16-97b5-8659ad34129c","email":"ethan.hernandez@microsoft.com","message":"successfully parsed message, but message temporarily enqueued while system restarts."},{"id":"c3417daa-ade3-42ce-8537-477217684be7","email":"noah.sanchez@me.com","message":"successfully processed after 8033 milliseconds."},{"id":"c6a6ac92-c00b-4f2a-a128-5186bedee551","email":"jacob.lopez@dropbox.net","message":"successfully parsed message, but message temporarily enqueued while system restarts."},{"id":"829015c5-a3db-47f9-9600-7801f39480bd","email":"alexander.williams@gmail.com","message":"successfully parsed message, but message temporarily enqueued while system restarts."},{"id":"ed5324eb-e74e-4876-a209-9e9889ebc30c","email":"nicholas.allen@microsoft.com","message":"successfully processed after 9115 milliseconds."},{"id":"852cb51a-290f-46e1-9cb9-70c1be67208d","email":"olivia.wright@gmail.com","message":"failed to process due to datastore timeout of 30 seconds.  operation took 68 seconds."},{"id":"7deac3ea-0258-4c4c-8c8a-24f01bcce923","email":"daniel.rodriguez@amerisave.com","message":"failed to process due to network exception."},{"id":"7f0fd5ca-9ddb-4237-9439-b45397f84f3a","email":"mia.perez@me.com","message":"successfully handled skipped operation."},{"id":"1b0190a3-995d-4f49-963d-97821eff994a","email":"nicholas.allen@microsoft.com","message":"successfully parsed message, but message temporarily enqueued while system restarts."},{"id":"91408d6e-edf3-4a1b-b074-fc05207b3f5f","email":"nathan.young@microsoft.com","message":"successfully processed after 1862 milliseconds."},{"id":"29db88b0-a913-4608-9d26-ceb704189288","email":"taylor.adams@gmail.com","message":"failed to process due to datastore timeout of 30 seconds.  operation took 65 seconds."},{"id":"32b62f98-986e-4da9-9b3f-c70ff3e65ced","email":"aiden.johnson@microsoft.com","message":"failed to process due to datastore timeout of 30 seconds.  operation took 83 seconds."},{"id":"db482858-cd42-411c-af53-f74f5245c3a5","email":"madison.lewis@gmail.com","message":"successfully handled skipped operation."},{"id":"e60f57c3-be21-4fae-bf0b-66983836619e","email":"mason.robinson@amerisave.com","message":"failed to process due to network exception."},{"id":"97571652-3785-44bb-8889-b8e0cd334af6","email":"ethan.hernandez@microsoft.com","message":"failed to process due to datastore timeout of 30 seconds.  operation took 60 seconds."},{"id":"23352957-7614-464e-b882-78200b0d24cf","email":"elizabeth.martinez@dropbox.net","message":"failed to process due to network exception."},{"id":"91b4a54f-a911-4f8e-b061-d3490111e6d9","email":"noah.sanchez@me.com","message":"successfully parsed message, but message temporarily enqueued while system restarts."},{"id":"c5ebe5f1-d154-43ed-b0ee-040cbaf285fd","email":"emma.thomas@me.com","message":"failed to process due to datastore timeout of 30 seconds.  operation took 46 seconds."},{"id":"35c1983a-97cc-44de-8a06-ac722a7d5802","email":"sarah.green@amerisave.com","message":"successfully handled skipped operation."},{"id":"7097ba76-8c6c-4239-9f37-c396a3dc4886","email":"alexis.brown@microsoft.com","message":"successfully parsed message, but message temporarily enqueued while system restarts."},{"id":"0e982195-68e4-482d-b3ff-5943c4f97b48","email":"taylor.adams@gmail.com","message":"failed to process due to network exception."},{"id":"9bc35f54-3e43-4ec3-888d-cf9b37b88930","email":"michael.hall@dropbox.net","message":"successfully processed after 2423 milliseconds."},{"id":"20bbe7c7-0305-41b3-860b-169a05e37932","email":"ethan.hernandez@microsoft.com","message":"successfully processed after 4193 milliseconds."},{"id":"3b97f756-dce4-415c-9542-ef86ab04b047","email":"mason.robinson@amerisave.com","message":"failed to process due to network exception."},{"id":"7f8f03f3-061f-4796-99b7-032ec54e9752","email":"nathan.young@microsoft.com","message":"successfully handled skipped operation."},{"id":"fcbc37f7-02f4-4538-8d02-464096225fcb","email":"ethan.hernandez@microsoft.com","message":"successfully parsed message, but message temporarily enqueued while system restarts."},{"id":"06f56ba2-67d2-4100-9da7-b59c43b498f0","email":"daniel.rodriguez@amerisave.com","message":"successfully handled skipped operation."},{"id":"908f19a5-2083-42f8-8696-9547ef1a42f9","email":"dylan.wilson@gmail.com","message":"successfully handled skipped operation."},{"id":"c6fffb63-b207-4687-b769-5ed2194a3535","email":"andrew.miller@gmail.com","message":"successfully handled skipped operation."},{"id":"b6493f8b-8711-4fd3-9541-bcc0de7de716","email":"chloe.garcia@dropbox.net","message":"successfully processed after 6396 milliseconds."},{"id":"58505895-7791-4032-8884-b8bc7939f070","email":"daniel.rodriguez@amerisave.com","message":"failed to process due to datastore timeout of 30 seconds.  operation took 98 seconds."},{"id":"fbe1bdc5-b1b0-4b5a-b40b-729fba413ed1","email":"mia.perez@me.com","message":"successfully processed after 618 milliseconds."},{"id":"cf43a202-72b1-4ae0-8586-7de7da39e2eb","email":"samantha.scott@me.com","message":"successfully handled skipped operation."},{"id":"9da82016-ecf4-44af-9463-46b99dd3f543","email":"joshua.lee@gmail.com","message":"failed to process due to network exception."},{"id":"63ed20fe-b654-43e3-a2b2-02b7797ce52b","email":"noah.sanchez@me.com","message":"successfully parsed message, but message temporarily enqueued while system restarts."},{"id":"d6e89c15-0524-439e-81b1-73b62b3f5bf6","email":"ava.davis@gmail.com","message":"successfully parsed message, but message temporarily enqueued while system restarts."},{"id":"4353b347-64b7-473c-a96c-2bd1bf0977b4","email":"sarah.green@amerisave.com","message":"successfully processed after 479 milliseconds."},{"id":"1b73b76c-e2ae-49bb-9a4c-e4d8985ef327","email":"nicholas.allen@microsoft.com","message":"successfully processed after 6550 milliseconds."},{"id":"4dc627f5-8ca3-4f9c-b8d6-7cdbff38470d","email":"grace.moore@gmail.com","message":"successfully processed after 8162 milliseconds."},{"id":"16645d71-fea9-4c84-bced-59458f13e9eb","email":"madison.lewis@gmail.com","message":"failed to process due to datastore timeout of 30 seconds.  operation took 120 seconds."},{"id":"86253f28-54ed-4691-a825-54f859ca5d3f","email":"andrew.miller@gmail.com","message":"failed to process due to network exception."},{"id":"6f06a962-98c0-441c-a60d-5f0b626bd72f","email":"alyssa.jones@amerisave.com","message":"successfully handled skipped operation."},{"id":"ee9fd9a6-574e-412f-99db-23985c6cb41d","email":"ethan.hernandez@microsoft.com","message":"failed to process due to datastore timeout of 30 seconds.  operation took 33 seconds."},{"id":"c5f73edf-de00-4f58-9950-9113722366e3","email":"ella.anderson@dropbox.net","message":"successfully parsed message, but message temporarily enqueued while system restarts."},{"id":"14137e7b-da99-4bb8-89f3-8b49e4f00026","email":"ryan.king@dropbox.net","message":"failed to process due to network exception."},{"id":"ec954d96-1ae5-409a-840f-2fb81c35747b","email":"daniel.rodriguez@amerisave.com","message":"successfully handled skipped operation."},{"id":"eb690b74-6e43-4730-8680-aa357b8e36e4","email":"madison.lewis@gmail.com","message":"successfully handled skipped operation."},{"id":"77ead385-f069-4feb-9798-55ddeb6d1345","email":"mia.perez@me.com","message":"successfully processed after 1309 milliseconds."},{"id":"4f08f99c-96cb-41fb-8259-5773e663a671","email":"ava.davis@gmail.com","message":"successfully parsed message, but message temporarily enqueued while system restarts."},{"id":"4b249520-d8e3-43c6-97d8-2f2331c1a737","email":"emily.taylor@gmail.com","message":"failed to process due to datastore timeout of 30 seconds.  operation took 95 seconds."},{"id":"787f9fd8-5f48-421b-82af-f74d0119363c","email":"madison.lewis@gmail.com","message":"successfully parsed message, but message temporarily enqueued while system restarts."},{"id":"59ba833c-6695-4dc9-884f-b94a400e5dd0","email":"grace.moore@gmail.com","message":"failed to process due to datastore timeout of 30 seconds.  operation took 87 seconds."},{"id":"def4bfb4-61ce-4f82-9117-867fd89b9500","email":"alexander.williams@gmail.com","message":"successfully handled skipped operation."},{"id":"452272de-8ff9-49c8-aaaa-1ebaf412bfcc","email":"nathan.young@microsoft.com","message":"failed to process due to datastore timeout of 30 seconds.  operation took 73 seconds."},{"id":"dc7f5910-f402-4ebf-aeb6-097677d89dc0","email":"alexander.williams@gmail.com","message":"successfully parsed message, but message temporarily enqueued while system restarts."},{"id":"6567102f-9b5a-4e8a-8132-7ac5112d293a","email":"alyssa.jones@amerisave.com","message":"failed to process due to datastore timeout of 30 seconds.  operation took 123 seconds."},{"id":"c2530941-a8bb-49f4-9b25-f5275ba737ad","email":"andrew.miller@gmail.com","message":"successfully parsed message, but message temporarily enqueued while system restarts."},{"id":"23d43297-3f35-49ee-bc01-ef1714ac57d6","email":"isabella.jackson@amerisave.com","message":"successfully handled skipped operation."},{"id":"5812ef41-8cdc-4c8f-b39a-5d1d23bb1025","email":"taylor.adams@gmail.com","message":"successfully processed after 4724 milliseconds."},{"id":"60a13c79-8b97-4c0d-9cf8-598678694bf2","email":"alexander.williams@gmail.com","message":"successfully handled skipped operation."},{"id":"67095bf5-f630-4e96-9c90-fd9768b18d61","email":"tyler.nelson@microsoft.com","message":"failed to process due to datastore timeout of 30 seconds.  operation took 57 seconds."},{"id":"0df1834f-d1ae-4ffc-9120-0b6701017155","email":"dylan.wilson@gmail.com","message":"failed to process due to datastore timeout of 30 seconds.  operation took 34 seconds."},{"id":"752f2587-f262-482a-884b-49ecfec2bc1c","email":"emma.thomas@me.com","message":"successfully handled skipped operation."},{"id":"fea45fbd-a72e-4544-9601-ed5b0f8f2577","email":"jacob.lopez@dropbox.net","message":"failed to process due to network exception."},{"id":"2a464f4f-0d13-4b4c-8b54-1d4e5eff2628","email":"sarah.green@amerisave.com","message":"successfully processed after 6790 milliseconds."},{"id":"e020220b-4104-4da3-a0ea-e4df09baf0d9","email":"chloe.garcia@dropbox.net","message":"failed to process due to datastore timeout of 30 seconds.  operation took 69 seconds."},{"id":"72895969-3f8f-4dd6-8ea2-4a617e5d0787","email":"noah.sanchez@me.com","message":"successfully handled skipped operation."},{"id":"bbecc3b1-b6ce-4b39-a54c-6c560e263506","email":"dylan.wilson@gmail.com","message":"successfully parsed message, but message temporarily enqueued while system restarts."},{"id":"c10bb540-488b-4947-ad0e-eacfd255b458","email":"alexander.williams@gmail.com","message":"successfully handled skipped operation."},{"id":"ad3c54fd-dff2-4d35-b461-22a4cabc3640","email":"jackson.white@gmail.com","message":"successfully processed after 4866 milliseconds."},{"id":"9c7b9b76-0fc6-4b67-b309-11c70dd66a30","email":"elizabeth.martinez@dropbox.net","message":"failed to process due to datastore timeout of 30 seconds.  operation took 41 seconds."},{"id":"7616e988-4320-490f-ad5e-b8072a5aab22","email":"logan.clark@dropbox.net","message":"successfully processed after 4452 milliseconds."},{"id":"359660b0-08ef-4db1-bbf3-094598f3ac9f","email":"andrew.miller@gmail.com","message":"successfully handled skipped operation."},{"id":"d4a11ce3-b192-4400-ade1-90749fe03d87","email":"samantha.scott@me.com","message":"failed to process due to datastore timeout of 30 seconds.  operation took 62 seconds."},{"id":"11f0182d-2d83-4c54-827f-c5e5b9a0ff59","email":"ava.davis@gmail.com","message":"successfully parsed message, but message temporarily enqueued while system restarts."},{"id":"e4017857-18d4-4383-9113-63696739ea8e","email":"liam.gonzalez@me.com","message":"successfully handled skipped operation."},{"id":"6f6eeaa8-d6ac-45b4-9c32-c2f76cda2f30","email":"emily.taylor@gmail.com","message":"failed to process due to datastore timeout of 30 seconds.  operation took 80 seconds."},{"id":"d2443f81-a1b1-4d80-a3f2-d255252953e8","email":"matthew.walker@amerisave.com","message":"successfully parsed message, but message temporarily enqueued while system restarts."},{"id":"2485e01f-5c71-46ee-a5e8-06dac7e7737e","email":"tyler.nelson@microsoft.com","message":"failed to process due to datastore timeout of 30 seconds.  operation took 125 seconds."},{"id":"c5707f2e-ff29-4121-bcf7-86f878711548","email":"ethan.hernandez@microsoft.com","message":"failed to process due to network exception."},{"id":"028b479a-ec33-43ac-9b49-62a8c925498b","email":"isabella.jackson@amerisave.com","message":"successfully parsed message, but message temporarily enqueued while system restarts."},{"id":"4d1c45fe-5c7b-4299-83cf-3de1f0a30be8","email":"mason.robinson@amerisave.com","message":"failed to process due to network exception."},{"id":"a3062526-0134-4a8c-b38b-b932f1f8e52b","email":"joshua.lee@gmail.com","message":"successfully handled skipped operation."},{"id":"7ce8886a-ba62-49c2-9186-1c048174b2c4","email":"samantha.scott@me.com","message":"successfully parsed message, but message temporarily enqueued while system restarts."},{"id":"0d78ec75-52ab-4693-a3ee-ea6a710f7186","email":"jackson.white@gmail.com","message":"failed to process due to network exception."},{"id":"3a9cf95d-de86-4b2a-b562-3c66a7ba3167","email":"lily.harris@gmail.com","message":"successfully handled skipped operation."},{"id":"8fed0eae-451c-4c01-9cef-e99f4b3384ad","email":"ella.anderson@dropbox.net","message":"successfully handled skipped operation."},{"id":"2ddef60f-a8b3-4f75-8ffa-f3994654ebf3","email":"logan.clark@dropbox.net","message":"successfully parsed message, but message temporarily enqueued while system restarts."},{"id":"a86dfa36-71da-47da-a19b-51a181b749e0","email":"alexander.williams@gmail.com","message":"successfully processed after 7214 milliseconds."},{"id":"33fcf687-4ff8-4247-809c-76f34af81f41","email":"elizabeth.martinez@dropbox.net","message":"successfully parsed message, but message temporarily enqueued while system restarts."},{"id":"4369276d-b2d8-412a-869f-f9bea5e5172a","email":"chloe.garcia@dropbox.net","message":"failed to process due to network exception."},{"id":"7a73ae3c-a1bd-4075-8f16-9f8008146a21","email":"chloe.garcia@dropbox.net","message":"successfully processed after 1746 milliseconds."},{"id":"a560e352-1e4f-48bd-bdd6-32fcf4ab1620","email":"sarah.green@amerisave.com","message":"successfully processed after 6938 milliseconds."},{"id":"cdb61ceb-8441-4949-a4c7-99c034860396","email":"alexis.brown@microsoft.com","message":"successfully handled skipped operation."},{"id":"866e54d0-8740-41a3-a172-1a11fb86b72d","email":"daniel.rodriguez@amerisave.com","message":"successfully processed after 2251 milliseconds."},{"id":"47e100b3-90a0-4840-8e2b-642988e124d0","email":"sophia.baker@dropbox.net","message":"failed to process due to datastore timeout of 30 seconds.  operation took 48 seconds."},{"id":"b73ab35c-5aec-4b03-a36f-6277324abef7","email":"sarah.green@amerisave.com","message":"successfully processed after 9830 milliseconds."},{"id":"367150fb-6ce5-469d-9e03-62635870b487","email":"nathan.young@microsoft.com","message":"failed to process due to datastore timeout of 30 seconds.  operation took 46 seconds."},{"id":"3629f6ad-d56c-47bb-bd50-11ab96373703","email":"alyssa.jones@amerisave.com","message":"failed to process due to network exception."},{"id":"690a15a0-4e0e-41b1-a5bd-ff7d58180e0b","email":"abigail.smith@amerisave.com","message":"failed to process due to datastore timeout of 30 seconds.  operation took 72 seconds."},{"id":"875c440c-0f01-483d-8493-3cfd5c4e3a3f","email":"lily.harris@gmail.com","message":"successfully parsed message, but message temporarily enqueued while system restarts."},{"id":"36fcf0d2-bc8f-493a-8c18-83b61ec8ee24","email":"jack.thompson@me.com","message":"failed to process due to datastore timeout of 30 seconds.  operation took 58 seconds."},{"id":"81bf7ba4-ecbe-4202-a73f-cb6df27519e2","email":"matthew.walker@amerisave.com","message":"failed to process due to datastore timeout of 30 seconds.  operation took 56 seconds."},{"id":"a0f75263-f4f3-4919-81df-95bafe80630d","email":"lily.harris@gmail.com","message":"successfully processed after 3537 milliseconds."},{"id":"643ced1a-0944-4775-95bb-2300b2453678","email":"madison.lewis@gmail.com","message":"failed to process due to network exception."},{"id":"6e055a66-1106-4e87-91de-2f7a44d421ed","email":"aiden.johnson@microsoft.com","message":"successfully processed after 1433 milliseconds."},{"id":"c434f139-b85e-4f0d-82ef-407872f1ddbe","email":"hannah.martin@dropbox.net","message":"successfully parsed message, but message temporarily enqueued while system restarts."},{"id":"96a8b01f-9e78-4fb9-9f9d-43afd6ab4e99","email":"ryan.king@dropbox.net","message":"successfully parsed message, but message temporarily enqueued while system restarts."},{"id":"7dc9d9d2-9156-4218-b654-8c69d82787cb","email":"nicholas.allen@microsoft.com","message":"failed to process due to network exception."},{"id":"e7df5ddb-3ccd-449f-9f33-f022a9405347","email":"samantha.scott@me.com","message":"successfully processed after 1962 milliseconds."},{"id":"b85721dc-0360-4673-8c21-04285d4ac5ba","email":"joshua.lee@gmail.com","message":"successfully parsed message, but message temporarily enqueued while system restarts."},{"id":"642bc008-6e08-4ccf-a252-dd7989422aad","email":"andrew.miller@gmail.com","message":"successfully parsed message, but message temporarily enqueued while system restarts."},{"id":"c572077f-aae1-438e-8eed-ff016ed96058","email":"matthew.walker@amerisave.com","message":"successfully handled skipped operation."},{"id":"b279c567-af9e-4137-9bc1-f7dc5723bc55","email":"ethan.hernandez@microsoft.com","message":"successfully parsed message, but message temporarily enqueued while system restarts."},{"id":"f48fa40f-0cbd-4973-98f7-d04679964151","email":"matthew.walker@amerisave.com","message":"successfully handled skipped operation."},{"id":"869e09f4-507d-4afc-b3f9-9dc331283e00","email":"samantha.scott@me.com","message":"failed to process due to datastore timeout of 30 seconds.  operation took 57 seconds."},{"id":"b5bd18b5-57ba-47e6-8a22-caac12c08020","email":"dylan.wilson@gmail.com","message":"failed to process due to datastore timeout of 30 seconds.  operation took 40 seconds."},{"id":"5b208631-fcb0-430e-aeea-0efce9f0e521","email":"jacob.lopez@dropbox.net","message":"successfully parsed message, but message temporarily enqueued while system restarts."},{"id":"01650056-322e-48c3-8669-a5175b9752d5","email":"alexander.williams@gmail.com","message":"successfully handled skipped operation."},{"id":"9eddbb71-a2dd-4efd-b1bd-15b338dfd774","email":"ella.anderson@dropbox.net","message":"failed to process due to datastore timeout of 30 seconds.  operation took 123 seconds."},{"id":"2287d093-97ef-4d0d-a6a8-1f2f6a284192","email":"tyler.nelson@microsoft.com","message":"successfully processed after 7607 milliseconds."},{"id":"a92fab1d-f82f-4b6f-b25e-ac67ff528e94","email":"ella.anderson@dropbox.net","message":"failed to process due to datastore timeout of 30 seconds.  operation took 123 seconds."},{"id":"2cd6cfd9-5cfa-4b33-a8b5-b2626046ba6d","email":"nathan.young@microsoft.com","message":"failed to process due to network exception."},{"id":"fbb874c2-bb3c-45e7-ae71-48894db775fc","email":"taylor.adams@gmail.com","message":"successfully parsed message, but message temporarily enqueued while system restarts."},{"id":"450e0fcc-6f49-42d5-9ce5-d57a4ec9ff1c","email":"jackson.white@gmail.com","message":"successfully parsed message, but message temporarily enqueued while system restarts."},{"id":"713e11e4-a337-4c3e-9f0b-1b551cbf5687","email":"taylor.adams@gmail.com","message":"successfully handled skipped operation."},{"id":"5361a96e-780f-474f-aa75-d7de161a497f","email":"ella.anderson@dropbox.net","message":"failed to process due to network exception."},{"id":"e207af8c-0412-406d-acc8-ce3a0e37dc4d","email":"matthew.walker@amerisave.com","message":"failed to process due to datastore timeout of 30 seconds.  operation took 55 seconds."},{"id":"0ec16cd3-69e1-4257-a310-1cdb0ea02346","email":"andrew.miller@gmail.com","message":"successfully parsed message, but message temporarily enqueued while system restarts."},{"id":"62484c6b-4358-41a5-b596-924cf65ba0e3","email":"olivia.wright@gmail.com","message":"failed to process due to network exception."},{"id":"dff4bb10-74ac-4162-affd-244889cec3ba","email":"madison.lewis@gmail.com","message":"failed to process due to network exception."},{"id":"3c5e4202-f110-4ca7-9d8a-560a69681d89","email":"dylan.wilson@gmail.com","message":"successfully parsed message, but message temporarily enqueued while system restarts."},{"id":"865371db-08d7-4cf3-9a6e-091892a9d5bd","email":"nicholas.allen@microsoft.com","message":"failed to process due to network exception."},{"id":"86dfdf73-b050-45f4-9399-d777a1507439","email":"nathan.young@microsoft.com","message":"successfully processed after 5033 milliseconds."},{"id":"2ad72900-893a-4786-860d-63b06e5a3b06","email":"tyler.nelson@microsoft.com","message":"successfully handled skipped operation."},{"id":"e3ab06c6-3c78-4836-9042-d5d064e311e9","email":"samantha.scott@me.com","message":"failed to process due to network exception."},{"id":"08658bb6-baad-419d-bab8-343c4683e325","email":"emma.thomas@me.com","message":"successfully parsed message, but message temporarily enqueued while system restarts."},{"id":"1cc1825f-bd03-43f6-b9e8-d49943a33000","email":"tyler.nelson@microsoft.com","message":"successfully processed after 7521 milliseconds."},{"id":"a9b5a39c-b4bf-42f8-bd3d-ed07a7e1e1d9","email":"dylan.wilson@gmail.com","message":"failed to process due to datastore timeout of 30 seconds.  operation took 47 seconds."},{"id":"82254a02-6523-4382-9e28-867c7c3b3cff","email":"aiden.johnson@microsoft.com","message":"successfully processed after 9463 milliseconds."},{"id":"5084bb22-baec-4ca6-96e8-cbf236aa6cab","email":"lily.harris@gmail.com","message":"successfully processed after 3487 milliseconds."},{"id":"4a36e8a1-28e6-45f6-9da7-4b56161975be","email":"sophia.baker@dropbox.net","message":"successfully processed after 2729 milliseconds."},{"id":"55378679-8b79-4aee-aae4-f877f16213a8","email":"alyssa.jones@amerisave.com","message":"failed to process due to network exception."},{"id":"a2480b58-4c4e-42ba-963f-4e3e4e762665","email":"nicholas.allen@microsoft.com","message":"failed to process due to network exception."},{"id":"531487c1-b1aa-4926-b3bd-92cfd8201523","email":"samantha.scott@me.com","message":"successfully processed after 4329 milliseconds."},{"id":"06fd6da9-5824-421e-b112-8ebdb279f565","email":"mia.perez@me.com","message":"successfully handled skipped operation."},{"id":"ea99ae28-ac68-4ae4-875b-0124cf5fa17f","email":"joshua.lee@gmail.com","message":"failed to process due to network exception."},{"id":"d32785a7-6717-4b61-a231-7cc02404d541","email":"matthew.walker@amerisave.com","message":"successfully handled skipped operation."},{"id":"c9f87d8e-bbe9-43ba-9e7d-c9ca0ed08226","email":"logan.clark@dropbox.net","message":"successfully processed after 8749 milliseconds."},{"id":"667d6efa-73d2-4814-9841-15e6146b7a22","email":"ryan.king@dropbox.net","message":"successfully processed after 1133 milliseconds."},{"id":"769f5371-0792-4de9-9ecb-f83f18b4ed7e","email":"sarah.green@amerisave.com","message":"failed to process due to network exception."},{"id":"127e6c8c-0f56-4b90-918d-377319b0f2e1","email":"andrew.miller@gmail.com","message":"failed to process due to network exception."},{"id":"2c4fb099-bcb1-43b0-9159-ab7382baff2f","email":"lily.harris@gmail.com","message":"successfully parsed message, but message temporarily enqueued while system restarts."},{"id":"4b99afc8-5a47-4196-9220-da30899b23f1","email":"hannah.martin@dropbox.net","message":"successfully handled skipped operation."},{"id":"d8eac6f6-4170-4a03-b07f-f79926363965","email":"hannah.martin@dropbox.net","message":"failed to process due to datastore timeout of 30 seconds.  operation took 107 seconds."},{"id":"a0a820ea-fe5c-46ff-86ab-74bae57096f5","email":"noah.sanchez@me.com","message":"failed to process due to network exception."},{"id":"11ff5c0a-5235-42ec-8236-107ab9cac7d5","email":"taylor.adams@gmail.com","message":"failed to process due to network exception."},{"id":"6e2f6e88-dab6-4f6b-8f3b-b5072914e85c","email":"mia.perez@me.com","message":"failed to process due to network exception."},{"id":"313a8473-55aa-4e0f-a89e-6ea1b99e8a78","email":"sophia.baker@dropbox.net","message":"failed to process due to network exception."},{"id":"11448edf-6354-4848-aef9-f0fd84499c04","email":"matthew.walker@amerisave.com","message":"failed to process due to datastore timeout of 30 seconds.  operation took 47 seconds."},{"id":"166b4870-614c-4fa8-8541-288a982e31fc","email":"samantha.scott@me.com","message":"failed to process due to network exception."},{"id":"77958307-f9f4-4da1-8147-c1ec4b61457d","email":"daniel.rodriguez@amerisave.com","message":"successfully parsed message, but message temporarily enqueued while system restarts."},{"id":"ae4c3e46-a434-4c55-9aa9-0633eb4b2397","email":"liam.gonzalez@me.com","message":"successfully processed after 9938 milliseconds."},{"id":"c5b5240c-8495-4378-a5f6-0e99e5c4bf8e","email":"emma.thomas@me.com","message":"successfully parsed message, but message temporarily enqueued while system restarts."},{"id":"3914aa73-3041-419d-9a65-51b8db53eb84","email":"mason.robinson@amerisave.com","message":"failed to process due to datastore timeout of 30 seconds.  operation took 85 seconds."},{"id":"7fbe9fc6-d64c-4bd0-a621-853b794e283f","email":"noah.sanchez@me.com","message":"successfully handled skipped operation."},{"id":"e13b991e-c76e-49b2-a5f6-e832f9edb255","email":"sophia.baker@dropbox.net","message":"failed to process due to network exception."},{"id":"3a3e0745-678e-406b-a2b9-d1a661d8bacb","email":"jack.thompson@me.com","message":"successfully handled skipped operation."},{"id":"9dc2cae3-0395-4dc9-9fe2-92cc2dbbb522","email":"hannah.martin@dropbox.net","message":"failed to process due to datastore timeout of 30 seconds.  operation took 56 seconds."},{"id":"857db37c-3ee5-4476-879b-2427f04591ca","email":"daniel.rodriguez@amerisave.com","message":"successfully handled skipped operation."},{"id":"395f65ae-de79-466a-b1a1-7e28302698fe","email":"jacob.lopez@dropbox.net","message":"successfully handled skipped operation."},{"id":"fab6716a-a97c-49f4-870b-f288df5ccbbe","email":"mia.perez@me.com","message":"successfully handled skipped operation."},{"id":"d7553ab3-d7c2-4a9c-ad47-356b0f3e1204","email":"jack.thompson@me.com","message":"successfully handled skipped operation."},{"id":"28d85821-6990-487f-966e-016711f697f4","email":"elizabeth.martinez@dropbox.net","message":"failed to process due to network exception."},{"id":"6d67f25e-21ca-4187-b3b6-25bee441f6e7","email":"logan.clark@dropbox.net","message":"successfully processed after 2775 milliseconds."},{"id":"0c87ef56-9059-45c5-8cc7-96eb1ed9a629","email":"daniel.rodriguez@amerisave.com","message":"successfully handled skipped operation."},{"id":"d05be28c-d602-41c5-95b0-c328d2b25ab2","email":"logan.clark@dropbox.net","message":"failed to process due to datastore timeout of 30 seconds.  operation took 52 seconds."},{"id":"8a14732e-70f6-4655-9b00-5e4a13c27553","email":"nathan.young@microsoft.com","message":"successfully parsed message, but message temporarily enqueued while system restarts."},{"id":"b47fb1b4-ed76-466d-bbc5-2a134a66c5ed","email":"madison.lewis@gmail.com","message":"successfully parsed message, but message temporarily enqueued while system restarts."},{"id":"f49ea5ba-06d4-4f21-be48-996b7e07d5d3","email":"nicholas.allen@microsoft.com","message":"successfully processed after 2326 milliseconds."},{"id":"f2dc8f6a-b1f8-4e2a-b48c-06afcf942762","email":"grace.moore@gmail.com","message":"successfully processed after 4681 milliseconds."},{"id":"3afa6cd2-ecfa-48f5-add0-43a5a1f0b568","email":"joshua.lee@gmail.com","message":"successfully parsed message, but message temporarily enqueued while system restarts."},{"id":"5afb4412-35d7-4258-ba8f-81b9aaac8585","email":"noah.sanchez@me.com","message":"failed to process due to network exception."},{"id":"f7171027-8e0a-472f-badc-7a91a6ce7849","email":"ella.anderson@dropbox.net","message":"failed to process due to datastore timeout of 30 seconds.  operation took 96 seconds."},{"id":"9edf2653-8a0d-4937-8a61-c55992a5fcf8","email":"matthew.walker@amerisave.com","message":"failed to process due to network exception."},{"id":"ebe427e8-6ce6-4660-b4f3-9198276c2c51","email":"aiden.johnson@microsoft.com","message":"successfully processed after 3665 milliseconds."},{"id":"974f6c67-0849-42c8-b7e2-de24e72dd9f1","email":"sarah.green@amerisave.com","message":"successfully parsed message, but message temporarily enqueued while system restarts."},{"id":"ca9a72a2-aeee-4e38-a168-2263e8d3456d","email":"michael.hall@dropbox.net","message":"successfully parsed message, but message temporarily enqueued while system restarts."},{"id":"7640c906-9bb9-478c-973c-0f364948907f","email":"isabella.jackson@amerisave.com","message":"failed to process due to network exception."},{"id":"37d2e25f-60b1-40f9-8dfe-60af259f2505","email":"matthew.walker@amerisave.com","message":"failed to process due to network exception."},{"id":"ef12595c-e00a-4dd8-983f-26f5010dc8b5","email":"sophia.baker@dropbox.net","message":"failed to process due to datastore timeout of 30 seconds.  operation took 40 seconds."},{"id":"54c8826d-0e99-4f2e-b1a8-eb07d396c8b4","email":"mason.robinson@amerisave.com","message":"failed to process due to network exception."},{"id":"6335a7e3-1f1f-4e8d-a6d8-397b38d462b4","email":"daniel.rodriguez@amerisave.com","message":"failed to process due to network exception."},{"id":"ba6e95f8-32da-42fb-af31-bc494c914b52","email":"ethan.hernandez@microsoft.com","message":"successfully parsed message, but message temporarily enqueued while system restarts."},{"id":"bf6c40f7-dd9a-4b04-871b-96e7340d69c2","email":"olivia.wright@gmail.com","message":"successfully parsed message, but message temporarily enqueued while system restarts."},{"id":"8cb0033f-a94a-41d0-8205-ecbcdaef62f4","email":"elizabeth.martinez@dropbox.net","message":"failed to process due to datastore timeout of 30 seconds.  operation took 105 seconds."},{"id":"e260da99-9b8c-4604-8585-daec5bc11e9b","email":"nathan.young@microsoft.com","message":"successfully processed after 6113 milliseconds."}],"id":"3e92bce7-6f37-4f3e-9c39-7cd6712a9583"}