{"logs":[{"id":"ea82ef19-b091-4b14-b8fd-497643a30ad9","email":"jackson.white@gmail.com","message":"successfully handled skipped operation."},{"id":"e5e6d805-ca40-49d7-ac25-67fa07e13808","email":"emily.taylor@gmail.com","message":"successfully handled skipped operation."},{"id":"d56d73f8-b0a2-4692-9e3e-6dba041a0d24","email":"noah.sanchez@me.com","message":"successfully handled skipped operation."},{"id":"7815321f-fce6-4fb1-9d35-7fb99afaec04","email":"olivia.wright@gmail.com","message":"failed to process due to network exception."},{"id":"0b7bfb71-7457-4640-86e4-a7b6311d36fc","email":"ava.davis@gmail.com","message":"successfully handled skipped operation."},{"id":"33afe77a-8f32-45e4-a4cf-31cc75123b73","email":"alyssa.jones@amerisave.com","message":"failed to process due to network exception."},{"id":"346b28c3-1f59-48f0-8582-4fad619baa3f","email":"daniel.rodriguez@amerisave.com","message":"failed to process due to network exception."},{"id":"4d8db897-c15d-445c-a75c-67ec9cdcbad9","email":"matthew.walker@amerisave.com","message":"successfully parsed message, but message temporarily enqueued while system restarts."},{"id":"2a04bdfc-9ac3-4285-8a72-ee94e74f8496","email":"mason.robinson@amerisave.com","message":"failed to process due to network exception."},{"id":"9c9ebe9a-9a4f-4dfb-9cdd-71e0a6589edf","email":"matthew.walker@amerisave.com","message":"failed to process due to datastore timeout of 30 seconds.  operation took 122 seconds."},{"id":"f76849ac-6c3b-4c9f-b80b-217ec2c66f10","email":"emma.thomas@me.com","message":"failed to process due to datastore timeout of 30 seconds.  operation took 102 seconds."},{"id":"b96565ab-4e7e-4760-9337-1cf47c658a7d","email":"andrew.miller@gmail.com","message":"successfully handled skipped operation."},{"id":"8fa65647-3573-4134-8e97-4fc8ddcd2746","email":"ethan.hernandez@microsoft.com","message":"failed to process due to datastore timeout of 30 seconds.  operation took 123 seconds."},{"id":"289a5c64-0a9d-4d3b-be5f-d3d051a5e6a4","email":"logan.clark@dropbox.net","message":"successfully handled skipped operation."},{"id":"67f80384-522a-4dc1-9b20-e2b64b305d9d","email":"michael.hall@dropbox.net","message":"successfully processed after 6624 milliseconds."},{"id":"9b2f4a9a-e8f8-4b13-a6ca-d64a810e2858","email":"liam.gonzalez@me.com","message":"successfully handled skipped operation."},{"id":"04e2ef4a-1b9e-4144-bda9-dc3cc2054d7c","email":"matthew.walker@amerisave.com","message":"successfully handled skipped operation."},{"id":"d8799b82-71cb-4e53-ba4a-7127416f966f","email":"mia.perez@me.com","message":"successfully parsed message, but message temporarily enqueued while system restarts."},{"id":"a11fe1b6-022c-4104-a0ec-0d18626beb9c","email":"michael.hall@dropbox.net","message":"failed to process due to datastore timeout of 30 seconds.  operation took 55 seconds."},{"id":"f870eb73-8938-4e05-8669-8a86acb77071","email":"jacob.lopez@dropbox.net","message":"successfully handled skipped operation."},{"id":"4e9fa894-8f50-4721-8b2a-f9d966acb736","email":"jackson.white@gmail.com","message":"failed to process due to datastore timeout of 30 seconds.  operation took 33 seconds."},{"id":"8d8d1098-7479-4cea-a656-03bf217b0f46","email":"jackson.white@gmail.com","message":"successfully processed after 4643 milliseconds."},{"id":"7f68d698-0ccf-4135-b449-850ff62a1325","email":"dylan.wilson@gmail.com","message":"failed to process due to network exception."},{"id":"891b20b0-2ccb-4f39-9e81-07df33cba101","email":"dylan.wilson@gmail.com","message":"successfully processed after 3825 milliseconds."},{"id":"6cb40dce-1335-41e1-80ea-5d7d0612200a","email":"dylan.wilson@gmail.com","message":"failed to process due to network exception."},{"id":"b13e213a-eeeb-4949-bdfe-bd22d465e4ce","email":"noah.sanchez@me.com","message":"successfully handled skipped operation."},{"id":"177ed995-66ac-47bf-9289-fd94de1a15ce","email":"elizabeth.martinez@dropbox.net","message":"successfully handled skipped operation."},{"id":"ba289284-0ced-4da8-b3d5-874f8b5adef7","email":"alyssa.jones@amerisave.com","message":"successfully handled skipped operation."},{"id":"a52a9983-e278-4544-82f8-216a7e3b7c4d","email":"sophia.baker@dropbox.net","message":"successfully processed after 7841 milliseconds."},{"id":"d1f14e4f-36e4-4e84-8c93-38f34687249c","email":"logan.clark@dropbox.net","message":"successfully handled skipped operation."},{"id":"63857dfd-4966-4d0e-bb9e-fb6861529296","email":"ryan.king@dropbox.net","message":"successfully handled skipped operation."},{"id":"7fe85cd8-4c8e-43f8-aa5a-3300cc160424","email":"chloe.garcia@dropbox.net","message":"successfully processed after 2006 milliseconds."},{"id":"f084946d-5d11-46ac-b745-8f73524daabf","email":"elizabeth.martinez@dropbox.net","message":"successfully handled skipped operation."},{"id":"ad2763d5-732d-4a01-836f-d43ebbf8b5bc","email":"nathan.young@microsoft.com","message":"failed to process due to network exception."},{"id":"b5f5294b-4359-4987-af3c-8dc394d858b7","email":"ryan.king@dropbox.net","message":"failed to process due to network exception."},{"id":"18b2a4c0-b356-45e7-ab58-cd1e749c80f9","email":"grace.moore@gmail.com","message":"successfully handled skipped operation."},{"id":"2e09d016-f7aa-46b0-8468-ab159ddafefe","email":"lily.harris@gmail.com","message":"failed to process due to datastore timeout of 30 seconds.  operation took 73 seconds."},{"id":"2e5b3a8d-0b8d-49e0-9e79-214ba1e43358","email":"ava.davis@gmail.com","message":"failed to process due to datastore timeout of 30 seconds.  operation took 55 seconds."},{"id":"fe9da3fa-3b2f-48df-8bc7-1b62d40f7641","email":"aiden.johnson@microsoft.com","message":"failed to process due to datastore timeout of 30 seconds.  operation took 45 seconds."},{"id":"35fe0e25-029f-41a8-9aa1-058e3ba1f39f","email":"matthew.walker@amerisave.com","message":"failed to process due to datastore timeout of 30 seconds.  operation took 70 seconds."},{"id":"7e82b6c0-983a-4f0c-b5d2-a8568d195de9","email":"elizabeth.martinez@dropbox.net","message":"failed to process due to datastore timeout of 30 seconds.  operation took 99 seconds."},{"id":"c2fc1d4f-3cc3-40ab-89c6-b2bb29644f7a","email":"lily.harris@gmail.com","message":"successfully handled skipped operation."},{"id":"e0575cc6-7819-43da-a28f-e90129c8a566","email":"logan.clark@dropbox.net","message":"failed to process due to datastore timeout of 30 seconds.  operation took 54 seconds."},{"id":"c4aed018-2e77-42b1-b066-8a6fda88a84c","email":"noah.sanchez@me.com","message":"failed to process due to datastore timeout of 30 seconds.  operation took 85 seconds."},{"id":"c7876d89-7680-4e9c-9eb9-cd6bdddb4c90","email":"ethan.hernandez@microsoft.com","message":"successfully processed after 878 milliseconds."},{"id":"d7b9c4dc-4a27-4b11-bc4f-51885ae71825","email":"ethan.hernandez@microsoft.com","message":"successfully processed after 4098 milliseconds."},{"id":"0d0a5846-b34f-4275-be6b-df000111d119","email":"grace.moore@gmail.com","message":"failed to process due to datastore timeout of 30 seconds.  operation took 97 seconds."},{"id":"3f643cec-4b96-4cd9-ae7b-0404b33ccb14","email":"matthew.walker@amerisave.com","message":"successfully handled skipped operation."},{"id":"a6c1aeeb-19e9-4ade-9d76-ea636ede8ac9","email":"jacob.lopez@dropbox.net","message":"successfully parsed message, but message temporarily enqueued while system restarts."},{"id":"492e084c-5a63-4171-a683-c0925b11013c","email":"andrew.miller@gmail.com","message":"successfully handled skipped operation."},{"id":"14498ad1-fda8-4ce5-8a0d-bd4f96ed66b8","email":"madison.lewis@gmail.com","message":"failed to process due to network exception."},{"id":"ed55e943-37b1-4e79-aa1c-d2f3afb7ddb3","email":"nicholas.allen@microsoft.com","message":"failed to process due to network exception."},{"id":"ea87c425-1fe2-45c7-aacb-db0f04bd90bc","email":"elizabeth.martinez@dropbox.net","message":"failed to process due to datastore timeout of 30 seconds.  operation took 44 seconds."},{"id":"e0c55c70-0c9a-4515-ada9-7da3d93a413c","email":"mia.perez@me.com","message":"successfully handled skipped operation."},{"id":"8556a73f-120b-45b4-9e68-b56a56de4a90","email":"hannah.martin@dropbox.net","message":"successfully processed after 3984 milliseconds."},{"id":"cd1b1d29-5ebf-47ce-9ee3-004e25b40eb5","email":"ava.davis@gmail.com","message":"successfully processed after 6814 milliseconds."},{"id":"951a531c-232b-41fc-b122-83dac9329eee","email":"alexander.williams@gmail.com","message":"successfully processed after 4565 milliseconds."},{"id":"1f8c0a8c-33ef-4556-be34-45aee8d9872d","email":"sophia.baker@dropbox.net","message":"successfully processed after 5572 milliseconds."},{"id":"cdde3a1d-69e2-4cae-a99e-5386831f4663","email":"abigail.smith@amerisave.com","message":"successfully processed after 2724 milliseconds."},{"id":"72dd50c0-6b64-48d8-8112-c8ca7864a734","email":"nicholas.allen@microsoft.com","message":"successfully processed after 2466 milliseconds."},{"id":"1dc5bb53-6512-421c-be2a-253cb3e5b64c","email":"alexis.brown@microsoft.com","message":"successfully parsed message, but message temporarily enqueued while system restarts."},{"id":"0b5fd86a-7709-4497-9503-bd4cd1de7818","email":"jackson.white@gmail.com","message":"successfully handled skipped operation."},{"id":"d8f91a29-f089-4056-a3ed-2f6db03a529b","email":"aiden.johnson@microsoft.com","message":"successfully parsed message, but message temporarily enqueued while system restarts."},{"id":"85eaf5f9-3ca3-4139-813f-f56fc6379dab","email":"emma.thomas@me.com","message":"successfully parsed message, but message temporarily enqueued while system restarts."},{"id":"f5b589ed-e5c6-4a36-b176-6fa5b7e0be3d","email":"daniel.rodriguez@amerisave.com","message":"failed to process due to datastore timeout of 30 seconds.  operation took 125 seconds."},{"id":"52402657-63b8-4e4c-810c-7ca17fb8d910","email":"emily.taylor@gmail.com","message":"failed to process due to network exception."},{"id":"f0e2c06f-b780-4051-9d64-e7368172be7d","email":"hannah.martin@dropbox.net","message":"failed to process due to network exception."},{"id":"1f2d54de-07d3-48f9-836e-50f1f26f94d1","email":"tyler.nelson@microsoft.com","message":"failed to process due to network exception."},{"id":"1651dc22-7fad-4393-825a-7ecb77a3856b","email":"grace.moore@gmail.com","message":"successfully processed after 9524 milliseconds."},{"id":"0e80144c-aa61-4f75-9365-6599011f60c3","email":"alyssa.jones@amerisave.com","message":"successfully processed after 8240 milliseconds."},{"id":"1ac61f51-aa91-4b0f-93fa-a7d057bcaa35","email":"elizabeth.martinez@dropbox.net","message":"successfully handled skipped operation."},{"id":"9760acb2-0353-4aa4-9550-049a20470b0d","email":"hannah.martin@dropbox.net","message":"failed to process due to network exception."},{"id":"47ba1680-67a2-4067-a847-bbfb46add613","email":"mason.robinson@amerisave.com","message":"failed to process due to network exception."},{"id":"78f810db-5ad4-4aae-bf59-57940656a826","email":"samantha.scott@me.com","message":"failed to process due to datastore timeout of 30 seconds.  operation took 53 seconds."},{"id":"4d3bd98c-71a6-4271-93fc-614b9bfbc469","email":"noah.sanchez@me.com","message":"successfully handled skipped operation."},{"id":"e419eaf5-e130-49a9-9059-bd3edfeb81bd","email":"jackson.white@gmail.com","message":"failed to process due to datastore timeout of 30 seconds.  operation took 106 seconds."},{"id":"6c4b2c00-fe49-4127-8325-673329bc8d90","email":"aiden.johnson@microsoft.com","message":"failed to process due to network exception."},{"id":"669db8e3-3386-4a6d-83d0-4303920ac908","email":"matthew.walker@amerisave.com","message":"failed to process due to network exception."},{"id":"6d1ba962-dc18-4da2-8f25-f2453bf07a32","email":"mia.perez@me.com","message":"successfully processed after 8195 milliseconds."},{"id":"108c7c0a-a7c7-40dd-9e2c-bf13f0bd21a6","email":"michael.hall@dropbox.net","message":"failed to process due to network exception."},{"id":"48cbca88-8530-4ae5-8c0f-1957427210aa","email":"ryan.king@dropbox.net","message":"successfully handled skipped operation."},{"id":"561eeb9e-24cb-438f-9532-df862e26d40a","email":"ryan.king@dropbox.net","message":"failed to process due to network exception."},{"id":"feb9ecd2-b9c1-4e0b-b161-52d097ebea5b","email":"abigail.smith@amerisave.com","message":"failed to process due to datastore timeout of 30 seconds.  operation took 81 seconds."},{"id":"781b3a44-4270-4b15-b922-376ebd89c470","email":"noah.sanchez@me.com","message":"successfully parsed message, but message temporarily enqueued while system restarts."},{"id":"5d3f627b-d555-491e-8d9d-1ce4fded6239","email":"michael.hall@dropbox.net","message":"failed to process due to network exception."},{"id":"08826444-24eb-4628-a7ab-f1c70a1c304e","email":"samantha.scott@me.com","message":"successfully parsed message, but message temporarily enqueued while system restarts."},{"id":"328ce9c5-c225-4666-ad13-b4bbc5cd7133","email":"taylor.adams@gmail.com","message":"successfully processed after 352 milliseconds."},{"id":"3558f8f3-fb4d-40ae-ac7d-f0b2b5f5bc8f","email":"elizabeth.martinez@dropbox.net","message":"successfully processed after 1942 milliseconds."},{"id":"bb8beea6-5d48-48dd-b68e-eb2168c71639","email":"aiden.johnson@microsoft.com","message":"failed to process due to datastore timeout of 30 seconds.  operation took 66 seconds."},{"id":"650477f6-ddbb-471c-9566-3f709be15a88","email":"sarah.green@amerisave.com","message":"failed to process due to network exception."},{"id":"e47abdf5-3f32-4ba2-ae7c-e961a8f8bea9","email":"samantha.scott@me.com","message":"successfully handled skipped operation."},{"id":"e0f3eec0-500a-4d75-8c69-9f2527b7d1b0","email":"emily.taylor@gmail.com","message":"failed to process due to datastore timeout of 30 seconds.  operation took 63 seconds."},{"id":"c9486699-3d07-41f1-810c-dc3d042f8785","email":"mia.perez@me.com","message":"successfully processed after 7517 milliseconds."},{"id":"bb9976fd-0d92-4c6e-9bb8-4d868abdc66c","email":"emily.taylor@gmail.com","message":"failed to process due to network exception."},{"id":"b006f9e3-488d-4d2d-ab57-3a7cb8138da1","email":"emma.thomas@me.com","message":"successfully handled skipped operation."},{"id":"c1796939-c1cf-44a8-9c27-47acae571c21","email":"madison.lewis@gmail.com","message":"successfully parsed message, but message temporarily enqueued while system restarts."},{"id":"48b46594-560f-41dc-88ac-df8d8251e7fd","email":"mason.robinson@amerisave.com","message":"failed to process due to network exception."},{"id":"f9829a89-938d-484b-b3c3-12c94075a100","email":"nathan.young@microsoft.com","message":"successfully processed after 3508 milliseconds."},{"id":"a72f2d77-867c-4475-8056-bef8388db376","email":"sarah.green@amerisave.com","message":"successfully parsed message, but message temporarily enqueued while system restarts."},{"id":"587267cb-3e37-496c-894d-43b0d1a924d9","email":"daniel.rodriguez@amerisave.com","message":"successfully parsed message, but message temporarily enqueued while system restarts."},{"id":"9baa992a-aba8-47d6-960c-13566b684f18","email":"mason.robinson@amerisave.com","message":"failed to process due to network exception."},{"id":"704d0425-687b-4f1a-9031-dd8c544b993e","email":"olivia.wright@gmail.com","message":"successfully processed after 4383 milliseconds."},{"id":"d4485841-f3d9-40ed-a2eb-656f8b326706","email":"alexander.williams@gmail.com","message":"successfully processed after 7008 milliseconds."},{"id":"82f2a423-c60a-4d22-b5dd-4ad9bf397445","email":"madison.lewis@gmail.com","message":"successfully parsed message, but message temporarily enqueued while system restarts."},{"id":"8932a4f2-e071-45a9-978b-04ad481f368b","email":"mia.perez@me.com","message":"failed to process due to datastore timeout of 30 seconds.  operation took 126 seconds."},{"id":"e0f88a3b-0401-4141-9fac-50b24c5cb68c","email":"elizabeth.martinez@dropbox.net","message":"successfully parsed message, but message temporarily enqueued while system restarts."},{"id":"9eefa738-1bcb-48e6-8d47-d4e685d45de8","email":"nathan.young@microsoft.com","message":"successfully handled skipped operation."},{"id":"0a3f53af-4f2b-4f75-8c4c-bdef0d0bce26","email":"ethan.hernandez@microsoft.com","message":"failed to process due to network exception."},{"id":"541b875f-4ab9-4721-9b9d-204a184e982c","email":"samantha.scott@me.com","message":"successfully processed after 8966 milliseconds."},{"id":"786716e7-2ea6-41be-9166-b61d88ce82e6","email":"ava.davis@gmail.com","message":"failed to process due to network exception."},{"id":"a720785b-b539-4a59-9926-0a9174b985a6","email":"jack.thompson@me.com","message":"successfully handled skipped operation."},{"id":"f7b51ed0-891d-4bbf-b817-03d536900085","email":"elizabeth.martinez@dropbox.net","message":"successfully parsed message, but message temporarily enqueued while system restarts."},{"id":"808e4ce2-9fb4-49e0-93cc-8fc2e5f11b20","email":"abigail.smith@amerisave.com","message":"successfully processed after 2384 milliseconds."},{"id":"0a378dc9-688e-4a91-9360-1a3889a7f7ad","email":"ella.anderson@dropbox.net","message":"successfully handled skipped operation."},{"id":"892a3dd3-8ceb-4d2e-b271-2c6f25f5d864","email":"emily.taylor@gmail.com","message":"successfully processed after 3519 milliseconds."},{"id":"9093cee9-87d5-408f-bb58-d020e584280a","email":"ethan.hernandez@microsoft.com","message":"failed to process due to network exception."},{"id":"51b0cda9-778d-4998-a5b3-d7b60c15bc50","email":"michael.hall@dropbox.net","message":"failed to process due to datastore timeout of 30 seconds.  operation took 40 seconds."},{"id":"1c0ef020-037a-4a45-9320-d5695fcc4c01","email":"tyler.nelson@microsoft.com","message":"failed to process due to datastore timeout of 30 seconds.  operation took 81 seconds."},{"id":"96fe43e6-f28a-4876-bff1-1941d809e85e","email":"alexander.williams@gmail.com","message":"failed to process due to network exception."},{"id":"948c2489-45d7-43c5-9563-e4617304f778","email":"alexis.brown@microsoft.com","message":"successfully parsed message, but message temporarily enqueued while system restarts."},{"id":"9aa6c33c-c9dc-417f-9293-38b26658a56f","email":"michael.hall@dropbox.net","message":"failed to process due to datastore timeout of 30 seconds.  operation took 108 seconds."},{"id":"3e443b7d-737c-469a-9621-0dab048a74fb","email":"grace.moore@gmail.com","message":"successfully parsed message, but message temporarily enqueued while system restarts."},{"id":"6409b24b-a16c-4926-a5a7-89e36bb002a7","email":"matthew.walker@amerisave.com","message":"successfully processed after 7762 milliseconds."},{"id":"c423eee6-2c9a-48d9-9610-6e5ff57733c8","email":"madison.lewis@gmail.com","message":"successfully processed after 4266 milliseconds."},{"id":"09d88366-4284-43a6-a336-71c1171520c0","email":"logan.clark@dropbox.net","message":"successfully processed after 6431 milliseconds."},{"id":"d8989dc5-d187-41f4-b99c-a0b668574aea","email":"emily.taylor@gmail.com","message":"successfully parsed message, but message temporarily enqueued while system restarts."},{"id":"548ff577-e65e-405c-a7eb-7cd6774a0ce9","email":"emily.taylor@gmail.com","message":"successfully parsed message, but message temporarily enqueued while system restarts."},{"id":"f45bdaa3-661b-4379-82ac-a2ba1c5d07e3","email":"ryan.king@dropbox.net","message":"failed to process due to network exception."},{"id":"4970cf6b-9b82-4407-ae7d-6a21418cd169","email":"isabella.jackson@amerisave.com","message":"successfully parsed message, but message temporarily enqueued while system restarts."},{"id":"644815cd-7df7-46ef-88ca-0b18fc662b64","email":"liam.gonzalez@me.com","message":"successfully processed after 7407 milliseconds."},{"id":"6dd17fd0-ff65-4c88-9325-b501b5cdf83b","email":"jacob.lopez@dropbox.net","message":"failed to process due to datastore timeout of 30 seconds.  operation took 53 seconds."},{"id":"76e545e3-4a7c-4e1c-820e-56b5b471c403","email":"joshua.lee@gmail.com","message":"successfully processed after 2650 milliseconds."},{"id":"f5c007c8-59db-4fbe-b251-f44b0712dfac","email":"abigail.smith@amerisave.com","message":"successfully handled skipped operation."},{"id":"9d99922c-aad6-4033-a3ac-b9760dbc07d7","email":"mia.perez@me.com","message":"failed to process due to datastore timeout of 30 seconds.  operation took 122 seconds."},{"id":"04270b63-74ad-4a27-9baa-ca6dd880301b","email":"jacob.lopez@dropbox.net","message":"successfully parsed message, but message temporarily enqueued while system restarts."},{"id":"7f657c55-83cf-4490-8393-6635d57480d9","email":"aiden.johnson@microsoft.com","message":"successfully processed after 5056 milliseconds."},{"id":"87b9e429-bb99-4b3d-a322-90887518b8f6","email":"mia.perez@me.com","message":"failed to process due to datastore timeout of 30 seconds.  operation took 85 seconds."},{"id":"64d3c9df-8e01-490a-b722-9d92549b52dd","email":"lily.harris@gmail.com","message":"failed to process due to network exception."},{"id":"3dfcfea9-2730-45f6-b26e-7f5162122d82","email":"nathan.young@microsoft.com","message":"successfully processed after 7421 milliseconds."},{"id":"d7c4e270-c84f-4d2d-9ef9-69eb8ff9b920","email":"grace.moore@gmail.com","message":"failed to process due to datastore timeout of 30 seconds.  operation took 105 seconds."},{"id":"9d9e331d-112a-4153-b0ad-3889ca4a642d","email":"isabella.jackson@amerisave.com","message":"failed to process due to network exception."},{"id":"aedd9727-3058-4350-a747-24d3776e43b7","email":"alexander.williams@gmail.com","message":"failed to process due to network exception."},{"id":"946ed50e-3892-44d6-be18-2a7011bfca22","email":"mason.robinson@amerisave.com","message":"successfully handled skipped operation."},{"id":"74a967f9-1956-4588-b665-4a6a75331ca2","email":"ava.davis@gmail.com","message":"successfully handled skipped operation."},{"id":"93d8f806-4251-43ed-80af-2c833d44d12b","email":"sophia.baker@dropbox.net","message":"successfully handled skipped operation."},{"id":"2b64fff9-1ba3-4e93-b34f-725da3663154","email":"alexander.williams@gmail.com","message":"failed to process due to network exception."},{"id":"1a2bcb35-e180-474d-a9e6-944859ff89eb","email":"andrew.miller@gmail.com","message":"failed to process due to network exception."},{"id":"73ec7cb9-4245-479c-a541-87e566b694af","email":"sophia.baker@dropbox.net","message":"successfully processed after 4016 milliseconds."},{"id":"c43cba56-24cb-4707-b2e1-e780bfdb58c4","email":"olivia.wright@gmail.com","message":"failed to process due to network exception."},{"id":"43c66c87-1d54-4109-a5ff-c0efe2284b0f","email":"emily.taylor@gmail.com","message":"successfully handled skipped operation."},{"id":"3b0bc001-ca00-4ea1-8bb1-4e2bc15d995f","email":"alyssa.jones@amerisave.com","message":"successfully handled skipped operation."},{"id":"0579d423-66b5-491f-b611-42d77b7c1982","email":"nicholas.allen@microsoft.com","message":"successfully parsed message, but message temporarily enqueued while system restarts."},{"id":"cfe0a882-4453-424e-bd0e-51c6e70d34ce","email":"liam.gonzalez@me.com","message":"successfully handled skipped operation."},{"id":"b320e730-ef8c-49aa-bc54-fb6814aafee8","email":"abigail.smith@amerisave.com","message":"failed to process due to network exception."},{"id":"3ada314c-ddf2-4959-92be-dd520369071b","email":"logan.clark@dropbox.net","message":"successfully handled skipped operation."},{"id":"ee9c4db1-1182-4e75-8a6e-b202218c11b5","email":"mason.robinson@amerisave.com","message":"successfully handled skipped operation."},{"id":"272d661c-bf78-432f-bcd1-11875433aea7","email":"ryan.king@dropbox.net","message":"failed to process due to network exception."},{"id":"33897be6-a394-4c3f-a957-49959f8868ba","email":"ryan.king@dropbox.net","message":"successfully processed after 3589 milliseconds."},{"id":"8a063990-2aba-49be-85af-3da43df77246","email":"emma.thomas@me.com","message":"successfully parsed message, but message temporarily enqueued while system restarts."},{"id":"0e06cf84-db94-481a-9db9-c245a0bd3e72","email":"joshua.lee@gmail.com","message":"successfully parsed message, but message temporarily enqueued while system restarts."},{"id":"8c070676-0211-457e-abce-d18192a349df","email":"nicholas.allen@microsoft.com","message":"successfully processed after 1122 milliseconds."},{"id":"52878822-2fc6-4ae4-8573-fa2478e81b77","email":"matthew.walker@amerisave.com","message":"successfully processed after 330 milliseconds."},{"id":"9c27eb12-1ae3-4486-a3e9-94e4944e49d4","email":"ella.anderson@dropbox.net","message":"successfully processed after 4564 milliseconds."},{"id":"d377ca61-b43a-4a0b-b213-6f9f2b443814","email":"liam.gonzalez@me.com","message":"successfully processed after 6998 milliseconds."},{"id":"bcec728d-dd37-4fd6-bd95-4bb14c2a465a","email":"sarah.green@amerisave.com","message":"successfully handled skipped operation."},{"id":"c50f600f-07c4-4e7c-a553-96202c784107","email":"aiden.johnson@microsoft.com","message":"failed to process due to datastore timeout of 30 seconds.  operation took 52 seconds."},{"id":"29cb9568-fc78-4fa8-ae74-441265f60466","email":"madison.lewis@gmail.com","message":"successfully parsed message, but message temporarily enqueued while system restarts."},{"id":"ca33cab6-3bbb-41e4-8fe9-edd622687fc4","email":"jacob.lopez@dropbox.net","message":"failed to process due to network exception."},{"id":"d8e4f202-6ff4-47c5-a5e7-1ed96e5bd492","email":"ella.anderson@dropbox.net","message":"failed to process due to datastore timeout of 30 seconds.  operation took 55 seconds."},{"id":"069c2b6d-4dba-4bd8-8283-f5a275f1ceae","email":"elizabeth.martinez@dropbox.net","message":"successfully parsed message, but message temporarily enqueued while system restarts."},{"id":"5e80e2d1-67fa-4e5d-b141-83a982c5c2e4","email":"ethan.hernandez@microsoft.com","message":"failed to process due to network exception."},{"id":"9dbc3db3-98c0-4d9f-a7f9-50958cb81ac1","email":"samantha.scott@me.com","message":"successfully handled skipped operation."},{"id":"b3dbdf7d-ab1c-401e-a110-e8b4bc87fc4c","email":"mason.robinson@amerisave.com","message":"successfully processed after 6060 milliseconds."},{"id":"ff972fd5-8e69-4efe-a17f-cda24aa24270","email":"jacob.lopez@dropbox.net","message":"successfully processed after 3393 milliseconds."},{"id":"1f6fc8f0-d5a7-4897-9ae2-48d1ac34e63b","email":"nicholas.allen@microsoft.com","message":"successfully processed after 5885 milliseconds."},{"id":"9e333862-ac44-4495-a0ab-02ae854166e5","email":"alexis.brown@microsoft.com","message":"successfully handled skipped operation."},{"id":"a7a2b87f-09ca-4eef-bc06-13e3715631ba","email":"hannah.martin@dropbox.net","message":"successfully processed after 4700 milliseconds."},{"id":"3d997bbf-4250-4926-96bd-1b9f5c5ebc74","email":"emily.taylor@gmail.com","message":"successfully handled skipped operation."},{"id":"c5fe6df9-d315-40c6-9e8b-a84b3be925a4","email":"joshua.lee@gmail.com","message":"failed to process due to network exception."},{"id":"a5ff53fc-a47f-4954-b27b-391fe36d15c1","email":"olivia.wright@gmail.com","message":"failed to process due to network exception."},{"id":"0731b280-dba8-4333-a04b-d4ff24760a66","email":"nathan.young@microsoft.com","message":"successfully processed after 3740 milliseconds."},{"id":"01e2105c-5a75-42c0-a0ad-2d82e5fa7476","email":"emma.thomas@me.com","message":"failed to process due to network exception."},{"id":"193f404d-0f5f-4ba4-8742-9a61634d5dd7","email":"ella.anderson@dropbox.net","message":"failed to process due to datastore timeout of 30 seconds.  operation took 47 seconds."},{"id":"d52a7c82-d6d3-4109-9718-ffd5ff862817","email":"alexis.brown@microsoft.com","message":"failed to process due to datastore timeout of 30 seconds.  operation took 56 seconds."},{"id":"c643f089-c565-4da8-aa65-fa3557b282da","email":"aiden.johnson@microsoft.com","message":"successfully parsed message, but message temporarily enqueued while system restarts."},{"id":"cc76a9ec-e059-4758-80ba-863a8dd75792","email":"tyler.nelson@microsoft.com","message":"successfully processed after 5978 milliseconds."},{"id":"a4a23e6e-1dd8-4609-b9ca-302add47145d","email":"hannah.martin@dropbox.net","message":"successfully handled skipped operation."},{"id":"36938e17-5d09-4b2b-a9d1-0522cf77ddab","email":"noah.sanchez@me.com","message":"failed to process due to datastore timeout of 30 seconds.  operation took 90 seconds."},{"id":"81fac51b-acef-44f9-8431-294183bd1e45","email":"hannah.martin@dropbox.net","message":"failed to process due to network exception."},{"id":"dc1d493d-54d6-445f-b32e-4078932e41f4","email":"daniel.rodriguez@amerisave.com","message":"successfully parsed message, but message temporarily enqueued while system restarts."},{"id":"2f5c6f86-d50a-4397-9ed0-c90f5ff14cf0","email":"alexis.brown@microsoft.com","message":"failed to process due to datastore timeout of 30 seconds.  operation took 105 seconds."},{"id":"516d4093-732d-40cd-945c-773fea99b5f4","email":"mia.perez@me.com","message":"successfully handled skipped operation."},{"id":"c8b3e03b-0a06-458b-b2c1-c6cc771c0c22","email":"alexis.brown@microsoft.com","message":"successfully processed after 2779 milliseconds."},{"id":"27172a1d-b738-4315-8e8c-804423c09b53","email":"elizabeth.martinez@dropbox.net","message":"successfully processed after 4985 milliseconds."},{"id":"a3e7e2e4-837c-4fc5-8f91-85da4a22c0bf","email":"olivia.wright@gmail.com","message":"successfully handled skipped operation."},{"id":"1f88bd23-374d-4ced-9723-40197d325758","email":"joshua.lee@gmail.com","message":"failed to process due to datastore timeout of 30 seconds.  operation took 110 seconds."},{"id":"d9f2288f-90aa-4d21-b010-df02d0e58c0d","email":"joshua.lee@gmail.com","message":"failed to process due to datastore timeout of 30 seconds.  operation took 100 seconds."},{"id":"a3562ab4-adf6-4e36-a823-0b6b6669ba4a","email":"madison.lewis@gmail.com","message":"successfully parsed message, but message temporarily enqueued while system restarts."},{"id":"1e1b2d77-76f8-4c60-b82a-9239b30fc68e","email":"jacob.lopez@dropbox.net","message":"failed to process due to datastore timeout of 30 seconds.  operation took 74 seconds."},{"id":"05a706f8-093c-4774-88cd-03b3cbd9209c","email":"aiden.johnson@microsoft.com","message":"successfully parsed message, but message temporarily enqueued while system restarts."},{"id":"dc4f8445-f9b9-4108-8348-198f7ccf600c","email":"nathan.young@microsoft.com","message":"successfully processed after 7389 milliseconds."},{"id":"23efca17-e420-49a6-b54c-c00a190dc9c4","email":"alexis.brown@microsoft.com","message":"successfully parsed message, but message temporarily enqueued while system restarts."},{"id":"331fa3d5-fa70-4ea8-a416-7577223a572b","email":"ava.davis@gmail.com","message":"successfully parsed message, but message temporarily enqueued while system restarts."},{"id":"2d42508a-5d65-4e7f-9142-78e172529b72","email":"nicholas.allen@microsoft.com","message":"failed to process due to datastore timeout of 30 seconds.  operation took 125 seconds."},{"id":"8a147e0c-b829-4d5c-ac7b-e6737d9ee896","email":"ava.davis@gmail.com","message":"failed to process due to datastore timeout of 30 seconds.  operation took 56 seconds."},{"id":"515899c6-7cd4-483b-9686-6541c53f6a79","email":"andrew.miller@gmail.com","message":"failed to process due to network exception."},{"id":"fb85232c-ccbb-4628-affa-741b4a36b468","email":"ella.anderson@dropbox.net","message":"failed to process due to datastore timeout of 30 seconds.  operation took 73 seconds."},{"id":"c803d4ef-be83-4198-9d76-b2fe83ae737b","email":"daniel.rodriguez@amerisave.com","message":"successfully parsed message, but message temporarily enqueued while system restarts."},{"id":"59b4b0c8-9d66-4c60-a3ef-361426a06749","email":"matthew.walker@amerisave.com","message":"successfully processed after 8423 milliseconds."},{"id":"baf30245-30cb-4139-aa66-c3cc016b77f4","email":"jackson.white@gmail.com","message":"successfully processed after 3649 milliseconds."},{"id":"4e02333e-9f19-42cc-b774-b0e22474575b","email":"logan.clark@dropbox.net","message":"successfully processed after 6534 milliseconds."},{"id":"8e7d1ca6-bf74-4295-b6b9-2cd668e4d3b0","email":"chloe.garcia@dropbox.net","message":"successfully processed after 2260 milliseconds."},{"id":"bb73e6ba-daff-4c04-902c-f27ed9faa07d","email":"jack.thompson@me.com","message":"successfully processed after 8012 milliseconds."},{"id":"47760f51-39bc-4e64-be18-c01ca4f6839a","email":"emma.thomas@me.com","message":"failed to process due to datastore timeout of 30 seconds.  operation took 75 seconds."},{"id":"05f3c33c-5bef-4d31-929c-ba9d5bbc3cbd","email":"samantha.scott@me.com","message":"failed to process due to datastore timeout of 30 seconds.  operation took 85 seconds."},{"id":"3196c195-859c-45b6-85e8-0fe69fc02b51","email":"elizabeth.martinez@dropbox.net","message":"failed to process due to network exception."},{"id":"fe0103a7-ea09-4da2-8a3c-940f15704936","email":"emily.taylor@gmail.com","message":"successfully parsed message, but message temporarily enqueued while system restarts."},{"id":"eed20555-7e23-422a-b323-844d0a49f669","email":"grace.moore@gmail.com","message":"successfully handled skipped operation."},{"id":"3112e5ae-2907-43d2-9ef4-47e02e82c053","email":"hannah.martin@dropbox.net","message":"successfully processed after 8323 milliseconds."},{"id":"aac170e4-24c1-475a-a02a-0bbc18e89d6e","email":"taylor.adams@gmail.com","message":"failed to process due to datastore timeout of 30 seconds.  operation took 90 seconds."},{"id":"51fecb4c-c888-449b-9b47-243a587e2de6","email":"daniel.rodriguez@amerisave.com","message":"failed to process due to datastore timeout of 30 seconds.  operation took 65 seconds."},{"id":"5d072278-cdb4-43ba-98ab-c25e1c2b4eb4","email":"isabella.jackson@amerisave.com","message":"failed to process due to network exception."},{"id":"eec86fa2-13a7-4d73-b36c-045330d7ca7f","email":"nicholas.allen@microsoft.com","message":"successfully parsed message, but message temporarily enqueued while system restarts."},{"id":"93c93400-6cfc-4596-8495-2939308e4258","email":"jackson.white@gmail.com","message":"failed to process due to network exception."},{"id":"6fb5cc1c-04f1-4ce1-976f-f946f534245b","email":"isabella.jackson@amerisave.com","message":"successfully handled skipped operation."},{"id":"ac01ebcc-54a7-4e1c-a658-a95b4b2ffc05","email":"samantha.scott@me.com","message":"failed to process due to datastore timeout of 30 seconds.  operation took 128 seconds."},{"id":"7543040b-842d-47ef-a66b-2f8cbd59b9ca","email":"sophia.baker@dropbox.net","message":"successfully handled skipped operation."},{"id":"98e02a85-3b47-4404-a966-589cd57188fc","email":"daniel.rodriguez@amerisave.com","message":"failed to process due to network exception."},{"id":"c094c232-13e3-4d43-956f-4d516c5c6786","email":"lily.harris@gmail.com","message":"successfully parsed message, but message temporarily enqueued while system restarts."},{"id":"a5d40c4c-63b1-40ac-826c-4a997016e949","email":"olivia.wright@gmail.com","message":"successfully parsed message, but message temporarily enqueued while system restarts."},{"id":"6d199576-21d7-4dc9-a15f-8f7905fc89cb","email":"mia.perez@me.com","message":"successfully parsed message, but message temporarily enqueued while system restarts."},{"id":"6f1b5cda-d570-41c1-b184-d41f1415d4fe","email":"abigail.smith@amerisave.com","message":"successfully processed after 5693 milliseconds."},{"id":"e7a2499f-27cf-4d3c-93c8-c2bdd2ebaf26","email":"jacob.lopez@dropbox.net","message":"failed to process due to datastore timeout of 30 seconds.  operation took 68 seconds."},{"id":"14e1f481-0e34-4a26-a9b5-73a24501bd52","email":"jack.thompson@me.com","message":"successfully parsed message, but message temporarily enqueued while system restarts."},{"id":"edf37b9e-290f-4220-b58c-cff50db82792","email":"sarah.green@amerisave.com","message":"failed to process due to datastore timeout of 30 seconds.  operation took 72 seconds."},{"id":"2d90f013-ed59-45fd-954d-e959ce10deb1","email":"ryan.king@dropbox.net","message":"failed to process due to network exception."},{"id":"a47fd088-1ec1-4769-b5c1-0c22987d001d","email":"hannah.martin@dropbox.net","message":"successfully parsed message, but message temporarily enqueued while system restarts."},{"id":"c5416d88-458f-4e98-a6d1-b758319ee801","email":"nathan.young@microsoft.com","message":"successfully parsed message, but message temporarily enqueued while system restarts."},{"id":"75e77778-35cf-419a-aa00-d812c7b3ee2d","email":"ella.anderson@dropbox.net","message":"failed to process due to datastore timeout of 30 seconds.  operation took 47 seconds."},{"id":"95cd6eb7-45ec-4e4e-b9b5-28c5827bef59","email":"alexis.brown@microsoft.com","message":"successfully handled skipped operation."},{"id":"80582aac-c56a-42ea-b409-6a9d2fd15151","email":"sophia.baker@dropbox.net","message":"successfully processed after 6534 milliseconds."},{"id":"61b7d8a6-0990-4a20-bb1e-2c6e47bdd35d","email":"olivia.wright@gmail.com","message":"successfully processed after 7682 milliseconds."},{"id":"8733fd40-fbd7-4670-b421-00908e5813f3","email":"mason.robinson@amerisave.com","message":"failed to process due to datastore timeout of 30 seconds.  operation took 108 seconds."},{"id":"3abe219f-32a4-496f-9fca-83f411fed0bf","email":"emily.taylor@gmail.com","message":"successfully processed after 1865 milliseconds."},{"id":"42b705e2-1e8f-438c-b70e-5473507f336a","email":"nathan.young@microsoft.com","message":"failed to process due to datastore timeout of 30 seconds.  operation took 64 seconds."},{"id":"2242d489-8bd1-40cf-abb7-16787612ffa8","email":"sophia.baker@dropbox.net","message":"successfully handled skipped operation."},{"id":"737de37c-8bd2-4784-8c96-b6acbfc7a9ef","email":"olivia.wright@gmail.com","message":"failed to process due to datastore timeout of 30 seconds.  operation took 106 seconds."},{"id":"c3d1080d-5769-4235-adfa-3e92b978d77e","email":"samantha.scott@me.com","message":"failed to process due to network exception."},{"id":"a80ed21e-0864-46dc-b9ee-6ecf4174757c","email":"ethan.hernandez@microsoft.com","message":"successfully handled skipped operation."},{"id":"74e17235-1149-4258-8d41-55c023b8b061","email":"jackson.white@gmail.com","message":"successfully parsed message, but message temporarily enqueued while system restarts."},{"id":"9c49961f-1595-4782-a03f-7ff4a9d047ae","email":"madison.lewis@gmail.com","message":"failed to process due to network exception."},{"id":"eee69539-bea0-497e-bc23-c50a7f93a5db","email":"jack.thompson@me.com","message":"successfully processed after 3771 milliseconds."},{"id":"4029e212-8a5b-4d6d-bf37-57af0b72656b","email":"emma.thomas@me.com","message":"successfully handled skipped operation."},{"id":"26f43e40-2bd0-4f84-a3b4-45fb88c323ef","email":"daniel.rodriguez@amerisave.com","message":"successfully handled skipped operation."},{"id":"1f7551e7-490b-4559-83f4-b16d97222a42","email":"sarah.green@amerisave.com","message":"failed to process due to network exception."},{"id":"b213f9f0-c8ba-407c-82fb-fbf9edfb847c","email":"daniel.rodriguez@amerisave.com","message":"failed to process due to network exception."},{"id":"13e39e2f-e957-4fb3-b9f7-96782a5d2bf3","email":"michael.hall@dropbox.net","message":"successfully handled skipped operation."},{"id":"781dc61e-3c38-4e98-9327-43d5b15efc4e","email":"sarah.green@amerisave.com","message":"successfully parsed message, but message temporarily enqueued while system restarts."},{"id":"1da4bc19-5743-43f9-9b4e-eb527228081d","email":"daniel.rodriguez@amerisave.com","message":"successfully parsed message, but message temporarily enqueued while system restarts."},{"id":"e9f97bc1-4fae-47d0-94ac-bda8494c243d","email":"nicholas.allen@microsoft.com","message":"failed to process due to datastore timeout of 30 seconds.  operation took 32 seconds."},{"id":"0cf03d8d-9620-4e21-af12-95d916fece86","email":"sophia.baker@dropbox.net","message":"successfully processed after 2826 milliseconds."},{"id":"e56bbb3c-f9e8-4f6f-894a-7f107a9af635","email":"alexander.williams@gmail.com","message":"successfully parsed message, but message temporarily enqueued while system restarts."},{"id":"c35852b7-9bd8-443b-bf33-9a4b4aaa3ab6","email":"sophia.baker@dropbox.net","message":"successfully processed after 221 milliseconds."},{"id":"6f9b71d9-61bf-496f-a6b9-5144b468ce86","email":"ava.davis@gmail.com","message":"successfully handled skipped operation."},{"id":"b6bc7c6e-4d7a-4731-837e-16223bce3c38","email":"dylan.wilson@gmail.com","message":"successfully parsed message, but message temporarily enqueued while system restarts."},{"id":"8527ef29-9546-4b05-94c1-bb52e1f840e6","email":"madison.lewis@gmail.com","message":"failed to process due to network exception."},{"id":"9c0019bb-6155-4a28-8dd7-9dee57cc8fa8","email":"alexander.williams@gmail.com","message":"successfully handled skipped operation."},{"id":"9083f613-fd9f-4ae1-973e-7f08eb53f3da","email":"grace.moore@gmail.com","message":"successfully handled skipped operation."},{"id":"423e7968-10d1-4310-a53a-55e5116d057f","email":"jackson.white@gmail.com","message":"successfully handled skipped operation."},{"id":"ea13eea5-c8c4-4cee-9652-c28f4cf7202b","email":"emma.thomas@me.com","message":"failed to process due to datastore timeout of 30 seconds.  operation took 91 seconds."},{"id":"2f38dcf0-f7a5-4fa9-ada3-b6c9d539f5c0","email":"mason.robinson@amerisave.com","message":"successfully processed after 2387 milliseconds."},{"id":"87eca727-7642-44b1-b42d-2dd4156eef1a","email":"joshua.lee@gmail.com","message":"successfully parsed message, but message temporarily enqueued while system restarts."},{"id":"751f2cd9-fae7-4a3e-8d95-d6b8b981ecb4","email":"emma.thomas@me.com","message":"successfully handled skipped operation."},{"id":"9400b9a8-f17f-4ca5-9b62-4c20103c7622","email":"ella.anderson@dropbox.net","message":"failed to process due to network exception."},{"id":"c7198bca-4523-42bb-b711-2c9c702f4247","email":"aiden.johnson@microsoft.com","message":"failed to process due to network exception."},{"id":"ece1a3b3-ba1d-4f34-b69c-b9bb5f68ed12","email":"aiden.johnson@microsoft.com","message":"failed to process due to network exception."},{"id":"df033f77-351b-4f19-83c9-51a4bd01e6d2","email":"ava.davis@gmail.com","message":"failed to process due to datastore timeout of 30 seconds.  operation took 74 seconds."},{"id":"0bf21c87-e0b5-4d9f-b563-37e39db1d503","email":"nicholas.allen@microsoft.com","message":"successfully processed after 634 milliseconds."},{"id":"ac72bd37-5ab9-4577-a1e0-f93890e4bafa","email":"ethan.hernandez@microsoft.com","message":"failed to process due to network exception."},{"id":"af2f2096-c433-47ee-8939-b550db8a447b","email":"abigail.smith@amerisave.com","message":"failed to process due to network exception."},{"id":"b0004ee0-2fac-49ea-85dd-1a347aa323b9","email":"alyssa.jones@amerisave.com","message":"successfully parsed message, but message temporarily enqueued while system restarts."},{"id":"1725951a-2ff2-484d-9e04-bec4535bf2ac","email":"jack.thompson@me.com","message":"failed to process due to network exception."},{"id":"70f0148c-7dfb-4b37-ad5a-729f9dd0eec2","email":"ella.anderson@dropbox.net","message":"failed to process due to datastore timeout of 30 seconds.  operation took 122 seconds."},{"id":"e2878da2-aa01-4779-9da4-572ff26be2ab","email":"olivia.wright@gmail.com","message":"failed to process due to network exception."},{"id":"988b8a1b-3e6c-4d4f-884d-509192c470f7","email":"daniel.rodriguez@amerisave.com","message":"successfully processed after 267 milliseconds."},{"id":"3f491e89-1ab2-4ab5-9184-6905023fd653","email":"ryan.king@dropbox.net","message":"failed to process due to network exception."},{"id":"895c0733-855f-492e-8f73-c0b11c8fa503","email":"sophia.baker@dropbox.net","message":"successfully parsed message, but message temporarily enqueued while system restarts."},{"id":"e95acd24-64f5-40de-9d9c-b507112eb942","email":"isabella.jackson@amerisave.com","message":"successfully handled skipped operation."},{"id":"10d6c429-3389-4b7a-82c4-a07c0e53639a","email":"samantha.scott@me.com","message":"failed to process due to network exception."},{"id":"23276322-1712-4484-bff8-e3cb6ae81d11","email":"liam.gonzalez@me.com","message":"successfully processed after 2703 milliseconds."},{"id":"e9a37274-1b42-4621-b558-04b6fa44ece6","email":"ava.davis@gmail.com","message":"failed to process due to network exception."},{"id":"ef2cef0c-619e-4970-aba7-c8b11b9993af","email":"hannah.martin@dropbox.net","message":"successfully handled skipped operation."},{"id":"8dab9e62-8a3f-420b-a0ed-380fdbc78907","email":"abigail.smith@amerisave.com","message":"successfully processed after 8285 milliseconds."},{"id":"62d109f4-aeb9-4bcf-bdb0-1812620d943f","email":"mia.perez@me.com","message":"successfully parsed message, but message temporarily enqueued while system restarts."},{"id":"d2fc1d8c-d96c-4211-944b-25e3bcec5623","email":"grace.moore@gmail.com","message":"failed to process due to network exception."},{"id":"3f83d594-c3a7-4fd4-8233-56708836dd41","email":"sophia.baker@dropbox.net","message":"failed to process due to network exception."},{"id":"6ef3198b-36f7-4bf9-a315-2d932e824b75","email":"taylor.adams@gmail.com","message":"successfully parsed message, but message temporarily enqueued while system restarts."},{"id":"5201297a-9a61-4cfb-9ff4-06954167efb6","email":"liam.gonzalez@me.com","message":"successfully parsed message, but message temporarily enqueued while system restarts."},{"id":"fa610bf4-0120-4f96-b8bc-726731b661e9","email":"noah.sanchez@me.com","message":"failed to process due to datastore timeout of 30 seconds.  operation took 93 seconds."},{"id":"4678c934-7c72-4c87-85b3-c049ae36b0e8","email":"olivia.wright@gmail.com","message":"successfully processed after 8425 milliseconds."},{"id":"14bc71ba-b0e2-45b6-a79e-bac4d08cc3f5","email":"sophia.baker@dropbox.net","message":"failed to process due to datastore timeout of 30 seconds.  operation took 50 seconds."},{"id":"c9faf329-70da-4003-b5e6-10e98c97607e","email":"emma.thomas@me.com","message":"failed to process due to network exception."},{"id":"15e59ede-2c26-4f77-ad45-a1e263625c68","email":"ella.anderson@dropbox.net","message":"successfully handled skipped operation."},{"id":"c2cf09eb-e2fe-442a-92d3-a2e470dd4da7","email":"hannah.martin@dropbox.net","message":"failed to process due to network exception."},{"id":"561d0a53-0a47-4a50-92a8-65c6e9f97528","email":"hannah.martin@dropbox.net","message":"successfully processed after 5499 milliseconds."},{"id":"afe40649-12ee-4d5d-ace8-d4425cbf696e","email":"liam.gonzalez@me.com","message":"successfully parsed message, but message temporarily enqueued while system restarts."},{"id":"457b4a02-2ee2-4377-9248-a7eba3676601","email":"noah.sanchez@me.com","message":"failed to process due to datastore timeout of 30 seconds.  operation took 43 seconds."},{"id":"782d043f-635d-4e29-8353-cf754e4f0c01","email":"alexander.williams@gmail.com","message":"successfully handled skipped operation."},{"id":"0d40ed5c-6fad-42af-966f-26dc70dc7266","email":"aiden.johnson@microsoft.com","message":"failed to process due to datastore timeout of 30 seconds.  operation took 77 seconds."},{"id":"1147c2e6-db81-4eec-908b-79265a671e22","email":"liam.gonzalez@me.com","message":"successfully parsed message, but message temporarily enqueued while system restarts."},{"id":"885169e7-9ea6-412f-a2e5-c19fd5257270","email":"tyler.nelson@microsoft.com","message":"failed to process due to datastore timeout of 30 seconds.  operation took 69 seconds."},{"id":"30134773-de98-401e-94b8-5c53eb57dd1e","email":"mason.robinson@amerisave.com","message":"failed to process due to datastore timeout of 30 seconds.  operation took 116 seconds."},{"id":"600950f5-b568-480e-9b55-0b7b3d026f9b","email":"jack.thompson@me.com","message":"failed to process due to network exception."},{"id":"72aa21a0-f362-4d07-8bf1-3ff830d4999b","email":"liam.gonzalez@me.com","message":"failed to process due to datastore timeout of 30 seconds.  operation took 79 seconds."},{"id":"c06f8c69-edb3-4cd4-b103-e44d963fd122","email":"dylan.wilson@gmail.com","message":"failed to process due to datastore timeout of 30 seconds.  operation took 112 seconds."},{"id":"7eca05c9-4fe5-4da6-8c41-dd9db0763723","email":"chloe.garcia@dropbox.net","message":"successfully parsed message, but message temporarily enqueued while system restarts."},{"id":"6150c158-90ac-4736-949f-153985bd1f69","email":"emily.taylor@gmail.com","message":"successfully processed after 9207 milliseconds."},{"id":"4e502be4-a792-48a3-aa5e-09e268ca65e2","email":"tyler.nelson@microsoft.com","message":"failed to process due to network exception."},{"id":"12aaec6d-c3c7-457f-a89e-938800b3f340","email":"nathan.young@microsoft.com","message":"failed to process due to network exception."},{"id":"8db54290-c6c1-4298-a6c3-738c37fd880f","email":"olivia.wright@gmail.com","message":"successfully processed after 6079 milliseconds."},{"id":"d258126b-1298-4231-bd03-a913d82e3047","email":"ryan.king@dropbox.net","message":"successfully processed after 4203 milliseconds."},{"id":"6d05b635-4d8d-46ad-98cf-db7d64bcc6a5","email":"olivia.wright@gmail.com","message":"successfully handled skipped operation."},{"id":"5a7e4679-9fa3-4dfd-b281-85e27c063d28","email":"emily.taylor@gmail.com","message":"successfully parsed message, but message temporarily enqueued while system restarts."},{"id":"937c8eed-958d-49ee-8f83-5798454e87c7","email":"isabella.jackson@amerisave.com","message":"failed to process due to datastore timeout of 30 seconds.  operation took 58 seconds."},{"id":"2c4b6e9d-5801-4dfc-8e5a-1abeaa2284a8","email":"daniel.rodriguez@amerisave.com","message":"failed to process due to network exception."},{"id":"f06fa0c9-c3ff-404d-809c-cbce152e1067","email":"sarah.green@amerisave.com","message":"successfully parsed message, but message temporarily enqueued while system restarts."},{"id":"06095773-9e99-49b3-911c-77fc33281bdf","email":"nathan.young@microsoft.com","message":"failed to process due to network exception."},{"id":"b2a69d43-f872-4922-85ba-60e29c906abc","email":"daniel.rodriguez@amerisave.com","message":"successfully processed after 2240 milliseconds."},{"id":"d9658ef6-2a7d-4055-9ac5-66f40d37388c","email":"nathan.young@microsoft.com","message":"failed to process due to datastore timeout of 30 seconds.  operation took 68 seconds."},{"id":"9a96435b-2cf6-4035-90fa-9df8cd195347","email":"jack.thompson@me.com","message":"failed to process due to datastore timeout of 30 seconds.  operation took 76 seconds."},{"id":"2d83775e-1f0c-4430-a195-6bea04631ae3","email":"michael.hall@dropbox.net","message":"successfully parsed message, but message temporarily enqueued while system restarts."},{"id":"e1fadef8-785c-43d8-a054-090a74f5b3ac","email":"elizabeth.martinez@dropbox.net","message":"failed to process due to network exception."},{"id":"319df7d7-6add-4413-be99-e3157a3b9c7b","email":"liam.gonzalez@me.com","message":"failed to process due to network exception."},{"id":"94d5de36-2010-4ef6-b9a2-18517b04bc7f","email":"aiden.johnson@microsoft.com","message":"failed to process due to network exception."},{"id":"3aa463dd-cb72-4c14-9f3b-89c64eaa62ca","email":"daniel.rodriguez@amerisave.com","message":"successfully parsed message, but message temporarily enqueued while system restarts."},{"id":"e1609a60-e033-45fc-a2d6-904f62bd1078","email":"mason.robinson@amerisave.com","message":"successfully handled skipped operation."},{"id":"8bc74406-f7e5-484d-89ee-03e30d9a7342","email":"alexis.brown@microsoft.com","message":"failed to process due to network exception."},{"id":"5ef62fe7-f378-4263-a52e-3955c64731fe","email":"ava.davis@gmail.com","message":"successfully handled skipped operation."},{"id":"556866de-224e-43e1-a54d-7193ee13cf40","email":"mia.perez@me.com","message":"failed to process due to datastore timeout of 30 seconds.  operation took 104 seconds."},{"id":"c815a0be-27b7-4d60-9bb0-557c5700b8f2","email":"joshua.lee@gmail.com","message":"successfully handled skipped operation."},{"id":"7f2c3be5-718d-4b26-9a49-9a7ba70171f2","email":"logan.clark@dropbox.net","message":"successfully processed after 1650 milliseconds."},{"id":"38d88a2d-6978-4cf4-81af-c79d61bcfe88","email":"hannah.martin@dropbox.net","message":"failed to process due to datastore timeout of 30 seconds.  operation took 94 seconds."},{"id":"23be5684-5942-49b4-9474-172fcc845141","email":"noah.sanchez@me.com","message":"successfully parsed message, but message temporarily enqueued while system restarts."},{"id":"0d268c19-37b1-4026-9f30-1efc0f6c92a2","email":"matthew.walker@amerisave.com","message":"successfully parsed message, but message temporarily enqueued while system restarts."},{"id":"30a49775-a837-42db-9ee8-522353fcf980","email":"isabella.jackson@amerisave.com","message":"failed to process due to network exception."},{"id":"14b449dc-f55c-491d-ae42-3fadddc13f2b","email":"joshua.lee@gmail.com","message":"successfully handled skipped operation."},{"id":"a2ebee47-6097-4b7c-993b-e83a48b6174d","email":"daniel.rodriguez@amerisave.com","message":"successfully processed after 386 milliseconds."},{"id":"643076ad-db50-46ae-8cb3-6a2bcf8d27f4","email":"alexis.brown@microsoft.com","message":"failed to process due to datastore timeout of 30 seconds.  operation took 39 seconds."},{"id":"a63c8d41-a31c-460c-8f06-a4efd36d22ba","email":"ryan.king@dropbox.net","message":"successfully handled skipped operation."},{"id":"8e74163c-4e87-44b2-8bbf-52b6b14fbf1d","email":"alexander.williams@gmail.com","message":"failed to process due to network exception."},{"id":"ee417e4f-279b-43f0-ac64-71247c5dc91f","email":"hannah.martin@dropbox.net","message":"failed to process due to network exception."},{"id":"504d5604-9ae7-4169-a863-64a2781429de","email":"nicholas.allen@microsoft.com","message":"successfully handled skipped operation."},{"id":"98817ac1-d479-4a87-be4f-669d5d37c756","email":"sophia.baker@dropbox.net","message":"successfully handled skipped operation."},{"id":"4c793358-cd3e-416f-abcf-09314060f069","email":"isabella.jackson@amerisave.com","message":"failed to process due to datastore timeout of 30 seconds.  operation took 127 seconds."},{"id":"4904cfaa-d7fb-4fa2-b161-28888f4d1965","email":"tyler.nelson@microsoft.com","message":"successfully handled skipped operation."},{"id":"ffb14caa-3ef9-4f2d-80c2-e4277649389f","email":"samantha.scott@me.com","message":"successfully processed after 4852 milliseconds."},{"id":"d01d3f2c-4eb8-40f5-8394-f049713300fb","email":"dylan.wilson@gmail.com","message":"failed to process due to datastore timeout of 30 seconds.  operation took 38 seconds."},{"id":"4896b1e5-963c-484c-97af-95ee429b78ab","email":"joshua.lee@gmail.com","message":"successfully processed after 17 milliseconds."},{"id":"78a4fd92-4a37-4c78-9dd3-49dfe2385e04","email":"ethan.hernandez@microsoft.com","message":"successfully processed after 5012 milliseconds."},{"id":"2050727d-4ad8-4626-b252-a6a7dfffc1d7","email":"ethan.hernandez@microsoft.com","message":"failed to process due to network exception."},{"id":"73184779-c0a8-4cbd-ba24-41e43d7aefc0","email":"ella.anderson@dropbox.net","message":"failed to process due to network exception."},{"id":"bff08bbe-3e4f-4958-9556-79a1bfd10126","email":"matthew.walker@amerisave.com","message":"failed to process due to datastore timeout of 30 seconds.  operation took 33 seconds."},{"id":"91cfd3d0-4a91-450d-b5df-fe69881d8e2d","email":"mason.robinson@amerisave.com","message":"failed to process due to datastore timeout of 30 seconds.  operation took 44 seconds."},{"id":"7f0e776e-c045-480d-a140-dba831820829","email":"alexis.brown@microsoft.com","message":"failed to process due to datastore timeout of 30 seconds.  operation took 33 seconds."},{"id":"6070b7b9-7f5d-45fc-89c0-8466fc6df73e","email":"ryan.king@dropbox.net","message":"successfully parsed message, but message temporarily enqueued while system restarts."},{"id":"07c01a85-0c64-4b4e-905a-2c6c38f0cdb0","email":"sophia.baker@dropbox.net","message":"successfully processed after 5415 milliseconds."},{"id":"b1b1c05e-0a3c-467b-bc98-290daaac41b7","email":"liam.gonzalez@me.com","message":"successfully processed after 4352 milliseconds."},{"id":"8e173a58-50b0-4fd6-aec4-8856e17376e4","email":"noah.sanchez@me.com","message":"successfully handled skipped operation."},{"id":"ea96eeb2-76e5-4a23-ba59-2ea8ede9eed7","email":"alexander.williams@gmail.com","message":"failed to process due to datastore timeout of 30 seconds.  operation took 130 seconds."},{"id":"e6ee858d-f774-429e-8f2a-47df2d5adc8e","email":"mason.robinson@amerisave.com","message":"successfully handled skipped operation."},{"id":"75c4c16e-e592-4cb1-a9b4-e5d36128b630","email":"mia.perez@me.com","message":"successfully handled skipped operation."},{"id":"7c6dfd41-b9fa-4b1b-9c26-5201ce5f5743","email":"emma.thomas@me.com","message":"successfully processed after 9637 milliseconds."},{"id":"ec1f9fad-2f4c-447b-8809-f5b5288e1930","email":"ella.anderson@dropbox.net","message":"successfully processed after 1152 milliseconds."},{"id":"6bf603de-2889-48bc-b2df-bd00b356dcd5","email":"sophia.baker@dropbox.net","message":"successfully handled skipped operation."},{"id":"64ee173f-697c-4589-9607-06aaddc95c61","email":"ryan.king@dropbox.net","message":"failed to process due to datastore timeout of 30 seconds.  operation took 49 seconds."},{"id":"b9642308-7162-4a62-87bd-90b3c2392ac0","email":"noah.sanchez@me.com","message":"successfully handled skipped operation."},{"id":"30c795f0-cf9f-4a7a-8467-b8f4bbd7be58","email":"madison.lewis@gmail.com","message":"successfully processed after 2646 milliseconds."},{"id":"2d2f91eb-ddff-4d4b-b02a-7c53df8f65c9","email":"sophia.baker@dropbox.net","message":"failed to process due to datastore timeout of 30 seconds.  operation took 63 seconds."},{"id":"e080e41f-f33c-488f-b1d2-bffac0ada1a2","email":"samantha.scott@me.com","message":"failed to process due to network exception."},{"id":"4f67f1d7-c7a6-4a21-b22d-e4ded7ccaef2","email":"nathan.young@microsoft.com","message":"successfully parsed message, but message temporarily enqueued while system restarts."},{"id":"3842a699-7183-4e3d-9f46-9562dcbd7636","email":"ryan.king@dropbox.net","message":"successfully processed after 3260 milliseconds."},{"id":"566acdf5-0d71-4309-b34a-241ae3e963e6","email":"mia.perez@me.com","message":"successfully parsed message, but message temporarily enqueued while system restarts."},{"id":"a0a9356e-6d6c-4ad8-ac36-770a759e5a67","email":"olivia.wright@gmail.com","message":"successfully handled skipped operation."},{"id":"fbfc79ea-daf9-4fcf-b444-604667ba9c8f","email":"mason.robinson@amerisave.com","message":"successfully processed after 8918 milliseconds."},{"id":"e51d5f00-2704-43b1-97e5-3688fd61b7e3","email":"joshua.lee@gmail.com","message":"successfully parsed message, but message temporarily enqueued while system restarts."},{"id":"91082e8c-d1ec-4e92-aa5b-4a0e9346292f","email":"alyssa.jones@amerisave.com","message":"successfully parsed message, but message temporarily enqueued while system restarts."},{"id":"c7d18c6c-64e0-4e88-afc7-ee2085dd0e3c","email":"madison.lewis@gmail.com","message":"successfully parsed message, but message temporarily enqueued while system restarts."},{"id":"88252534-e2f0-439d-85ca-0d1067c9797f","email":"ryan.king@dropbox.net","message":"failed to process due to network exception."},{"id":"e0730c78-a380-48cd-bbc1-aba2379f4afb","email":"michael.hall@dropbox.net","message":"successfully processed after 8665 milliseconds."},{"id":"1e04cb82-ea57-4ffd-89bd-6a70d9554b37","email":"nathan.young@microsoft.com","message":"successfully processed after 2860 milliseconds."},{"id":"bf4bdd3e-07ae-439f-99a7-6d0efd8e8686","email":"andrew.miller@gmail.com","message":"successfully processed after 9069 milliseconds."},{"id":"78bf86f8-b975-4a8d-9518-4ac13fc233a4","email":"sarah.green@amerisave.com","message":"successfully handled skipped operation."},{"id":"0f8e6e4c-0503-4b1e-b835-de543646cb7f","email":"nathan.young@microsoft.com","message":"failed to process due to network exception."},{"id":"6a3fe0d5-7284-455f-9096-88b284cb8859","email":"olivia.wright@gmail.com","message":"successfully processed after 1690 milliseconds."},{"id":"98f874eb-5e92-4d9e-abed-47ce1620c20f","email":"ella.anderson@dropbox.net","message":"failed to process due to datastore timeout of 30 seconds.  operation took 51 seconds."},{"id":"82058d36-cba2-4530-bf43-c2558b48e12f","email":"taylor.adams@gmail.com","message":"failed to process due to network exception."},{"id":"926bb9d1-3dc9-407c-b27f-9b3c468ad2b2","email":"elizabeth.martinez@dropbox.net","message":"failed to process due to datastore timeout of 30 seconds.  operation took 76 seconds."},{"id":"b281cae7-dc37-4cfd-9111-b48a75467daf","email":"jackson.white@gmail.com","message":"failed to process due to datastore timeout of 30 seconds.  operation took 101 seconds."},{"id":"76cb6bd5-8113-437c-9906-c7a875ce3df3","email":"mia.perez@me.com","message":"successfully processed after 9098 milliseconds."},{"id":"4fc17215-707c-4578-b4cc-866f8ee549af","email":"emily.taylor@gmail.com","message":"failed to process due to network exception."},{"id":"5082228a-fa01-4a31-8853-a675922e8837","email":"tyler.nelson@microsoft.com","message":"failed to process due to network exception."},{"id":"71676591-89e9-45a8-9247-bcd64e9cc842","email":"ava.davis@gmail.com","message":"successfully parsed message, but message temporarily enqueued while system restarts."},{"id":"f66019f3-e76d-4bd5-b503-4407a1285d56","email":"taylor.adams@gmail.com","message":"failed to process due to network exception."},{"id":"0b582273-3121-4607-8f28-4b46a70f33f1","email":"alyssa.jones@amerisave.com","message":"successfully processed after 6326 milliseconds."},{"id":"8ca8ce33-7220-43e7-9513-0d8daef499ae","email":"grace.moore@gmail.com","message":"successfully processed after 524 milliseconds."},{"id":"d48f2811-d0c9-4956-9dca-2899822fc576","email":"tyler.nelson@microsoft.com","message":"failed to process due to datastore timeout of 30 seconds.  operation took 109 seconds."},{"id":"3d36cba9-4c03-4c4f-9c5a-e044ef8a658b","email":"michael.hall@dropbox.net","message":"successfully processed after 4706 milliseconds."},{"id":"e4b7a86e-671d-4fc9-b06c-feb58e2d738f","email":"ava.davis@gmail.com","message":"successfully processed after 7004 milliseconds."},{"id":"d56e103e-9dd1-4c13-8284-0965101ed1cf","email":"logan.clark@dropbox.net","message":"failed to process due to network exception."},{"id":"db7386db-a1ec-4b7a-b4ee-bb47722a1452","email":"joshua.lee@gmail.com","message":"successfully processed after 4439 milliseconds."},{"id":"51d9a7c4-f370-486a-8e0a-e6b107142aa7","email":"daniel.rodriguez@amerisave.com","message":"successfully handled skipped operation."},{"id":"95b62c8e-b857-458e-8e81-ac457d0a7a8a","email":"ava.davis@gmail.com","message":"failed to process due to network exception."},{"id":"428f26ad-cfd4-44b8-8873-b091fde30b67","email":"ryan.king@dropbox.net","message":"successfully parsed message, but message temporarily enqueued while system restarts."},{"id":"1ffbfb56-68f5-48f3-8e43-e776cf453ad4","email":"nicholas.allen@microsoft.com","message":"successfully handled skipped operation."},{"id":"4e6072e1-6546-435c-a2a3-16fca268ec09","email":"dylan.wilson@gmail.com","message":"failed to process due to network exception."},{"id":"ba5f2e96-230a-4ea6-b6d0-1dd6fdea1b3a","email":"emily.taylor@gmail.com","message":"successfully handled skipped operation."},{"id":"1a2c151b-bf59-4ea2-8a75-400be333d565","email":"daniel.rodriguez@amerisave.com","message":"successfully parsed message, but message temporarily enqueued while system restarts."},{"id":"6d042b03-e085-4dea-a5c4-b546770b418b","email":"hannah.martin@dropbox.net","message":"failed to process due to network exception."},{"id":"aa5c606a-c9bd-413f-8969-836b4bcac0e8","email":"alexis.brown@microsoft.com","message":"successfully handled skipped operation."},{"id":"809f7093-d1fa-49c0-bf30-bafd8eb18a27","email":"sarah.green@amerisave.com","message":"successfully processed after 3229 milliseconds."},{"id":"db8ec18a-5524-4b91-ae83-98ce484c73f1","email":"aiden.johnson@microsoft.com","message":"successfully handled skipped operation."},{"id":"f940f323-d38a-4c5d-8738-24053bc1142c","email":"olivia.wright@gmail.com","message":"successfully parsed message, but message temporarily enqueued while system restarts."},{"id":"e587c1b5-4775-4588-9b39-4e89397e7be6","email":"dylan.wilson@gmail.com","message":"successfully parsed message, but message temporarily enqueued while system restarts."},{"id":"fcafca16-a07c-4f6e-81a9-f35fded23eda","email":"abigail.smith@amerisave.com","message":"successfully processed after 6234 milliseconds."},{"id":"a3bd5cc5-b8ef-4cf4-8341-0a7776ae73ec","email":"alexis.brown@microsoft.com","message":"successfully handled skipped operation."},{"id":"3c39d281-aa7a-498a-8939-48d4f6f28e74","email":"mason.robinson@amerisave.com","message":"failed to process due to datastore timeout of 30 seconds.  operation took 52 seconds."},{"id":"5c22bbcb-7ce0-44ba-bc6e-3e59f296f565","email":"dylan.wilson@gmail.com","message":"successfully parsed message, but message temporarily enqueued while system restarts."},{"id":"4160f567-4fb0-42db-948a-c5fea25a78e8","email":"ethan.hernandez@microsoft.com","message":"failed to process due to datastore timeout of 30 seconds.  operation took 105 seconds."},{"id":"dca7390d-7830-4102-aed4-84abf4d86a43","email":"olivia.wright@gmail.com","message":"successfully processed after 154 milliseconds."},{"id":"c6fd918a-5c9b-4844-8ebc-6713b20c570f","email":"mia.perez@me.com","message":"failed to process due to network exception."},{"id":"64b76853-ce84-4e47-b0c9-600295a61957","email":"daniel.rodriguez@amerisave.com","message":"failed to process due to datastore timeout of 30 seconds.  operation took 119 seconds."},{"id":"8264193f-8a60-4ac3-ad45-365b728812c1","email":"emma.thomas@me.com","message":"successfully processed after 9194 milliseconds."},{"id":"1860f99d-105a-4b30-b170-15bfd6b2ebbf","email":"abigail.smith@amerisave.com","message":"successfully parsed message, but message temporarily enqueued while system restarts."},{"id":"c9280279-8d83-48b8-90f2-d3d81366c0a4","email":"ella.anderson@dropbox.net","message":"failed to process due to datastore timeout of 30 seconds.  operation took 44 seconds."},{"id":"7a195b11-4bcc-43d0-aada-5a677558e9c9","email":"lily.harris@gmail.com","message":"successfully parsed message, but message temporarily enqueued while system restarts."},{"id":"67f07cf8-03f2-4c32-8688-a985f2243863","email":"dylan.wilson@gmail.com","message":"failed to process due to datastore timeout of 30 seconds.  operation took 79 seconds."},{"id":"f1344b48-fe13-48de-81e9-b4fa01f4e2e5","email":"ryan.king@dropbox.net","message":"failed to process due to datastore timeout of 30 seconds.  operation took 53 seconds."},{"id":"deac3fbb-9ed7-45c1-beea-d80dd5214b34","email":"emma.thomas@me.com","message":"failed to process due to datastore timeout of 30 seconds.  operation took 128 seconds."},{"id":"e37dd425-1e14-4701-91d0-41a416ddfebd","email":"jack.thompson@me.com","message":"successfully processed after 5773 milliseconds."},{"id":"a5100b98-1f4c-43b9-804e-dbb0a8aa9613","email":"jack.thompson@me.com","message":"successfully processed after 6423 milliseconds."},{"id":"120d064f-7add-4ddb-b141-6073d0e669db","email":"daniel.rodriguez@amerisave.com","message":"successfully parsed message, but message temporarily enqueued while system restarts."},{"id":"c6db3ea6-359c-4a24-9ba5-5cdfe191030e","email":"logan.clark@dropbox.net","message":"successfully processed after 8127 milliseconds."},{"id":"2347dd11-d696-4578-a20e-a5700419b9de","email":"mia.perez@me.com","message":"successfully handled skipped operation."},{"id":"6be7fffb-b9ef-4f57-bfe2-9273a822fbc6","email":"mason.robinson@amerisave.com","message":"successfully processed after 6418 milliseconds."},{"id":"c4cf2808-5d9a-4686-9e3e-2794d25973aa","email":"madison.lewis@gmail.com","message":"failed to process due to datastore timeout of 30 seconds.  operation took 72 seconds."},{"id":"7df6b0b0-2dd4-4b4c-a3d2-731af28df780","email":"lily.harris@gmail.com","message":"failed to process due to network exception."},{"id":"0745c8fb-2e9f-400e-b64e-266b1ebcf1f8","email":"jack.thompson@me.com","message":"successfully handled skipped operation."},{"id":"13d3c609-3037-4343-aad5-02daadce5453","email":"isabella.jackson@amerisave.com","message":"failed to process due to datastore timeout of 30 seconds.  operation took 87 seconds."},{"id":"d062e4af-2eb6-4e27-80a3-e2ec6fa8d2f7","email":"lily.harris@gmail.com","message":"failed to process due to network exception."},{"id":"55d656f2-ec7c-4151-b473-53246b471754","email":"chloe.garcia@dropbox.net","message":"failed to process due to network exception."},{"id":"a843f894-06a3-4fa3-8ae8-6a71e9bdbd80","email":"logan.clark@dropbox.net","message":"successfully processed after 4558 milliseconds."},{"id":"aaee6c8f-eaf6-4fcd-aa10-3e04c26768b6","email":"mason.robinson@amerisave.com","message":"successfully handled skipped operation."},{"id":"177be92e-2b37-4e5f-bbe8-2c1964c6899e","email":"emma.thomas@me.com","message":"failed to process due to datastore timeout of 30 seconds.  operation took 119 seconds."},{"id":"3ea52c64-bf5a-40aa-83bf-0fd5fd6d51e2","email":"elizabeth.martinez@dropbox.net","message":"failed to process due to network exception."},{"id":"631b6ec0-7574-440c-831d-f8032f8e2e75","email":"noah.sanchez@me.com","message":"successfully handled skipped operation."},{"id":"01004570-2dcc-4ad0-af80-fc1be32f2ee5","email":"ethan.hernandez@microsoft.com","message":"successfully processed after 5216 milliseconds."},{"id":"3e4828d8-c6b8-4df9-a347-26524038a52c","email":"sarah.green@amerisave.com","message":"failed to process due to network exception."},{"id":"bca2d4dd-6526-40ef-bd61-c28bd2d9a35b","email":"aiden.johnson@microsoft.com","message":"successfully handled skipped operation."},{"id":"e623170e-fa14-4838-b187-21515683239e","email":"hannah.martin@dropbox.net","message":"successfully handled skipped operation."},{"id":"3c943298-fff2-4a7a-96dd-a5cb81e7c584","email":"noah.sanchez@me.com","message":"failed to process due to network exception."},{"id":"239bd63d-ce82-4ba1-ae4f-52fdca14ca15","email":"michael.hall@dropbox.net","message":"successfully parsed message, but message temporarily enqueued while system restarts."},{"id":"5d58fdf7-88c7-4638-91aa-a61b6f20984e","email":"ava.davis@gmail.com","message":"successfully handled skipped operation."},{"id":"5c793432-1e16-480b-b103-c44471bc1894","email":"sarah.green@amerisave.com","message":"failed to process due to network exception."},{"id":"cd454aa1-3a66-4d33-9c3a-7681b248e63f","email":"lily.harris@gmail.com","message":"failed to process due to network exception."},{"id":"4d60c4c3-ace5-43fe-97ca-e0390f52d914","email":"alexis.brown@microsoft.com","message":"failed to process due to network exception."},{"id":"35ecec97-6756-4741-9ef3-6e0ef9358893","email":"elizabeth.martinez@dropbox.net","message":"successfully handled skipped operation."},{"id":"b54fa0c1-9e56-4159-b869-5021bfb9b70a","email":"ella.anderson@dropbox.net","message":"failed to process due to network exception."},{"id":"ba0370d5-ea16-4f6b-9064-8965ee38e3cf","email":"michael.hall@dropbox.net","message":"successfully handled skipped operation."},{"id":"6928df86-d553-4aa9-ad33-7f151d85d8a3","email":"abigail.smith@amerisave.com","message":"failed to process due to network exception."}],"id":"590406c8-b73c-4867-967b-883e28620b7e"}